ISO-10303-21;
HEADER;
FILE_DESCRIPTION(('Open CASCADE Model'),'2;1');
FILE_NAME('Open CASCADE Shape Model','2026-07-09T12:25:23',('Author'),(
    'Open CASCADE'),'Open CASCADE STEP processor 7.9','Open CASCADE 7.9'
  ,'Unknown');
FILE_SCHEMA(('AUTOMOTIVE_DESIGN { 1 0 10303 214 1 1 1 1 }'));
ENDSEC;
DATA;
#1 = APPLICATION_PROTOCOL_DEFINITION('international standard',
  'automotive_design',2000,#2);
#2 = APPLICATION_CONTEXT(
  'core data for automotive mechanical design processes');
#3 = SHAPE_DEFINITION_REPRESENTATION(#4,#10);
#4 = PRODUCT_DEFINITION_SHAPE('','',#5);
#5 = PRODUCT_DEFINITION('design','',#6,#9);
#6 = PRODUCT_DEFINITION_FORMATION('','',#7);
#7 = PRODUCT('Open CASCADE STEP translator 7.9 1',
  'Open CASCADE STEP translator 7.9 1','',(#8));
#8 = PRODUCT_CONTEXT('',#2,'mechanical');
#9 = PRODUCT_DEFINITION_CONTEXT('part definition',#2,'design');
#10 = ADVANCED_BREP_SHAPE_REPRESENTATION('',(#11,#15),#6226);
#11 = AXIS2_PLACEMENT_3D('',#12,#13,#14);
#12 = CARTESIAN_POINT('',(0.,0.,0.));
#13 = DIRECTION('',(0.,0.,1.));
#14 = DIRECTION('',(1.,0.,-0.));
#15 = MANIFOLD_SOLID_BREP('',#16);
#16 = CLOSED_SHELL('',(#17,#407,#476,#688,#3357,#3827,#4297,#4766,#5236,
    #5706,#6176,#6201));
#17 = ADVANCED_FACE('',(#18),#68,.T.);
#18 = FACE_BOUND('',#19,.T.);
#19 = EDGE_LOOP('',(#20,#185,#210,#384));
#20 = ORIENTED_EDGE('',*,*,#21,.F.);
#21 = EDGE_CURVE('',#22,#24,#26,.T.);
#22 = VERTEX_POINT('',#23);
#23 = CARTESIAN_POINT('',(45.4,1.650007564202E-15,0.));
#24 = VERTEX_POINT('',#25);
#25 = CARTESIAN_POINT('',(-45.4,1.9251267247E-14,0.));
#26 = SURFACE_CURVE('',#27,(#67,#115),.PCURVE_S1.);
#27 = B_SPLINE_CURVE_WITH_KNOTS('',11,(#28,#29,#30,#31,#32,#33,#34,#35,
    #36,#37,#38,#39,#40,#41,#42,#43,#44,#45,#46,#47,#48,#49,#50,#51,#52,
    #53,#54,#55,#56,#57,#58,#59,#60,#61,#62,#63,#64,#65,#66),
  .UNSPECIFIED.,.F.,.F.,(12,9,9,9,12),(4.712388980385,5.497787143782,
    6.28318530718,7.068583470577,7.853981633974),.UNSPECIFIED.);
#28 = CARTESIAN_POINT('',(45.4,1.650007564188E-15,0.));
#29 = CARTESIAN_POINT('',(45.399999999999,9.677015247033,0.));
#30 = CARTESIAN_POINT('',(45.144414353915,19.354030494077,0.));
#31 = CARTESIAN_POINT('',(44.633236752589,28.964647581673,0.));
#32 = CARTESIAN_POINT('',(43.868673608158,38.442431384578,0.));
#33 = CARTESIAN_POINT('',(42.855128371775,47.7216854176,0.));
#34 = CARTESIAN_POINT('',(41.599163773624,56.738189191862,0.));
#35 = CARTESIAN_POINT('',(40.109441982377,65.429897318729,0.));
#36 = CARTESIAN_POINT('',(38.396642687706,73.737600364768,0.));
#37 = CARTESIAN_POINT('',(36.473359102187,81.605547454517,0.));
#38 = CARTESIAN_POINT('',(32.234584668938,96.358513792314,0.));
#39 = CARTESIAN_POINT('',(27.275475517822,108.95714863961,0.));
#40 = CARTESIAN_POINT('',(24.631798527922,114.67084001787,0.));
#41 = CARTESIAN_POINT('',(21.842216200272,119.7555938502,0.));
#42 = CARTESIAN_POINT('',(18.924205795644,124.17681535747,0.));
#43 = CARTESIAN_POINT('',(15.902048539123,127.8953045887,0.));
#44 = CARTESIAN_POINT('',(12.794058441269,130.89763361369,0.));
#45 = CARTESIAN_POINT('',(9.624712167969,133.14855047829,0.));
#46 = CARTESIAN_POINT('',(6.426736550441,134.6495094468,0.));
#47 = CARTESIAN_POINT('',(6.792762634381E-13,136.15049055319,0.));
#48 = CARTESIAN_POINT('',(-6.426736550442,134.64950944681,0.));
#49 = CARTESIAN_POINT('',(-9.624712167964,133.14855047826,0.));
#50 = CARTESIAN_POINT('',(-12.79405844128,130.89763361376,0.));
#51 = CARTESIAN_POINT('',(-15.9020485391,127.89530458859,0.));
#52 = CARTESIAN_POINT('',(-18.92420579566,124.17681535759,0.));
#53 = CARTESIAN_POINT('',(-21.84221620026,119.75559385011,0.));
#54 = CARTESIAN_POINT('',(-24.63179852792,114.67084001791,0.));
#55 = CARTESIAN_POINT('',(-27.27547551782,108.9571486396,0.));
#56 = CARTESIAN_POINT('',(-32.23458466893,96.358513792318,0.));
#57 = CARTESIAN_POINT('',(-36.47335910219,81.605547454519,0.));
#58 = CARTESIAN_POINT('',(-38.39664268767,73.737600364743,0.));
#59 = CARTESIAN_POINT('',(-40.10944198244,65.429897318794,0.));
#60 = CARTESIAN_POINT('',(-41.59916377352,56.738189191758,0.));
#61 = CARTESIAN_POINT('',(-42.85512837188,47.721685417714,0.));
#62 = CARTESIAN_POINT('',(-43.86867360806,38.442431384486,0.));
#63 = CARTESIAN_POINT('',(-44.63323675264,28.964647581725,0.));
#64 = CARTESIAN_POINT('',(-45.14441435389,19.354030494056,0.));
#65 = CARTESIAN_POINT('',(-45.4,9.677015247038,0.));
#66 = CARTESIAN_POINT('',(-45.4,2.37445260314E-14,0.));
#67 = PCURVE('',#68,#73);
#68 = PLANE('',#69);
#69 = AXIS2_PLACEMENT_3D('',#70,#71,#72);
#70 = CARTESIAN_POINT('',(1.403142794417E-14,81.292958230798,0.));
#71 = DIRECTION('',(0.,0.,-1.));
#72 = DIRECTION('',(-1.595232197133E-15,-1.,0.));
#73 = DEFINITIONAL_REPRESENTATION('',(#74),#114);
#74 = B_SPLINE_CURVE_WITH_KNOTS('',11,(#75,#76,#77,#78,#79,#80,#81,#82,
    #83,#84,#85,#86,#87,#88,#89,#90,#91,#92,#93,#94,#95,#96,#97,#98,#99,
    #100,#101,#102,#103,#104,#105,#106,#107,#108,#109,#110,#111,#112,
    #113),.UNSPECIFIED.,.F.,.F.,(12,9,9,9,12),(4.712388980385,
    5.497787143782,6.28318530718,7.068583470577,7.853981633974),
  .UNSPECIFIED.);
#75 = CARTESIAN_POINT('',(81.292958230798,-45.4));
#76 = CARTESIAN_POINT('',(71.615942983765,-45.39999999999));
#77 = CARTESIAN_POINT('',(61.938927736721,-45.14441435391));
#78 = CARTESIAN_POINT('',(52.328310649126,-44.63323675258));
#79 = CARTESIAN_POINT('',(42.85052684622,-43.86867360815));
#80 = CARTESIAN_POINT('',(33.571272813199,-42.85512837177));
#81 = CARTESIAN_POINT('',(24.554769038937,-41.59916377362));
#82 = CARTESIAN_POINT('',(15.86306091207,-40.10944198237));
#83 = CARTESIAN_POINT('',(7.55535786603,-38.3966426877));
#84 = CARTESIAN_POINT('',(-0.312589223718,-36.47335910218));
#85 = CARTESIAN_POINT('',(-15.06555556151,-32.23458466893));
#86 = CARTESIAN_POINT('',(-27.66419040882,-27.27547551782));
#87 = CARTESIAN_POINT('',(-33.37788178707,-24.63179852792));
#88 = CARTESIAN_POINT('',(-38.4626356194,-21.84221620027));
#89 = CARTESIAN_POINT('',(-42.88385712667,-18.92420579564));
#90 = CARTESIAN_POINT('',(-46.6023463579,-15.90204853912));
#91 = CARTESIAN_POINT('',(-49.6046753829,-12.79405844126));
#92 = CARTESIAN_POINT('',(-51.85559224749,-9.624712167969));
#93 = CARTESIAN_POINT('',(-53.35655121601,-6.426736550441));
#94 = CARTESIAN_POINT('',(-54.85753232239,-5.77734333678E-13));
#95 = CARTESIAN_POINT('',(-53.35655121601,6.426736550442));
#96 = CARTESIAN_POINT('',(-51.85559224746,9.624712167964));
#97 = CARTESIAN_POINT('',(-49.60467538297,12.794058441281));
#98 = CARTESIAN_POINT('',(-46.60234635779,15.902048539106));
#99 = CARTESIAN_POINT('',(-42.8838571268,18.924205795661));
#100 = CARTESIAN_POINT('',(-38.46263561931,21.84221620026));
#101 = CARTESIAN_POINT('',(-33.37788178712,24.631798527927));
#102 = CARTESIAN_POINT('',(-27.66419040881,27.275475517822));
#103 = CARTESIAN_POINT('',(-15.06555556152,32.234584668935));
#104 = CARTESIAN_POINT('',(-0.31258922372,36.473359102192));
#105 = CARTESIAN_POINT('',(7.555357866055,38.396642687677));
#106 = CARTESIAN_POINT('',(15.863060912004,40.109441982444));
#107 = CARTESIAN_POINT('',(24.554769039041,41.599163773521));
#108 = CARTESIAN_POINT('',(33.571272813084,42.855128371887));
#109 = CARTESIAN_POINT('',(42.850526846312,43.868673608069));
#110 = CARTESIAN_POINT('',(52.328310649073,44.63323675264));
#111 = CARTESIAN_POINT('',(61.938927736742,45.144414353895));
#112 = CARTESIAN_POINT('',(71.61594298376,45.400000000003));
#113 = CARTESIAN_POINT('',(81.292958230798,45.4));
#114 = ( GEOMETRIC_REPRESENTATION_CONTEXT(2) 
PARAMETRIC_REPRESENTATION_CONTEXT() REPRESENTATION_CONTEXT('2D SPACE',''
  ) );
#115 = PCURVE('',#116,#179);
#116 = B_SPLINE_SURFACE_WITH_KNOTS('',1,9,(
    (#117,#118,#119,#120,#121,#122,#123,#124,#125,#126,#127,#128,#129
      ,#130,#131,#132,#133,#134,#135,#136,#137,#138,#139,#140,#141,#142
      ,#143,#144,#145,#146,#147)
    ,(#148,#149,#150,#151,#152,#153,#154,#155,#156,#157,#158,#159,#160
      ,#161,#162,#163,#164,#165,#166,#167,#168,#169,#170,#171,#172,#173
      ,#174,#175,#176,#177,#178
    )),.UNSPECIFIED.,.F.,.F.,.F.,(2,2),(10,7,7,7,10),(0.,8.),(
    4.712388980385,5.497787143782,6.28318530718,7.068583470577,
    7.853981633974),.UNSPECIFIED.);
#117 = CARTESIAN_POINT('',(45.4,1.650007564202E-15,8.));
#118 = CARTESIAN_POINT('',(45.399999999999,11.827463079709,8.));
#119 = CARTESIAN_POINT('',(45.009521929585,23.654926159421,8.));
#120 = CARTESIAN_POINT('',(44.22855339583,35.35196428313,7.999999999999)
  );
#121 = CARTESIAN_POINT('',(43.062877227918,46.788055679332,
    8.000000000001));
#122 = CARTESIAN_POINT('',(41.524013976927,57.835425650582,
    7.999999999999));
#123 = CARTESIAN_POINT('',(39.629042982091,68.37168008434,8.));
#124 = CARTESIAN_POINT('',(37.400302002953,78.282228584502,8.));
#125 = CARTESIAN_POINT('',(32.329628833102,96.64276586399,8.));
#126 = CARTESIAN_POINT('',(26.158444288727,111.71196336628,8.));
#127 = CARTESIAN_POINT('',(22.829812909335,118.33145695147,8.));
#128 = CARTESIAN_POINT('',(19.289783530841,123.95333564684,8.));
#129 = CARTESIAN_POINT('',(15.591816023136,128.51533699278,8.));
#130 = CARTESIAN_POINT('',(11.752741148719,131.96151923365,8.));
#131 = CARTESIAN_POINT('',(7.854900228318,134.25341721041,8.));
#132 = CARTESIAN_POINT('',(1.843348939791E-13,136.54658278958,8.));
#133 = CARTESIAN_POINT('',(-7.854900228318,134.25341721041,8.));
#134 = CARTESIAN_POINT('',(-11.75274114871,131.96151923364,
    7.999999999999));
#135 = CARTESIAN_POINT('',(-15.59181602313,128.51533699279,
    8.000000000001));
#136 = CARTESIAN_POINT('',(-19.28978353084,123.95333564682,
    7.999999999999));
#137 = CARTESIAN_POINT('',(-22.82981290933,118.33145695148,
    8.000000000001));
#138 = CARTESIAN_POINT('',(-26.15844428872,111.71196336628,8.));
#139 = CARTESIAN_POINT('',(-32.3296288331,96.642765863991,8.));
#140 = CARTESIAN_POINT('',(-37.40030200295,78.282228584503,8.));
#141 = CARTESIAN_POINT('',(-39.62904298208,68.371680084334,8.));
#142 = CARTESIAN_POINT('',(-41.52401397693,57.835425650592,8.));
#143 = CARTESIAN_POINT('',(-43.06287722791,46.78805567932,8.));
#144 = CARTESIAN_POINT('',(-44.22855339583,35.351964283139,8.));
#145 = CARTESIAN_POINT('',(-45.00952192958,23.654926159418,8.));
#146 = CARTESIAN_POINT('',(-45.4,11.82746307971,8.));
#147 = CARTESIAN_POINT('',(-45.4,1.9251267247E-14,8.));
#148 = CARTESIAN_POINT('',(45.4,1.650007564202E-15,0.));
#149 = CARTESIAN_POINT('',(45.399999999999,11.827463079709,0.));
#150 = CARTESIAN_POINT('',(45.009521929585,23.654926159421,0.));
#151 = CARTESIAN_POINT('',(44.22855339583,35.35196428313,0.));
#152 = CARTESIAN_POINT('',(43.062877227918,46.788055679332,0.));
#153 = CARTESIAN_POINT('',(41.524013976927,57.835425650582,0.));
#154 = CARTESIAN_POINT('',(39.629042982091,68.37168008434,0.));
#155 = CARTESIAN_POINT('',(37.400302002953,78.282228584502,0.));
#156 = CARTESIAN_POINT('',(32.329628833102,96.64276586399,0.));
#157 = CARTESIAN_POINT('',(26.158444288727,111.71196336628,0.));
#158 = CARTESIAN_POINT('',(22.829812909335,118.33145695147,0.));
#159 = CARTESIAN_POINT('',(19.289783530841,123.95333564684,0.));
#160 = CARTESIAN_POINT('',(15.591816023136,128.51533699278,0.));
#161 = CARTESIAN_POINT('',(11.752741148719,131.96151923365,0.));
#162 = CARTESIAN_POINT('',(7.854900228318,134.25341721041,0.));
#163 = CARTESIAN_POINT('',(1.843348939791E-13,136.54658278958,0.));
#164 = CARTESIAN_POINT('',(-7.854900228318,134.25341721041,0.));
#165 = CARTESIAN_POINT('',(-11.75274114871,131.96151923364,0.));
#166 = CARTESIAN_POINT('',(-15.59181602313,128.51533699279,0.));
#167 = CARTESIAN_POINT('',(-19.28978353084,123.95333564682,0.));
#168 = CARTESIAN_POINT('',(-22.82981290933,118.33145695148,0.));
#169 = CARTESIAN_POINT('',(-26.15844428872,111.71196336628,0.));
#170 = CARTESIAN_POINT('',(-32.3296288331,96.642765863991,0.));
#171 = CARTESIAN_POINT('',(-37.40030200295,78.282228584503,0.));
#172 = CARTESIAN_POINT('',(-39.62904298208,68.371680084334,0.));
#173 = CARTESIAN_POINT('',(-41.52401397693,57.835425650592,0.));
#174 = CARTESIAN_POINT('',(-43.06287722791,46.78805567932,0.));
#175 = CARTESIAN_POINT('',(-44.22855339583,35.351964283139,0.));
#176 = CARTESIAN_POINT('',(-45.00952192958,23.654926159418,0.));
#177 = CARTESIAN_POINT('',(-45.4,11.82746307971,0.));
#178 = CARTESIAN_POINT('',(-45.4,1.9251267247E-14,0.));
#179 = DEFINITIONAL_REPRESENTATION('',(#180),#184);
#180 = LINE('',#181,#182);
#181 = CARTESIAN_POINT('',(8.,0.));
#182 = VECTOR('',#183,1.);
#183 = DIRECTION('',(0.,1.));
#184 = ( GEOMETRIC_REPRESENTATION_CONTEXT(2) 
PARAMETRIC_REPRESENTATION_CONTEXT() REPRESENTATION_CONTEXT('2D SPACE',''
  ) );
#185 = ORIENTED_EDGE('',*,*,#186,.T.);
#186 = EDGE_CURVE('',#22,#187,#189,.T.);
#187 = VERTEX_POINT('',#188);
#188 = CARTESIAN_POINT('',(43.,-5.905796992079E-15,0.));
#189 = SURFACE_CURVE('',#190,(#193,#199),.PCURVE_S1.);
#190 = B_SPLINE_CURVE_WITH_KNOTS('',1,(#191,#192),.UNSPECIFIED.,.F.,.F.,
  (2,2),(0.,2.4),.PIECEWISE_BEZIER_KNOTS.);
#191 = CARTESIAN_POINT('',(45.4,1.650007564188E-15,0.));
#192 = CARTESIAN_POINT('',(43.,-5.905796992078E-15,0.));
#193 = PCURVE('',#68,#194);
#194 = DEFINITIONAL_REPRESENTATION('',(#195),#198);
#195 = B_SPLINE_CURVE_WITH_KNOTS('',1,(#196,#197),.UNSPECIFIED.,.F.,.F.,
  (2,2),(0.,2.4),.PIECEWISE_BEZIER_KNOTS.);
#196 = CARTESIAN_POINT('',(81.292958230798,-45.4));
#197 = CARTESIAN_POINT('',(81.292958230798,-43.));
#198 = ( GEOMETRIC_REPRESENTATION_CONTEXT(2) 
PARAMETRIC_REPRESENTATION_CONTEXT() REPRESENTATION_CONTEXT('2D SPACE',''
  ) );
#199 = PCURVE('',#200,#205);
#200 = PLANE('',#201);
#201 = AXIS2_PLACEMENT_3D('',#202,#203,#204);
#202 = CARTESIAN_POINT('',(44.2,-2.53782321534E-15,4.));
#203 = DIRECTION('',(-2.806644813949E-15,1.,0.));
#204 = DIRECTION('',(-1.,-2.806644813949E-15,0.));
#205 = DEFINITIONAL_REPRESENTATION('',(#206),#209);
#206 = B_SPLINE_CURVE_WITH_KNOTS('',1,(#207,#208),.UNSPECIFIED.,.F.,.F.,
  (2,2),(0.,2.4),.PIECEWISE_BEZIER_KNOTS.);
#207 = CARTESIAN_POINT('',(-1.2,-4.));
#208 = CARTESIAN_POINT('',(1.2,-4.));
#209 = ( GEOMETRIC_REPRESENTATION_CONTEXT(2) 
PARAMETRIC_REPRESENTATION_CONTEXT() REPRESENTATION_CONTEXT('2D SPACE',''
  ) );
#210 = ORIENTED_EDGE('',*,*,#211,.T.);
#211 = EDGE_CURVE('',#187,#212,#214,.T.);
#212 = VERTEX_POINT('',#213);
#213 = CARTESIAN_POINT('',(-43.,1.566889822971E-14,0.));
#214 = SURFACE_CURVE('',#215,(#255,#298),.PCURVE_S1.);
#215 = B_SPLINE_CURVE_WITH_KNOTS('',11,(#216,#217,#218,#219,#220,#221,
    #222,#223,#224,#225,#226,#227,#228,#229,#230,#231,#232,#233,#234,
    #235,#236,#237,#238,#239,#240,#241,#242,#243,#244,#245,#246,#247,
    #248,#249,#250,#251,#252,#253,#254),.UNSPECIFIED.,.F.,.F.,(12,9,9,9,
    12),(4.712388980385,5.497787143782,6.28318530718,7.068583470577,
    7.853981633974),.UNSPECIFIED.);
#216 = CARTESIAN_POINT('',(43.,-5.905796992078E-15,0.));
#217 = CARTESIAN_POINT('',(42.999999999997,9.619389895061,0.));
#218 = CARTESIAN_POINT('',(42.745936332799,19.238779790133,0.));
#219 = CARTESIAN_POINT('',(42.237747442017,28.791122830059,0.));
#220 = CARTESIAN_POINT('',(41.477799609016,38.209315329103,0.));
#221 = CARTESIAN_POINT('',(40.470738343426,47.4269577883,0.));
#222 = CARTESIAN_POINT('',(39.223406467374,56.379054342219,0.));
#223 = CARTESIAN_POINT('',(37.744828888322,65.002650631778,0.));
#224 = CARTESIAN_POINT('',(36.046264067117,73.237410107304,0.));
#225 = CARTESIAN_POINT('',(34.141322174311,81.026128757662,0.));
#226 = CARTESIAN_POINT('',(29.950977707037,95.604247779777,0.));
#227 = CARTESIAN_POINT('',(25.075451203008,107.98516611972,0.));
#228 = CARTESIAN_POINT('',(22.484538787872,113.57783127882,0.));
#229 = CARTESIAN_POINT('',(19.76935970149,118.51744130784,0.));
#230 = CARTESIAN_POINT('',(16.932675154986,122.80057117348,0.));
#231 = CARTESIAN_POINT('',(14.051552963567,126.29705687244,0.));
#232 = CARTESIAN_POINT('',(11.113931108857,129.14044797219,0.));
#233 = CARTESIAN_POINT('',(8.179073751843,131.1058498789,0.));
#234 = CARTESIAN_POINT('',(5.407597880998,132.36852069579,0.));
#235 = CARTESIAN_POINT('',(9.882621838202E-13,133.6314793042,0.));
#236 = CARTESIAN_POINT('',(-5.407597881,132.36852069579,0.));
#237 = CARTESIAN_POINT('',(-8.179073751836,131.10584987887,0.));
#238 = CARTESIAN_POINT('',(-11.11393110887,129.14044797226,0.));
#239 = CARTESIAN_POINT('',(-14.05155296354,126.29705687232,0.));
#240 = CARTESIAN_POINT('',(-16.932675155,122.80057117362,0.));
#241 = CARTESIAN_POINT('',(-19.76935970147,118.51744130774,0.));
#242 = CARTESIAN_POINT('',(-22.48453878787,113.57783127887,0.));
#243 = CARTESIAN_POINT('',(-25.075451203,107.9851661197,0.));
#244 = CARTESIAN_POINT('',(-29.95097770703,95.604247779781,0.));
#245 = CARTESIAN_POINT('',(-34.14132217431,81.026128757664,0.));
#246 = CARTESIAN_POINT('',(-36.04626406708,73.237410107277,0.));
#247 = CARTESIAN_POINT('',(-37.74482888839,65.002650631848,0.));
#248 = CARTESIAN_POINT('',(-39.22340646727,56.37905434211,0.));
#249 = CARTESIAN_POINT('',(-40.47073834353,47.426957788419,0.));
#250 = CARTESIAN_POINT('',(-41.47779960893,38.209315329009,0.));
#251 = CARTESIAN_POINT('',(-42.23774744206,28.791122830114,0.));
#252 = CARTESIAN_POINT('',(-42.74593633278,19.238779790112,0.));
#253 = CARTESIAN_POINT('',(-43.,9.619389895066,0.));
#254 = CARTESIAN_POINT('',(-43.,2.277432558731E-14,0.));
#255 = PCURVE('',#68,#256);
#256 = DEFINITIONAL_REPRESENTATION('',(#257),#297);
#257 = B_SPLINE_CURVE_WITH_KNOTS('',11,(#258,#259,#260,#261,#262,#263,
    #264,#265,#266,#267,#268,#269,#270,#271,#272,#273,#274,#275,#276,
    #277,#278,#279,#280,#281,#282,#283,#284,#285,#286,#287,#288,#289,
    #290,#291,#292,#293,#294,#295,#296),.UNSPECIFIED.,.F.,.F.,(12,9,9,9,
    12),(4.712388980385,5.497787143782,6.28318530718,7.068583470577,
    7.853981633974),.UNSPECIFIED.);
#258 = CARTESIAN_POINT('',(81.292958230798,-43.));
#259 = CARTESIAN_POINT('',(71.673568335738,-42.99999999999));
#260 = CARTESIAN_POINT('',(62.054178440665,-42.74593633279));
#261 = CARTESIAN_POINT('',(52.501835400739,-42.23774744201));
#262 = CARTESIAN_POINT('',(43.083642901695,-41.47779960901));
#263 = CARTESIAN_POINT('',(33.866000442498,-40.47073834342));
#264 = CARTESIAN_POINT('',(24.913903888579,-39.22340646737));
#265 = CARTESIAN_POINT('',(16.29030759902,-37.74482888832));
#266 = CARTESIAN_POINT('',(8.055548123494,-36.04626406711));
#267 = CARTESIAN_POINT('',(0.266829473136,-34.14132217431));
#268 = CARTESIAN_POINT('',(-14.31128954897,-29.95097770703));
#269 = CARTESIAN_POINT('',(-26.69220788892,-25.075451203));
#270 = CARTESIAN_POINT('',(-32.28487304802,-22.48453878787));
#271 = CARTESIAN_POINT('',(-37.22448307704,-19.76935970149));
#272 = CARTESIAN_POINT('',(-41.50761294269,-16.93267515498));
#273 = CARTESIAN_POINT('',(-45.00409864164,-14.05155296356));
#274 = CARTESIAN_POINT('',(-47.84748974139,-11.11393110885));
#275 = CARTESIAN_POINT('',(-49.8128916481,-8.179073751843));
#276 = CARTESIAN_POINT('',(-51.07556246499,-5.407597880998));
#277 = CARTESIAN_POINT('',(-52.3385210734,-8.907386619094E-13));
#278 = CARTESIAN_POINT('',(-51.075562465,5.407597881));
#279 = CARTESIAN_POINT('',(-49.81289164807,8.179073751836));
#280 = CARTESIAN_POINT('',(-47.84748974146,11.113931108873));
#281 = CARTESIAN_POINT('',(-45.00409864152,14.051552963544));
#282 = CARTESIAN_POINT('',(-41.50761294282,16.932675155009));
#283 = CARTESIAN_POINT('',(-37.22448307694,19.769359701473));
#284 = CARTESIAN_POINT('',(-32.28487304807,22.484538787879));
#285 = CARTESIAN_POINT('',(-26.69220788891,25.075451203008));
#286 = CARTESIAN_POINT('',(-14.31128954898,29.950977707034));
#287 = CARTESIAN_POINT('',(0.266829473134,34.141322174317));
#288 = CARTESIAN_POINT('',(8.055548123521,36.046264067086));
#289 = CARTESIAN_POINT('',(16.290307598951,37.744828888391));
#290 = CARTESIAN_POINT('',(24.913903888688,39.223406467271));
#291 = CARTESIAN_POINT('',(33.86600044238,40.470738343536));
#292 = CARTESIAN_POINT('',(43.083642901789,41.47779960893));
#293 = CARTESIAN_POINT('',(52.501835400685,42.237747442066));
#294 = CARTESIAN_POINT('',(62.054178440687,42.74593633278));
#295 = CARTESIAN_POINT('',(71.673568335733,43.000000000002));
#296 = CARTESIAN_POINT('',(81.292958230798,43.));
#297 = ( GEOMETRIC_REPRESENTATION_CONTEXT(2) 
PARAMETRIC_REPRESENTATION_CONTEXT() REPRESENTATION_CONTEXT('2D SPACE',''
  ) );
#298 = PCURVE('',#299,#378);
#299 = B_SPLINE_SURFACE_WITH_KNOTS('',1,11,(
    (#300,#301,#302,#303,#304,#305,#306,#307,#308,#309,#310,#311,#312
      ,#313,#314,#315,#316,#317,#318,#319,#320,#321,#322,#323,#324,#325
      ,#326,#327,#328,#329,#330,#331,#332,#333,#334,#335,#336,#337,#338)
    ,(#339,#340,#341,#342,#343,#344,#345,#346,#347,#348,#349,#350,#351
      ,#352,#353,#354,#355,#356,#357,#358,#359,#360,#361,#362,#363,#364
      ,#365,#366,#367,#368,#369,#370,#371,#372,#373,#374,#375,#376,#377
    )),.UNSPECIFIED.,.F.,.F.,.F.,(2,2),(12,9,9,9,12),(0.,8.),(
    4.712388980385,5.497787143782,6.28318530718,7.068583470577,
    7.853981633974),.UNSPECIFIED.);
#300 = CARTESIAN_POINT('',(43.,-5.905796992079E-15,0.));
#301 = CARTESIAN_POINT('',(42.999999999998,9.619389895061,0.));
#302 = CARTESIAN_POINT('',(42.745936332797,19.238779790133,0.));
#303 = CARTESIAN_POINT('',(42.237747442023,28.791122830059,0.));
#304 = CARTESIAN_POINT('',(41.477799609006,38.209315329103,0.));
#305 = CARTESIAN_POINT('',(40.470738343439,47.4269577883,0.));
#306 = CARTESIAN_POINT('',(39.223406467361,56.379054342219,0.));
#307 = CARTESIAN_POINT('',(37.744828888332,65.002650631779,0.));
#308 = CARTESIAN_POINT('',(36.046264067112,73.237410107304,0.));
#309 = CARTESIAN_POINT('',(34.141322174313,81.026128757662,0.));
#310 = CARTESIAN_POINT('',(29.950977707036,95.604247779776,0.));
#311 = CARTESIAN_POINT('',(25.075451203009,107.98516611972,0.));
#312 = CARTESIAN_POINT('',(22.48453878787,113.57783127882,0.));
#313 = CARTESIAN_POINT('',(19.769359701493,118.51744130784,0.));
#314 = CARTESIAN_POINT('',(16.932675154981,122.80057117348,0.));
#315 = CARTESIAN_POINT('',(14.05155296357,126.29705687244,0.));
#316 = CARTESIAN_POINT('',(11.113931108855,129.14044797218,0.));
#317 = CARTESIAN_POINT('',(8.179073751844,131.1058498789,0.));
#318 = CARTESIAN_POINT('',(5.407597880998,132.36852069579,0.));
#319 = CARTESIAN_POINT('',(1.22944588501E-12,133.6314793042,0.));
#320 = CARTESIAN_POINT('',(-5.407597881,132.3685206958,0.));
#321 = CARTESIAN_POINT('',(-8.179073751834,131.10584987886,0.));
#322 = CARTESIAN_POINT('',(-11.11393110887,129.14044797227,0.));
#323 = CARTESIAN_POINT('',(-14.05155296353,126.29705687231,0.));
#324 = CARTESIAN_POINT('',(-16.93267515501,122.80057117362,0.));
#325 = CARTESIAN_POINT('',(-19.76935970147,118.51744130773,0.));
#326 = CARTESIAN_POINT('',(-22.48453878788,113.57783127887,0.));
#327 = CARTESIAN_POINT('',(-25.075451203,107.9851661197,0.));
#328 = CARTESIAN_POINT('',(-29.95097770703,95.604247779781,0.));
#329 = CARTESIAN_POINT('',(-34.14132217431,81.026128757664,0.));
#330 = CARTESIAN_POINT('',(-36.04626406709,73.237410107277,0.));
#331 = CARTESIAN_POINT('',(-37.74482888837,65.002650631848,0.));
#332 = CARTESIAN_POINT('',(-39.22340646729,56.37905434211,0.));
#333 = CARTESIAN_POINT('',(-40.47073834351,47.426957788419,0.));
#334 = CARTESIAN_POINT('',(-41.47779960894,38.209315329009,0.));
#335 = CARTESIAN_POINT('',(-42.23774744205,28.791122830114,0.));
#336 = CARTESIAN_POINT('',(-42.74593633278,19.238779790112,0.));
#337 = CARTESIAN_POINT('',(-43.,9.619389895066,0.));
#338 = CARTESIAN_POINT('',(-43.,1.566889822971E-14,0.));
#339 = CARTESIAN_POINT('',(43.,-5.905796992079E-15,8.));
#340 = CARTESIAN_POINT('',(42.999999999998,9.619389895061,8.));
#341 = CARTESIAN_POINT('',(42.745936332797,19.238779790133,
    8.000000000002));
#342 = CARTESIAN_POINT('',(42.237747442023,28.791122830059,
    7.999999999995));
#343 = CARTESIAN_POINT('',(41.477799609006,38.209315329103,
    8.000000000009));
#344 = CARTESIAN_POINT('',(40.470738343439,47.4269577883,7.999999999989)
  );
#345 = CARTESIAN_POINT('',(39.223406467361,56.379054342219,8.00000000001
    ));
#346 = CARTESIAN_POINT('',(37.744828888332,65.002650631779,
    7.999999999993));
#347 = CARTESIAN_POINT('',(36.046264067112,73.237410107304,
    8.000000000003));
#348 = CARTESIAN_POINT('',(34.141322174313,81.026128757662,8.));
#349 = CARTESIAN_POINT('',(29.950977707036,95.604247779776,8.));
#350 = CARTESIAN_POINT('',(25.075451203009,107.98516611972,8.));
#351 = CARTESIAN_POINT('',(22.48453878787,113.57783127882,7.999999999997
    ));
#352 = CARTESIAN_POINT('',(19.769359701493,118.51744130784,
    8.000000000005));
#353 = CARTESIAN_POINT('',(16.932675154981,122.80057117348,
    7.999999999993));
#354 = CARTESIAN_POINT('',(14.05155296357,126.29705687244,8.000000000006
    ));
#355 = CARTESIAN_POINT('',(11.113931108855,129.14044797218,
    7.999999999996));
#356 = CARTESIAN_POINT('',(8.179073751844,131.1058498789,8.000000000002)
  );
#357 = CARTESIAN_POINT('',(5.407597880998,132.36852069579,8.));
#358 = CARTESIAN_POINT('',(1.22944588501E-12,133.6314793042,8.));
#359 = CARTESIAN_POINT('',(-5.407597881,132.3685206958,8.));
#360 = CARTESIAN_POINT('',(-8.179073751834,131.10584987886,8.));
#361 = CARTESIAN_POINT('',(-11.11393110887,129.14044797227,8.));
#362 = CARTESIAN_POINT('',(-14.05155296353,126.29705687231,8.));
#363 = CARTESIAN_POINT('',(-16.93267515501,122.80057117362,8.));
#364 = CARTESIAN_POINT('',(-19.76935970147,118.51744130773,8.));
#365 = CARTESIAN_POINT('',(-22.48453878788,113.57783127887,8.));
#366 = CARTESIAN_POINT('',(-25.075451203,107.9851661197,8.));
#367 = CARTESIAN_POINT('',(-29.95097770703,95.604247779781,8.));
#368 = CARTESIAN_POINT('',(-34.14132217431,81.026128757664,
    8.000000000001));
#369 = CARTESIAN_POINT('',(-36.04626406709,73.237410107277,
    7.999999999998));
#370 = CARTESIAN_POINT('',(-37.74482888837,65.002650631848,
    8.000000000005));
#371 = CARTESIAN_POINT('',(-39.22340646729,56.37905434211,7.999999999993
    ));
#372 = CARTESIAN_POINT('',(-40.47073834351,47.426957788419,
    8.000000000008));
#373 = CARTESIAN_POINT('',(-41.47779960894,38.209315329009,
    7.999999999994));
#374 = CARTESIAN_POINT('',(-42.23774744205,28.791122830114,
    8.000000000003));
#375 = CARTESIAN_POINT('',(-42.74593633278,19.238779790112,
    7.999999999999));
#376 = CARTESIAN_POINT('',(-43.,9.619389895066,8.));
#377 = CARTESIAN_POINT('',(-43.,1.566889822971E-14,8.));
#378 = DEFINITIONAL_REPRESENTATION('',(#379),#383);
#379 = LINE('',#380,#381);
#380 = CARTESIAN_POINT('',(0.,0.));
#381 = VECTOR('',#382,1.);
#382 = DIRECTION('',(0.,1.));
#383 = ( GEOMETRIC_REPRESENTATION_CONTEXT(2) 
PARAMETRIC_REPRESENTATION_CONTEXT() REPRESENTATION_CONTEXT('2D SPACE',''
  ) );
#384 = ORIENTED_EDGE('',*,*,#385,.F.);
#385 = EDGE_CURVE('',#24,#212,#386,.T.);
#386 = SURFACE_CURVE('',#387,(#390,#396),.PCURVE_S1.);
#387 = B_SPLINE_CURVE_WITH_KNOTS('',1,(#388,#389),.UNSPECIFIED.,.F.,.F.,
  (2,2),(0.,2.4),.PIECEWISE_BEZIER_KNOTS.);
#388 = CARTESIAN_POINT('',(-45.4,2.37445260314E-14,0.));
#389 = CARTESIAN_POINT('',(-43.,2.277432558731E-14,0.));
#390 = PCURVE('',#68,#391);
#391 = DEFINITIONAL_REPRESENTATION('',(#392),#395);
#392 = B_SPLINE_CURVE_WITH_KNOTS('',1,(#393,#394),.UNSPECIFIED.,.F.,.F.,
  (2,2),(0.,2.4),.PIECEWISE_BEZIER_KNOTS.);
#393 = CARTESIAN_POINT('',(81.292958230798,45.4));
#394 = CARTESIAN_POINT('',(81.292958230798,43.));
#395 = ( GEOMETRIC_REPRESENTATION_CONTEXT(2) 
PARAMETRIC_REPRESENTATION_CONTEXT() REPRESENTATION_CONTEXT('2D SPACE',''
  ) );
#396 = PCURVE('',#397,#402);
#397 = PLANE('',#398);
#398 = AXIS2_PLACEMENT_3D('',#399,#400,#401);
#399 = CARTESIAN_POINT('',(-44.2,1.879839267782E-14,4.));
#400 = DIRECTION('',(-1.924697871091E-15,-1.,0.));
#401 = DIRECTION('',(1.,-1.924697871091E-15,0.));
#402 = DEFINITIONAL_REPRESENTATION('',(#403),#406);
#403 = B_SPLINE_CURVE_WITH_KNOTS('',1,(#404,#405),.UNSPECIFIED.,.F.,.F.,
  (2,2),(0.,2.4),.PIECEWISE_BEZIER_KNOTS.);
#404 = CARTESIAN_POINT('',(-1.2,-4.));
#405 = CARTESIAN_POINT('',(1.2,-4.));
#406 = ( GEOMETRIC_REPRESENTATION_CONTEXT(2) 
PARAMETRIC_REPRESENTATION_CONTEXT() REPRESENTATION_CONTEXT('2D SPACE',''
  ) );
#407 = ADVANCED_FACE('',(#408),#397,.T.);
#408 = FACE_BOUND('',#409,.T.);
#409 = EDGE_LOOP('',(#410,#411,#432,#457));
#410 = ORIENTED_EDGE('',*,*,#385,.T.);
#411 = ORIENTED_EDGE('',*,*,#412,.T.);
#412 = EDGE_CURVE('',#212,#413,#415,.T.);
#413 = VERTEX_POINT('',#414);
#414 = CARTESIAN_POINT('',(-43.,1.566889822971E-14,8.));
#415 = SURFACE_CURVE('',#416,(#419,#425),.PCURVE_S1.);
#416 = B_SPLINE_CURVE_WITH_KNOTS('',1,(#417,#418),.UNSPECIFIED.,.F.,.F.,
  (2,2),(0.,8.),.PIECEWISE_BEZIER_KNOTS.);
#417 = CARTESIAN_POINT('',(-43.,1.566889822971E-14,0.));
#418 = CARTESIAN_POINT('',(-43.,1.566889822971E-14,8.));
#419 = PCURVE('',#397,#420);
#420 = DEFINITIONAL_REPRESENTATION('',(#421),#424);
#421 = B_SPLINE_CURVE_WITH_KNOTS('',1,(#422,#423),.UNSPECIFIED.,.F.,.F.,
  (2,2),(0.,8.),.PIECEWISE_BEZIER_KNOTS.);
#422 = CARTESIAN_POINT('',(1.2,-4.));
#423 = CARTESIAN_POINT('',(1.2,4.));
#424 = ( GEOMETRIC_REPRESENTATION_CONTEXT(2) 
PARAMETRIC_REPRESENTATION_CONTEXT() REPRESENTATION_CONTEXT('2D SPACE',''
  ) );
#425 = PCURVE('',#299,#426);
#426 = DEFINITIONAL_REPRESENTATION('',(#427),#431);
#427 = LINE('',#428,#429);
#428 = CARTESIAN_POINT('',(0.,7.853981633974));
#429 = VECTOR('',#430,1.);
#430 = DIRECTION('',(1.,0.));
#431 = ( GEOMETRIC_REPRESENTATION_CONTEXT(2) 
PARAMETRIC_REPRESENTATION_CONTEXT() REPRESENTATION_CONTEXT('2D SPACE',''
  ) );
#432 = ORIENTED_EDGE('',*,*,#433,.T.);
#433 = EDGE_CURVE('',#413,#434,#436,.T.);
#434 = VERTEX_POINT('',#435);
#435 = CARTESIAN_POINT('',(-45.4,1.9251267247E-14,8.));
#436 = SURFACE_CURVE('',#437,(#440,#446),.PCURVE_S1.);
#437 = B_SPLINE_CURVE_WITH_KNOTS('',1,(#438,#439),.UNSPECIFIED.,.F.,.F.,
  (2,2),(0.,2.4),.PIECEWISE_BEZIER_KNOTS.);
#438 = CARTESIAN_POINT('',(-43.,1.566889822971E-14,8.));
#439 = CARTESIAN_POINT('',(-45.4,3.084995338901E-14,8.));
#440 = PCURVE('',#397,#441);
#441 = DEFINITIONAL_REPRESENTATION('',(#442),#445);
#442 = B_SPLINE_CURVE_WITH_KNOTS('',1,(#443,#444),.UNSPECIFIED.,.F.,.F.,
  (2,2),(0.,2.4),.PIECEWISE_BEZIER_KNOTS.);
#443 = CARTESIAN_POINT('',(1.2,4.));
#444 = CARTESIAN_POINT('',(-1.2,4.));
#445 = ( GEOMETRIC_REPRESENTATION_CONTEXT(2) 
PARAMETRIC_REPRESENTATION_CONTEXT() REPRESENTATION_CONTEXT('2D SPACE',''
  ) );
#446 = PCURVE('',#447,#452);
#447 = PLANE('',#448);
#448 = AXIS2_PLACEMENT_3D('',#449,#450,#451);
#449 = CARTESIAN_POINT('',(1.616305615145E-14,81.292958230798,8.));
#450 = DIRECTION('',(-7.01118130276E-17,6.089938009851E-18,1.));
#451 = DIRECTION('',(1.532519102992E-15,1.,-6.089938009851E-18));
#452 = DEFINITIONAL_REPRESENTATION('',(#453),#456);
#453 = B_SPLINE_CURVE_WITH_KNOTS('',1,(#454,#455),.UNSPECIFIED.,.F.,.F.,
  (2,2),(0.,2.4),.PIECEWISE_BEZIER_KNOTS.);
#454 = CARTESIAN_POINT('',(-81.29295823079,43.));
#455 = CARTESIAN_POINT('',(-81.29295823079,45.4));
#456 = ( GEOMETRIC_REPRESENTATION_CONTEXT(2) 
PARAMETRIC_REPRESENTATION_CONTEXT() REPRESENTATION_CONTEXT('2D SPACE',''
  ) );
#457 = ORIENTED_EDGE('',*,*,#458,.T.);
#458 = EDGE_CURVE('',#434,#24,#459,.T.);
#459 = SURFACE_CURVE('',#460,(#463,#469),.PCURVE_S1.);
#460 = B_SPLINE_CURVE_WITH_KNOTS('',1,(#461,#462),.UNSPECIFIED.,.F.,.F.,
  (2,2),(0.,8.),.PIECEWISE_BEZIER_KNOTS.);
#461 = CARTESIAN_POINT('',(-45.4,1.9251267247E-14,8.));
#462 = CARTESIAN_POINT('',(-45.4,1.9251267247E-14,0.));
#463 = PCURVE('',#397,#464);
#464 = DEFINITIONAL_REPRESENTATION('',(#465),#468);
#465 = B_SPLINE_CURVE_WITH_KNOTS('',1,(#466,#467),.UNSPECIFIED.,.F.,.F.,
  (2,2),(0.,8.),.PIECEWISE_BEZIER_KNOTS.);
#466 = CARTESIAN_POINT('',(-1.2,4.));
#467 = CARTESIAN_POINT('',(-1.2,-4.));
#468 = ( GEOMETRIC_REPRESENTATION_CONTEXT(2) 
PARAMETRIC_REPRESENTATION_CONTEXT() REPRESENTATION_CONTEXT('2D SPACE',''
  ) );
#469 = PCURVE('',#116,#470);
#470 = DEFINITIONAL_REPRESENTATION('',(#471),#475);
#471 = LINE('',#472,#473);
#472 = CARTESIAN_POINT('',(0.,7.853981633974));
#473 = VECTOR('',#474,1.);
#474 = DIRECTION('',(1.,0.));
#475 = ( GEOMETRIC_REPRESENTATION_CONTEXT(2) 
PARAMETRIC_REPRESENTATION_CONTEXT() REPRESENTATION_CONTEXT('2D SPACE',''
  ) );
#476 = ADVANCED_FACE('',(#477),#447,.T.);
#477 = FACE_BOUND('',#478,.T.);
#478 = EDGE_LOOP('',(#479,#574,#594,#687));
#479 = ORIENTED_EDGE('',*,*,#480,.F.);
#480 = EDGE_CURVE('',#481,#413,#483,.T.);
#481 = VERTEX_POINT('',#482);
#482 = CARTESIAN_POINT('',(43.,-5.905796992079E-15,8.));
#483 = SURFACE_CURVE('',#484,(#524,#567),.PCURVE_S1.);
#484 = B_SPLINE_CURVE_WITH_KNOTS('',11,(#485,#486,#487,#488,#489,#490,
    #491,#492,#493,#494,#495,#496,#497,#498,#499,#500,#501,#502,#503,
    #504,#505,#506,#507,#508,#509,#510,#511,#512,#513,#514,#515,#516,
    #517,#518,#519,#520,#521,#522,#523),.UNSPECIFIED.,.F.,.F.,(12,9,9,9,
    12),(4.712388980385,5.497787143782,6.28318530718,7.068583470577,
    7.853981633974),.UNSPECIFIED.);
#485 = CARTESIAN_POINT('',(43.,-5.905796992079E-15,8.));
#486 = CARTESIAN_POINT('',(42.999999999998,9.619389895061,8.));
#487 = CARTESIAN_POINT('',(42.745936332797,19.238779790133,
    8.000000000002));
#488 = CARTESIAN_POINT('',(42.237747442023,28.791122830059,
    7.999999999995));
#489 = CARTESIAN_POINT('',(41.477799609006,38.209315329103,
    8.000000000009));
#490 = CARTESIAN_POINT('',(40.470738343439,47.4269577883,7.999999999989)
  );
#491 = CARTESIAN_POINT('',(39.223406467361,56.379054342219,8.00000000001
    ));
#492 = CARTESIAN_POINT('',(37.744828888332,65.002650631779,
    7.999999999993));
#493 = CARTESIAN_POINT('',(36.046264067112,73.237410107304,
    8.000000000003));
#494 = CARTESIAN_POINT('',(34.141322174313,81.026128757662,8.));
#495 = CARTESIAN_POINT('',(29.950977707036,95.604247779776,8.));
#496 = CARTESIAN_POINT('',(25.075451203009,107.98516611972,8.));
#497 = CARTESIAN_POINT('',(22.48453878787,113.57783127882,7.999999999997
    ));
#498 = CARTESIAN_POINT('',(19.769359701493,118.51744130784,
    8.000000000005));
#499 = CARTESIAN_POINT('',(16.932675154981,122.80057117348,
    7.999999999993));
#500 = CARTESIAN_POINT('',(14.05155296357,126.29705687244,8.000000000006
    ));
#501 = CARTESIAN_POINT('',(11.113931108855,129.14044797218,
    7.999999999996));
#502 = CARTESIAN_POINT('',(8.179073751844,131.1058498789,8.000000000002)
  );
#503 = CARTESIAN_POINT('',(5.407597880998,132.36852069579,8.));
#504 = CARTESIAN_POINT('',(1.22944588501E-12,133.6314793042,8.));
#505 = CARTESIAN_POINT('',(-5.407597881,132.3685206958,8.));
#506 = CARTESIAN_POINT('',(-8.179073751834,131.10584987886,8.));
#507 = CARTESIAN_POINT('',(-11.11393110887,129.14044797227,8.));
#508 = CARTESIAN_POINT('',(-14.05155296353,126.29705687231,8.));
#509 = CARTESIAN_POINT('',(-16.93267515501,122.80057117362,8.));
#510 = CARTESIAN_POINT('',(-19.76935970147,118.51744130773,8.));
#511 = CARTESIAN_POINT('',(-22.48453878788,113.57783127887,8.));
#512 = CARTESIAN_POINT('',(-25.075451203,107.9851661197,8.));
#513 = CARTESIAN_POINT('',(-29.95097770703,95.604247779781,8.));
#514 = CARTESIAN_POINT('',(-34.14132217431,81.026128757664,
    8.000000000001));
#515 = CARTESIAN_POINT('',(-36.04626406709,73.237410107277,
    7.999999999998));
#516 = CARTESIAN_POINT('',(-37.74482888837,65.002650631848,
    8.000000000005));
#517 = CARTESIAN_POINT('',(-39.22340646729,56.37905434211,7.999999999993
    ));
#518 = CARTESIAN_POINT('',(-40.47073834351,47.426957788419,
    8.000000000008));
#519 = CARTESIAN_POINT('',(-41.47779960894,38.209315329009,
    7.999999999994));
#520 = CARTESIAN_POINT('',(-42.23774744205,28.791122830114,
    8.000000000003));
#521 = CARTESIAN_POINT('',(-42.74593633278,19.238779790112,
    7.999999999999));
#522 = CARTESIAN_POINT('',(-43.,9.619389895066,8.));
#523 = CARTESIAN_POINT('',(-43.,1.566889822971E-14,8.));
#524 = PCURVE('',#447,#525);
#525 = DEFINITIONAL_REPRESENTATION('',(#526),#566);
#526 = B_SPLINE_CURVE_WITH_KNOTS('',11,(#527,#528,#529,#530,#531,#532,
    #533,#534,#535,#536,#537,#538,#539,#540,#541,#542,#543,#544,#545,
    #546,#547,#548,#549,#550,#551,#552,#553,#554,#555,#556,#557,#558,
    #559,#560,#561,#562,#563,#564,#565),.UNSPECIFIED.,.F.,.F.,(12,9,9,9,
    12),(4.712388980385,5.497787143782,6.28318530718,7.068583470577,
    7.853981633974),.UNSPECIFIED.);
#527 = CARTESIAN_POINT('',(-81.29295823079,-43.));
#528 = CARTESIAN_POINT('',(-71.67356833573,-42.99999999999));
#529 = CARTESIAN_POINT('',(-62.05417844066,-42.74593633279));
#530 = CARTESIAN_POINT('',(-52.50183540073,-42.23774744202));
#531 = CARTESIAN_POINT('',(-43.08364290169,-41.477799609));
#532 = CARTESIAN_POINT('',(-33.86600044249,-40.47073834343));
#533 = CARTESIAN_POINT('',(-24.91390388858,-39.22340646736));
#534 = CARTESIAN_POINT('',(-16.29030759901,-37.74482888833));
#535 = CARTESIAN_POINT('',(-8.055548123494,-36.04626406711));
#536 = CARTESIAN_POINT('',(-0.266829473136,-34.14132217431));
#537 = CARTESIAN_POINT('',(14.311289548978,-29.95097770703));
#538 = CARTESIAN_POINT('',(26.692207888922,-25.075451203));
#539 = CARTESIAN_POINT('',(32.284873048023,-22.48453878787));
#540 = CARTESIAN_POINT('',(37.224483077048,-19.76935970149));
#541 = CARTESIAN_POINT('',(41.507612942683,-16.93267515498));
#542 = CARTESIAN_POINT('',(45.004098641651,-14.05155296357));
#543 = CARTESIAN_POINT('',(47.84748974139,-11.11393110885));
#544 = CARTESIAN_POINT('',(49.812891648105,-8.179073751844));
#545 = CARTESIAN_POINT('',(51.075562464996,-5.407597880998));
#546 = CARTESIAN_POINT('',(52.338521073405,-1.133073045491E-12));
#547 = CARTESIAN_POINT('',(51.075562465001,5.407597881));
#548 = CARTESIAN_POINT('',(49.812891648069,8.179073751834));
#549 = CARTESIAN_POINT('',(47.847489741477,11.113931108876));
#550 = CARTESIAN_POINT('',(45.004098641516,14.051552963539));
#551 = CARTESIAN_POINT('',(41.507612942828,16.932675155014));
#552 = CARTESIAN_POINT('',(37.22448307694,19.76935970147));
#553 = CARTESIAN_POINT('',(32.284873048074,22.484538787881));
#554 = CARTESIAN_POINT('',(26.692207888911,25.075451203007));
#555 = CARTESIAN_POINT('',(14.311289548982,29.950977707035));
#556 = CARTESIAN_POINT('',(-0.266829473134,34.141322174316));
#557 = CARTESIAN_POINT('',(-8.055548123521,36.046264067092));
#558 = CARTESIAN_POINT('',(-16.29030759895,37.744828888377));
#559 = CARTESIAN_POINT('',(-24.91390388868,39.223406467292));
#560 = CARTESIAN_POINT('',(-33.86600044237,40.470738343512));
#561 = CARTESIAN_POINT('',(-43.08364290178,41.477799608949));
#562 = CARTESIAN_POINT('',(-52.50183540068,42.237747442055));
#563 = CARTESIAN_POINT('',(-62.05417844068,42.745936332784));
#564 = CARTESIAN_POINT('',(-71.67356833573,43.000000000001));
#565 = CARTESIAN_POINT('',(-81.29295823079,43.));
#566 = ( GEOMETRIC_REPRESENTATION_CONTEXT(2) 
PARAMETRIC_REPRESENTATION_CONTEXT() REPRESENTATION_CONTEXT('2D SPACE',''
  ) );
#567 = PCURVE('',#299,#568);
#568 = DEFINITIONAL_REPRESENTATION('',(#569),#573);
#569 = LINE('',#570,#571);
#570 = CARTESIAN_POINT('',(8.,0.));
#571 = VECTOR('',#572,1.);
#572 = DIRECTION('',(0.,1.));
#573 = ( GEOMETRIC_REPRESENTATION_CONTEXT(2) 
PARAMETRIC_REPRESENTATION_CONTEXT() REPRESENTATION_CONTEXT('2D SPACE',''
  ) );
#574 = ORIENTED_EDGE('',*,*,#575,.T.);
#575 = EDGE_CURVE('',#481,#576,#578,.T.);
#576 = VERTEX_POINT('',#577);
#577 = CARTESIAN_POINT('',(45.4,1.650007564202E-15,8.));
#578 = SURFACE_CURVE('',#579,(#582,#588),.PCURVE_S1.);
#579 = B_SPLINE_CURVE_WITH_KNOTS('',1,(#580,#581),.UNSPECIFIED.,.F.,.F.,
  (2,2),(0.,2.4),.PIECEWISE_BEZIER_KNOTS.);
#580 = CARTESIAN_POINT('',(43.,-5.905796992079E-15,8.));
#581 = CARTESIAN_POINT('',(45.4,-5.45541979342E-15,8.));
#582 = PCURVE('',#447,#583);
#583 = DEFINITIONAL_REPRESENTATION('',(#584),#587);
#584 = B_SPLINE_CURVE_WITH_KNOTS('',1,(#585,#586),.UNSPECIFIED.,.F.,.F.,
  (2,2),(0.,2.4),.PIECEWISE_BEZIER_KNOTS.);
#585 = CARTESIAN_POINT('',(-81.29295823079,-43.));
#586 = CARTESIAN_POINT('',(-81.29295823079,-45.4));
#587 = ( GEOMETRIC_REPRESENTATION_CONTEXT(2) 
PARAMETRIC_REPRESENTATION_CONTEXT() REPRESENTATION_CONTEXT('2D SPACE',''
  ) );
#588 = PCURVE('',#200,#589);
#589 = DEFINITIONAL_REPRESENTATION('',(#590),#593);
#590 = B_SPLINE_CURVE_WITH_KNOTS('',1,(#591,#592),.UNSPECIFIED.,.F.,.F.,
  (2,2),(0.,2.4),.PIECEWISE_BEZIER_KNOTS.);
#591 = CARTESIAN_POINT('',(1.2,4.));
#592 = CARTESIAN_POINT('',(-1.2,4.));
#593 = ( GEOMETRIC_REPRESENTATION_CONTEXT(2) 
PARAMETRIC_REPRESENTATION_CONTEXT() REPRESENTATION_CONTEXT('2D SPACE',''
  ) );
#594 = ORIENTED_EDGE('',*,*,#595,.T.);
#595 = EDGE_CURVE('',#576,#434,#596,.T.);
#596 = SURFACE_CURVE('',#597,(#637,#680),.PCURVE_S1.);
#597 = B_SPLINE_CURVE_WITH_KNOTS('',11,(#598,#599,#600,#601,#602,#603,
    #604,#605,#606,#607,#608,#609,#610,#611,#612,#613,#614,#615,#616,
    #617,#618,#619,#620,#621,#622,#623,#624,#625,#626,#627,#628,#629,
    #630,#631,#632,#633,#634,#635,#636),.UNSPECIFIED.,.F.,.F.,(12,9,9,9,
    12),(4.712388980385,5.497787143782,6.28318530718,7.068583470577,
    7.853981633974),.UNSPECIFIED.);
#598 = CARTESIAN_POINT('',(45.4,-5.45541979342E-15,8.));
#599 = CARTESIAN_POINT('',(45.399999999998,9.677015247033,8.));
#600 = CARTESIAN_POINT('',(45.144414353919,19.35403049408,8.000000000002
    ));
#601 = CARTESIAN_POINT('',(44.633236752581,28.964647581666,
    7.999999999995));
#602 = CARTESIAN_POINT('',(43.868673608171,38.442431384588,
    8.000000000009));
#603 = CARTESIAN_POINT('',(42.855128371759,47.721685417587,
    7.999999999989));
#604 = CARTESIAN_POINT('',(41.59916377364,56.738189191874,8.00000000001)
  );
#605 = CARTESIAN_POINT('',(40.109441982366,65.429897318719,
    7.999999999993));
#606 = CARTESIAN_POINT('',(38.396642687712,73.737600364773,
    8.000000000003));
#607 = CARTESIAN_POINT('',(36.473359102186,81.605547454516,8.));
#608 = CARTESIAN_POINT('',(32.234584668939,96.358513792315,8.));
#609 = CARTESIAN_POINT('',(27.275475517822,108.95714863961,8.));
#610 = CARTESIAN_POINT('',(24.63179852792,114.67084001786,7.999999999997
    ));
#611 = CARTESIAN_POINT('',(21.842216200276,119.75559385021,
    8.000000000005));
#612 = CARTESIAN_POINT('',(18.924205795638,124.17681535746,
    7.999999999993));
#613 = CARTESIAN_POINT('',(15.902048539129,127.89530458871,
    8.000000000006));
#614 = CARTESIAN_POINT('',(12.794058441265,130.89763361368,
    7.999999999996));
#615 = CARTESIAN_POINT('',(9.624712167971,133.14855047829,8.000000000002
    ));
#616 = CARTESIAN_POINT('',(6.42673655044,134.6495094468,8.));
#617 = CARTESIAN_POINT('',(7.292512645856E-13,136.15049055319,8.));
#618 = CARTESIAN_POINT('',(-6.426736550442,134.64950944681,8.));
#619 = CARTESIAN_POINT('',(-9.624712167965,133.14855047825,8.));
#620 = CARTESIAN_POINT('',(-12.79405844127,130.89763361378,8.));
#621 = CARTESIAN_POINT('',(-15.9020485391,127.89530458856,8.));
#622 = CARTESIAN_POINT('',(-18.92420579565,124.17681535762,8.));
#623 = CARTESIAN_POINT('',(-21.84221620026,119.75559385008,8.));
#624 = CARTESIAN_POINT('',(-24.63179852792,114.67084001792,8.));
#625 = CARTESIAN_POINT('',(-27.27547551782,108.9571486396,8.));
#626 = CARTESIAN_POINT('',(-32.23458466893,96.358513792319,8.));
#627 = CARTESIAN_POINT('',(-36.47335910219,81.605547454519,
    8.000000000001));
#628 = CARTESIAN_POINT('',(-38.39664268768,73.737600364742,
    7.999999999998));
#629 = CARTESIAN_POINT('',(-40.10944198242,65.429897318799,
    8.000000000005));
#630 = CARTESIAN_POINT('',(-41.59916377354,56.738189191751,
    7.999999999993));
#631 = CARTESIAN_POINT('',(-42.85512837185,47.721685417722,
    8.000000000008));
#632 = CARTESIAN_POINT('',(-43.86867360809,38.442431384481,
    7.999999999994));
#633 = CARTESIAN_POINT('',(-44.63323675262,28.964647581728,
    8.000000000003));
#634 = CARTESIAN_POINT('',(-45.1444143539,19.354030494055,7.999999999999
    ));
#635 = CARTESIAN_POINT('',(-45.4,9.677015247039,8.));
#636 = CARTESIAN_POINT('',(-45.4,3.084995338901E-14,8.));
#637 = PCURVE('',#447,#638);
#638 = DEFINITIONAL_REPRESENTATION('',(#639),#679);
#639 = B_SPLINE_CURVE_WITH_KNOTS('',11,(#640,#641,#642,#643,#644,#645,
    #646,#647,#648,#649,#650,#651,#652,#653,#654,#655,#656,#657,#658,
    #659,#660,#661,#662,#663,#664,#665,#666,#667,#668,#669,#670,#671,
    #672,#673,#674,#675,#676,#677,#678),.UNSPECIFIED.,.F.,.F.,(12,9,9,9,
    12),(4.712388980385,5.497787143782,6.28318530718,7.068583470577,
    7.853981633974),.UNSPECIFIED.);
#640 = CARTESIAN_POINT('',(-81.29295823079,-45.4));
#641 = CARTESIAN_POINT('',(-71.61594298376,-45.39999999999));
#642 = CARTESIAN_POINT('',(-61.93892773671,-45.14441435391));
#643 = CARTESIAN_POINT('',(-52.32831064913,-44.63323675258));
#644 = CARTESIAN_POINT('',(-42.85052684621,-43.86867360817));
#645 = CARTESIAN_POINT('',(-33.57127281321,-42.85512837175));
#646 = CARTESIAN_POINT('',(-24.55476903892,-41.59916377364));
#647 = CARTESIAN_POINT('',(-15.86306091207,-40.10944198236));
#648 = CARTESIAN_POINT('',(-7.555357866025,-38.39664268771));
#649 = CARTESIAN_POINT('',(0.312589223717,-36.47335910218));
#650 = CARTESIAN_POINT('',(15.065555561517,-32.23458466893));
#651 = CARTESIAN_POINT('',(27.664190408821,-27.27547551782));
#652 = CARTESIAN_POINT('',(33.377881787071,-24.63179852792));
#653 = CARTESIAN_POINT('',(38.462635619414,-21.84221620027));
#654 = CARTESIAN_POINT('',(42.883857126664,-18.92420579563));
#655 = CARTESIAN_POINT('',(46.60234635792,-15.90204853912));
#656 = CARTESIAN_POINT('',(49.604675382891,-12.79405844126));
#657 = CARTESIAN_POINT('',(51.855592247499,-9.624712167971));
#658 = CARTESIAN_POINT('',(53.356551216009,-6.42673655044));
#659 = CARTESIAN_POINT('',(54.857532322392,-6.29017992207E-13));
#660 = CARTESIAN_POINT('',(53.356551216014,6.426736550442));
#661 = CARTESIAN_POINT('',(51.855592247461,9.624712167965));
#662 = CARTESIAN_POINT('',(49.604675382988,12.794058441279));
#663 = CARTESIAN_POINT('',(46.602346357768,15.902048539109));
#664 = CARTESIAN_POINT('',(42.883857126828,18.924205795659));
#665 = CARTESIAN_POINT('',(38.462635619291,21.842216200261));
#666 = CARTESIAN_POINT('',(33.37788178713,24.631798527927));
#667 = CARTESIAN_POINT('',(27.664190408808,27.275475517822));
#668 = CARTESIAN_POINT('',(15.065555561521,32.234584668936));
#669 = CARTESIAN_POINT('',(0.31258922372,36.473359102191));
#670 = CARTESIAN_POINT('',(-7.555357866057,38.396642687685));
#671 = CARTESIAN_POINT('',(-15.86306091199,40.109441982427));
#672 = CARTESIAN_POINT('',(-24.55476903904,41.599163773547));
#673 = CARTESIAN_POINT('',(-33.57127281307,42.855128371859));
#674 = CARTESIAN_POINT('',(-42.85052684631,43.868673608091));
#675 = CARTESIAN_POINT('',(-52.32831064907,44.633236752627));
#676 = CARTESIAN_POINT('',(-61.93892773674,45.1444143539));
#677 = CARTESIAN_POINT('',(-71.61594298376,45.400000000002));
#678 = CARTESIAN_POINT('',(-81.29295823079,45.4));
#679 = ( GEOMETRIC_REPRESENTATION_CONTEXT(2) 
PARAMETRIC_REPRESENTATION_CONTEXT() REPRESENTATION_CONTEXT('2D SPACE',''
  ) );
#680 = PCURVE('',#116,#681);
#681 = DEFINITIONAL_REPRESENTATION('',(#682),#686);
#682 = LINE('',#683,#684);
#683 = CARTESIAN_POINT('',(0.,0.));
#684 = VECTOR('',#685,1.);
#685 = DIRECTION('',(0.,1.));
#686 = ( GEOMETRIC_REPRESENTATION_CONTEXT(2) 
PARAMETRIC_REPRESENTATION_CONTEXT() REPRESENTATION_CONTEXT('2D SPACE',''
  ) );
#687 = ORIENTED_EDGE('',*,*,#433,.F.);
#688 = ADVANCED_FACE('',(#689,#713,#1164,#1615,#2066,#2517,#2906),#299,
  .T.);
#689 = FACE_BOUND('',#690,.T.);
#690 = EDGE_LOOP('',(#691,#692,#711,#712));
#691 = ORIENTED_EDGE('',*,*,#211,.F.);
#692 = ORIENTED_EDGE('',*,*,#693,.T.);
#693 = EDGE_CURVE('',#187,#481,#694,.T.);
#694 = SURFACE_CURVE('',#695,(#698,#705),.PCURVE_S1.);
#695 = B_SPLINE_CURVE_WITH_KNOTS('',1,(#696,#697),.UNSPECIFIED.,.F.,.F.,
  (2,2),(0.,8.),.PIECEWISE_BEZIER_KNOTS.);
#696 = CARTESIAN_POINT('',(43.,-5.905796992079E-15,0.));
#697 = CARTESIAN_POINT('',(43.,-5.905796992079E-15,8.));
#698 = PCURVE('',#299,#699);
#699 = DEFINITIONAL_REPRESENTATION('',(#700),#704);
#700 = LINE('',#701,#702);
#701 = CARTESIAN_POINT('',(0.,4.712388980385));
#702 = VECTOR('',#703,1.);
#703 = DIRECTION('',(1.,0.));
#704 = ( GEOMETRIC_REPRESENTATION_CONTEXT(2) 
PARAMETRIC_REPRESENTATION_CONTEXT() REPRESENTATION_CONTEXT('2D SPACE',''
  ) );
#705 = PCURVE('',#200,#706);
#706 = DEFINITIONAL_REPRESENTATION('',(#707),#710);
#707 = B_SPLINE_CURVE_WITH_KNOTS('',1,(#708,#709),.UNSPECIFIED.,.F.,.F.,
  (2,2),(0.,8.),.PIECEWISE_BEZIER_KNOTS.);
#708 = CARTESIAN_POINT('',(1.2,-4.));
#709 = CARTESIAN_POINT('',(1.2,4.));
#710 = ( GEOMETRIC_REPRESENTATION_CONTEXT(2) 
PARAMETRIC_REPRESENTATION_CONTEXT() REPRESENTATION_CONTEXT('2D SPACE',''
  ) );
#711 = ORIENTED_EDGE('',*,*,#480,.T.);
#712 = ORIENTED_EDGE('',*,*,#412,.F.);
#713 = FACE_BOUND('',#714,.T.);
#714 = EDGE_LOOP('',(#715));
#715 = ORIENTED_EDGE('',*,*,#716,.T.);
#716 = EDGE_CURVE('',#717,#717,#719,.T.);
#717 = VERTEX_POINT('',#718);
#718 = CARTESIAN_POINT('',(42.709955321632,15.219802255814,2.5));
#719 = SURFACE_CURVE('',#720,(#837,#998),.PCURVE_S1.);
#720 = B_SPLINE_CURVE_WITH_KNOTS('',7,(#721,#722,#723,#724,#725,#726,
    #727,#728,#729,#730,#731,#732,#733,#734,#735,#736,#737,#738,#739,
    #740,#741,#742,#743,#744,#745,#746,#747,#748,#749,#750,#751,#752,
    #753,#754,#755,#756,#757,#758,#759,#760,#761,#762,#763,#764,#765,
    #766,#767,#768,#769,#770,#771,#772,#773,#774,#775,#776,#777,#778,
    #779,#780,#781,#782,#783,#784,#785,#786,#787,#788,#789,#790,#791,
    #792,#793,#794,#795,#796,#797,#798,#799,#800,#801,#802,#803,#804,
    #805,#806,#807,#808,#809,#810,#811,#812,#813,#814,#815,#816,#817,
    #818,#819,#820,#821,#822,#823,#824,#825,#826,#827,#828,#829,#830,
    #831,#832,#833,#834,#835,#836),.UNSPECIFIED.,.T.,.F.,(8,6,6,6,6,6,6,
    6,6,6,6,6,6,6,6,6,6,6,6,8),(0.,0.135837098587,0.184286323882,
    0.22215267953,0.282819228554,0.323151117558,0.381978720967,
    0.430302238434,0.466897547226,0.566145893383,0.637165069065,
    0.664557903038,0.701182063279,0.749591485404,0.787367210571,
    0.848181968734,0.901683416968,0.929715121558,1.,1.131136293116),
  .UNSPECIFIED.);
#721 = CARTESIAN_POINT('',(42.709955321632,15.219802255814,2.5));
#722 = CARTESIAN_POINT('',(42.709955321632,15.219802255814,2.66179383347
    ));
#723 = CARTESIAN_POINT('',(42.710641729248,15.201851360518,
    2.823397123327));
#724 = CARTESIAN_POINT('',(42.712011850865,15.16601899983,2.983757492837
    ));
#725 = CARTESIAN_POINT('',(42.714075779937,15.111909691862,
    3.141480937587));
#726 = CARTESIAN_POINT('',(42.716844616657,15.038956981091,
    3.294771572508));
#727 = CARTESIAN_POINT('',(42.720323052571,14.946603247174,3.44148905853
    ));
#728 = CARTESIAN_POINT('',(42.726022015967,14.79363562564,3.627888743323
    ));
#729 = CARTESIAN_POINT('',(42.727611275019,14.750849025358,3.67567822359
    ));
#730 = CARTESIAN_POINT('',(42.72929148489,14.705462928742,3.72211589503)
  );
#731 = CARTESIAN_POINT('',(42.731062135603,14.657457827402,
    3.767042820302));
#732 = CARTESIAN_POINT('',(42.732922091323,14.606827919357,
    3.810280020831));
#733 = CARTESIAN_POINT('',(42.734869434582,14.553585948944,
    3.851630915716));
#734 = CARTESIAN_POINT('',(42.738489359339,14.454142570292,
    3.921562521279));
#735 = CARTESIAN_POINT('',(42.740128953663,14.408946097195,
    3.950957870658));
#736 = CARTESIAN_POINT('',(42.741818631975,14.362198820997,
    3.978967660939));
#737 = CARTESIAN_POINT('',(42.743556422446,14.313934063767,
    4.005481288818));
#738 = CARTESIAN_POINT('',(42.745339764616,14.264201342776,
    4.030383075449));
#739 = CARTESIAN_POINT('',(42.747165431093,14.213069437188,
    4.053555646385));
#740 = CARTESIAN_POINT('',(42.752015835122,14.076614167003,
    4.109052848536));
#741 = CARTESIAN_POINT('',(42.755101986514,13.989204098493,
    4.138502428933));
#742 = CARTESIAN_POINT('',(42.758269445533,13.898833314715,
    4.162723467295));
#743 = CARTESIAN_POINT('',(42.761495955139,13.806055278881,
    4.181265399042));
#744 = CARTESIAN_POINT('',(42.764755624059,13.711551744433,
    4.193765839722));
#745 = CARTESIAN_POINT('',(42.768019164009,13.616139472345,
    4.200007234113));
#746 = CARTESIAN_POINT('',(42.77340489156,13.457375115267,4.199995182526
    ));
#747 = CARTESIAN_POINT('',(42.775543906918,13.393969322903,
    4.197228572749));
#748 = CARTESIAN_POINT('',(42.777662316298,13.330820464611,
    4.191699799736));
#749 = CARTESIAN_POINT('',(42.779752069138,13.268174667258,
    4.183447681541));
#750 = CARTESIAN_POINT('',(42.781805971147,13.20626042748,4.1725450513)
  );
#751 = CARTESIAN_POINT('',(42.783817662145,13.145287923037,
    4.159093588227));
#752 = CARTESIAN_POINT('',(42.788646160862,12.998167012098,4.12006365449
    ));
#753 = CARTESIAN_POINT('',(42.79140963732,12.913280136976,4.091748685396
    ));
#754 = CARTESIAN_POINT('',(42.794056466381,12.831329662918,
    4.058648165767));
#755 = CARTESIAN_POINT('',(42.796577132611,12.752696031593,
    4.021204295615));
#756 = CARTESIAN_POINT('',(42.798966483495,12.677633409568,
    3.979871456237));
#757 = CARTESIAN_POINT('',(42.80122250104,12.606297138839,3.935079695875
    ));
#758 = CARTESIAN_POINT('',(42.805089465248,12.483288272144,
    3.847901065958));
#759 = CARTESIAN_POINT('',(42.806743691979,12.430378086791,
    3.806512048751));
#760 = CARTESIAN_POINT('',(42.808308643769,12.380067186368,
    3.763259362524));
#761 = CARTESIAN_POINT('',(42.809785387506,12.332367197134,
    3.718337041434));
#762 = CARTESIAN_POINT('',(42.811175449755,12.28727172744,3.671921692499
    ));
#763 = CARTESIAN_POINT('',(42.812480649627,12.244761075432,
    3.624170153104));
#764 = CARTESIAN_POINT('',(42.814628563496,12.174549742777,
    3.538145130311));
#765 = CARTESIAN_POINT('',(42.815506594732,12.14576030527,3.500385879904
    ));
#766 = CARTESIAN_POINT('',(42.8163378666,12.118426491281,3.461999018821)
  );
#767 = CARTESIAN_POINT('',(42.817123195149,12.09253571777,3.423039860254
    ));
#768 = CARTESIAN_POINT('',(42.817863371216,12.068074951618,
    3.383559409063));
#769 = CARTESIAN_POINT('',(42.818559160426,12.045030709629,
    3.343604361773));
#770 = CARTESIAN_POINT('',(42.820979947684,11.964695795621,
    3.193684808125));
#771 = CARTESIAN_POINT('',(42.822426889319,11.916341461046,
    3.081014006554));
#772 = CARTESIAN_POINT('',(42.823567898235,11.878016191541,
    2.966000133891));
#773 = CARTESIAN_POINT('',(42.824413585043,11.849515151005,
    2.849335665673));
#774 = CARTESIAN_POINT('',(42.824971348479,11.83068613789,2.731632758355
    ));
#775 = CARTESIAN_POINT('',(42.825245514282,11.821431434291,
    2.613434828679));
#776 = CARTESIAN_POINT('',(42.825228617638,11.822001797003,
    2.410623953333));
#777 = CARTESIAN_POINT('',(42.825076146673,11.827148595998,
    2.326044847658));
#778 = CARTESIAN_POINT('',(42.824778258298,11.837203683362,
    2.241665581311));
#779 = CARTESIAN_POINT('',(42.824333843165,11.852191137308,
    2.157684184682));
#780 = CARTESIAN_POINT('',(42.823740885364,11.87215268849,2.074311840661
    ));
#781 = CARTESIAN_POINT('',(42.82299643533,11.897147708374,1.991774827699
    ));
#782 = CARTESIAN_POINT('',(42.8217491735,11.938874931504,1.878898507554)
  );
#783 = CARTESIAN_POINT('',(42.821378856616,11.951250598401,
    1.847641202602));
#784 = CARTESIAN_POINT('',(42.820985166077,11.964391804959,
    1.816560046357));
#785 = CARTESIAN_POINT('',(42.820567853084,11.978303393393,
    1.785670412541));
#786 = CARTESIAN_POINT('',(42.820126650251,11.992990465955,
    1.754988547853));
#787 = CARTESIAN_POINT('',(42.819661271606,12.008458384932,
    1.724531571967));
#788 = CARTESIAN_POINT('',(42.818516472143,12.046444854139,
    1.653921298111));
#789 = CARTESIAN_POINT('',(42.817817785664,12.069582291796,
    1.613959893006));
#790 = CARTESIAN_POINT('',(42.817074609007,12.094139074924,1.57447586707
    ));
#791 = CARTESIAN_POINT('',(42.816286173324,12.12012872074,1.535516164245
    ));
#792 = CARTESIAN_POINT('',(42.815451685066,12.147564274369,
    1.497132067558));
#793 = CARTESIAN_POINT('',(42.814570325985,12.176458308845,
    1.459379199123));
#794 = CARTESIAN_POINT('',(42.812413214597,12.246958549157,
    1.373329790445));
#795 = CARTESIAN_POINT('',(42.811101897355,12.289660651563,
    1.325552834894));
#796 = CARTESIAN_POINT('',(42.809705347632,12.334957539184,
    1.279122539034));
#797 = CARTESIAN_POINT('',(42.808221741516,12.382868732102,
    1.234197147002));
#798 = CARTESIAN_POINT('',(42.806649555514,12.433400167869,
    1.190954854648));
#799 = CARTESIAN_POINT('',(42.804987737108,12.486539405758,
    1.149591402664));
#800 = CARTESIAN_POINT('',(42.801868830502,12.585724588733,
    1.079670872496));
#801 = CARTESIAN_POINT('',(42.800447034248,12.630762130306,
    1.050298377895));
#802 = CARTESIAN_POINT('',(42.798970390813,12.677343637562,
    1.022301431381));
#803 = CARTESIAN_POINT('',(42.797439178952,12.725436343873,
    0.995789670658));
#804 = CARTESIAN_POINT('',(42.795854179563,12.774991511581,0.97087780892
    ));
#805 = CARTESIAN_POINT('',(42.794216803312,12.82594140942,0.947682318123
    ));
#806 = CARTESIAN_POINT('',(42.789812392176,12.962320893976,
    0.891924093156));
#807 = CARTESIAN_POINT('',(42.786964122586,13.049868458562,
    0.862259206655));
#808 = CARTESIAN_POINT('',(42.783995506341,13.140400607673,0.83783878661
    ));
#809 = CARTESIAN_POINT('',(42.780921886216,13.233361282942,0.81911725791
    ));
#810 = CARTESIAN_POINT('',(42.777763626513,13.328067415084,
    0.806460810208));
#811 = CARTESIAN_POINT('',(42.774546877094,13.423700206264,
    0.800091211289));
#812 = CARTESIAN_POINT('',(42.768451709251,13.603397796252,
    0.799921186133));
#813 = CARTESIAN_POINT('',(42.765577096052,13.687530476165,
    0.804701202657));
#814 = CARTESIAN_POINT('',(42.762702076872,13.771057438405,0.81434693371
    ));
#815 = CARTESIAN_POINT('',(42.759846777062,13.853412600969,
    0.828731990949));
#816 = CARTESIAN_POINT('',(42.75702965348,13.934101439806,0.847636028747
    ));
#817 = CARTESIAN_POINT('',(42.754267297942,14.012700058659,
    0.870771635716));
#818 = CARTESIAN_POINT('',(42.750163242577,14.128753271639,
    0.911960653369));
#819 = CARTESIAN_POINT('',(42.7487709511,14.167990760024,0.927193418536)
  );
#820 = CARTESIAN_POINT('',(42.747399249003,14.206520698173,
    0.943452187345));
#821 = CARTESIAN_POINT('',(42.7460497693,14.244305540275,0.960689716763)
  );
#822 = CARTESIAN_POINT('',(42.744723918855,14.281314541566,0.97885820283
    ));
#823 = CARTESIAN_POINT('',(42.743422895298,14.317523024688,0.99791029199
    ));
#824 = CARTESIAN_POINT('',(42.738950371839,14.441642780532,
    1.067670488272));
#825 = CARTESIAN_POINT('',(42.735916573652,14.525188199229,
    1.122789710813));
#826 = CARTESIAN_POINT('',(42.733060171198,14.603299404553,
    1.182453383543));
#827 = CARTESIAN_POINT('',(42.730389803279,14.675871270672,
    1.246002483869));
#828 = CARTESIAN_POINT('',(42.727909940006,14.742900707541,
    1.312851818389));
#829 = CARTESIAN_POINT('',(42.725621980304,14.804451282412,
    1.382510176722));
#830 = CARTESIAN_POINT('',(42.719613616095,14.965429494466,
    1.589081470847));
#831 = CARTESIAN_POINT('',(42.716374266693,15.051346396201,
    1.731792727849));
#832 = CARTESIAN_POINT('',(42.713795460467,15.11925807233,1.880348960377
    ));
#833 = CARTESIAN_POINT('',(42.711872232529,15.169670467363,
    2.032872125635));
#834 = CARTESIAN_POINT('',(42.71059501056,15.203073119894,2.187777124045
    ));
#835 = CARTESIAN_POINT('',(42.709955321632,15.219802255814,
    2.343809889393));
#836 = CARTESIAN_POINT('',(42.709955321632,15.219802255814,2.5));
#837 = PCURVE('',#299,#838);
#838 = DEFINITIONAL_REPRESENTATION('',(#839),#997);
#839 = B_SPLINE_CURVE_WITH_KNOTS('',3,(#840,#841,#842,#843,#844,#845,
    #846,#847,#848,#849,#850,#851,#852,#853,#854,#855,#856,#857,#858,
    #859,#860,#861,#862,#863,#864,#865,#866,#867,#868,#869,#870,#871,
    #872,#873,#874,#875,#876,#877,#878,#879,#880,#881,#882,#883,#884,
    #885,#886,#887,#888,#889,#890,#891,#892,#893,#894,#895,#896,#897,
    #898,#899,#900,#901,#902,#903,#904,#905,#906,#907,#908,#909,#910,
    #911,#912,#913,#914,#915,#916,#917,#918,#919,#920,#921,#922,#923,
    #924,#925,#926,#927,#928,#929,#930,#931,#932,#933,#934,#935,#936,
    #937,#938,#939,#940,#941,#942,#943,#944,#945,#946,#947,#948,#949,
    #950,#951,#952,#953,#954,#955,#956,#957,#958,#959,#960,#961,#962,
    #963,#964,#965,#966,#967,#968,#969,#970,#971,#972,#973,#974,#975,
    #976,#977,#978,#979,#980,#981,#982,#983,#984,#985,#986,#987,#988,
    #989,#990,#991,#992,#993,#994,#995,#996),.UNSPECIFIED.,.T.,.F.,(4,1,
    1,1,1,1,1,1,1,1,1,1,1,1,1,1,1,1,1,1,1,1,1,1,1,1,1,1,1,1,1,1,1,1,1,1,
    1,1,1,1,1,1,1,1,1,1,1,1,1,1,1,1,1,1,1,1,1,1,1,1,1,1,1,1,1,1,1,1,1,1,
    1,1,1,1,1,1,1,1,1,1,1,1,1,1,1,1,1,1,1,1,1,1,1,1,1,1,1,1,1,1,1,1,1,1,
    1,1,1,1,1,1,1,1,1,1,1,1,1,1,1,1,1,1,1,1,1,1,1,1,1,1,1,1,1,1,1,1,1,1,
    1,1,1,1,1,1,1,1,1,1,1,1,1,1,1,1,4),(0.,7.345040864388E-03,
    1.469008172878E-02,2.203512259316E-02,2.938016345755E-02,
    3.672520432194E-02,4.407024518633E-02,5.141528605072E-02,
    5.876032691511E-02,6.610536777949E-02,7.345040864388E-02,
    8.079544950827E-02,8.814049037266E-02,9.548553123705E-02,
    0.102830572101,0.110175612966,0.11752065383,0.124865694695,
    0.132210735559,0.139555776423,0.146900817288,0.154245858152,
    0.161590899017,0.168935939881,0.176280980745,0.18362602161,
    0.190971062474,0.198316103338,0.205661144203,0.213006185067,
    0.220351225932,0.227696266796,0.23504130766,0.242386348525,
    0.249731389389,0.257076430254,0.264421471118,0.271766511982,
    0.279111552847,0.286456593711,0.293801634576,0.30114667544,
    0.308491716304,0.315836757169,0.323181798033,0.330526838897,
    0.337871879762,0.345216920626,0.352561961491,0.359907002355,
    0.367252043219,0.374597084084,0.381942124948,0.389287165813,
    0.396632206677,0.403977247541,0.411322288406,0.41866732927,
    0.426012370135,0.433357410999,0.440702451863,0.448047492728,
    0.455392533592,0.462737574456,0.470082615321,0.477427656185,
    0.48477269705,0.492117737914,0.499462778778,0.506807819643,
    0.514152860507,0.521497901372,0.528842942236,0.5361879831,
    0.543533023965,0.550878064829,0.558223105693,0.565568146558,
    0.572913187422,0.580258228287,0.587603269151,0.594948310015,
    0.60229335088,0.609638391744,0.616983432609,0.624328473473,
    0.631673514337,0.639018555202,0.646363596066,0.653708636931,
    0.661053677795,0.668398718659,0.675743759524,0.683088800388,
    0.690433841252,0.697778882117,0.705123922981,0.712468963846,
    0.71981400471,0.727159045574,0.734504086439,0.741849127303,
    0.749194168168,0.756539209032,0.763884249896,0.771229290761,
    0.778574331625,0.78591937249,0.793264413354,0.800609454218,
    0.807954495083,0.815299535947,0.822644576811,0.829989617676,
    0.83733465854,0.844679699405,0.852024740269,0.859369781133,
    0.866714821998,0.874059862862,0.881404903727,0.888749944591,
    0.896094985455,0.90344002632,0.910785067184,0.918130108049,
    0.925475148913,0.932820189777,0.940165230642,0.947510271506,
    0.95485531237,0.962200353235,0.969545394099,0.976890434964,
    0.984235475828,0.991580516692,0.998925557557,1.006270598421,
    1.013615639286,1.02096068015,1.028305721014,1.035650761879,
    1.042995802743,1.050340843608,1.057685884472,1.065030925336,
    1.072375966201,1.079721007065,1.087066047929,1.094411088794,
    1.101756129658,1.109101170523,1.116446211387,1.123791252251,
    1.131136293116),.QUASI_UNIFORM_KNOTS.);
#840 = CARTESIAN_POINT('',(2.5,4.825603674475));
#841 = CARTESIAN_POINT('',(2.520413153014,4.825603672651));
#842 = CARTESIAN_POINT('',(2.561232457318,4.825598186239));
#843 = CARTESIAN_POINT('',(2.622401460697,4.825573489372));
#844 = CARTESIAN_POINT('',(2.683472566243,4.82553231434));
#845 = CARTESIAN_POINT('',(2.744404318182,4.825474622102));
#846 = CARTESIAN_POINT('',(2.805152902892,4.825400358029));
#847 = CARTESIAN_POINT('',(2.865671791719,4.825309451152));
#848 = CARTESIAN_POINT('',(2.925911792899,4.825201816719));
#849 = CARTESIAN_POINT('',(2.98582099446,4.825077357567));
#850 = CARTESIAN_POINT('',(3.045344733162,4.824935965484));
#851 = CARTESIAN_POINT('',(3.104425549417,4.82477752221));
#852 = CARTESIAN_POINT('',(3.163003135378,4.824601900143));
#853 = CARTESIAN_POINT('',(3.221014269506,4.824408962701));
#854 = CARTESIAN_POINT('',(3.278392739239,4.824198564293));
#855 = CARTESIAN_POINT('',(3.33506923398,4.823970549976));
#856 = CARTESIAN_POINT('',(3.390971259928,4.823724754392));
#857 = CARTESIAN_POINT('',(3.446022870464,4.823461001386));
#858 = CARTESIAN_POINT('',(3.500144967748,4.823179098912));
#859 = CARTESIAN_POINT('',(3.553253341239,4.822878849287));
#860 = CARTESIAN_POINT('',(3.605265006598,4.822559999767));
#861 = CARTESIAN_POINT('',(3.656050399513,4.822222558419));
#862 = CARTESIAN_POINT('',(3.705502502158,4.821866392922));
#863 = CARTESIAN_POINT('',(3.753501712383,4.821491427086));
#864 = CARTESIAN_POINT('',(3.799920608558,4.821097628089));
#865 = CARTESIAN_POINT('',(3.844623183395,4.820685020157));
#866 = CARTESIAN_POINT('',(3.887466096966,4.82025368628));
#867 = CARTESIAN_POINT('',(3.928297383945,4.819803791354));
#868 = CARTESIAN_POINT('',(3.966954439733,4.819335637398));
#869 = CARTESIAN_POINT('',(4.003269235495,4.818849633291));
#870 = CARTESIAN_POINT('',(4.037067719717,4.818346337183));
#871 = CARTESIAN_POINT('',(4.068171900053,4.81782648337));
#872 = CARTESIAN_POINT('',(4.096406079142,4.817290927821));
#873 = CARTESIAN_POINT('',(4.121595637945,4.816740709522));
#874 = CARTESIAN_POINT('',(4.143562981774,4.816177291134));
#875 = CARTESIAN_POINT('',(4.162148626559,4.815602242291));
#876 = CARTESIAN_POINT('',(4.177209661874,4.815017320706));
#877 = CARTESIAN_POINT('',(4.188624279524,4.814424453318));
#878 = CARTESIAN_POINT('',(4.196295271187,4.813825751271));
#879 = CARTESIAN_POINT('',(4.20015410738,4.813223487987));
#880 = CARTESIAN_POINT('',(4.200166245123,4.812620189481));
#881 = CARTESIAN_POINT('',(4.196332795139,4.812018078255));
#882 = CARTESIAN_POINT('',(4.188687813038,4.811419543739));
#883 = CARTESIAN_POINT('',(4.177298097743,4.810826831926));
#884 = CARTESIAN_POINT('',(4.162259915849,4.810242067281));
#885 = CARTESIAN_POINT('',(4.143697085875,4.809667261345));
#886 = CARTESIAN_POINT('',(4.121756260519,4.809104241206));
#887 = CARTESIAN_POINT('',(4.09659581989,4.808554492214));
#888 = CARTESIAN_POINT('',(4.068385516034,4.808019326817));
#889 = CARTESIAN_POINT('',(4.037300715189,4.807499835092));
#890 = CARTESIAN_POINT('',(4.003519605128,4.8069969203));
#891 = CARTESIAN_POINT('',(3.967220091212,4.806511310467));
#892 = CARTESIAN_POINT('',(3.92857715846,4.806043574123));
#893 = CARTESIAN_POINT('',(3.887760866758,4.805594136649));
#894 = CARTESIAN_POINT('',(3.844933533447,4.805163283347));
#895 = CARTESIAN_POINT('',(3.800245405425,4.804751157278));
#896 = CARTESIAN_POINT('',(3.753840220371,4.804357840887));
#897 = CARTESIAN_POINT('',(3.705853817567,4.803983353001));
#898 = CARTESIAN_POINT('',(3.656413826846,4.803627658336));
#899 = CARTESIAN_POINT('',(3.605639428434,4.803290675578));
#900 = CARTESIAN_POINT('',(3.553639751177,4.802972278629));
#901 = CARTESIAN_POINT('',(3.500519400654,4.802672337379));
#902 = CARTESIAN_POINT('',(3.446374251161,4.802390691594));
#903 = CARTESIAN_POINT('',(3.391294203059,4.802127177473));
#904 = CARTESIAN_POINT('',(3.335363673094,4.801881627976));
#905 = CARTESIAN_POINT('',(3.278659748101,4.801653865839));
#906 = CARTESIAN_POINT('',(3.221264014225,4.801443751554));
#907 = CARTESIAN_POINT('',(3.163240762871,4.801251100335));
#908 = CARTESIAN_POINT('',(3.104653185491,4.801075750504));
#909 = CARTESIAN_POINT('',(3.045561806079,4.800917554249));
#910 = CARTESIAN_POINT('',(2.986025030106,4.800776378479));
#911 = CARTESIAN_POINT('',(2.92609911498,4.800652103402));
#912 = CARTESIAN_POINT('',(2.865838283002,4.800544622135));
#913 = CARTESIAN_POINT('',(2.805294787906,4.800453840467));
#914 = CARTESIAN_POINT('',(2.744518969597,4.800379676998));
#915 = CARTESIAN_POINT('',(2.683559347598,4.800322063611));
#916 = CARTESIAN_POINT('',(2.622462516507,4.800280946263));
#917 = CARTESIAN_POINT('',(2.561273739774,4.800256286175));
#918 = CARTESIAN_POINT('',(2.500034893233,4.800248061127));
#919 = CARTESIAN_POINT('',(2.438792256383,4.800256267909));
#920 = CARTESIAN_POINT('',(2.377597805673,4.800280913162));
#921 = CARTESIAN_POINT('',(2.316494234471,4.800322019611));
#922 = CARTESIAN_POINT('',(2.255528230255,4.800379625429));
#923 = CARTESIAN_POINT('',(2.194747025292,4.800453783325));
#924 = CARTESIAN_POINT('',(2.1341993755,4.800544560135));
#925 = CARTESIAN_POINT('',(2.073935389797,4.800652036615));
#926 = CARTESIAN_POINT('',(2.014006566232,4.800776307892));
#927 = CARTESIAN_POINT('',(1.954466187412,4.800917482986));
#928 = CARTESIAN_POINT('',(1.895368108898,4.801075689347));
#929 = CARTESIAN_POINT('',(1.836772278787,4.801251058429));
#930 = CARTESIAN_POINT('',(1.778740884166,4.801443733827));
#931 = CARTESIAN_POINT('',(1.721339119782,4.80165386992));
#932 = CARTESIAN_POINT('',(1.664636109569,4.801881629092));
#933 = CARTESIAN_POINT('',(1.608705783005,4.802127177514));
#934 = CARTESIAN_POINT('',(1.553626123796,4.802390689746));
#935 = CARTESIAN_POINT('',(1.499481279726,4.802672333749));
#936 = CARTESIAN_POINT('',(1.446361264134,4.802972272748));
#937 = CARTESIAN_POINT('',(1.394361842215,4.803290667513));
#938 = CARTESIAN_POINT('',(1.343587729727,4.803627647654));
#939 = CARTESIAN_POINT('',(1.29414802268,4.803983339287));
#940 = CARTESIAN_POINT('',(1.246161858792,4.804357824029));
#941 = CARTESIAN_POINT('',(1.199756838467,4.804751137523));
#942 = CARTESIAN_POINT('',(1.155068968172,4.805163259329));
#943 = CARTESIAN_POINT('',(1.112241539596,4.805594111338));
#944 = CARTESIAN_POINT('',(1.071426743277,4.806043530698));
#945 = CARTESIAN_POINT('',(1.032787102561,4.806511220614));
#946 = CARTESIAN_POINT('',(0.99649071408,4.806996775906));
#947 = CARTESIAN_POINT('',(0.962711551911,4.807499644009));
#948 = CARTESIAN_POINT('',(0.931627817068,4.808019090937));
#949 = CARTESIAN_POINT('',(0.903414323415,4.808554281218));
#950 = CARTESIAN_POINT('',(0.878246356085,4.80910417056));
#951 = CARTESIAN_POINT('',(0.856301702559,4.809667293691));
#952 = CARTESIAN_POINT('',(0.837739687951,4.810242083851));
#953 = CARTESIAN_POINT('',(0.822702991503,4.810826787398));
#954 = CARTESIAN_POINT('',(0.811313162965,4.811419482502));
#955 = CARTESIAN_POINT('',(0.803667174976,4.812018063707));
#956 = CARTESIAN_POINT('',(0.799833422661,4.812620259345));
#957 = CARTESIAN_POINT('',(0.799846189437,4.813223552089));
#958 = CARTESIAN_POINT('',(0.803704921271,4.813825761238));
#959 = CARTESIAN_POINT('',(0.81137526227,4.814424420795));
#960 = CARTESIAN_POINT('',(0.822789372663,4.81501727824));
#961 = CARTESIAN_POINT('',(0.837850822115,4.815602225515));
#962 = CARTESIAN_POINT('',(0.856437602169,4.816177311191));
#963 = CARTESIAN_POINT('',(0.878406473989,4.816740756929));
#964 = CARTESIAN_POINT('',(0.903591494266,4.817290874157));
#965 = CARTESIAN_POINT('',(0.931823869017,4.817826409144));
#966 = CARTESIAN_POINT('',(0.962929736766,4.818346298644));
#967 = CARTESIAN_POINT('',(0.996729436843,4.818849615271));
#968 = CARTESIAN_POINT('',(1.033046189407,4.819335644894));
#969 = CARTESIAN_POINT('',(1.071698423738,4.819803740527));
#970 = CARTESIAN_POINT('',(1.112522756178,4.820253567016));
#971 = CARTESIAN_POINT('',(1.155360418779,4.820684861524));
#972 = CARTESIAN_POINT('',(1.20005949666,4.821097451605));
#973 = CARTESIAN_POINT('',(1.246475294788,4.821491239232));
#974 = CARTESIAN_POINT('',(1.294471041862,4.82186619373));
#975 = CARTESIAN_POINT('',(1.343918788618,4.822222344822));
#976 = CARTESIAN_POINT('',(1.394698863545,4.822559768078));
#977 = CARTESIAN_POINT('',(1.44670457677,4.822878602361));
#978 = CARTESIAN_POINT('',(1.499827046099,4.823178948593));
#979 = CARTESIAN_POINT('',(1.553954024891,4.823460886336));
#980 = CARTESIAN_POINT('',(1.609009620123,4.82372466726));
#981 = CARTESIAN_POINT('',(1.664913389354,4.823970477184));
#982 = CARTESIAN_POINT('',(1.721590540694,4.824198500201));
#983 = CARTESIAN_POINT('',(1.778968969798,4.824408904108));
#984 = CARTESIAN_POINT('',(1.836979858774,4.824601846298));
#985 = CARTESIAN_POINT('',(1.895557351921,4.824777473589));
#986 = CARTESIAN_POINT('',(1.954638506435,4.824935923136));
#987 = CARTESIAN_POINT('',(2.014163193443,4.825077322526));
#988 = CARTESIAN_POINT('',(2.074074032535,4.825201789614));
#989 = CARTESIAN_POINT('',(2.134316334503,4.825309431976));
#990 = CARTESIAN_POINT('',(2.194838053064,4.825400346056));
#991 = CARTESIAN_POINT('',(2.255589750504,4.825474615952));
#992 = CARTESIAN_POINT('',(2.316524539484,4.825532312175));
#993 = CARTESIAN_POINT('',(2.37759812989,4.825573489244));
#994 = CARTESIAN_POINT('',(2.438768485684,4.825598186468));
#995 = CARTESIAN_POINT('',(2.479587445805,4.825603672704));
#996 = CARTESIAN_POINT('',(2.5,4.825603674475));
#997 = ( GEOMETRIC_REPRESENTATION_CONTEXT(2) 
PARAMETRIC_REPRESENTATION_CONTEXT() REPRESENTATION_CONTEXT('2D SPACE',''
  ) );
#998 = PCURVE('',#999,#1004);
#999 = CYLINDRICAL_SURFACE('',#1000,1.7);
#1000 = AXIS2_PLACEMENT_3D('',#1001,#1002,#1003);
#1001 = CARTESIAN_POINT('',(47.368616716893,13.676851985826,2.5));
#1002 = DIRECTION('',(-0.999425171273,-3.390172600055E-02,0.));
#1003 = DIRECTION('',(-3.390172600055E-02,0.999425171273,0.));
#1004 = DEFINITIONAL_REPRESENTATION('',(#1005),#1163);
#1005 = B_SPLINE_CURVE_WITH_KNOTS('',3,(#1006,#1007,#1008,#1009,#1010,
    #1011,#1012,#1013,#1014,#1015,#1016,#1017,#1018,#1019,#1020,#1021,
    #1022,#1023,#1024,#1025,#1026,#1027,#1028,#1029,#1030,#1031,#1032,
    #1033,#1034,#1035,#1036,#1037,#1038,#1039,#1040,#1041,#1042,#1043,
    #1044,#1045,#1046,#1047,#1048,#1049,#1050,#1051,#1052,#1053,#1054,
    #1055,#1056,#1057,#1058,#1059,#1060,#1061,#1062,#1063,#1064,#1065,
    #1066,#1067,#1068,#1069,#1070,#1071,#1072,#1073,#1074,#1075,#1076,
    #1077,#1078,#1079,#1080,#1081,#1082,#1083,#1084,#1085,#1086,#1087,
    #1088,#1089,#1090,#1091,#1092,#1093,#1094,#1095,#1096,#1097,#1098,
    #1099,#1100,#1101,#1102,#1103,#1104,#1105,#1106,#1107,#1108,#1109,
    #1110,#1111,#1112,#1113,#1114,#1115,#1116,#1117,#1118,#1119,#1120,
    #1121,#1122,#1123,#1124,#1125,#1126,#1127,#1128,#1129,#1130,#1131,
    #1132,#1133,#1134,#1135,#1136,#1137,#1138,#1139,#1140,#1141,#1142,
    #1143,#1144,#1145,#1146,#1147,#1148,#1149,#1150,#1151,#1152,#1153,
    #1154,#1155,#1156,#1157,#1158,#1159,#1160,#1161,#1162),
  .UNSPECIFIED.,.F.,.F.,(4,1,1,1,1,1,1,1,1,1,1,1,1,1,1,1,1,1,1,1,1,1,1,1
    ,1,1,1,1,1,1,1,1,1,1,1,1,1,1,1,1,1,1,1,1,1,1,1,1,1,1,1,1,1,1,1,1,1,1
    ,1,1,1,1,1,1,1,1,1,1,1,1,1,1,1,1,1,1,1,1,1,1,1,1,1,1,1,1,1,1,1,1,1,1
    ,1,1,1,1,1,1,1,1,1,1,1,1,1,1,1,1,1,1,1,1,1,1,1,1,1,1,1,1,1,1,1,1,1,1
    ,1,1,1,1,1,1,1,1,1,1,1,1,1,1,1,1,1,1,1,1,1,1,1,1,1,1,1,1,4),(0.,
    7.345040864388E-03,1.469008172878E-02,2.203512259316E-02,
    2.938016345755E-02,3.672520432194E-02,4.407024518633E-02,
    5.141528605072E-02,5.876032691511E-02,6.610536777949E-02,
    7.345040864388E-02,8.079544950827E-02,8.814049037266E-02,
    9.548553123705E-02,0.102830572101,0.110175612966,0.11752065383,
    0.124865694695,0.132210735559,0.139555776423,0.146900817288,
    0.154245858152,0.161590899017,0.168935939881,0.176280980745,
    0.18362602161,0.190971062474,0.198316103338,0.205661144203,
    0.213006185067,0.220351225932,0.227696266796,0.23504130766,
    0.242386348525,0.249731389389,0.257076430254,0.264421471118,
    0.271766511982,0.279111552847,0.286456593711,0.293801634576,
    0.30114667544,0.308491716304,0.315836757169,0.323181798033,
    0.330526838897,0.337871879762,0.345216920626,0.352561961491,
    0.359907002355,0.367252043219,0.374597084084,0.381942124948,
    0.389287165813,0.396632206677,0.403977247541,0.411322288406,
    0.41866732927,0.426012370135,0.433357410999,0.440702451863,
    0.448047492728,0.455392533592,0.462737574456,0.470082615321,
    0.477427656185,0.48477269705,0.492117737914,0.499462778778,
    0.506807819643,0.514152860507,0.521497901372,0.528842942236,
    0.5361879831,0.543533023965,0.550878064829,0.558223105693,
    0.565568146558,0.572913187422,0.580258228287,0.587603269151,
    0.594948310015,0.60229335088,0.609638391744,0.616983432609,
    0.624328473473,0.631673514337,0.639018555202,0.646363596066,
    0.653708636931,0.661053677795,0.668398718659,0.675743759524,
    0.683088800388,0.690433841252,0.697778882117,0.705123922981,
    0.712468963846,0.71981400471,0.727159045574,0.734504086439,
    0.741849127303,0.749194168168,0.756539209032,0.763884249896,
    0.771229290761,0.778574331625,0.78591937249,0.793264413354,
    0.800609454218,0.807954495083,0.815299535947,0.822644576811,
    0.829989617676,0.83733465854,0.844679699405,0.852024740269,
    0.859369781133,0.866714821998,0.874059862862,0.881404903727,
    0.888749944591,0.896094985455,0.90344002632,0.910785067184,
    0.918130108049,0.925475148913,0.932820189777,0.940165230642,
    0.947510271506,0.95485531237,0.962200353235,0.969545394099,
    0.976890434964,0.984235475828,0.991580516692,0.998925557557,
    1.006270598421,1.013615639286,1.02096068015,1.028305721014,
    1.035650761879,1.042995802743,1.050340843608,1.057685884472,
    1.065030925336,1.072375966201,1.079721007065,1.087066047929,
    1.094411088794,1.101756129658,1.109101170523,1.116446211387,
    1.123791252251,1.131136293116),.QUASI_UNIFORM_KNOTS.);
#1006 = CARTESIAN_POINT('',(6.28318530718,4.603674785576));
#1007 = CARTESIAN_POINT('',(6.271177552816,4.603674787567));
#1008 = CARTESIAN_POINT('',(6.247166221872,4.603671613873));
#1009 = CARTESIAN_POINT('',(6.211137717458,4.603657368701));
#1010 = CARTESIAN_POINT('',(6.175073209543,4.603633677454));
#1011 = CARTESIAN_POINT('',(6.138949792173,4.603600613117));
#1012 = CARTESIAN_POINT('',(6.102745349438,4.603558273734));
#1013 = CARTESIAN_POINT('',(6.06643852788,4.603506787332));
#1014 = CARTESIAN_POINT('',(6.030008511411,4.603446312938));
#1015 = CARTESIAN_POINT('',(5.993434856772,4.60337704256));
#1016 = CARTESIAN_POINT('',(5.956697317701,4.603299202836));
#1017 = CARTESIAN_POINT('',(5.919775673476,4.603213056696));
#1018 = CARTESIAN_POINT('',(5.882649552838,4.603118904934));
#1019 = CARTESIAN_POINT('',(5.845298250982,4.603017087741));
#1020 = CARTESIAN_POINT('',(5.807700530934,4.602907986151));
#1021 = CARTESIAN_POINT('',(5.769834415438,4.602792023473));
#1022 = CARTESIAN_POINT('',(5.731676918904,4.602669666526));
#1023 = CARTESIAN_POINT('',(5.693203877268,4.602541427298));
#1024 = CARTESIAN_POINT('',(5.654389254501,4.602407862754));
#1025 = CARTESIAN_POINT('',(5.615206210979,4.60226958125));
#1026 = CARTESIAN_POINT('',(5.5756213715,4.602127224015));
#1027 = CARTESIAN_POINT('',(5.535631933473,4.601981604624));
#1028 = CARTESIAN_POINT('',(5.495213912219,4.601833524099));
#1029 = CARTESIAN_POINT('',(5.45434762839,4.601683864644));
#1030 = CARTESIAN_POINT('',(5.413014607859,4.601533576899));
#1031 = CARTESIAN_POINT('',(5.371198375218,4.601383681622));
#1032 = CARTESIAN_POINT('',(5.328883764405,4.601235265541));
#1033 = CARTESIAN_POINT('',(5.286058522242,4.601089486106));
#1034 = CARTESIAN_POINT('',(5.242717291105,4.600947570663));
#1035 = CARTESIAN_POINT('',(5.198857777143,4.600810798971));
#1036 = CARTESIAN_POINT('',(5.154483718113,4.600680495506));
#1037 = CARTESIAN_POINT('',(5.109606223123,4.600558012809));
#1038 = CARTESIAN_POINT('',(5.064238495303,4.60044469926));
#1039 = CARTESIAN_POINT('',(5.018400807741,4.600341886814));
#1040 = CARTESIAN_POINT('',(4.97213960905,4.600250897411));
#1041 = CARTESIAN_POINT('',(4.925500792834,4.600172940508));
#1042 = CARTESIAN_POINT('',(4.878537247981,4.600109099795));
#1043 = CARTESIAN_POINT('',(4.831308039055,4.600060298172));
#1044 = CARTESIAN_POINT('',(4.783880685544,4.600027268178));
#1045 = CARTESIAN_POINT('',(4.736330779876,4.600010522468));
#1046 = CARTESIAN_POINT('',(4.688750812681,4.600010318821));
#1047 = CARTESIAN_POINT('',(4.64120837395,4.600026650991));
#1048 = CARTESIAN_POINT('',(4.593785304606,4.600059259683));
#1049 = CARTESIAN_POINT('',(4.546555131429,4.600107636027));
#1050 = CARTESIAN_POINT('',(4.499586540333,4.600171049379));
#1051 = CARTESIAN_POINT('',(4.452945623152,4.60024856659));
#1052 = CARTESIAN_POINT('',(4.406691409076,4.600339084962));
#1053 = CARTESIAN_POINT('',(4.360863618166,4.600441400963));
#1054 = CARTESIAN_POINT('',(4.315496426878,4.60055422382));
#1055 = CARTESIAN_POINT('',(4.270614400471,4.600676216938));
#1056 = CARTESIAN_POINT('',(4.226235080089,4.600806023314));
#1057 = CARTESIAN_POINT('',(4.182369439287,4.600942290651));
#1058 = CARTESIAN_POINT('',(4.13902251441,4.601083692431));
#1059 = CARTESIAN_POINT('',(4.096194033459,4.601228944167));
#1060 = CARTESIAN_POINT('',(4.053877734101,4.601376821737));
#1061 = CARTESIAN_POINT('',(4.012059643419,4.60152617677));
#1062 = CARTESIAN_POINT('',(3.970724947971,4.601675923549));
#1063 = CARTESIAN_POINT('',(3.929857002168,4.601825044808));
#1064 = CARTESIAN_POINT('',(3.889437471096,4.601972592365));
#1065 = CARTESIAN_POINT('',(3.849446378829,4.602117687916));
#1066 = CARTESIAN_POINT('',(3.809861155332,4.60225952836));
#1067 = CARTESIAN_POINT('',(3.770660851481,4.602397366358));
#1068 = CARTESIAN_POINT('',(3.731822594543,4.602530523657));
#1069 = CARTESIAN_POINT('',(3.69332381524,4.602658376815));
#1070 = CARTESIAN_POINT('',(3.655142149805,4.60278035672));
#1071 = CARTESIAN_POINT('',(3.617253924986,4.602895953021));
#1072 = CARTESIAN_POINT('',(3.579641808766,4.60300468543));
#1073 = CARTESIAN_POINT('',(3.542280121847,4.603106145935));
#1074 = CARTESIAN_POINT('',(3.505145488116,4.603199962524));
#1075 = CARTESIAN_POINT('',(3.468215401243,4.603285801758));
#1076 = CARTESIAN_POINT('',(3.431468287695,4.60336336679));
#1077 = CARTESIAN_POINT('',(3.394883202242,4.603432396561));
#1078 = CARTESIAN_POINT('',(3.358439648877,4.603492664654));
#1079 = CARTESIAN_POINT('',(3.322117391229,4.603543978206));
#1080 = CARTESIAN_POINT('',(3.28589627282,4.603586176773));
#1081 = CARTESIAN_POINT('',(3.249756069967,4.603619131167));
#1082 = CARTESIAN_POINT('',(3.213676233189,4.603642742288));
#1083 = CARTESIAN_POINT('',(3.177636038318,4.603656939879));
#1084 = CARTESIAN_POINT('',(3.141613174515,4.603661681404));
#1085 = CARTESIAN_POINT('',(3.105588108155,4.603656950368));
#1086 = CARTESIAN_POINT('',(3.069544646097,4.603642761255));
#1087 = CARTESIAN_POINT('',(3.033460940156,4.603619156346));
#1088 = CARTESIAN_POINT('',(2.997317090083,4.603586206214));
#1089 = CARTESIAN_POINT('',(2.961092917093,4.603544010681));
#1090 = CARTESIAN_POINT('',(2.924768339975,4.603492699621));
#1091 = CARTESIAN_POINT('',(2.888323071168,4.603432433837));
#1092 = CARTESIAN_POINT('',(2.851736418938,4.603363405716));
#1093 = CARTESIAN_POINT('',(2.814987303751,4.603285840582));
#1094 = CARTESIAN_POINT('',(2.778053240769,4.603199995411));
#1095 = CARTESIAN_POINT('',(2.740913538169,4.603106168344));
#1096 = CARTESIAN_POINT('',(2.703546700951,4.603004694599));
#1097 = CARTESIAN_POINT('',(2.665930642675,4.602895950866));
#1098 = CARTESIAN_POINT('',(2.628043003076,4.602780356166));
#1099 = CARTESIAN_POINT('',(2.58986148299,4.602658376795));
#1100 = CARTESIAN_POINT('',(2.551362977117,4.602530524574));
#1101 = CARTESIAN_POINT('',(2.512524947833,4.602397368062));
#1102 = CARTESIAN_POINT('',(2.473324908151,4.602259531018));
#1103 = CARTESIAN_POINT('',(2.433739909984,4.602117691437));
#1104 = CARTESIAN_POINT('',(2.393749080605,4.601972596917));
#1105 = CARTESIAN_POINT('',(2.353329835608,4.60182505042));
#1106 = CARTESIAN_POINT('',(2.312462166224,4.601675930114));
#1107 = CARTESIAN_POINT('',(2.271127706313,4.601526184098));
#1108 = CARTESIAN_POINT('',(2.229309972322,4.601376830274));
#1109 = CARTESIAN_POINT('',(2.186993721964,4.601228952543));
#1110 = CARTESIAN_POINT('',(2.144166916584,4.601083706575));
#1111 = CARTESIAN_POINT('',(2.100824123339,4.600942317134));
#1112 = CARTESIAN_POINT('',(2.05696313595,4.600806062338));
#1113 = CARTESIAN_POINT('',(2.012587620101,4.600676264723));
#1114 = CARTESIAN_POINT('',(1.967709073354,4.600554276548));
#1115 = CARTESIAN_POINT('',(1.922339369643,4.600441442161));
#1116 = CARTESIAN_POINT('',(1.87649967622,4.600339095966));
#1117 = CARTESIAN_POINT('',(1.830237036167,4.600248561288));
#1118 = CARTESIAN_POINT('',(1.783597440163,4.600171048066));
#1119 = CARTESIAN_POINT('',(1.736633745762,4.600107640789));
#1120 = CARTESIAN_POINT('',(1.68940486537,4.600059263576));
#1121 = CARTESIAN_POINT('',(1.641978076284,4.600026650756));
#1122 = CARTESIAN_POINT('',(1.594428982163,4.60001031746));
#1123 = CARTESIAN_POINT('',(1.546849470377,4.600010523789));
#1124 = CARTESIAN_POINT('',(1.499303829548,4.600027269252));
#1125 = CARTESIAN_POINT('',(1.451879846164,4.600060296189));
#1126 = CARTESIAN_POINT('',(1.404651455084,4.600109095521));
#1127 = CARTESIAN_POINT('',(1.357685874638,4.600172938151));
#1128 = CARTESIAN_POINT('',(1.31104408295,4.600250900064));
#1129 = CARTESIAN_POINT('',(1.264780561672,4.60034189547));
#1130 = CARTESIAN_POINT('',(1.21895127529,4.600444689173));
#1131 = CARTESIAN_POINT('',(1.173585440663,4.600557996076));
#1132 = CARTESIAN_POINT('',(1.128704974517,4.600680485415));
#1133 = CARTESIAN_POINT('',(1.084329151499,4.600810794145));
#1134 = CARTESIAN_POINT('',(1.040467319035,4.600947573026));
#1135 = CARTESIAN_POINT('',(0.997131488267,4.601089470557));
#1136 = CARTESIAN_POINT('',(0.954313001145,4.60123522626));
#1137 = CARTESIAN_POINT('',(0.912002720047,4.601383625135));
#1138 = CARTESIAN_POINT('',(0.87018887367,4.601533511104));
#1139 = CARTESIAN_POINT('',(0.828857728044,4.601683791778));
#1140 = CARTESIAN_POINT('',(0.787993494878,4.601833443248));
#1141 = CARTESIAN_POINT('',(0.747578104791,4.601981513795));
#1142 = CARTESIAN_POINT('',(0.707591947427,4.60212712224));
#1143 = CARTESIAN_POINT('',(0.668010576881,4.60226946916));
#1144 = CARTESIAN_POINT('',(0.628816328125,4.602407792361));
#1145 = CARTESIAN_POINT('',(0.58999776444,4.602541372017));
#1146 = CARTESIAN_POINT('',(0.551521561941,4.60266962348));
#1147 = CARTESIAN_POINT('',(0.513362610405,4.602791986707));
#1148 = CARTESIAN_POINT('',(0.475495829983,4.602907953156));
#1149 = CARTESIAN_POINT('',(0.437897940599,4.60301705709));
#1150 = CARTESIAN_POINT('',(0.400546617926,4.603118876346));
#1151 = CARTESIAN_POINT('',(0.363420394199,4.603213030508));
#1152 = CARTESIAN_POINT('',(0.326498395473,4.603299179699));
#1153 = CARTESIAN_POINT('',(0.289760150531,4.603377023145));
#1154 = CARTESIAN_POINT('',(0.253185400917,4.60344629772));
#1155 = CARTESIAN_POINT('',(0.216753923794,4.60350677644));
#1156 = CARTESIAN_POINT('',(0.180445359559,4.60355826688));
#1157 = CARTESIAN_POINT('',(0.144239036758,4.603600609604));
#1158 = CARTESIAN_POINT('',(0.108113808284,4.603633676267));
#1159 = CARTESIAN_POINT('',(7.204783072441E-02,4.603657368703));
#1160 = CARTESIAN_POINT('',(3.601853018489E-02,4.60367161404));
#1161 = CARTESIAN_POINT('',(1.20074025139E-02,4.603674787606));
#1162 = CARTESIAN_POINT('',(-8.881784197001E-16,4.603674785576));
#1163 = ( GEOMETRIC_REPRESENTATION_CONTEXT(2) 
PARAMETRIC_REPRESENTATION_CONTEXT() REPRESENTATION_CONTEXT('2D SPACE',''
  ) );
#1164 = FACE_BOUND('',#1165,.T.);
#1165 = EDGE_LOOP('',(#1166));
#1166 = ORIENTED_EDGE('',*,*,#1167,.T.);
#1167 = EDGE_CURVE('',#1168,#1168,#1170,.T.);
#1168 = VERTEX_POINT('',#1169);
#1169 = CARTESIAN_POINT('',(19.566280222894,117.76913318603,2.5));
#1170 = SURFACE_CURVE('',#1171,(#1288,#1449),.PCURVE_S1.);
#1171 = B_SPLINE_CURVE_WITH_KNOTS('',7,(#1172,#1173,#1174,#1175,#1176,
    #1177,#1178,#1179,#1180,#1181,#1182,#1183,#1184,#1185,#1186,#1187,
    #1188,#1189,#1190,#1191,#1192,#1193,#1194,#1195,#1196,#1197,#1198,
    #1199,#1200,#1201,#1202,#1203,#1204,#1205,#1206,#1207,#1208,#1209,
    #1210,#1211,#1212,#1213,#1214,#1215,#1216,#1217,#1218,#1219,#1220,
    #1221,#1222,#1223,#1224,#1225,#1226,#1227,#1228,#1229,#1230,#1231,
    #1232,#1233,#1234,#1235,#1236,#1237,#1238,#1239,#1240,#1241,#1242,
    #1243,#1244,#1245,#1246,#1247,#1248,#1249,#1250,#1251,#1252,#1253,
    #1254,#1255,#1256,#1257,#1258,#1259,#1260,#1261,#1262,#1263,#1264,
    #1265,#1266,#1267,#1268,#1269,#1270,#1271,#1272,#1273,#1274,#1275,
    #1276,#1277,#1278,#1279,#1280,#1281,#1282,#1283,#1284,#1285,#1286,
    #1287),.UNSPECIFIED.,.T.,.F.,(8,6,6,6,6,6,6,6,6,6,6,6,6,6,6,6,6,6,6,
    8),(0.,0.160017971175,0.217106110308,0.261688709294,0.333385509407,
    0.404430088535,0.449203461081,0.506378812812,0.549587172587,
    0.581892073586,0.666622123562,0.783122901781,0.826273247468,
    0.883275055502,0.927667312053,1.,1.072490662877,1.116826495616,
    1.173803590504,1.333364751773),.UNSPECIFIED.);
#1172 = CARTESIAN_POINT('',(19.566280222894,117.76913318603,2.5));
#1173 = CARTESIAN_POINT('',(19.566280222894,117.76913318603,
    2.661697061965));
#1174 = CARTESIAN_POINT('',(19.575722689032,117.75387050947,
    2.823204778874));
#1175 = CARTESIAN_POINT('',(19.594571137824,117.72340371912,
    2.98347006361));
#1176 = CARTESIAN_POINT('',(19.623007743527,117.67738375382,
    3.141100204867));
#1177 = CARTESIAN_POINT('',(19.661277208305,117.61530061863,
    3.294303071181));
#1178 = CARTESIAN_POINT('',(19.709590277003,117.53663479829,
    3.44094370085));
#1179 = CARTESIAN_POINT('',(19.78931111689,117.40616087609,
    3.627278094729));
#1180 = CARTESIAN_POINT('',(19.81159077932,117.36964561999,
    3.675061462638));
#1181 = CARTESIAN_POINT('',(19.835197016167,117.33089601267,
    3.721495386837));
#1182 = CARTESIAN_POINT('',(19.860134130647,117.28989193604,
    3.766421350003));
#1183 = CARTESIAN_POINT('',(19.886398810186,117.24662460363,
    3.809660841813));
#1184 = CARTESIAN_POINT('',(19.913977746346,117.20110074487,
    3.851017775568));
#1185 = CARTESIAN_POINT('',(19.965389141639,117.11605365824,
    3.920943181985));
#1186 = CARTESIAN_POINT('',(19.988717597043,117.07740259861,
    3.950326683427));
#1187 = CARTESIAN_POINT('',(20.012816916897,117.03740872073,
    3.978329749046));
#1188 = CARTESIAN_POINT('',(20.037666522373,116.99609822142,
    4.004842282222));
#1189 = CARTESIAN_POINT('',(20.063237539948,116.95351108544,
    4.029749097727));
#1190 = CARTESIAN_POINT('',(20.089491381455,116.90970378704,
    4.052933269644));
#1191 = CARTESIAN_POINT('',(20.159617341144,116.79246145728,
    4.108608005699));
#1192 = CARTESIAN_POINT('',(20.204513480191,116.71717794191,
    4.138199232041));
#1193 = CARTESIAN_POINT('',(20.250828649921,116.63926833055,
    4.162539637722));
#1194 = CARTESIAN_POINT('',(20.298265274923,116.55920413034,
    4.181174526881));
#1195 = CARTESIAN_POINT('',(20.346463823259,116.47757066806,
    4.193737746672));
#1196 = CARTESIAN_POINT('',(20.395001035341,116.39507484344,
    4.200009177068));
#1197 = CARTESIAN_POINT('',(20.491336492214,116.23077874319,
    4.199990890815));
#1198 = CARTESIAN_POINT('',(20.539182988268,116.14890128802,
    4.193814954783));
#1199 = CARTESIAN_POINT('',(20.586459581002,116.0677197808,
    4.181463771024));
#1200 = CARTESIAN_POINT('',(20.632770192041,115.98792748546,
    4.163147242124));
#1201 = CARTESIAN_POINT('',(20.677787415533,115.91011218405,
    4.139216950792));
#1202 = CARTESIAN_POINT('',(20.721247829719,115.8347594194,
    4.110114286809));
#1203 = CARTESIAN_POINT('',(20.78922584786,115.71656490436,
    4.055060370682));
#1204 = CARTESIAN_POINT('',(20.814814543407,115.67198897268,
    4.031915723608));
#1205 = CARTESIAN_POINT('',(20.839669792336,115.62861175695,
    4.007026058092));
#1206 = CARTESIAN_POINT('',(20.863760191756,115.5864961969,
    3.980509868244));
#1207 = CARTESIAN_POINT('',(20.887064168215,115.54568826546,
    3.952484020724));
#1208 = CARTESIAN_POINT('',(20.909568285271,115.50621959588,
    3.923060296077));
#1209 = CARTESIAN_POINT('',(20.958972840741,115.41944450242,
    3.853114744784));
#1210 = CARTESIAN_POINT('',(20.985362343274,115.37299892259,
    3.811779357185));
#1211 = CARTESIAN_POINT('',(21.010422677464,115.3288094612,
    3.768548510486));
#1212 = CARTESIAN_POINT('',(21.034153723159,115.28689140725,
    3.723619747984));
#1213 = CARTESIAN_POINT('',(21.056564125967,115.24724345122,
    3.677172940111));
#1214 = CARTESIAN_POINT('',(21.077668801964,115.20985188931,
    3.629367811488));
#1215 = CARTESIAN_POINT('',(21.112462961349,115.1481260542,
    3.543291448605));
#1216 = CARTESIAN_POINT('',(21.126703652232,115.12283484536,
    3.50554581669));
#1217 = CARTESIAN_POINT('',(21.14021651019,115.09881189145,
    3.467164878787));
#1218 = CARTESIAN_POINT('',(21.153009596718,115.07604735152,
    3.428204574035));
#1219 = CARTESIAN_POINT('',(21.165091039672,115.0545308533,
    3.388716474148));
#1220 = CARTESIAN_POINT('',(21.176469033267,115.03425149322,
    3.348747783416));
#1221 = CARTESIAN_POINT('',(21.195138879331,115.0009522946,
    3.278131300588));
#1222 = CARTESIAN_POINT('',(21.202737182697,114.98739215605,
    3.247676905723));
#1223 = CARTESIAN_POINT('',(21.209950087447,114.97451284644,
    3.216996223564));
#1224 = CARTESIAN_POINT('',(21.216780759533,114.96230998923,
    3.186106445746));
#1225 = CARTESIAN_POINT('',(21.223232191587,114.95077940573,
    3.155023886091));
#1226 = CARTESIAN_POINT('',(21.229307202919,114.9399171151,
    3.123763980613));
#1227 = CARTESIAN_POINT('',(21.24996177624,114.90297235628,
    3.009925113037));
#1228 = CARTESIAN_POINT('',(21.262342511625,114.88079907286,
    2.926396361505));
#1229 = CARTESIAN_POINT('',(21.272200617551,114.86312735184,
    2.842008784726));
#1230 = CARTESIAN_POINT('',(21.279571305523,114.84990650939,
    2.756997206927));
#1231 = CARTESIAN_POINT('',(21.284478969874,114.84110089481,
    2.671580666884));
#1232 = CARTESIAN_POINT('',(21.286937317932,114.8366899816,
    2.585964483118));
#1233 = CARTESIAN_POINT('',(21.286957194561,114.83665431778,
    2.382612358375));
#1234 = CARTESIAN_POINT('',(21.282336894172,114.84494432775,
    2.264916951545));
#1235 = CARTESIAN_POINT('',(21.273090031476,114.86153563776,
    2.147725240382));
#1236 = CARTESIAN_POINT('',(21.259163020517,114.88650988975,
    2.031574999595));
#1237 = CARTESIAN_POINT('',(21.240470142432,114.9199919231,
    1.917072049393));
#1238 = CARTESIAN_POINT('',(21.216893513079,114.96214768284,
    1.804901586761));
#1239 = CARTESIAN_POINT('',(21.177649482539,115.03214725089,
    1.655459227458));
#1240 = CARTESIAN_POINT('',(21.166349890182,115.05228830898,
    1.615501463747));
#1241 = CARTESIAN_POINT('',(21.154349344048,115.07366237251,
    1.576019533461));
#1242 = CARTESIAN_POINT('',(21.141639694616,115.0962803043,
    1.537060217523));
#1243 = CARTESIAN_POINT('',(21.128212841494,115.12015246955,
    1.498674611664));
#1244 = CARTESIAN_POINT('',(21.114060733416,115.14528873586,
    1.46091812643));
#1245 = CARTESIAN_POINT('',(21.07951173138,115.20658585952,
    1.374883962726));
#1246 = CARTESIAN_POINT('',(21.058569881066,115.24369307637,
    1.327122677182));
#1247 = CARTESIAN_POINT('',(21.036331197041,115.28304205612,
    1.280701741953));
#1248 = CARTESIAN_POINT('',(21.012780687615,115.32464682376,
    1.235778462662));
#1249 = CARTESIAN_POINT('',(20.987909404915,115.36850942222,
    1.192529977846));
#1250 = CARTESIAN_POINT('',(20.961716860133,115.41461583761,
    1.151150897659));
#1251 = CARTESIAN_POINT('',(20.912794136826,115.50055985608,
    1.081244655719));
#1252 = CARTESIAN_POINT('',(20.890581003642,115.53952581785,
    1.051901186471));
#1253 = CARTESIAN_POINT('',(20.867580384269,115.57981123987,
    1.023920617248));
#1254 = CARTESIAN_POINT('',(20.84380475138,115.62138640134,0.99741135317
    ));
#1255 = CARTESIAN_POINT('',(20.819274314661,115.66420792699,
    0.972486884334));
#1256 = CARTESIAN_POINT('',(20.794018630227,115.70821628344,
    0.949262548092));
#1257 = CARTESIAN_POINT('',(20.725810921416,115.82684684666,
    0.892966445402));
#1258 = CARTESIAN_POINT('',(20.681704131511,115.90334131193,
    0.862878632096));
#1259 = CARTESIAN_POINT('',(20.635966072547,115.98242089756,
    0.838119598049));
#1260 = CARTESIAN_POINT('',(20.588868030728,116.06358438427,
    0.819158223799));
#1261 = CARTESIAN_POINT('',(20.540751330384,116.14621813714,
    0.806372394439));
#1262 = CARTESIAN_POINT('',(20.492033989094,116.22959005688,
    0.799989991947));
#1263 = CARTESIAN_POINT('',(20.394293482071,116.39628067556,
    0.800010048245));
#1264 = CARTESIAN_POINT('',(20.345222942291,116.47967890969,
    0.806440430131));
#1265 = CARTESIAN_POINT('',(20.296503800178,116.56218683108,
    0.819300210219));
#1266 = CARTESIAN_POINT('',(20.248570637637,116.64307883636,
    0.838361302233));
#1267 = CARTESIAN_POINT('',(20.201794324834,116.7217514204,
    0.863243775188));
#1268 = CARTESIAN_POINT('',(20.156482855654,116.79771686583,
    0.893473561447));
#1269 = CARTESIAN_POINT('',(20.086216899238,116.91516820651,
    0.949942699694));
#1270 = CARTESIAN_POINT('',(20.060181497913,116.95860243817,
    0.973179651153));
#1271 = CARTESIAN_POINT('',(20.034824764789,117.00082502335,
    0.998109891862));
#1272 = CARTESIAN_POINT('',(20.010183944608,117.0417816191,
    1.024618559608));
#1273 = CARTESIAN_POINT('',(19.986286871153,117.08143384009,
    1.052592673373));
#1274 = CARTESIAN_POINT('',(19.963153343757,117.11975664361,
    1.081924338369));
#1275 = CARTESIAN_POINT('',(19.912065165942,117.20425844937,
    1.151825432476));
#1276 = CARTESIAN_POINT('',(19.884618675206,117.2495584515,
    1.193211489607));
#1277 = CARTESIAN_POINT('',(19.858481919253,117.29261048882,
    1.236462874773));
#1278 = CARTESIAN_POINT('',(19.8336676693,117.33340859019,1.281385439567
    ));
#1279 = CARTESIAN_POINT('',(19.810178912077,117.37196194913,
    1.327802478225));
#1280 = CARTESIAN_POINT('',(19.788011181748,117.40829082752,
    1.375557070991));
#1281 = CARTESIAN_POINT('',(19.708748020764,117.53800618146,
    1.561616760828));
#1282 = CARTESIAN_POINT('',(19.660721517123,117.61620208151,
    1.707925649588));
#1283 = CARTESIAN_POINT('',(19.622677716711,117.67791784312,
    1.860733033137));
#1284 = CARTESIAN_POINT('',(19.594407031856,117.72366898471,
    2.01792712404));
#1285 = CARTESIAN_POINT('',(19.575667785701,117.75395925341,
    2.177734197028));
#1286 = CARTESIAN_POINT('',(19.566280222894,117.76913318603,
    2.338773800634));
#1287 = CARTESIAN_POINT('',(19.566280222894,117.76913318603,2.5));
#1288 = PCURVE('',#299,#1289);
#1289 = DEFINITIONAL_REPRESENTATION('',(#1290),#1448);
#1290 = B_SPLINE_CURVE_WITH_KNOTS('',3,(#1291,#1292,#1293,#1294,#1295,
    #1296,#1297,#1298,#1299,#1300,#1301,#1302,#1303,#1304,#1305,#1306,
    #1307,#1308,#1309,#1310,#1311,#1312,#1313,#1314,#1315,#1316,#1317,
    #1318,#1319,#1320,#1321,#1322,#1323,#1324,#1325,#1326,#1327,#1328,
    #1329,#1330,#1331,#1332,#1333,#1334,#1335,#1336,#1337,#1338,#1339,
    #1340,#1341,#1342,#1343,#1344,#1345,#1346,#1347,#1348,#1349,#1350,
    #1351,#1352,#1353,#1354,#1355,#1356,#1357,#1358,#1359,#1360,#1361,
    #1362,#1363,#1364,#1365,#1366,#1367,#1368,#1369,#1370,#1371,#1372,
    #1373,#1374,#1375,#1376,#1377,#1378,#1379,#1380,#1381,#1382,#1383,
    #1384,#1385,#1386,#1387,#1388,#1389,#1390,#1391,#1392,#1393,#1394,
    #1395,#1396,#1397,#1398,#1399,#1400,#1401,#1402,#1403,#1404,#1405,
    #1406,#1407,#1408,#1409,#1410,#1411,#1412,#1413,#1414,#1415,#1416,
    #1417,#1418,#1419,#1420,#1421,#1422,#1423,#1424,#1425,#1426,#1427,
    #1428,#1429,#1430,#1431,#1432,#1433,#1434,#1435,#1436,#1437,#1438,
    #1439,#1440,#1441,#1442,#1443,#1444,#1445,#1446,#1447),
  .UNSPECIFIED.,.T.,.F.,(4,1,1,1,1,1,1,1,1,1,1,1,1,1,1,1,1,1,1,1,1,1,1,1
    ,1,1,1,1,1,1,1,1,1,1,1,1,1,1,1,1,1,1,1,1,1,1,1,1,1,1,1,1,1,1,1,1,1,1
    ,1,1,1,1,1,1,1,1,1,1,1,1,1,1,1,1,1,1,1,1,1,1,1,1,1,1,1,1,1,1,1,1,1,1
    ,1,1,1,1,1,1,1,1,1,1,1,1,1,1,1,1,1,1,1,1,1,1,1,1,1,1,1,1,1,1,1,1,1,1
    ,1,1,1,1,1,1,1,1,1,1,1,1,1,1,1,1,1,1,1,1,1,1,1,1,1,1,1,1,4),(0.,
    8.658212673848E-03,1.73164253477E-02,2.597463802155E-02,
    3.463285069539E-02,4.329106336924E-02,5.194927604309E-02,
    6.060748871694E-02,6.926570139079E-02,7.792391406464E-02,
    8.658212673848E-02,9.524033941233E-02,0.103898552086,0.11255676476,
    0.121214977434,0.129873190108,0.138531402782,0.147189615455,
    0.155847828129,0.164506040803,0.173164253477,0.181822466151,
    0.190480678825,0.199138891499,0.207797104172,0.216455316846,
    0.22511352952,0.233771742194,0.242429954868,0.251088167542,
    0.259746380215,0.268404592889,0.277062805563,0.285721018237,
    0.294379230911,0.303037443585,0.311695656259,0.320353868932,
    0.329012081606,0.33767029428,0.346328506954,0.354986719628,
    0.363644932302,0.372303144975,0.380961357649,0.389619570323,
    0.398277782997,0.406935995671,0.415594208345,0.424252421019,
    0.432910633692,0.441568846366,0.45022705904,0.458885271714,
    0.467543484388,0.476201697062,0.484859909736,0.493518122409,
    0.502176335083,0.510834547757,0.519492760431,0.528150973105,
    0.536809185779,0.545467398452,0.554125611126,0.5627838238,
    0.571442036474,0.580100249148,0.588758461822,0.597416674496,
    0.606074887169,0.614733099843,0.623391312517,0.632049525191,
    0.640707737865,0.649365950539,0.658024163212,0.666682375886,
    0.67534058856,0.683998801234,0.692657013908,0.701315226582,
    0.709973439256,0.718631651929,0.727289864603,0.735948077277,
    0.744606289951,0.753264502625,0.761922715299,0.770580927973,
    0.779239140646,0.78789735332,0.796555565994,0.805213778668,
    0.813871991342,0.822530204016,0.831188416689,0.839846629363,
    0.848504842037,0.857163054711,0.865821267385,0.874479480059,
    0.883137692733,0.891795905406,0.90045411808,0.909112330754,
    0.917770543428,0.926428756102,0.935086968776,0.943745181449,
    0.952403394123,0.961061606797,0.969719819471,0.978378032145,
    0.987036244819,0.995694457493,1.004352670166,1.01301088284,
    1.021669095514,1.030327308188,1.038985520862,1.047643733536,
    1.05630194621,1.064960158883,1.073618371557,1.082276584231,
    1.090934796905,1.099593009579,1.108251222253,1.116909434926,
    1.1255676476,1.134225860274,1.142884072948,1.151542285622,
    1.160200498296,1.16885871097,1.177516923643,1.186175136317,
    1.194833348991,1.203491561665,1.212149774339,1.220807987013,
    1.229466199686,1.23812441236,1.246782625034,1.255440837708,
    1.264099050382,1.272757263056,1.28141547573,1.290073688403,
    1.298731901077,1.307390113751,1.316048326425,1.324706539099,
    1.333364751773),.QUASI_UNIFORM_KNOTS.);
#1291 = CARTESIAN_POINT('',(2.5,5.785294067627));
#1292 = CARTESIAN_POINT('',(2.520414273997,5.7852940646));
#1293 = CARTESIAN_POINT('',(2.561235856579,5.785284045153));
#1294 = CARTESIAN_POINT('',(2.622408307286,5.785238946823));
#1295 = CARTESIAN_POINT('',(2.683482807757,5.785163763603));
#1296 = CARTESIAN_POINT('',(2.74441783142,5.785058433375));
#1297 = CARTESIAN_POINT('',(2.805169501531,5.784922868825));
#1298 = CARTESIAN_POINT('',(2.865691235056,5.784756956574));
#1299 = CARTESIAN_POINT('',(2.925933794274,5.784560561764));
#1300 = CARTESIAN_POINT('',(2.985845229679,5.784333530647));
#1301 = CARTESIAN_POINT('',(3.045370848793,5.78407569313));
#1302 = CARTESIAN_POINT('',(3.104453170974,5.783786864677));
#1303 = CARTESIAN_POINT('',(3.163031875372,5.783466847672));
#1304 = CARTESIAN_POINT('',(3.221043735438,5.783115432154));
#1305 = CARTESIAN_POINT('',(3.278422541333,5.782732395861));
#1306 = CARTESIAN_POINT('',(3.3350989935,5.782317503696));
#1307 = CARTESIAN_POINT('',(3.39100061518,5.781870505915));
#1308 = CARTESIAN_POINT('',(3.446051491513,5.781391137452));
#1309 = CARTESIAN_POINT('',(3.500172539029,5.780879109159));
#1310 = CARTESIAN_POINT('',(3.553279664748,5.780334125213));
#1311 = CARTESIAN_POINT('',(3.605289656327,5.779755798599));
#1312 = CARTESIAN_POINT('',(3.656072974172,5.779144217983));
#1313 = CARTESIAN_POINT('',(3.705522897216,5.778499217953));
#1314 = CARTESIAN_POINT('',(3.75351980318,5.777820742909));
#1315 = CARTESIAN_POINT('',(3.799936354021,5.777108818595));
#1316 = CARTESIAN_POINT('',(3.844636602148,5.776363577922));
#1317 = CARTESIAN_POINT('',(3.887477312171,5.775585262243));
#1318 = CARTESIAN_POINT('',(3.928306499739,5.774774265681));
#1319 = CARTESIAN_POINT('',(3.966961655275,5.773931229133));
#1320 = CARTESIAN_POINT('',(4.003274775092,5.773056987608));
#1321 = CARTESIAN_POINT('',(4.037071866996,5.772152642903));
#1322 = CARTESIAN_POINT('',(4.068174867955,5.771219614671));
#1323 = CARTESIAN_POINT('',(4.096408403878,5.770259523095));
#1324 = CARTESIAN_POINT('',(4.121597550895,5.769274329105));
#1325 = CARTESIAN_POINT('',(4.143564605214,5.768266739831));
#1326 = CARTESIAN_POINT('',(4.162150027282,5.76723963991));
#1327 = CARTESIAN_POINT('',(4.177210848623,5.766196236822));
#1328 = CARTESIAN_POINT('',(4.188625204812,5.765140024385));
#1329 = CARTESIAN_POINT('',(4.196295869075,5.764074808573));
#1330 = CARTESIAN_POINT('',(4.200154261929,5.763004664045));
#1331 = CARTESIAN_POINT('',(4.200166160698,5.761934104026));
#1332 = CARTESIAN_POINT('',(4.196331835322,5.760866901334));
#1333 = CARTESIAN_POINT('',(4.188685363779,5.759807463244));
#1334 = CARTESIAN_POINT('',(4.17729481476,5.758759755448));
#1335 = CARTESIAN_POINT('',(4.162256825603,5.757727446442));
#1336 = CARTESIAN_POINT('',(4.143692814655,5.756713874698));
#1337 = CARTESIAN_POINT('',(4.121745750638,5.755722077977));
#1338 = CARTESIAN_POINT('',(4.096575512911,5.754754753175));
#1339 = CARTESIAN_POINT('',(4.068361784516,5.753814433459));
#1340 = CARTESIAN_POINT('',(4.037277320825,5.752902764144));
#1341 = CARTESIAN_POINT('',(4.00349783147,5.752021146847));
#1342 = CARTESIAN_POINT('',(3.967201293287,5.751170761955));
#1343 = CARTESIAN_POINT('',(3.928561763961,5.750352481842));
#1344 = CARTESIAN_POINT('',(3.887747240493,5.749566917961));
#1345 = CARTESIAN_POINT('',(3.844920388152,5.748814498572));
#1346 = CARTESIAN_POINT('',(3.800233013265,5.748095411994));
#1347 = CARTESIAN_POINT('',(3.753828524274,5.747409711729));
#1348 = CARTESIAN_POINT('',(3.705842879478,5.746757351469));
#1349 = CARTESIAN_POINT('',(3.656403642908,5.746138191892));
#1350 = CARTESIAN_POINT('',(3.605629835491,5.745552017237));
#1351 = CARTESIAN_POINT('',(3.553630496927,5.74499854024));
#1352 = CARTESIAN_POINT('',(3.500510397885,5.744477472677));
#1353 = CARTESIAN_POINT('',(3.446365187008,5.743988475487));
#1354 = CARTESIAN_POINT('',(3.391284899375,5.743531211216));
#1355 = CARTESIAN_POINT('',(3.335353635784,5.743105337661));
#1356 = CARTESIAN_POINT('',(3.278649358407,5.742710505462));
#1357 = CARTESIAN_POINT('',(3.221246015747,5.74234638467));
#1358 = CARTESIAN_POINT('',(3.163212732914,5.742012655174));
#1359 = CARTESIAN_POINT('',(3.10461465936,5.741709014492));
#1360 = CARTESIAN_POINT('',(3.045514187533,5.74143518346));
#1361 = CARTESIAN_POINT('',(2.985971111902,5.741190905664));
#1362 = CARTESIAN_POINT('',(2.926039310676,5.740975935908));
#1363 = CARTESIAN_POINT('',(2.865772100137,5.740790064097));
#1364 = CARTESIAN_POINT('',(2.805221014104,5.740633107267));
#1365 = CARTESIAN_POINT('',(2.7444362045,5.74050491032));
#1366 = CARTESIAN_POINT('',(2.683466466855,5.740405345146));
#1367 = CARTESIAN_POINT('',(2.622359107879,5.740334310913));
#1368 = CARTESIAN_POINT('',(2.56116078275,5.740291734758));
#1369 = CARTESIAN_POINT('',(2.499914574381,5.740277573112));
#1370 = CARTESIAN_POINT('',(2.438671099578,5.740291813529));
#1371 = CARTESIAN_POINT('',(2.377478325651,5.740334463127));
#1372 = CARTESIAN_POINT('',(2.316377646386,5.740405564162));
#1373 = CARTESIAN_POINT('',(2.255414438138,5.740505190576));
#1374 = CARTESIAN_POINT('',(2.194635261694,5.740633445548));
#1375 = CARTESIAN_POINT('',(2.134088654008,5.740790459525));
#1376 = CARTESIAN_POINT('',(2.073824969918,5.740976388879));
#1377 = CARTESIAN_POINT('',(2.01389648929,5.741191415156));
#1378 = CARTESIAN_POINT('',(1.954357467734,5.741435744888));
#1379 = CARTESIAN_POINT('',(1.895264202837,5.7417096101));
#1380 = CARTESIAN_POINT('',(1.836675150015,5.74201326905));
#1381 = CARTESIAN_POINT('',(1.778650879594,5.742347008907));
#1382 = CARTESIAN_POINT('',(1.721254674607,5.742711144052));
#1383 = CARTESIAN_POINT('',(1.664550779747,5.74310603353));
#1384 = CARTESIAN_POINT('',(1.608620652387,5.743531962412));
#1385 = CARTESIAN_POINT('',(1.553541470092,5.743989283903));
#1386 = CARTESIAN_POINT('',(1.499397604889,5.744478338569));
#1387 = CARTESIAN_POINT('',(1.446278965642,5.744999465193));
#1388 = CARTESIAN_POINT('',(1.394281370138,5.745553001486));
#1389 = CARTESIAN_POINT('',(1.343509438208,5.746139236776));
#1390 = CARTESIAN_POINT('',(1.294072248719,5.746758458579));
#1391 = CARTESIAN_POINT('',(1.2460889393,5.747410881165));
#1392 = CARTESIAN_POINT('',(1.199687062266,5.748096643964));
#1393 = CARTESIAN_POINT('',(1.155002583025,5.748815792935));
#1394 = CARTESIAN_POINT('',(1.112178643836,5.749568279919));
#1395 = CARTESIAN_POINT('',(1.071367623689,5.750353906359));
#1396 = CARTESIAN_POINT('',(1.032731872206,5.751172249203));
#1397 = CARTESIAN_POINT('',(0.996439522047,5.75202269419));
#1398 = CARTESIAN_POINT('',(0.962664439165,5.752904373698));
#1399 = CARTESIAN_POINT('',(0.931585056064,5.753816091364));
#1400 = CARTESIAN_POINT('',(0.903375274212,5.75475650948));
#1401 = CARTESIAN_POINT('',(0.87821139349,5.755723861132));
#1402 = CARTESIAN_POINT('',(0.85627110673,5.75671566205));
#1403 = CARTESIAN_POINT('',(0.837713827759,5.757729234112));
#1404 = CARTESIAN_POINT('',(0.822682273621,5.758761557447));
#1405 = CARTESIAN_POINT('',(0.811298005942,5.759809300209));
#1406 = CARTESIAN_POINT('',(0.803657938528,5.760868787667));
#1407 = CARTESIAN_POINT('',(0.799830363219,5.761936037068));
#1408 = CARTESIAN_POINT('',(0.799849278823,5.763006591039));
#1409 = CARTESIAN_POINT('',(0.80371426147,5.764076667524));
#1410 = CARTESIAN_POINT('',(0.811390910289,5.765141806346));
#1411 = CARTESIAN_POINT('',(0.822810860525,5.766197953476));
#1412 = CARTESIAN_POINT('',(0.83787722151,5.767241314798));
#1413 = CARTESIAN_POINT('',(0.856468403963,5.768268395721));
#1414 = CARTESIAN_POINT('',(0.878441448387,5.769275977429));
#1415 = CARTESIAN_POINT('',(0.903636537608,5.770261159133));
#1416 = CARTESIAN_POINT('',(0.931874849569,5.771221197822));
#1417 = CARTESIAN_POINT('',(0.962980118088,5.772154111005));
#1418 = CARTESIAN_POINT('',(0.996779309464,5.773058356836));
#1419 = CARTESIAN_POINT('',(1.033093801232,5.773932496921));
#1420 = CARTESIAN_POINT('',(1.07174985718,5.774775436145));
#1421 = CARTESIAN_POINT('',(1.112579401829,5.775586337491));
#1422 = CARTESIAN_POINT('',(1.155420210891,5.77636456489));
#1423 = CARTESIAN_POINT('',(1.200119959595,5.77710971743));
#1424 = CARTESIAN_POINT('',(1.246535642914,5.777821557868));
#1425 = CARTESIAN_POINT('',(1.2945313365,5.778499953136));
#1426 = CARTESIAN_POINT('',(1.343979821763,5.77914487853));
#1427 = CARTESIAN_POINT('',(1.394761195604,5.779756386051));
#1428 = CARTESIAN_POINT('',(1.446769677395,5.780334651617));
#1429 = CARTESIAN_POINT('',(1.499875832931,5.780879585172));
#1430 = CARTESIAN_POINT('',(1.553995181592,5.78139156045));
#1431 = CARTESIAN_POINT('',(1.609044064454,5.781870878179));
#1432 = CARTESIAN_POINT('',(1.664943370104,5.782317827263));
#1433 = CARTESIAN_POINT('',(1.721617272675,5.782732673646));
#1434 = CARTESIAN_POINT('',(1.778993345319,5.783115667425));
#1435 = CARTESIAN_POINT('',(1.837002340295,5.783467043991));
#1436 = CARTESIAN_POINT('',(1.895578089787,5.783787025745));
#1437 = CARTESIAN_POINT('',(1.954657401969,5.784075822685));
#1438 = CARTESIAN_POINT('',(2.014179982197,5.784333632388));
#1439 = CARTESIAN_POINT('',(2.074088367378,5.784560639292));
#1440 = CARTESIAN_POINT('',(2.13432787358,5.784757013359));
#1441 = CARTESIAN_POINT('',(2.194846550634,5.784922908198));
#1442 = CARTESIAN_POINT('',(2.255595150759,5.785058458543));
#1443 = CARTESIAN_POINT('',(2.316527071453,5.785163777678));
#1444 = CARTESIAN_POINT('',(2.377598406739,5.78523895288));
#1445 = CARTESIAN_POINT('',(2.438767592251,5.785284046287));
#1446 = CARTESIAN_POINT('',(2.479586897578,5.785294064607));
#1447 = CARTESIAN_POINT('',(2.5,5.785294067627));
#1448 = ( GEOMETRIC_REPRESENTATION_CONTEXT(2) 
PARAMETRIC_REPRESENTATION_CONTEXT() REPRESENTATION_CONTEXT('2D SPACE',''
  ) );
#1449 = PCURVE('',#1450,#1455);
#1450 = CYLINDRICAL_SURFACE('',#1451,1.7);
#1451 = AXIS2_PLACEMENT_3D('',#1452,#1453,#1454);
#1452 = CARTESIAN_POINT('',(24.411466578376,118.63943372621,2.5));
#1453 = DIRECTION('',(-0.862643091921,-0.505813103785,0.));
#1454 = DIRECTION('',(-0.505813103785,0.862643091921,0.));
#1455 = DEFINITIONAL_REPRESENTATION('',(#1456),#1614);
#1456 = B_SPLINE_CURVE_WITH_KNOTS('',3,(#1457,#1458,#1459,#1460,#1461,
    #1462,#1463,#1464,#1465,#1466,#1467,#1468,#1469,#1470,#1471,#1472,
    #1473,#1474,#1475,#1476,#1477,#1478,#1479,#1480,#1481,#1482,#1483,
    #1484,#1485,#1486,#1487,#1488,#1489,#1490,#1491,#1492,#1493,#1494,
    #1495,#1496,#1497,#1498,#1499,#1500,#1501,#1502,#1503,#1504,#1505,
    #1506,#1507,#1508,#1509,#1510,#1511,#1512,#1513,#1514,#1515,#1516,
    #1517,#1518,#1519,#1520,#1521,#1522,#1523,#1524,#1525,#1526,#1527,
    #1528,#1529,#1530,#1531,#1532,#1533,#1534,#1535,#1536,#1537,#1538,
    #1539,#1540,#1541,#1542,#1543,#1544,#1545,#1546,#1547,#1548,#1549,
    #1550,#1551,#1552,#1553,#1554,#1555,#1556,#1557,#1558,#1559,#1560,
    #1561,#1562,#1563,#1564,#1565,#1566,#1567,#1568,#1569,#1570,#1571,
    #1572,#1573,#1574,#1575,#1576,#1577,#1578,#1579,#1580,#1581,#1582,
    #1583,#1584,#1585,#1586,#1587,#1588,#1589,#1590,#1591,#1592,#1593,
    #1594,#1595,#1596,#1597,#1598,#1599,#1600,#1601,#1602,#1603,#1604,
    #1605,#1606,#1607,#1608,#1609,#1610,#1611,#1612,#1613),
  .UNSPECIFIED.,.F.,.F.,(4,1,1,1,1,1,1,1,1,1,1,1,1,1,1,1,1,1,1,1,1,1,1,1
    ,1,1,1,1,1,1,1,1,1,1,1,1,1,1,1,1,1,1,1,1,1,1,1,1,1,1,1,1,1,1,1,1,1,1
    ,1,1,1,1,1,1,1,1,1,1,1,1,1,1,1,1,1,1,1,1,1,1,1,1,1,1,1,1,1,1,1,1,1,1
    ,1,1,1,1,1,1,1,1,1,1,1,1,1,1,1,1,1,1,1,1,1,1,1,1,1,1,1,1,1,1,1,1,1,1
    ,1,1,1,1,1,1,1,1,1,1,1,1,1,1,1,1,1,1,1,1,1,1,1,1,1,1,1,1,4),(0.,
    8.658212673848E-03,1.73164253477E-02,2.597463802155E-02,
    3.463285069539E-02,4.329106336924E-02,5.194927604309E-02,
    6.060748871694E-02,6.926570139079E-02,7.792391406464E-02,
    8.658212673848E-02,9.524033941233E-02,0.103898552086,0.11255676476,
    0.121214977434,0.129873190108,0.138531402782,0.147189615455,
    0.155847828129,0.164506040803,0.173164253477,0.181822466151,
    0.190480678825,0.199138891499,0.207797104172,0.216455316846,
    0.22511352952,0.233771742194,0.242429954868,0.251088167542,
    0.259746380215,0.268404592889,0.277062805563,0.285721018237,
    0.294379230911,0.303037443585,0.311695656259,0.320353868932,
    0.329012081606,0.33767029428,0.346328506954,0.354986719628,
    0.363644932302,0.372303144975,0.380961357649,0.389619570323,
    0.398277782997,0.406935995671,0.415594208345,0.424252421019,
    0.432910633692,0.441568846366,0.45022705904,0.458885271714,
    0.467543484388,0.476201697062,0.484859909736,0.493518122409,
    0.502176335083,0.510834547757,0.519492760431,0.528150973105,
    0.536809185779,0.545467398452,0.554125611126,0.5627838238,
    0.571442036474,0.580100249148,0.588758461822,0.597416674496,
    0.606074887169,0.614733099843,0.623391312517,0.632049525191,
    0.640707737865,0.649365950539,0.658024163212,0.666682375886,
    0.67534058856,0.683998801234,0.692657013908,0.701315226582,
    0.709973439256,0.718631651929,0.727289864603,0.735948077277,
    0.744606289951,0.753264502625,0.761922715299,0.770580927973,
    0.779239140646,0.78789735332,0.796555565994,0.805213778668,
    0.813871991342,0.822530204016,0.831188416689,0.839846629363,
    0.848504842037,0.857163054711,0.865821267385,0.874479480059,
    0.883137692733,0.891795905406,0.90045411808,0.909112330754,
    0.917770543428,0.926428756102,0.935086968776,0.943745181449,
    0.952403394123,0.961061606797,0.969719819471,0.978378032145,
    0.987036244819,0.995694457493,1.004352670166,1.01301088284,
    1.021669095514,1.030327308188,1.038985520862,1.047643733536,
    1.05630194621,1.064960158883,1.073618371557,1.082276584231,
    1.090934796905,1.099593009579,1.108251222253,1.116909434926,
    1.1255676476,1.134225860274,1.142884072948,1.151542285622,
    1.160200498296,1.16885871097,1.177516923643,1.186175136317,
    1.194833348991,1.203491561665,1.212149774339,1.220807987013,
    1.229466199686,1.23812441236,1.246782625034,1.255440837708,
    1.264099050382,1.272757263056,1.28141547573,1.290073688403,
    1.298731901077,1.307390113751,1.316048326425,1.324706539099,
    1.333364751773),.QUASI_UNIFORM_KNOTS.);
#1457 = CARTESIAN_POINT('',(6.28318530718,4.619875956083));
#1458 = CARTESIAN_POINT('',(6.271176893423,4.619875967746));
#1459 = CARTESIAN_POINT('',(6.247164222313,4.619858510507));
#1460 = CARTESIAN_POINT('',(6.211133682212,4.619780162646));
#1461 = CARTESIAN_POINT('',(6.175067153663,4.619649875036));
#1462 = CARTESIAN_POINT('',(6.138941764935,4.619468070971));
#1463 = CARTESIAN_POINT('',(6.102735430634,4.619235318986));
#1464 = CARTESIAN_POINT('',(6.0664268238,4.618952360726));
#1465 = CARTESIAN_POINT('',(6.029995151241,4.618620115841));
#1466 = CARTESIAN_POINT('',(5.993419989183,4.618239692473));
#1467 = CARTESIAN_POINT('',(5.956681107642,4.617812395686));
#1468 = CARTESIAN_POINT('',(5.919758299121,4.617339735861));
#1469 = CARTESIAN_POINT('',(5.882631202629,4.616823436524));
#1470 = CARTESIAN_POINT('',(5.845279120676,4.616265441733));
#1471 = CARTESIAN_POINT('',(5.807680820709,4.615667922955));
#1472 = CARTESIAN_POINT('',(5.769814326378,4.615033285622));
#1473 = CARTESIAN_POINT('',(5.731656650943,4.614364174559));
#1474 = CARTESIAN_POINT('',(5.693183620245,4.613663481349));
#1475 = CARTESIAN_POINT('',(5.654369202862,4.612934342108));
#1476 = CARTESIAN_POINT('',(5.615186487434,4.612180168703));
#1477 = CARTESIAN_POINT('',(5.575602286957,4.611404552747));
#1478 = CARTESIAN_POINT('',(5.535613817844,4.610612013872));
#1479 = CARTESIAN_POINT('',(5.495196890618,4.609806987767));
#1480 = CARTESIAN_POINT('',(5.454331864484,4.608994343676));
#1481 = CARTESIAN_POINT('',(5.413000221648,4.608179304637));
#1482 = CARTESIAN_POINT('',(5.371185458454,4.607367455022));
#1483 = CARTESIAN_POINT('',(5.328872327344,4.606564713351));
#1484 = CARTESIAN_POINT('',(5.286048611167,4.605777356699));
#1485 = CARTESIAN_POINT('',(5.242708866735,4.605012007783));
#1486 = CARTESIAN_POINT('',(5.198850771686,4.60427553946));
#1487 = CARTESIAN_POINT('',(5.154477977048,4.60357502736));
#1488 = CARTESIAN_POINT('',(5.1096016796,4.602917661069));
#1489 = CARTESIAN_POINT('',(5.064234516551,4.602310556315));
#1490 = CARTESIAN_POINT('',(5.018397068615,4.601760709932));
#1491 = CARTESIAN_POINT('',(4.972135893942,4.601275016303));
#1492 = CARTESIAN_POINT('',(4.925496912766,4.600859722638));
#1493 = CARTESIAN_POINT('',(4.878533067816,4.600520363939));
#1494 = CARTESIAN_POINT('',(4.831303496981,4.600261581864));
#1495 = CARTESIAN_POINT('',(4.783875885844,4.600086974523));
#1496 = CARTESIAN_POINT('',(4.736325984626,4.59999895041));
#1497 = CARTESIAN_POINT('',(4.688746989974,4.599998546625));
#1498 = CARTESIAN_POINT('',(4.641199197305,4.600085424709));
#1499 = CARTESIAN_POINT('',(4.593773117434,4.600257898239));
#1500 = CARTESIAN_POINT('',(4.546543635206,4.600512957589));
#1501 = CARTESIAN_POINT('',(4.499577986333,4.600846465173));
#1502 = CARTESIAN_POINT('',(4.452935530237,4.601253313407));
#1503 = CARTESIAN_POINT('',(4.40667006947,4.601727581799));
#1504 = CARTESIAN_POINT('',(4.360828591473,4.602262728564));
#1505 = CARTESIAN_POINT('',(4.315460471623,4.602851638812));
#1506 = CARTESIAN_POINT('',(4.270582395124,4.603487274174));
#1507 = CARTESIAN_POINT('',(4.22620778078,4.604162515407));
#1508 = CARTESIAN_POINT('',(4.182347713163,4.604870265558));
#1509 = CARTESIAN_POINT('',(4.139005955036,4.605603611694));
#1510 = CARTESIAN_POINT('',(4.096180191831,4.606355909833));
#1511 = CARTESIAN_POINT('',(4.053865127327,4.607120817555));
#1512 = CARTESIAN_POINT('',(4.012048354918,4.607892385418));
#1513 = CARTESIAN_POINT('',(3.970714781274,4.608665049122));
#1514 = CARTESIAN_POINT('',(3.929847893733,4.609433606157));
#1515 = CARTESIAN_POINT('',(3.889429314241,4.610193229665));
#1516 = CARTESIAN_POINT('',(3.849438958666,4.610939467592));
#1517 = CARTESIAN_POINT('',(3.809854230172,4.611668263496));
#1518 = CARTESIAN_POINT('',(3.770654306722,4.61237585189));
#1519 = CARTESIAN_POINT('',(3.731816175817,4.613058833994));
#1520 = CARTESIAN_POINT('',(3.693317386061,4.613714088257));
#1521 = CARTESIAN_POINT('',(3.655135377594,4.614338780064));
#1522 = CARTESIAN_POINT('',(3.61724703693,4.61493036839));
#1523 = CARTESIAN_POINT('',(3.579630093254,4.615486541384));
#1524 = CARTESIAN_POINT('',(3.542262189899,4.616005228596));
#1525 = CARTESIAN_POINT('',(3.505121217732,4.616484573161));
#1526 = CARTESIAN_POINT('',(3.468185811775,4.61692292587));
#1527 = CARTESIAN_POINT('',(3.431435183406,4.617318824704));
#1528 = CARTESIAN_POINT('',(3.394846861495,4.617671012029));
#1529 = CARTESIAN_POINT('',(3.358399784703,4.617978386421));
#1530 = CARTESIAN_POINT('',(3.322073279105,4.618240008955));
#1531 = CARTESIAN_POINT('',(3.285847077718,4.618455095904));
#1532 = CARTESIAN_POINT('',(3.249701116634,4.618623015071));
#1533 = CARTESIAN_POINT('',(3.213615253806,4.618743281115));
#1534 = CARTESIAN_POINT('',(3.177569562126,4.618815551202));
#1535 = CARTESIAN_POINT('',(3.141542414183,4.618839620326));
#1536 = CARTESIAN_POINT('',(3.105516808477,4.618815417541));
#1537 = CARTESIAN_POINT('',(3.06947419427,4.618743023396));
#1538 = CARTESIAN_POINT('',(3.033391968054,4.618622645126));
#1539 = CARTESIAN_POINT('',(2.997249463449,4.618454624261));
#1540 = CARTESIAN_POINT('',(2.961026102794,4.61823944275));
#1541 = CARTESIAN_POINT('',(2.924701664676,4.617977729411));
#1542 = CARTESIAN_POINT('',(2.888255993843,4.617670266235));
#1543 = CARTESIAN_POINT('',(2.851668862418,4.617317994649));
#1544 = CARTESIAN_POINT('',(2.814919788194,4.616922021763));
#1545 = CARTESIAN_POINT('',(2.777987845312,4.616483626427));
#1546 = CARTESIAN_POINT('',(2.740851487797,4.61600426573));
#1547 = CARTESIAN_POINT('',(2.70348823689,4.615485579621));
#1548 = CARTESIAN_POINT('',(2.665874777496,4.614929402289));
#1549 = CARTESIAN_POINT('',(2.627985403241,4.614337748053));
#1550 = CARTESIAN_POINT('',(2.589802701438,4.613712998631));
#1551 = CARTESIAN_POINT('',(2.55130306229,4.61305768944));
#1552 = CARTESIAN_POINT('',(2.512464097469,4.612374658691));
#1553 = CARTESIAN_POINT('',(2.473263253251,4.611667026094));
#1554 = CARTESIAN_POINT('',(2.433677626038,4.610938192624));
#1555 = CARTESIAN_POINT('',(2.393686286045,4.610191922724));
#1556 = CARTESIAN_POINT('',(2.353266638791,4.609432273952));
#1557 = CARTESIAN_POINT('',(2.312398687447,4.608663700746));
#1558 = CARTESIAN_POINT('',(2.271064036462,4.607891029857));
#1559 = CARTESIAN_POINT('',(2.229246178915,4.607119464091));
#1560 = CARTESIAN_POINT('',(2.186929724688,4.606354564454));
#1561 = CARTESIAN_POINT('',(2.144102828254,4.60560229038));
#1562 = CARTESIAN_POINT('',(2.100759882613,4.604868979024));
#1563 = CARTESIAN_POINT('',(2.056898712063,4.604161278193));
#1564 = CARTESIAN_POINT('',(2.012522823447,4.603486096139));
#1565 = CARTESIAN_POINT('',(1.967644055852,4.602850539819));
#1566 = CARTESIAN_POINT('',(1.922272756482,4.602261691635));
#1567 = CARTESIAN_POINT('',(1.87643143868,4.601726662269));
#1568 = CARTESIAN_POINT('',(1.830167003206,4.601252527667));
#1569 = CARTESIAN_POINT('',(1.783525558287,4.600845817998));
#1570 = CARTESIAN_POINT('',(1.736560094981,4.60051244692));
#1571 = CARTESIAN_POINT('',(1.68932969845,4.600257524086));
#1572 = CARTESIAN_POINT('',(1.64190189673,4.600085192841));
#1573 = CARTESIAN_POINT('',(1.594352332013,4.599998467713));
#1574 = CARTESIAN_POINT('',(1.546773723227,4.599999031352));
#1575 = CARTESIAN_POINT('',(1.499226767134,4.600087205829));
#1576 = CARTESIAN_POINT('',(1.451802325262,4.600261948411));
#1577 = CARTESIAN_POINT('',(1.404575250087,4.600520854894));
#1578 = CARTESIAN_POINT('',(1.357612700938,4.600860334232));
#1579 = CARTESIAN_POINT('',(1.310973835066,4.60127575026));
#1580 = CARTESIAN_POINT('',(1.264712087929,4.601761567195));
#1581 = CARTESIAN_POINT('',(1.218874110527,4.602311530829));
#1582 = CARTESIAN_POINT('',(1.173508165755,4.602918721118));
#1583 = CARTESIAN_POINT('',(1.128636011875,4.603576115662));
#1584 = CARTESIAN_POINT('',(1.084266604927,4.604276648676));
#1585 = CARTESIAN_POINT('',(1.040412055526,4.605013119091));
#1586 = CARTESIAN_POINT('',(0.99707570828,4.605778458004));
#1587 = CARTESIAN_POINT('',(0.954255362913,4.60656579148));
#1588 = CARTESIAN_POINT('',(0.911945330216,4.607368502934));
#1589 = CARTESIAN_POINT('',(0.870133772169,4.608180310372));
#1590 = CARTESIAN_POINT('',(0.828805236396,4.60899529963));
#1591 = CARTESIAN_POINT('',(0.78794323564,4.609807887865));
#1592 = CARTESIAN_POINT('',(0.747529188858,4.610612855004));
#1593 = CARTESIAN_POINT('',(0.707543700333,4.611405328382));
#1594 = CARTESIAN_POINT('',(0.667961880094,4.612180886629));
#1595 = CARTESIAN_POINT('',(0.628780949007,4.612935011081));
#1596 = CARTESIAN_POINT('',(0.589968673996,4.613664092249));
#1597 = CARTESIAN_POINT('',(0.551497823127,4.614364725707));
#1598 = CARTESIAN_POINT('',(0.513342396029,4.615033775666));
#1599 = CARTESIAN_POINT('',(0.475478164851,4.615668352443));
#1600 = CARTESIAN_POINT('',(0.437882120667,4.616265812372));
#1601 = CARTESIAN_POINT('',(0.40053226464,4.616823751065));
#1602 = CARTESIAN_POINT('',(0.363407349352,4.617339997846));
#1603 = CARTESIAN_POINT('',(0.326486667416,4.617812609246));
#1604 = CARTESIAN_POINT('',(0.289749853208,4.618239862153));
#1605 = CARTESIAN_POINT('',(0.253176699464,4.61862024645));
#1606 = CARTESIAN_POINT('',(0.216746981219,4.618952457222));
#1607 = CARTESIAN_POINT('',(0.180440284448,4.619235386391));
#1608 = CARTESIAN_POINT('',(0.14423583051,4.619468114335));
#1609 = CARTESIAN_POINT('',(0.108112311874,4.61964989943));
#1610 = CARTESIAN_POINT('',(7.204766783635E-02,4.619780173205));
#1611 = CARTESIAN_POINT('',(3.60190561168E-02,4.619858512502));
#1612 = CARTESIAN_POINT('',(1.200772461816E-02,4.619875967759));
#1613 = CARTESIAN_POINT('',(8.881784197001E-16,4.619875956083));
#1614 = ( GEOMETRIC_REPRESENTATION_CONTEXT(2) 
PARAMETRIC_REPRESENTATION_CONTEXT() REPRESENTATION_CONTEXT('2D SPACE',''
  ) );
#1615 = FACE_BOUND('',#1616,.T.);
#1616 = EDGE_LOOP('',(#1617));
#1617 = ORIENTED_EDGE('',*,*,#1618,.T.);
#1618 = EDGE_CURVE('',#1619,#1619,#1621,.T.);
#1619 = VERTEX_POINT('',#1620);
#1620 = CARTESIAN_POINT('',(38.002891003724,61.496338274743,2.5));
#1621 = SURFACE_CURVE('',#1622,(#1739,#1900),.PCURVE_S1.);
#1622 = B_SPLINE_CURVE_WITH_KNOTS('',7,(#1623,#1624,#1625,#1626,#1627,
    #1628,#1629,#1630,#1631,#1632,#1633,#1634,#1635,#1636,#1637,#1638,
    #1639,#1640,#1641,#1642,#1643,#1644,#1645,#1646,#1647,#1648,#1649,
    #1650,#1651,#1652,#1653,#1654,#1655,#1656,#1657,#1658,#1659,#1660,
    #1661,#1662,#1663,#1664,#1665,#1666,#1667,#1668,#1669,#1670,#1671,
    #1672,#1673,#1674,#1675,#1676,#1677,#1678,#1679,#1680,#1681,#1682,
    #1683,#1684,#1685,#1686,#1687,#1688,#1689,#1690,#1691,#1692,#1693,
    #1694,#1695,#1696,#1697,#1698,#1699,#1700,#1701,#1702,#1703,#1704,
    #1705,#1706,#1707,#1708,#1709,#1710,#1711,#1712,#1713,#1714,#1715,
    #1716,#1717,#1718,#1719,#1720,#1721,#1722,#1723,#1724,#1725,#1726,
    #1727,#1728,#1729,#1730,#1731,#1732,#1733,#1734,#1735,#1736,#1737,
    #1738),.UNSPECIFIED.,.T.,.F.,(8,6,6,6,6,6,6,6,6,6,6,6,6,6,6,6,6,6,6,
    8),(0.,0.16003234386,0.217121264256,0.261708627797,0.333799751373,
    0.382749631991,0.449511635905,0.506624938933,0.549813070703,
    0.666846516424,0.75139426139,0.783697014411,0.826898446794,
    0.884051190859,0.928775367514,1.,1.071306863813,1.115998710642,
    1.17313417432,1.333355560068),.UNSPECIFIED.);
#1623 = CARTESIAN_POINT('',(38.002891003724,61.496338274743,2.5));
#1624 = CARTESIAN_POINT('',(38.002891003724,61.496338274743,
    2.66170339322));
#1625 = CARTESIAN_POINT('',(38.005944211607,61.478655869387,
    2.823216825927));
#1626 = CARTESIAN_POINT('',(38.012038795918,61.443359277903,
    2.983489193765));
#1627 = CARTESIAN_POINT('',(38.021235264478,61.390058599014,
    3.141128793298));
#1628 = CARTESIAN_POINT('',(38.03361587177,61.318194608411,
    3.294343300977));
#1629 = CARTESIAN_POINT('',(38.049253449369,61.227215190211,
    3.44099684735));
#1630 = CARTESIAN_POINT('',(38.075072803248,61.076507602166,
    3.627343564546));
#1631 = CARTESIAN_POINT('',(38.082289395105,61.034346517658,
    3.675127445225));
#1632 = CARTESIAN_POINT('',(38.089937100788,60.989622557878,
    3.721561812171));
#1633 = CARTESIAN_POINT('',(38.098017597028,60.942316213641,
    3.766488040816));
#1634 = CARTESIAN_POINT('',(38.106530105125,60.892421413581,
    3.809727505912));
#1635 = CARTESIAN_POINT('',(38.115470609308,60.839950283019,
    3.851084005911));
#1636 = CARTESIAN_POINT('',(38.13214174917,60.741972350518,
    3.921010581513));
#1637 = CARTESIAN_POINT('',(38.139708174449,60.697459137905,
    3.950395652278));
#1638 = CARTESIAN_POINT('',(38.147526044013,60.65141786195,
    3.978399658612));
#1639 = CARTESIAN_POINT('',(38.155588819979,60.603880982897,
    4.004912432297));
#1640 = CARTESIAN_POINT('',(38.163887265517,60.554896836839,
    4.029818729347));
#1641 = CARTESIAN_POINT('',(38.17240897687,60.504532648287,
    4.053001581434));
#1642 = CARTESIAN_POINT('',(38.195251308373,60.369358933377,
    4.108855821684));
#1643 = CARTESIAN_POINT('',(38.209913077547,60.282426311051,
    4.138575690888));
#1644 = CARTESIAN_POINT('',(38.225044945648,60.192518343724,
    4.16298262469));
#1645 = CARTESIAN_POINT('',(38.240548863601,60.100194419982,
    4.181615035437));
#1646 = CARTESIAN_POINT('',(38.25630611001,60.006143929561,
    4.194102308909));
#1647 = CARTESIAN_POINT('',(38.272176635567,59.91119403608,
    4.200223559479));
#1648 = CARTESIAN_POINT('',(38.298741803436,59.751893705915,
    4.199840159961));
#1649 = CARTESIAN_POINT('',(38.309467792305,59.687473377136,
    4.196757536641));
#1650 = CARTESIAN_POINT('',(38.320129172957,59.623339565732,
    4.190748330329));
#1651 = CARTESIAN_POINT('',(38.330682293844,59.559756873771,
    4.181857724837));
#1652 = CARTESIAN_POINT('',(38.341087331845,59.496969243406,
    4.17016875038));
#1653 = CARTESIAN_POINT('',(38.351308326251,59.435199304987,
    4.155795936875));
#1654 = CARTESIAN_POINT('',(38.374958726553,59.292062338727,
    4.115806167513));
#1655 = CARTESIAN_POINT('',(38.388204849977,59.211727511561,
    4.087996526278));
#1656 = CARTESIAN_POINT('',(38.40097762666,59.134107439102,
    4.055790686161));
#1657 = CARTESIAN_POINT('',(38.413226297202,59.059530778382,
    4.019583671161));
#1658 = CARTESIAN_POINT('',(38.424917975033,58.988219426476,
    3.979779652277));
#1659 = CARTESIAN_POINT('',(38.436033559707,58.920311082568,
    3.936761837141));
#1660 = CARTESIAN_POINT('',(38.455574187656,58.800752568766,
    3.851624512928));
#1661 = CARTESIAN_POINT('',(38.464155901721,58.74817112236,
    3.810273528726));
#1662 = CARTESIAN_POINT('',(38.472306180182,58.698167315292,
    3.76703626876));
#1663 = CARTESIAN_POINT('',(38.480024832731,58.650754092881,3.7221093076
    ));
#1664 = CARTESIAN_POINT('',(38.487314522221,58.605926059339,
    3.675671618032));
#1665 = CARTESIAN_POINT('',(38.494179958493,58.563664252197,
    3.627882132433));
#1666 = CARTESIAN_POINT('',(38.505502307696,58.49390278978,
    3.541820666377));
#1667 = CARTESIAN_POINT('',(38.510138074895,58.465317793749,
    3.504070903882));
#1668 = CARTESIAN_POINT('',(38.514536944086,58.438174081045,
    3.465688142926));
#1669 = CARTESIAN_POINT('',(38.518701491919,58.412459320081,
    3.426728155878));
#1670 = CARTESIAN_POINT('',(38.5226343214,58.388160695273,3.387242361203
    ));
#1671 = CARTESIAN_POINT('',(38.526338061893,58.365264907036,
    3.347277823465));
#1672 = CARTESIAN_POINT('',(38.539238357107,58.285478102029,
    3.197397687089));
#1673 = CARTESIAN_POINT('',(38.546994940142,58.237420816466,
    3.084756908402));
#1674 = CARTESIAN_POINT('',(38.553143153112,58.19928027299,
    2.969754429921));
#1675 = CARTESIAN_POINT('',(38.557721676273,58.170853712729,
    2.853085725278));
#1676 = CARTESIAN_POINT('',(38.560758711007,58.151989864857,
    2.735365048877));
#1677 = CARTESIAN_POINT('',(38.562271932149,58.142590880353,
    2.617137054836));
#1678 = CARTESIAN_POINT('',(38.562250547787,58.142723703903,
    2.413443493887));
#1679 = CARTESIAN_POINT('',(38.561445366956,58.147724880079,
    2.328018087859));
#1680 = CARTESIAN_POINT('',(38.559844166487,58.157670307405,
    2.242792185463));
#1681 = CARTESIAN_POINT('',(38.557442523067,58.172584171004,
    2.157969631002));
#1682 = CARTESIAN_POINT('',(38.554232586198,58.192508682127,
    2.073767905997));
#1683 = CARTESIAN_POINT('',(38.550203043311,58.217504054423,
    1.990420173341));
#1684 = CARTESIAN_POINT('',(38.543479045078,58.259175776585,
    1.876756656745));
#1685 = CARTESIAN_POINT('',(38.541498309856,58.271448030627,
    1.845497420952));
#1686 = CARTESIAN_POINT('',(38.539394801918,58.284477120996,
    1.814415221338));
#1687 = CARTESIAN_POINT('',(38.537167611878,58.298267828511,
    1.783525480403));
#1688 = CARTESIAN_POINT('',(38.534815775137,58.312825187188,
    1.752844498653));
#1689 = CARTESIAN_POINT('',(38.532338271879,58.328154484245,
    1.722389454601));
#1690 = CARTESIAN_POINT('',(38.526251131794,58.365802327746,
    1.651774398776));
#1691 = CARTESIAN_POINT('',(38.522541624757,58.388733501085,
    1.611807415763));
#1692 = CARTESIAN_POINT('',(38.518602845783,58.413068584769,
    1.572320250247));
#1693 = CARTESIAN_POINT('',(38.514432162351,58.43882089096,
    1.533360062535));
#1694 = CARTESIAN_POINT('',(38.510026969588,58.466003239329,
    1.494978378725));
#1695 = CARTESIAN_POINT('',(38.505384690274,58.494627957057,
    1.457231090706));
#1696 = CARTESIAN_POINT('',(38.494044311599,58.564499376974,
    1.371160180086));
#1697 = CARTESIAN_POINT('',(38.487166898752,58.606834156485,
    1.323360859268));
#1698 = CARTESIAN_POINT('',(38.479864581082,58.651738971067,
    1.276917398595));
#1699 = CARTESIAN_POINT('',(38.472132655152,58.699232710716,
    1.231989278058));
#1700 = CARTESIAN_POINT('',(38.463968481399,58.749320593232,
    1.188756088649));
#1701 = CARTESIAN_POINT('',(38.45537229621,58.801989355727,
    1.147415068274));
#1702 = CARTESIAN_POINT('',(38.43928619084,58.900408770687,
    1.077474651657));
#1703 = CARTESIAN_POINT('',(38.431962618644,58.945170666361,
    1.048061269453));
#1704 = CARTESIAN_POINT('',(38.424379680794,58.991467673697,
    1.020041351496));
#1705 = CARTESIAN_POINT('',(38.416541849731,59.039266215308,
    0.99352626358));
#1706 = CARTESIAN_POINT('',(38.408456240636,59.088516542505,
    0.968632446604));
#1707 = CARTESIAN_POINT('',(38.400133155089,59.139149681926,
    0.945477986319));
#1708 = CARTESIAN_POINT('',(38.377976011194,59.273766070808,
    0.890260181192));
#1709 = CARTESIAN_POINT('',(38.363792708953,59.359769814562,
    0.861032054099));
#1710 = CARTESIAN_POINT('',(38.349103117912,59.44865787957,
    0.836997332112));
#1711 = CARTESIAN_POINT('',(38.33399302052,59.539888276411,
    0.818599533267));
#1712 = CARTESIAN_POINT('',(38.3185696056,59.632796222447,0.806194974123
    ));
#1713 = CARTESIAN_POINT('',(38.302963248752,59.72658712799,
    0.799998052239));
#1714 = CARTESIAN_POINT('',(38.271676799689,59.914183315244,
    0.800001950724));
#1715 = CARTESIAN_POINT('',(38.255983260808,60.008068727101,
    0.806217040892));
#1716 = CARTESIAN_POINT('',(38.240402467802,60.101063054958,
    0.818653763548));
#1717 = CARTESIAN_POINT('',(38.225069107848,60.192370884036,
    0.837099436566));
#1718 = CARTESIAN_POINT('',(38.210098474656,60.281322569728,
    0.861197731992));
#1719 = CARTESIAN_POINT('',(38.195586686873,60.367369380726,
    0.890501387246));
#1720 = CARTESIAN_POINT('',(38.172851962578,60.501914130004,
    0.945808919537));
#1721 = CARTESIAN_POINT('',(38.16430032783,60.552457879201,
    0.968969722911));
#1722 = CARTESIAN_POINT('',(38.155972539175,60.601617649191,
    0.993866416102));
#1723 = CARTESIAN_POINT('',(38.147881186184,60.649325154389,
    1.020381156105));
#1724 = CARTESIAN_POINT('',(38.140035649117,60.695531255912,
    1.048397762447));
#1725 = CARTESIAN_POINT('',(38.13244257302,60.740202908249,
    1.077805130161));
#1726 = CARTESIAN_POINT('',(38.115727472977,60.838442488575,
    1.14774275225));
#1727 = CARTESIAN_POINT('',(38.106769077615,60.891020236712,
    1.189087207134));
#1728 = CARTESIAN_POINT('',(38.098239298182,60.94101767433,
    1.232321819768));
#1729 = CARTESIAN_POINT('',(38.090142222858,60.988422292443,
    1.277249578715));
#1730 = CARTESIAN_POINT('',(38.08247867386,61.033239948622,
    1.323691104119));
#1731 = CARTESIAN_POINT('',(38.075246995731,61.075490066523,
    1.371487103067));
#1732 = CARTESIAN_POINT('',(38.049366192282,61.226559245982,
    1.557946921221));
#1733 = CARTESIAN_POINT('',(38.03369020596,61.317763131776,
    1.704737184276));
#1734 = CARTESIAN_POINT('',(38.021279397934,61.389802811768,
    1.858114783585));
#1735 = CARTESIAN_POINT('',(38.012060735929,61.443232212111,
    2.015934287372));
#1736 = CARTESIAN_POINT('',(38.005951555647,61.478613337278,
    2.176395670117));
#1737 = CARTESIAN_POINT('',(38.002891003724,61.496338274743,
    2.338102219904));
#1738 = CARTESIAN_POINT('',(38.002891003724,61.496338274743,2.5));
#1739 = PCURVE('',#299,#1740);
#1740 = DEFINITIONAL_REPRESENTATION('',(#1741),#1899);
#1741 = B_SPLINE_CURVE_WITH_KNOTS('',3,(#1742,#1743,#1744,#1745,#1746,
    #1747,#1748,#1749,#1750,#1751,#1752,#1753,#1754,#1755,#1756,#1757,
    #1758,#1759,#1760,#1761,#1762,#1763,#1764,#1765,#1766,#1767,#1768,
    #1769,#1770,#1771,#1772,#1773,#1774,#1775,#1776,#1777,#1778,#1779,
    #1780,#1781,#1782,#1783,#1784,#1785,#1786,#1787,#1788,#1789,#1790,
    #1791,#1792,#1793,#1794,#1795,#1796,#1797,#1798,#1799,#1800,#1801,
    #1802,#1803,#1804,#1805,#1806,#1807,#1808,#1809,#1810,#1811,#1812,
    #1813,#1814,#1815,#1816,#1817,#1818,#1819,#1820,#1821,#1822,#1823,
    #1824,#1825,#1826,#1827,#1828,#1829,#1830,#1831,#1832,#1833,#1834,
    #1835,#1836,#1837,#1838,#1839,#1840,#1841,#1842,#1843,#1844,#1845,
    #1846,#1847,#1848,#1849,#1850,#1851,#1852,#1853,#1854,#1855,#1856,
    #1857,#1858,#1859,#1860,#1861,#1862,#1863,#1864,#1865,#1866,#1867,
    #1868,#1869,#1870,#1871,#1872,#1873,#1874,#1875,#1876,#1877,#1878,
    #1879,#1880,#1881,#1882,#1883,#1884,#1885,#1886,#1887,#1888,#1889,
    #1890,#1891,#1892,#1893,#1894,#1895,#1896,#1897,#1898),
  .UNSPECIFIED.,.T.,.F.,(4,1,1,1,1,1,1,1,1,1,1,1,1,1,1,1,1,1,1,1,1,1,1,1
    ,1,1,1,1,1,1,1,1,1,1,1,1,1,1,1,1,1,1,1,1,1,1,1,1,1,1,1,1,1,1,1,1,1,1
    ,1,1,1,1,1,1,1,1,1,1,1,1,1,1,1,1,1,1,1,1,1,1,1,1,1,1,1,1,1,1,1,1,1,1
    ,1,1,1,1,1,1,1,1,1,1,1,1,1,1,1,1,1,1,1,1,1,1,1,1,1,1,1,1,1,1,1,1,1,1
    ,1,1,1,1,1,1,1,1,1,1,1,1,1,1,1,1,1,1,1,1,1,1,1,1,1,1,1,1,4),(0.,
    8.658152987455E-03,1.731630597491E-02,2.597445896236E-02,
    3.463261194982E-02,4.329076493727E-02,5.194891792473E-02,
    6.060707091218E-02,6.926522389964E-02,7.792337688709E-02,
    8.658152987455E-02,9.5239682862E-02,0.103897835849,0.112555988837,
    0.121214141824,0.129872294812,0.138530447799,0.147188600787,
    0.155846753774,0.164504906762,0.173163059749,0.181821212737,
    0.190479365724,0.199137518711,0.207795671699,0.216453824686,
    0.225111977674,0.233770130661,0.242428283649,0.251086436636,
    0.259744589624,0.268402742611,0.277060895599,0.285719048586,
    0.294377201573,0.303035354561,0.311693507548,0.320351660536,
    0.329009813523,0.337667966511,0.346326119498,0.354984272486,
    0.363642425473,0.372300578461,0.380958731448,0.389616884435,
    0.398275037423,0.40693319041,0.415591343398,0.424249496385,
    0.432907649373,0.44156580236,0.450223955348,0.458882108335,
    0.467540261323,0.47619841431,0.484856567297,0.493514720285,
    0.502172873272,0.51083102626,0.519489179247,0.528147332235,
    0.536805485222,0.54546363821,0.554121791197,0.562779944185,
    0.571438097172,0.580096250159,0.588754403147,0.597412556134,
    0.606070709122,0.614728862109,0.623387015097,0.632045168084,
    0.640703321072,0.649361474059,0.658019627047,0.666677780034,
    0.675335933021,0.683994086009,0.692652238996,0.701310391984,
    0.709968544971,0.718626697959,0.727284850946,0.735943003934,
    0.744601156921,0.753259309909,0.761917462896,0.770575615883,
    0.779233768871,0.787891921858,0.796550074846,0.805208227833,
    0.813866380821,0.822524533808,0.831182686796,0.839840839783,
    0.848498992771,0.857157145758,0.865815298745,0.874473451733,
    0.88313160472,0.891789757708,0.900447910695,0.909106063683,
    0.91776421667,0.926422369658,0.935080522645,0.943738675633,
    0.95239682862,0.961054981607,0.969713134595,0.978371287582,
    0.98702944057,0.995687593557,1.004345746545,1.013003899532,
    1.02166205252,1.030320205507,1.038978358495,1.047636511482,
    1.056294664469,1.064952817457,1.073610970444,1.082269123432,
    1.090927276419,1.099585429407,1.108243582394,1.116901735382,
    1.125559888369,1.134218041357,1.142876194344,1.151534347331,
    1.160192500319,1.168850653306,1.177508806294,1.186166959281,
    1.194825112269,1.203483265256,1.212141418244,1.220799571231,
    1.229457724219,1.238115877206,1.246774030193,1.255432183181,
    1.264090336168,1.272748489156,1.281406642143,1.290064795131,
    1.298722948118,1.307381101106,1.316039254093,1.324697407081,
    1.333355560068),.QUASI_UNIFORM_KNOTS.);
#1742 = CARTESIAN_POINT('',(2.5,5.186755972664));
#1743 = CARTESIAN_POINT('',(2.520413098561,5.186755970682));
#1744 = CARTESIAN_POINT('',(2.561232308536,5.186749914186));
#1745 = CARTESIAN_POINT('',(2.622401201265,5.186722651482));
#1746 = CARTESIAN_POINT('',(2.683472213329,5.186677199183));
#1747 = CARTESIAN_POINT('',(2.744403878062,5.18661351512));
#1748 = CARTESIAN_POINT('',(2.805152372816,5.186531540252));
#1749 = CARTESIAN_POINT('',(2.865671162025,5.18643119789));
#1750 = CARTESIAN_POINT('',(2.925911049046,5.186312396512));
#1751 = CARTESIAN_POINT('',(2.985820119052,5.186175031285));
#1752 = CARTESIAN_POINT('',(3.045343707922,5.186018985574));
#1753 = CARTESIAN_POINT('',(3.104424357105,5.185844132058));
#1754 = CARTESIAN_POINT('',(3.163001761644,5.185650333512));
#1755 = CARTESIAN_POINT('',(3.221012704701,5.18543744322));
#1756 = CARTESIAN_POINT('',(3.278390980013,5.18520530495));
#1757 = CARTESIAN_POINT('',(3.33506728532,5.184953752589));
#1758 = CARTESIAN_POINT('',(3.390969135157,5.184682608986));
#1759 = CARTESIAN_POINT('',(3.446020598457,5.184391685505));
#1760 = CARTESIAN_POINT('',(3.500142572823,5.184080776598));
#1761 = CARTESIAN_POINT('',(3.553250924636,5.183749670461));
#1762 = CARTESIAN_POINT('',(3.605262448475,5.183398097049));
#1763 = CARTESIAN_POINT('',(3.656047553083,5.183026073516));
#1764 = CARTESIAN_POINT('',(3.705499430092,5.182633460801));
#1765 = CARTESIAN_POINT('',(3.753498413181,5.182220184149));
#1766 = CARTESIAN_POINT('',(3.799917104007,5.18178621648));
#1767 = CARTESIAN_POINT('',(3.844619497902,5.181331594196));
#1768 = CARTESIAN_POINT('',(3.887462296303,5.180856418377));
#1769 = CARTESIAN_POINT('',(3.928293472516,5.180360881885));
#1770 = CARTESIAN_POINT('',(3.966950467067,5.179845327701));
#1771 = CARTESIAN_POINT('',(4.003265241221,5.179310217243));
#1772 = CARTESIAN_POINT('',(4.037063783885,5.178756175506));
#1773 = CARTESIAN_POINT('',(4.068168016438,5.178184023602));
#1774 = CARTESIAN_POINT('',(4.096402606866,5.177594707016));
#1775 = CARTESIAN_POINT('',(4.121592773363,5.176989380241));
#1776 = CARTESIAN_POINT('',(4.14356067176,5.176369667245));
#1777 = CARTESIAN_POINT('',(4.162146797761,5.175737304609));
#1778 = CARTESIAN_POINT('',(4.17720824424,5.175094234065));
#1779 = CARTESIAN_POINT('',(4.18862323717,5.174442580529));
#1780 = CARTESIAN_POINT('',(4.196294604522,5.173784670415));
#1781 = CARTESIAN_POINT('',(4.200153850456,5.173123002166));
#1782 = CARTESIAN_POINT('',(4.200166491149,5.172460366557));
#1783 = CARTESIAN_POINT('',(4.196333750499,5.171799190719));
#1784 = CARTESIAN_POINT('',(4.188689693236,5.17114209658));
#1785 = CARTESIAN_POINT('',(4.177301169401,5.170491550202));
#1786 = CARTESIAN_POINT('',(4.162264481417,5.169849875498));
#1787 = CARTESIAN_POINT('',(4.143702698342,5.169219248871));
#1788 = CARTESIAN_POINT('',(4.121763118047,5.168601694807));
#1789 = CARTESIAN_POINT('',(4.096603897292,5.16799882595));
#1790 = CARTESIAN_POINT('',(4.068394917112,5.167412074396));
#1791 = CARTESIAN_POINT('',(4.037311617343,5.166842625734));
#1792 = CARTESIAN_POINT('',(4.003532210882,5.166291459113));
#1793 = CARTESIAN_POINT('',(3.967234558705,5.165759360251));
#1794 = CARTESIAN_POINT('',(3.92859353091,5.165246939375));
#1795 = CARTESIAN_POINT('',(3.887778938728,5.164754648763));
#1796 = CARTESIAN_POINT('',(3.844952866892,5.164282789187));
#1797 = CARTESIAN_POINT('',(3.800265899403,5.163831511351));
#1798 = CARTESIAN_POINT('',(3.753861797627,5.163400896119));
#1799 = CARTESIAN_POINT('',(3.70587646837,5.162990955316));
#1800 = CARTESIAN_POINT('',(3.656437550219,5.162601641336));
#1801 = CARTESIAN_POINT('',(3.605664147966,5.162232856073));
#1802 = CARTESIAN_POINT('',(3.553665356409,5.161884453637));
#1803 = CARTESIAN_POINT('',(3.500545934329,5.161556284928));
#1804 = CARTESIAN_POINT('',(3.446401620918,5.161248166898));
#1805 = CARTESIAN_POINT('',(3.391322417579,5.160959914583));
#1806 = CARTESIAN_POINT('',(3.335392597325,5.160691338546));
#1807 = CARTESIAN_POINT('',(3.278689639723,5.160442240855));
#1808 = CARTESIAN_POINT('',(3.221294955694,5.160212463081));
#1809 = CARTESIAN_POINT('',(3.163272431366,5.160001796888));
#1810 = CARTESIAN_POINT('',(3.104685468988,5.15981006228));
#1811 = CARTESIAN_POINT('',(3.045594619018,5.159637093958));
#1812 = CARTESIAN_POINT('',(2.986058343419,5.159482743212));
#1813 = CARTESIAN_POINT('',(2.926132928537,5.159346876118));
#1814 = CARTESIAN_POINT('',(2.865872612922,5.159229373195));
#1815 = CARTESIAN_POINT('',(2.805329650248,5.159130129139));
#1816 = CARTESIAN_POINT('',(2.744554361385,5.159049052997));
#1817 = CARTESIAN_POINT('',(2.683595239217,5.158986068698));
#1818 = CARTESIAN_POINT('',(2.622498797805,5.158941115948));
#1819 = CARTESIAN_POINT('',(2.561310335893,5.158914151514));
#1820 = CARTESIAN_POINT('',(2.500071243159,5.158905150783));
#1821 = CARTESIAN_POINT('',(2.438829165628,5.158914110063));
#1822 = CARTESIAN_POINT('',(2.37763502066,5.158941036567));
#1823 = CARTESIAN_POINT('',(2.316531753157,5.158985955723));
#1824 = CARTESIAN_POINT('',(2.255565998323,5.159048910083));
#1825 = CARTESIAN_POINT('',(2.194785014739,5.159129958442));
#1826 = CARTESIAN_POINT('',(2.134237560842,5.159229175379));
#1827 = CARTESIAN_POINT('',(2.073973752058,5.159346651032));
#1828 = CARTESIAN_POINT('',(2.014045088961,5.159482491617));
#1829 = CARTESIAN_POINT('',(1.95450485776,5.159636818903));
#1830 = CARTESIAN_POINT('',(1.895406907496,5.159809775207));
#1831 = CARTESIAN_POINT('',(1.836811048404,5.16000150808));
#1832 = CARTESIAN_POINT('',(1.778779620667,5.160212177884));
#1833 = CARTESIAN_POINT('',(1.721377773553,5.160441957721));
#1834 = CARTESIAN_POINT('',(1.664674626884,5.160691029887));
#1835 = CARTESIAN_POINT('',(1.608744126181,5.160959580937));
#1836 = CARTESIAN_POINT('',(1.55366424241,5.16124780748));
#1837 = CARTESIAN_POINT('',(1.49951909521,5.161555899399));
#1838 = CARTESIAN_POINT('',(1.446398730888,5.161884041417));
#1839 = CARTESIAN_POINT('',(1.394398838238,5.162232416787));
#1840 = CARTESIAN_POINT('',(1.343624202228,5.162601174482));
#1841 = CARTESIAN_POINT('',(1.294183901644,5.162990460376));
#1842 = CARTESIAN_POINT('',(1.246197011367,5.163400372755));
#1843 = CARTESIAN_POINT('',(1.199791135439,5.163830959561));
#1844 = CARTESIAN_POINT('',(1.155102274497,5.164282207948));
#1845 = CARTESIAN_POINT('',(1.112273850279,5.164754040582));
#1846 = CARTESIAN_POINT('',(1.071457767477,5.165246292541));
#1847 = CARTESIAN_POINT('',(1.03281669697,5.165758647783));
#1848 = CARTESIAN_POINT('',(0.996518663934,5.166290674145));
#1849 = CARTESIAN_POINT('',(0.962737751388,5.166841775374));
#1850 = CARTESIAN_POINT('',(0.931651862366,5.167411164123));
#1851 = CARTESIAN_POINT('',(0.903436960754,5.167997911317));
#1852 = CARTESIAN_POINT('',(0.878267248614,5.168600899838));
#1853 = CARTESIAN_POINT('',(0.856320373372,5.169218537462));
#1854 = CARTESIAN_POINT('',(0.837755669461,5.169849116296));
#1855 = CARTESIAN_POINT('',(0.822715854014,5.170490722183));
#1856 = CARTESIAN_POINT('',(0.811322548324,5.171141254807));
#1857 = CARTESIAN_POINT('',(0.803672825923,5.171798410919));
#1858 = CARTESIAN_POINT('',(0.79983523987,5.172459705568));
#1859 = CARTESIAN_POINT('',(0.799844317972,5.17312237943));
#1860 = CARTESIAN_POINT('',(0.803699941659,5.173784046741));
#1861 = CARTESIAN_POINT('',(0.811367750219,5.174441963817));
#1862 = CARTESIAN_POINT('',(0.822779557026,5.175093640259));
#1863 = CARTESIAN_POINT('',(0.837838615047,5.175736755419));
#1864 = CARTESIAN_POINT('',(0.856423426672,5.176369180167));
#1865 = CARTESIAN_POINT('',(0.878390956889,5.17698896114));
#1866 = CARTESIAN_POINT('',(0.903581283788,5.177594348409));
#1867 = CARTESIAN_POINT('',(0.931814691462,5.178183685609));
#1868 = CARTESIAN_POINT('',(0.962918005918,5.17875586026));
#1869 = CARTESIAN_POINT('',(0.99671585809,5.179309924241));
#1870 = CARTESIAN_POINT('',(1.033030152906,5.179845056622));
#1871 = CARTESIAN_POINT('',(1.071686845524,5.180360632014));
#1872 = CARTESIAN_POINT('',(1.112517901072,5.180856189064));
#1873 = CARTESIAN_POINT('',(1.155360669545,5.181331383935));
#1874 = CARTESIAN_POINT('',(1.20006324989,5.181786025265));
#1875 = CARTESIAN_POINT('',(1.246482255371,5.182220011014));
#1876 = CARTESIAN_POINT('',(1.294481674417,5.182633304831));
#1877 = CARTESIAN_POINT('',(1.343934057246,5.183025933519));
#1878 = CARTESIAN_POINT('',(1.394719875159,5.183397972871));
#1879 = CARTESIAN_POINT('',(1.446731863396,5.183749558855));
#1880 = CARTESIAN_POINT('',(1.499840506809,5.184080675458));
#1881 = CARTESIAN_POINT('',(1.553963054812,5.184391595565));
#1882 = CARTESIAN_POINT('',(1.609015209808,5.184682529842));
#1883 = CARTESIAN_POINT('',(1.664917874858,5.18495368385));
#1884 = CARTESIAN_POINT('',(1.72159508269,5.185205246005));
#1885 = CARTESIAN_POINT('',(1.778974326665,5.185437393363));
#1886 = CARTESIAN_POINT('',(1.836986283364,5.185650291965));
#1887 = CARTESIAN_POINT('',(1.895564729585,5.185844098011));
#1888 = CARTESIAN_POINT('',(1.954646434846,5.186018958211));
#1889 = CARTESIAN_POINT('',(2.014171084285,5.186175009802));
#1890 = CARTESIAN_POINT('',(2.074081213272,5.186312380134));
#1891 = CARTESIAN_POINT('',(2.134322155591,5.186431185876));
#1892 = CARTESIAN_POINT('',(2.194841998426,5.1865315319));
#1893 = CARTESIAN_POINT('',(2.255591551371,5.186613509761));
#1894 = CARTESIAN_POINT('',(2.316524289362,5.186677196168));
#1895 = CARTESIAN_POINT('',(2.377596404698,5.186722650174));
#1896 = CARTESIAN_POINT('',(2.438766449582,5.186749913938));
#1897 = CARTESIAN_POINT('',(2.479586476736,5.18675597068));
#1898 = CARTESIAN_POINT('',(2.5,5.186755972664));
#1899 = ( GEOMETRIC_REPRESENTATION_CONTEXT(2) 
PARAMETRIC_REPRESENTATION_CONTEXT() REPRESENTATION_CONTEXT('2D SPACE',''
  ) );
#1900 = PCURVE('',#1901,#1906);
#1901 = CYLINDRICAL_SURFACE('',#1902,1.7);
#1902 = AXIS2_PLACEMENT_3D('',#1903,#1904,#1905);
#1903 = CARTESIAN_POINT('',(42.824636788256,60.577022631072,2.5));
#1904 = DIRECTION('',(-0.986375977927,-0.16450662652,0.));
#1905 = DIRECTION('',(-0.16450662652,0.986375977927,0.));
#1906 = DEFINITIONAL_REPRESENTATION('',(#1907),#2065);
#1907 = B_SPLINE_CURVE_WITH_KNOTS('',3,(#1908,#1909,#1910,#1911,#1912,
    #1913,#1914,#1915,#1916,#1917,#1918,#1919,#1920,#1921,#1922,#1923,
    #1924,#1925,#1926,#1927,#1928,#1929,#1930,#1931,#1932,#1933,#1934,
    #1935,#1936,#1937,#1938,#1939,#1940,#1941,#1942,#1943,#1944,#1945,
    #1946,#1947,#1948,#1949,#1950,#1951,#1952,#1953,#1954,#1955,#1956,
    #1957,#1958,#1959,#1960,#1961,#1962,#1963,#1964,#1965,#1966,#1967,
    #1968,#1969,#1970,#1971,#1972,#1973,#1974,#1975,#1976,#1977,#1978,
    #1979,#1980,#1981,#1982,#1983,#1984,#1985,#1986,#1987,#1988,#1989,
    #1990,#1991,#1992,#1993,#1994,#1995,#1996,#1997,#1998,#1999,#2000,
    #2001,#2002,#2003,#2004,#2005,#2006,#2007,#2008,#2009,#2010,#2011,
    #2012,#2013,#2014,#2015,#2016,#2017,#2018,#2019,#2020,#2021,#2022,
    #2023,#2024,#2025,#2026,#2027,#2028,#2029,#2030,#2031,#2032,#2033,
    #2034,#2035,#2036,#2037,#2038,#2039,#2040,#2041,#2042,#2043,#2044,
    #2045,#2046,#2047,#2048,#2049,#2050,#2051,#2052,#2053,#2054,#2055,
    #2056,#2057,#2058,#2059,#2060,#2061,#2062,#2063,#2064),
  .UNSPECIFIED.,.F.,.F.,(4,1,1,1,1,1,1,1,1,1,1,1,1,1,1,1,1,1,1,1,1,1,1,1
    ,1,1,1,1,1,1,1,1,1,1,1,1,1,1,1,1,1,1,1,1,1,1,1,1,1,1,1,1,1,1,1,1,1,1
    ,1,1,1,1,1,1,1,1,1,1,1,1,1,1,1,1,1,1,1,1,1,1,1,1,1,1,1,1,1,1,1,1,1,1
    ,1,1,1,1,1,1,1,1,1,1,1,1,1,1,1,1,1,1,1,1,1,1,1,1,1,1,1,1,1,1,1,1,1,1
    ,1,1,1,1,1,1,1,1,1,1,1,1,1,1,1,1,1,1,1,1,1,1,1,1,1,1,1,1,4),(0.,
    8.658152987455E-03,1.731630597491E-02,2.597445896236E-02,
    3.463261194982E-02,4.329076493727E-02,5.194891792473E-02,
    6.060707091218E-02,6.926522389964E-02,7.792337688709E-02,
    8.658152987455E-02,9.5239682862E-02,0.103897835849,0.112555988837,
    0.121214141824,0.129872294812,0.138530447799,0.147188600787,
    0.155846753774,0.164504906762,0.173163059749,0.181821212737,
    0.190479365724,0.199137518711,0.207795671699,0.216453824686,
    0.225111977674,0.233770130661,0.242428283649,0.251086436636,
    0.259744589624,0.268402742611,0.277060895599,0.285719048586,
    0.294377201573,0.303035354561,0.311693507548,0.320351660536,
    0.329009813523,0.337667966511,0.346326119498,0.354984272486,
    0.363642425473,0.372300578461,0.380958731448,0.389616884435,
    0.398275037423,0.40693319041,0.415591343398,0.424249496385,
    0.432907649373,0.44156580236,0.450223955348,0.458882108335,
    0.467540261323,0.47619841431,0.484856567297,0.493514720285,
    0.502172873272,0.51083102626,0.519489179247,0.528147332235,
    0.536805485222,0.54546363821,0.554121791197,0.562779944185,
    0.571438097172,0.580096250159,0.588754403147,0.597412556134,
    0.606070709122,0.614728862109,0.623387015097,0.632045168084,
    0.640703321072,0.649361474059,0.658019627047,0.666677780034,
    0.675335933021,0.683994086009,0.692652238996,0.701310391984,
    0.709968544971,0.718626697959,0.727284850946,0.735943003934,
    0.744601156921,0.753259309909,0.761917462896,0.770575615883,
    0.779233768871,0.787891921858,0.796550074846,0.805208227833,
    0.813866380821,0.822524533808,0.831182686796,0.839840839783,
    0.848498992771,0.857157145758,0.865815298745,0.874473451733,
    0.88313160472,0.891789757708,0.900447910695,0.909106063683,
    0.91776421667,0.926422369658,0.935080522645,0.943738675633,
    0.95239682862,0.961054981607,0.969713134595,0.978371287582,
    0.98702944057,0.995687593557,1.004345746545,1.013003899532,
    1.02166205252,1.030320205507,1.038978358495,1.047636511482,
    1.056294664469,1.064952817457,1.073610970444,1.082269123432,
    1.090927276419,1.099585429407,1.108243582394,1.116901735382,
    1.125559888369,1.134218041357,1.142876194344,1.151534347331,
    1.160192500319,1.168850653306,1.177508806294,1.186166959281,
    1.194825112269,1.203483265256,1.212141418244,1.220799571231,
    1.229457724219,1.238115877206,1.246774030193,1.255432183181,
    1.264090336168,1.272748489156,1.281406642143,1.290064795131,
    1.298722948118,1.307381101106,1.316039254093,1.324697407081,
    1.333355560068),.QUASI_UNIFORM_KNOTS.);
#1908 = CARTESIAN_POINT('',(6.28318530718,4.604820698286));
#1909 = CARTESIAN_POINT('',(6.271177584842,4.604820700964));
#1910 = CARTESIAN_POINT('',(6.247166309397,4.604816486104));
#1911 = CARTESIAN_POINT('',(6.211137870366,4.604797568078));
#1912 = CARTESIAN_POINT('',(6.175073418231,4.604766106011));
#1913 = CARTESIAN_POINT('',(6.138950053629,4.604722197893));
#1914 = CARTESIAN_POINT('',(6.102745666209,4.604665975364));
#1915 = CARTESIAN_POINT('',(6.066438906928,4.604597610292));
#1916 = CARTESIAN_POINT('',(6.03000896306,4.60451731609));
#1917 = CARTESIAN_POINT('',(5.993435393669,4.604425350335));
#1918 = CARTESIAN_POINT('',(5.956697953808,4.604322016934));
#1919 = CARTESIAN_POINT('',(5.919776423052,4.604207668291));
#1920 = CARTESIAN_POINT('',(5.88265042941,4.604082707374));
#1921 = CARTESIAN_POINT('',(5.845299266248,4.603947589699));
#1922 = CARTESIAN_POINT('',(5.807701693691,4.603802825211));
#1923 = CARTESIAN_POINT('',(5.769835730025,4.603648980126));
#1924 = CARTESIAN_POINT('',(5.731678384985,4.603486678526));
#1925 = CARTESIAN_POINT('',(5.693205483993,4.603316604464));
#1926 = CARTESIAN_POINT('',(5.654390994916,4.60313950174));
#1927 = CARTESIAN_POINT('',(5.615208019985,4.602956181951));
#1928 = CARTESIAN_POINT('',(5.575623348223,4.60276750126));
#1929 = CARTESIAN_POINT('',(5.535634212367,4.60257454341));
#1930 = CARTESIAN_POINT('',(5.495216469912,4.602378374207));
#1931 = CARTESIAN_POINT('',(5.454350494744,4.602180167551));
#1932 = CARTESIAN_POINT('',(5.413017798859,4.601981187029));
#1933 = CARTESIAN_POINT('',(5.371201909729,4.601782788387));
#1934 = CARTESIAN_POINT('',(5.328887623116,4.601586413647));
#1935 = CARTESIAN_POINT('',(5.286062752013,4.60139359776));
#1936 = CARTESIAN_POINT('',(5.242721900278,4.601205966357));
#1937 = CARTESIAN_POINT('',(5.198862790354,4.601025213172));
#1938 = CARTESIAN_POINT('',(5.154489112362,4.600853089031));
#1939 = CARTESIAN_POINT('',(5.109612114686,4.600691380647));
#1940 = CARTESIAN_POINT('',(5.064244430779,4.60054186481));
#1941 = CARTESIAN_POINT('',(5.018406418477,4.600406296977));
#1942 = CARTESIAN_POINT('',(4.972144909854,4.600286417605));
#1943 = CARTESIAN_POINT('',(4.925505882403,4.600183815013));
#1944 = CARTESIAN_POINT('',(4.878542292113,4.600099909006));
#1945 = CARTESIAN_POINT('',(4.8313131871,4.600035904773));
#1946 = CARTESIAN_POINT('',(4.783886143791,4.599992754362));
#1947 = CARTESIAN_POINT('',(4.736336517625,4.59997111818));
#1948 = CARTESIAN_POINT('',(4.688757806432,4.599971319386));
#1949 = CARTESIAN_POINT('',(4.641216618052,4.599993331755));
#1950 = CARTESIAN_POINT('',(4.593794807857,4.600036796827));
#1951 = CARTESIAN_POINT('',(4.546566206214,4.600101026864));
#1952 = CARTESIAN_POINT('',(4.499599334577,4.600185042915));
#1953 = CARTESIAN_POINT('',(4.452958507438,4.600287606011));
#1954 = CARTESIAN_POINT('',(4.406704817246,4.600407247285));
#1955 = CARTESIAN_POINT('',(4.360877435758,4.60054237191));
#1956 = CARTESIAN_POINT('',(4.315510754691,4.600691270979));
#1957 = CARTESIAN_POINT('',(4.270629418997,4.600852177558));
#1958 = CARTESIAN_POINT('',(4.226250968284,4.601023300354));
#1959 = CARTESIAN_POINT('',(4.182386291612,4.601202856699));
#1960 = CARTESIAN_POINT('',(4.1390402855,4.601389100125));
#1961 = CARTESIAN_POINT('',(4.096212428558,4.601580341785));
#1962 = CARTESIAN_POINT('',(4.053896316823,4.601774973486));
#1963 = CARTESIAN_POINT('',(4.012078344762,4.601971485244));
#1964 = CARTESIAN_POINT('',(3.970743732992,4.602168452513));
#1965 = CARTESIAN_POINT('',(3.929875896504,4.60236454113));
#1966 = CARTESIAN_POINT('',(3.889456502642,4.60255850878));
#1967 = CARTESIAN_POINT('',(3.849465512339,4.602749206021));
#1968 = CARTESIAN_POINT('',(3.809880343838,4.602935582552));
#1969 = CARTESIAN_POINT('',(3.770680151441,4.603116660986));
#1970 = CARTESIAN_POINT('',(3.731841966596,4.603291555913));
#1971 = CARTESIAN_POINT('',(3.6933432982,4.603459453008));
#1972 = CARTESIAN_POINT('',(3.65516168241,4.603619610324));
#1973 = CARTESIAN_POINT('',(3.617273700349,4.603771361853));
#1974 = CARTESIAN_POINT('',(3.579661904011,4.603914081996));
#1975 = CARTESIAN_POINT('',(3.542300348893,4.604047240691));
#1976 = CARTESIAN_POINT('',(3.505165802532,4.60417035319));
#1977 = CARTESIAN_POINT('',(3.468235776206,4.604282985708));
#1978 = CARTESIAN_POINT('',(3.431488732617,4.604384752147));
#1979 = CARTESIAN_POINT('',(3.394903743828,4.604475313171));
#1980 = CARTESIAN_POINT('',(3.358460323025,4.604554374605));
#1981 = CARTESIAN_POINT('',(3.322138233127,4.604621685988));
#1982 = CARTESIAN_POINT('',(3.285917306043,4.604677039035));
#1983 = CARTESIAN_POINT('',(3.249777302491,4.604720266093));
#1984 = CARTESIAN_POINT('',(3.213697626223,4.60475123856));
#1985 = CARTESIAN_POINT('',(3.177657574767,4.604769865252));
#1986 = CARTESIAN_POINT('',(3.141634552181,4.604776090844));
#1987 = CARTESIAN_POINT('',(3.105609828729,4.60476989387));
#1988 = CARTESIAN_POINT('',(3.069566589231,4.604751293243));
#1989 = CARTESIAN_POINT('',(3.033483134453,4.60472034374));
#1990 = CARTESIAN_POINT('',(2.997339534465,4.604677136907));
#1991 = CARTESIAN_POINT('',(2.961115627233,4.604621802259));
#1992 = CARTESIAN_POINT('',(2.924791334555,4.604554508355));
#1993 = CARTESIAN_POINT('',(2.888346374546,4.604475463954));
#1994 = CARTESIAN_POINT('',(2.851760059147,4.604384918889));
#1995 = CARTESIAN_POINT('',(2.815011313496,4.604283165868));
#1996 = CARTESIAN_POINT('',(2.77807765185,4.604170538773));
#1997 = CARTESIAN_POINT('',(2.740938297822,4.604047424967));
#1998 = CARTESIAN_POINT('',(2.703571854351,4.603914260668));
#1999 = CARTESIAN_POINT('',(2.665956210785,4.603771535999));
#2000 = CARTESIAN_POINT('',(2.62806900483,4.603619796476));
#2001 = CARTESIAN_POINT('',(2.589887957801,4.603459649741));
#2002 = CARTESIAN_POINT('',(2.551389956219,4.60329176271));
#2003 = CARTESIAN_POINT('',(2.512552445675,4.603116876881));
#2004 = CARTESIAN_POINT('',(2.473352972163,4.602935806651));
#2005 = CARTESIAN_POINT('',(2.433768539956,4.602749437213));
#2006 = CARTESIAN_POINT('',(2.393778326802,4.602558745936));
#2007 = CARTESIAN_POINT('',(2.353359750734,4.602364782963));
#2008 = CARTESIAN_POINT('',(2.312492757687,4.602168697533));
#2009 = CARTESIAN_POINT('',(2.271158990432,4.601971731732));
#2010 = CARTESIAN_POINT('',(2.229341962962,4.601775220127));
#2011 = CARTESIAN_POINT('',(2.187026581152,4.601580585425));
#2012 = CARTESIAN_POINT('',(2.144200530108,4.601389344136));
#2013 = CARTESIAN_POINT('',(2.100858524821,4.601203106888));
#2014 = CARTESIAN_POINT('',(2.056998288552,4.601023554886));
#2015 = CARTESIAN_POINT('',(2.012623637163,4.600852430663));
#2016 = CARTESIAN_POINT('',(1.967745602086,4.600691515515));
#2017 = CARTESIAN_POINT('',(1.922377924805,4.600542589869));
#2018 = CARTESIAN_POINT('',(1.876540393618,4.600407412038));
#2019 = CARTESIAN_POINT('',(1.83027972539,4.600287732441));
#2020 = CARTESIAN_POINT('',(1.783641822764,4.600185155457));
#2021 = CARTESIAN_POINT('',(1.736679445865,4.60010112249));
#2022 = CARTESIAN_POINT('',(1.689451404371,4.600036865785));
#2023 = CARTESIAN_POINT('',(1.642024831992,4.599993369262));
#2024 = CARTESIAN_POINT('',(1.594474973975,4.599971329511));
#2025 = CARTESIAN_POINT('',(1.546893506221,4.599971108073));
#2026 = CARTESIAN_POINT('',(1.499344035431,4.599992723817));
#2027 = CARTESIAN_POINT('',(1.451916681298,4.600035854169));
#2028 = CARTESIAN_POINT('',(1.40468620419,4.60009984076));
#2029 = CARTESIAN_POINT('',(1.357719726251,4.600183734049));
#2030 = CARTESIAN_POINT('',(1.311076542496,4.600286330317));
#2031 = CARTESIAN_POINT('',(1.264810409939,4.600406208858));
#2032 = CARTESIAN_POINT('',(1.218968259406,4.600541778792));
#2033 = CARTESIAN_POINT('',(1.173599450836,4.6006912899));
#2034 = CARTESIAN_POINT('',(1.128721180074,4.600852995304));
#2035 = CARTESIAN_POINT('',(1.084346256021,4.601025117983));
#2036 = CARTESIAN_POINT('',(1.04048590879,4.601205871101));
#2037 = CARTESIAN_POINT('',(0.997143854736,4.601393503521));
#2038 = CARTESIAN_POINT('',(0.954317802751,4.601586321517));
#2039 = CARTESIAN_POINT('',(0.912002429359,4.601782698949));
#2040 = CARTESIAN_POINT('',(0.870185410103,4.601981101328));
#2041 = CARTESIAN_POINT('',(0.82885161974,4.602180086224));
#2042 = CARTESIAN_POINT('',(0.787984578866,4.602378297759));
#2043 = CARTESIAN_POINT('',(0.747565828567,4.602574472053));
#2044 = CARTESIAN_POINT('',(0.707575626863,4.602767435643));
#2045 = CARTESIAN_POINT('',(0.667990173285,4.602956121051));
#2046 = CARTESIAN_POINT('',(0.628806609693,4.603139444878));
#2047 = CARTESIAN_POINT('',(0.589991385741,4.603316552512));
#2048 = CARTESIAN_POINT('',(0.551517725681,4.603486631669));
#2049 = CARTESIAN_POINT('',(0.513359590274,4.6036489385));
#2050 = CARTESIAN_POINT('',(0.475492827563,4.603802788775));
#2051 = CARTESIAN_POINT('',(0.437894457636,4.603947558302));
#2052 = CARTESIAN_POINT('',(0.400542508586,4.604082680768));
#2053 = CARTESIAN_POINT('',(0.363415747053,4.604207646159));
#2054 = CARTESIAN_POINT('',(0.326493470653,4.604321998909));
#2055 = CARTESIAN_POINT('',(0.28975530933,4.60442533602));
#2056 = CARTESIAN_POINT('',(0.25318104243,4.604517305066));
#2057 = CARTESIAN_POINT('',(0.216750422634,4.604597602137));
#2058 = CARTESIAN_POINT('',(0.180443004499,4.604665969653));
#2059 = CARTESIAN_POINT('',(0.144237968597,4.604722194204));
#2060 = CARTESIAN_POINT('',(0.108113956946,4.604766103923));
#2061 = CARTESIAN_POINT('',(7.204884782683E-02,4.604797567167));
#2062 = CARTESIAN_POINT('',(3.601972831633E-02,4.604816485929));
#2063 = CARTESIAN_POINT('',(1.200797214939E-02,4.604820700963));
#2064 = CARTESIAN_POINT('',(-8.881784197001E-16,4.604820698286));
#2065 = ( GEOMETRIC_REPRESENTATION_CONTEXT(2) 
PARAMETRIC_REPRESENTATION_CONTEXT() REPRESENTATION_CONTEXT('2D SPACE',''
  ) );
#2066 = FACE_BOUND('',#2067,.T.);
#2067 = EDGE_LOOP('',(#2068));
#2068 = ORIENTED_EDGE('',*,*,#2069,.T.);
#2069 = EDGE_CURVE('',#2070,#2070,#2072,.T.);
#2070 = VERTEX_POINT('',#2071);
#2071 = CARTESIAN_POINT('',(-21.28694570384,114.83667493511,2.5));
#2072 = SURFACE_CURVE('',#2073,(#2190,#2351),.PCURVE_S1.);
#2073 = B_SPLINE_CURVE_WITH_KNOTS('',7,(#2074,#2075,#2076,#2077,#2078,
    #2079,#2080,#2081,#2082,#2083,#2084,#2085,#2086,#2087,#2088,#2089,
    #2090,#2091,#2092,#2093,#2094,#2095,#2096,#2097,#2098,#2099,#2100,
    #2101,#2102,#2103,#2104,#2105,#2106,#2107,#2108,#2109,#2110,#2111,
    #2112,#2113,#2114,#2115,#2116,#2117,#2118,#2119,#2120,#2121,#2122,
    #2123,#2124,#2125,#2126,#2127,#2128,#2129,#2130,#2131,#2132,#2133,
    #2134,#2135,#2136,#2137,#2138,#2139,#2140,#2141,#2142,#2143,#2144,
    #2145,#2146,#2147,#2148,#2149,#2150,#2151,#2152,#2153,#2154,#2155,
    #2156,#2157,#2158,#2159,#2160,#2161,#2162,#2163,#2164,#2165,#2166,
    #2167,#2168,#2169,#2170,#2171,#2172,#2173,#2174,#2175,#2176,#2177,
    #2178,#2179,#2180,#2181,#2182,#2183,#2184,#2185,#2186,#2187,#2188,
    #2189),.UNSPECIFIED.,.T.,.F.,(8,6,6,6,6,6,6,6,6,6,6,6,6,6,6,6,6,6,6,
    8),(0.,0.160098486569,0.217205036049,0.261834367556,0.332923864036,
    0.405559984918,0.449978419917,0.506990287571,0.550142735545,
    0.667136729722,0.751133064163,0.783425141307,0.826605271607,
    0.883699526725,0.92829726987,1.,1.071294880903,1.115971578776,
    1.17310243449,1.333292378782),.UNSPECIFIED.);
#2074 = CARTESIAN_POINT('',(-21.28694570384,114.83667493511,2.5));
#2075 = CARTESIAN_POINT('',(-21.28694570384,114.83667493511,
    2.661789230838));
#2076 = CARTESIAN_POINT('',(-21.27819881214,114.85236918191,
    2.823388268976));
#2077 = CARTESIAN_POINT('',(-21.26073862826,114.88369698754,
    2.983743168475));
#2078 = CARTESIAN_POINT('',(-21.23435188673,114.93099074376,
    3.141459098836));
#2079 = CARTESIAN_POINT('',(-21.19871897342,114.99471815595,
    3.29474016847));
#2080 = CARTESIAN_POINT('',(-21.15349875316,115.07532377277,
    3.441446836451));
#2081 = CARTESIAN_POINT('',(-21.07833425551,115.2086726171,
    3.627835859925));
#2082 = CARTESIAN_POINT('',(-21.05728851862,115.24596125641,
    3.675624987471));
#2083 = CARTESIAN_POINT('',(-21.03494028315,115.28550097844,
    3.72206231654));
#2084 = CARTESIAN_POINT('',(-21.011274605,115.32730560465,3.766989001932
    ));
#2085 = CARTESIAN_POINT('',(-20.98628272787,115.37137671255,
    3.810226166224));
#2086 = CARTESIAN_POINT('',(-20.95996454937,115.41769947863,
    3.851577331862));
#2087 = CARTESIAN_POINT('',(-20.91073526381,115.50417226184,
    3.921507867262));
#2088 = CARTESIAN_POINT('',(-20.88833736434,115.54345742648,
    3.950901904396));
#2089 = CARTESIAN_POINT('',(-20.86514414178,115.58407459282,
    3.978910888467));
#2090 = CARTESIAN_POINT('',(-20.84116867684,115.62599283306,
    4.005424279901));
#2091 = CARTESIAN_POINT('',(-20.81643203969,115.6691671325,
    4.030326452472));
#2092 = CARTESIAN_POINT('',(-20.79096495165,115.71353580797,
    4.053500070047));
#2093 = CARTESIAN_POINT('',(-20.72314667535,115.83146581589,
    4.108804783507));
#2094 = CARTESIAN_POINT('',(-20.67971968802,115.90676928864,
    4.138115455227));
#2095 = CARTESIAN_POINT('',(-20.63472642055,115.98455239681,
    4.162263003223));
#2096 = CARTESIAN_POINT('',(-20.58842549486,116.06433764624,
    4.180803909021));
#2097 = CARTESIAN_POINT('',(-20.54114251168,116.14553993594,
    4.193380332127));
#2098 = CARTESIAN_POINT('',(-20.49327524479,116.22746262545,
    4.199775739107));
#2099 = CARTESIAN_POINT('',(-20.39627642979,116.39290919687,
    4.200219921811));
#2100 = CARTESIAN_POINT('',(-20.34709332521,116.47650880296,
    4.193997282341));
#2101 = CARTESIAN_POINT('',(-20.2982504859,116.55923551187,
    4.181313010799));
#2102 = CARTESIAN_POINT('',(-20.2501861712,116.64035720534,
    4.162392626621));
#2103 = CARTESIAN_POINT('',(-20.2032749494,116.71926402451,
    4.137615688016));
#2104 = CARTESIAN_POINT('',(-20.15782848476,116.79546212308,
    4.107457861057));
#2105 = CARTESIAN_POINT('',(-20.08735432459,116.91327020671,
    4.051059802588));
#2106 = CARTESIAN_POINT('',(-20.06124315333,116.95683383112,
    4.027840959708));
#2107 = CARTESIAN_POINT('',(-20.03581209965,116.99918284358,
    4.002918677431));
#2108 = CARTESIAN_POINT('',(-20.01109887065,117.0402621679,
    3.976408532441));
#2109 = CARTESIAN_POINT('',(-19.98713165787,117.08003286875,
    3.948424267833));
#2110 = CARTESIAN_POINT('',(-19.96393052875,117.11846950674,
    3.919074539057));
#2111 = CARTESIAN_POINT('',(-19.91273014553,117.20316059787,
    3.849164906654));
#2112 = CARTESIAN_POINT('',(-19.88523761809,117.24853840505,
    3.807788906051));
#2113 = CARTESIAN_POINT('',(-19.85905639884,117.29166526945,
    3.764541599543));
#2114 = CARTESIAN_POINT('',(-19.83419944458,117.33253495819,
    3.719617807996));
#2115 = CARTESIAN_POINT('',(-19.81066985455,117.3711565245,
    3.673194863024));
#2116 = CARTESIAN_POINT('',(-19.78846321894,117.40755018102,
    3.625430238345));
#2117 = CARTESIAN_POINT('',(-19.7517558049,117.46762394797,
    3.539392845938));
#2118 = CARTESIAN_POINT('',(-19.73669492592,117.49224259202,
    3.501637159314));
#2119 = CARTESIAN_POINT('',(-19.72238327684,117.51561078744,
    3.463251884758));
#2120 = CARTESIAN_POINT('',(-19.7088163841,117.53774049878,
    3.424292467637));
#2121 = CARTESIAN_POINT('',(-19.69598935434,117.55864397293,
    3.384810035207));
#2122 = CARTESIAN_POINT('',(-19.68389687433,117.57833373914,
    3.344851396609));
#2123 = CARTESIAN_POINT('',(-19.64172429013,117.64694923768,
    3.194948157182));
#2124 = CARTESIAN_POINT('',(-19.61628439231,117.68822943366,
    3.082289725237));
#2125 = CARTESIAN_POINT('',(-19.59608266096,117.72094581958,
    2.967280461692));
#2126 = CARTESIAN_POINT('',(-19.58103375016,117.74528596438,
    2.850613962392));
#2127 = CARTESIAN_POINT('',(-19.57107186974,117.7613879952,
    2.732903392054));
#2128 = CARTESIAN_POINT('',(-19.56615255539,117.76933954686,
    2.614693067636));
#2129 = CARTESIAN_POINT('',(-19.56637521662,117.76897963885,
    2.411572242031));
#2130 = CARTESIAN_POINT('',(-19.56907072362,117.76462263921,
    2.326697632953));
#2131 = CARTESIAN_POINT('',(-19.5743682118,117.75605971485,
    2.242023015634));
#2132 = CARTESIAN_POINT('',(-19.58227843927,117.7432691155,
    2.157748617232));
#2133 = CARTESIAN_POINT('',(-19.59281962444,117.72621277214,
    2.074087945927));
#2134 = CARTESIAN_POINT('',(-19.60601732598,117.70483622789,
    1.99126976602));
#2135 = CARTESIAN_POINT('',(-19.62801707363,117.66915375318,
    1.878120804009));
#2136 = CARTESIAN_POINT('',(-19.63452398337,117.65859551961,
    1.846862581021));
#2137 = CARTESIAN_POINT('',(-19.64143064797,117.64738353053,
    1.815780939708));
#2138 = CARTESIAN_POINT('',(-19.64873909712,117.63551336178,
    1.784891272993));
#2139 = CARTESIAN_POINT('',(-19.65645144506,117.62298033747,
    1.754209846852));
#2140 = CARTESIAN_POINT('',(-19.6645698905,117.60977953001,
    1.723753800314));
#2141 = CARTESIAN_POINT('',(-19.68449856807,117.57735411371,
    1.653141564862));
#2142 = CARTESIAN_POINT('',(-19.69663034897,117.55759961741,
    1.613177786368));
#2143 = CARTESIAN_POINT('',(-19.70949780826,117.53662941607,
    1.57369247715));
#2144 = CARTESIAN_POINT('',(-19.72310626506,117.51443095194,
    1.534732647502));
#2145 = CARTESIAN_POINT('',(-19.73746060878,117.49099196458,
    1.496349650837));
#2146 = CARTESIAN_POINT('',(-19.75256529907,117.46630049086,
    1.458599183695));
#2147 = CARTESIAN_POINT('',(-19.78939377005,117.40602544271,
    1.372542057026));
#2148 = CARTESIAN_POINT('',(-19.81168056752,117.36949830556,
    1.324756840123));
#2149 = CARTESIAN_POINT('',(-19.8352942941,117.3307361861,1.2783218271)
  );
#2150 = CARTESIAN_POINT('',(-19.86023924253,117.28971897555,
    1.233395637604));
#2151 = CARTESIAN_POINT('',(-19.88651207926,117.24643791374,
    1.190156897516));
#2152 = CARTESIAN_POINT('',(-19.9140994613,117.20089977889,
    1.148801817603));
#2153 = CARTESIAN_POINT('',(-19.96553156482,117.11581775655,
    1.078874773926));
#2154 = CARTESIAN_POINT('',(-19.9888725544,117.07714558963,
    1.049487896789));
#2155 = CARTESIAN_POINT('',(-20.01298488113,117.03712973897,
    1.021482934154));
#2156 = CARTESIAN_POINT('',(-20.03784791545,116.99579647649,
    0.99497012532));
#2157 = CARTESIAN_POINT('',(-20.06343271622,116.95318589105,
    0.970064798219));
#2158 = CARTESIAN_POINT('',(-20.08970060788,116.90935459561,
    0.946884012153));
#2159 = CARTESIAN_POINT('',(-20.15985250881,116.79206729656,
    0.891232171521));
#2160 = CARTESIAN_POINT('',(-20.20475991794,116.71676379299,
    0.861661236668));
#2161 = CARTESIAN_POINT('',(-20.25108554154,116.63883540184,
    0.837344028392));
#2162 = CARTESIAN_POINT('',(-20.29853152695,116.55875411541,
    0.818735072726));
#2163 = CARTESIAN_POINT('',(-20.34673811949,116.47710566602,
    0.806200233872));
#2164 = CARTESIAN_POINT('',(-20.39528182117,116.39459739819,
    0.799959220761));
#2165 = CARTESIAN_POINT('',(-20.49179132217,116.23000162611,
    0.800040857607));
#2166 = CARTESIAN_POINT('',(-20.53980473132,116.14783612471,
    0.806292242115));
#2167 = CARTESIAN_POINT('',(-20.5872407043,116.06637751955,
    0.818762117879));
#2168 = CARTESIAN_POINT('',(-20.63369933666,115.98632589996,
    0.837236937433));
#2169 = CARTESIAN_POINT('',(-20.67885051667,115.90827409493,
    0.861359850656));
#2170 = CARTESIAN_POINT('',(-20.72242916111,115.83271095281,
    0.89068360321));
#2171 = CARTESIAN_POINT('',(-20.79042388993,115.71447824041,
    0.94601346285));
#2172 = CARTESIAN_POINT('',(-20.81592898116,115.67004478473,
    0.96917831782));
#2173 = CARTESIAN_POINT('',(-20.84070267667,115.62680707713,
    0.994076863742));
#2174 = CARTESIAN_POINT('',(-20.86471404358,115.58482719098,
    1.020591402088));
#2175 = CARTESIAN_POINT('',(-20.8879418557,115.54415043832,
    1.048605919013));
#2176 = CARTESIAN_POINT('',(-20.91037292215,115.50480796563,
    1.078009487516));
#2177 = CARTESIAN_POINT('',(-20.95965682963,115.41824095759,1.1479451029
    ));
#2178 = CARTESIAN_POINT('',(-20.98599717777,115.37188001428,
    1.189291459754));
#2179 = CARTESIAN_POINT('',(-21.01101033045,115.32777212098,
    1.232526753274));
#2180 = CARTESIAN_POINT('',(-21.03469632132,115.28593224514,
    1.277454174673));
#2181 = CARTESIAN_POINT('',(-21.05706387261,115.24635889202,
    1.323894538008));
#2182 = CARTESIAN_POINT('',(-21.07812791991,115.2090382763,
    1.371688724909));
#2183 = CARTESIAN_POINT('',(-21.15336633976,115.07555979932,
    1.558123839166));
#2184 = CARTESIAN_POINT('',(-21.19863208565,114.99487355049,
    1.704886071401));
#2185 = CARTESIAN_POINT('',(-21.23430045805,114.93108292121,
    1.858233425906));
#2186 = CARTESIAN_POINT('',(-21.26071310003,114.8837427909,
    2.016022480874));
#2187 = CARTESIAN_POINT('',(-21.27819026657,114.8523845151,
    2.176454207771));
#2188 = CARTESIAN_POINT('',(-21.28694570384,114.83667493511,
    2.338131744285));
#2189 = CARTESIAN_POINT('',(-21.28694570384,114.83667493511,2.5));
#2190 = PCURVE('',#299,#2191);
#2191 = DEFINITIONAL_REPRESENTATION('',(#2192),#2350);
#2192 = B_SPLINE_CURVE_WITH_KNOTS('',3,(#2193,#2194,#2195,#2196,#2197,
    #2198,#2199,#2200,#2201,#2202,#2203,#2204,#2205,#2206,#2207,#2208,
    #2209,#2210,#2211,#2212,#2213,#2214,#2215,#2216,#2217,#2218,#2219,
    #2220,#2221,#2222,#2223,#2224,#2225,#2226,#2227,#2228,#2229,#2230,
    #2231,#2232,#2233,#2234,#2235,#2236,#2237,#2238,#2239,#2240,#2241,
    #2242,#2243,#2244,#2245,#2246,#2247,#2248,#2249,#2250,#2251,#2252,
    #2253,#2254,#2255,#2256,#2257,#2258,#2259,#2260,#2261,#2262,#2263,
    #2264,#2265,#2266,#2267,#2268,#2269,#2270,#2271,#2272,#2273,#2274,
    #2275,#2276,#2277,#2278,#2279,#2280,#2281,#2282,#2283,#2284,#2285,
    #2286,#2287,#2288,#2289,#2290,#2291,#2292,#2293,#2294,#2295,#2296,
    #2297,#2298,#2299,#2300,#2301,#2302,#2303,#2304,#2305,#2306,#2307,
    #2308,#2309,#2310,#2311,#2312,#2313,#2314,#2315,#2316,#2317,#2318,
    #2319,#2320,#2321,#2322,#2323,#2324,#2325,#2326,#2327,#2328,#2329,
    #2330,#2331,#2332,#2333,#2334,#2335,#2336,#2337,#2338,#2339,#2340,
    #2341,#2342,#2343,#2344,#2345,#2346,#2347,#2348,#2349),
  .UNSPECIFIED.,.T.,.F.,(4,1,1,1,1,1,1,1,1,1,1,1,1,1,1,1,1,1,1,1,1,1,1,1
    ,1,1,1,1,1,1,1,1,1,1,1,1,1,1,1,1,1,1,1,1,1,1,1,1,1,1,1,1,1,1,1,1,1,1
    ,1,1,1,1,1,1,1,1,1,1,1,1,1,1,1,1,1,1,1,1,1,1,1,1,1,1,1,1,1,1,1,1,1,1
    ,1,1,1,1,1,1,1,1,1,1,1,1,1,1,1,1,1,1,1,1,1,1,1,1,1,1,1,1,1,1,1,1,1,1
    ,1,1,1,1,1,1,1,1,1,1,1,1,1,1,1,1,1,1,1,1,1,1,1,1,1,1,1,1,4),(0.,
    8.657742719366E-03,1.731548543873E-02,2.59732281581E-02,
    3.463097087747E-02,4.328871359683E-02,5.19464563162E-02,
    6.060419903556E-02,6.926194175493E-02,7.79196844743E-02,
    8.657742719366E-02,9.523516991303E-02,0.103892912632,0.112550655352,
    0.121208398071,0.12986614079,0.13852388351,0.147181626229,
    0.155839368949,0.164497111668,0.173154854387,0.181812597107,
    0.190470339826,0.199128082545,0.207785825265,0.216443567984,
    0.225101310704,0.233759053423,0.242416796142,0.251074538862,
    0.259732281581,0.2683900243,0.27704776702,0.285705509739,
    0.294363252458,0.303020995178,0.311678737897,0.320336480617,
    0.328994223336,0.337651966055,0.346309708775,0.354967451494,
    0.363625194213,0.372282936933,0.380940679652,0.389598422371,
    0.398256165091,0.40691390781,0.41557165053,0.424229393249,
    0.432887135968,0.441544878688,0.450202621407,0.458860364126,
    0.467518106846,0.476175849565,0.484833592285,0.493491335004,
    0.502149077723,0.510806820443,0.519464563162,0.528122305881,
    0.536780048601,0.54543779132,0.554095534039,0.562753276759,
    0.571411019478,0.580068762198,0.588726504917,0.597384247636,
    0.606041990356,0.614699733075,0.623357475794,0.632015218514,
    0.640672961233,0.649330703952,0.657988446672,0.666646189391,
    0.675303932111,0.68396167483,0.692619417549,0.701277160269,
    0.709934902988,0.718592645707,0.727250388427,0.735908131146,
    0.744565873866,0.753223616585,0.761881359304,0.770539102024,
    0.779196844743,0.787854587462,0.796512330182,0.805170072901,
    0.81382781562,0.82248555834,0.831143301059,0.839801043779,
    0.848458786498,0.857116529217,0.865774271937,0.874432014656,
    0.883089757375,0.891747500095,0.900405242814,0.909062985533,
    0.917720728253,0.926378470972,0.935036213692,0.943693956411,
    0.95235169913,0.96100944185,0.969667184569,0.978324927288,
    0.986982670008,0.995640412727,1.004298155447,1.012955898166,
    1.021613640885,1.030271383605,1.038929126324,1.047586869043,
    1.056244611763,1.064902354482,1.073560097201,1.082217839921,
    1.09087558264,1.09953332536,1.108191068079,1.116848810798,
    1.125506553518,1.134164296237,1.142822038956,1.151479781676,
    1.160137524395,1.168795267114,1.177453009834,1.186110752553,
    1.194768495273,1.203426237992,1.212083980711,1.220741723431,
    1.22939946615,1.238057208869,1.246714951589,1.255372694308,
    1.264030437027,1.272688179747,1.281345922466,1.290003665186,
    1.298661407905,1.307319150624,1.315976893344,1.324634636063,
    1.333292378782),.QUASI_UNIFORM_KNOTS.);
#2193 = CARTESIAN_POINT('',(2.5,6.826088307597));
#2194 = CARTESIAN_POINT('',(2.520414529455,6.826088304203));
#2195 = CARTESIAN_POINT('',(2.5612365981,6.826078843309));
#2196 = CARTESIAN_POINT('',(2.622409727316,6.826036252138));
#2197 = CARTESIAN_POINT('',(2.683484881202,6.825965238661));
#2198 = CARTESIAN_POINT('',(2.74442055333,6.825865727767));
#2199 = CARTESIAN_POINT('',(2.805172883526,6.825737614687));
#2200 = CARTESIAN_POINT('',(2.86569530129,6.82558076326));
#2201 = CARTESIAN_POINT('',(2.925938577605,6.82539501036));
#2202 = CARTESIAN_POINT('',(2.985850767909,6.825180168142));
#2203 = CARTESIAN_POINT('',(3.045377181043,6.824936026296));
#2204 = CARTESIAN_POINT('',(3.104460334192,6.824662353657));
#2205 = CARTESIAN_POINT('',(3.163039900976,6.824358899298));
#2206 = CARTESIAN_POINT('',(3.221052646026,6.824025393016));
#2207 = CARTESIAN_POINT('',(3.278432347608,6.823661545134));
#2208 = CARTESIAN_POINT('',(3.335109690696,6.823267045749));
#2209 = CARTESIAN_POINT('',(3.391012181391,6.822841562707));
#2210 = CARTESIAN_POINT('',(3.44606387866,6.822384740748));
#2211 = CARTESIAN_POINT('',(3.500185690681,6.821896192487));
#2212 = CARTESIAN_POINT('',(3.553293432666,6.821375515792));
#2213 = CARTESIAN_POINT('',(3.605304093404,6.820822208387));
#2214 = CARTESIAN_POINT('',(3.656088166028,6.820236214792));
#2215 = CARTESIAN_POINT('',(3.705538706477,6.819617230836));
#2216 = CARTESIAN_POINT('',(3.753536144053,6.818965045159));
#2217 = CARTESIAN_POINT('',(3.799953105115,6.818279516657));
#2218 = CARTESIAN_POINT('',(3.844653627919,6.81756059872));
#2219 = CARTESIAN_POINT('',(3.887494424826,6.816808342425));
#2220 = CARTESIAN_POINT('',(3.928323563894,6.816022937839));
#2221 = CARTESIAN_POINT('',(3.96697848274,6.815204810805));
#2222 = CARTESIAN_POINT('',(4.003291183586,6.814354571642));
#2223 = CARTESIAN_POINT('',(4.037087627628,6.81347309092));
#2224 = CARTESIAN_POINT('',(4.068189851653,6.812561547437));
#2225 = CARTESIAN_POINT('',(4.096422068521,6.811621338607));
#2226 = CARTESIAN_POINT('',(4.121609475549,6.810654192987));
#2227 = CARTESIAN_POINT('',(4.143574768071,6.809662573109));
#2228 = CARTESIAN_POINT('',(4.162158436134,6.808649148778));
#2229 = CARTESIAN_POINT('',(4.177217504182,6.807616935642));
#2230 = CARTESIAN_POINT('',(4.188630060701,6.806569267118));
#2231 = CARTESIAN_POINT('',(4.196298849661,6.805509819864));
#2232 = CARTESIAN_POINT('',(4.200155282417,6.804442588964));
#2233 = CARTESIAN_POINT('',(4.200165163593,6.803372007728));
#2234 = CARTESIAN_POINT('',(4.196328517468,6.802301863934));
#2235 = CARTESIAN_POINT('',(4.188679555994,6.801236635482));
#2236 = CARTESIAN_POINT('',(4.177286399639,6.800180368527));
#2237 = CARTESIAN_POINT('',(4.162245714633,6.799136859182));
#2238 = CARTESIAN_POINT('',(4.143678902887,6.798109604169));
#2239 = CARTESIAN_POINT('',(4.12172883698,6.797101827738));
#2240 = CARTESIAN_POINT('',(4.09655529554,6.796116436007));
#2241 = CARTESIAN_POINT('',(4.068337485271,6.795156187007));
#2242 = CARTESIAN_POINT('',(4.037250950325,6.794223041111));
#2243 = CARTESIAN_POINT('',(4.003469104091,6.793318555837));
#2244 = CARTESIAN_POINT('',(3.967170512922,6.792444168803));
#2245 = CARTESIAN_POINT('',(3.928529005235,6.791600978303));
#2246 = CARTESIAN_POINT('',(3.887712693621,6.790789822606));
#2247 = CARTESIAN_POINT('',(3.844883941571,6.790011340571));
#2248 = CARTESIAN_POINT('',(3.800195043088,6.789265932424));
#2249 = CARTESIAN_POINT('',(3.753789141615,6.788553837554));
#2250 = CARTESIAN_POINT('',(3.705802174223,6.787875189244));
#2251 = CARTESIAN_POINT('',(3.656361666236,6.787230015052));
#2252 = CARTESIAN_POINT('',(3.60558671622,6.786618255253));
#2253 = CARTESIAN_POINT('',(3.553586369075,6.786039764225));
#2254 = CARTESIAN_POINT('',(3.500465237181,6.785494384866));
#2255 = CARTESIAN_POINT('',(3.44631909595,6.784981899426));
#2256 = CARTESIAN_POINT('',(3.391237842739,6.784502079605));
#2257 = CARTESIAN_POINT('',(3.335305813909,6.784054685482));
#2258 = CARTESIAN_POINT('',(3.278600204688,6.783639454871));
#2259 = CARTESIAN_POINT('',(3.221202524082,6.78325618839));
#2260 = CARTESIAN_POINT('',(3.163176909863,6.782904598891));
#2261 = CARTESIAN_POINT('',(3.104586638875,6.782584438338));
#2262 = CARTESIAN_POINT('',(3.04549225583,6.782295478925));
#2263 = CARTESIAN_POINT('',(2.985952203525,6.78203751538));
#2264 = CARTESIAN_POINT('',(2.926022771414,6.781810362344));
#2265 = CARTESIAN_POINT('',(2.865758214182,6.781613853823));
#2266 = CARTESIAN_POINT('',(2.805210816847,6.781447842851));
#2267 = CARTESIAN_POINT('',(2.744430948563,6.781312201847));
#2268 = CARTESIAN_POINT('',(2.683467159962,6.781206823559));
#2269 = CARTESIAN_POINT('',(2.622366062493,6.781131622592));
#2270 = CARTESIAN_POINT('',(2.561172981088,6.781086537616));
#2271 = CARTESIAN_POINT('',(2.499929676357,6.78107153387));
#2272 = CARTESIAN_POINT('',(2.438682960223,6.781086607418));
#2273 = CARTESIAN_POINT('',(2.377484473365,6.781131768419));
#2274 = CARTESIAN_POINT('',(2.316377051896,6.781207052829));
#2275 = CARTESIAN_POINT('',(2.255407418181,6.781312520948));
#2276 = CARTESIAN_POINT('',(2.194622862953,6.781448255799));
#2277 = CARTESIAN_POINT('',(2.134072188954,6.781614362327));
#2278 = CARTESIAN_POINT('',(2.073805549831,6.781810966955));
#2279 = CARTESIAN_POINT('',(2.01387448333,6.782038218352));
#2280 = CARTESIAN_POINT('',(1.95433230886,6.782296286465));
#2281 = CARTESIAN_POINT('',(1.895232910139,6.782585370727));
#2282 = CARTESIAN_POINT('',(1.836636225585,6.782905673771));
#2283 = CARTESIAN_POINT('',(1.778604507613,6.783257415605));
#2284 = CARTESIAN_POINT('',(1.72120295374,6.783640831668));
#2285 = CARTESIAN_POINT('',(1.664500696088,6.784056167399));
#2286 = CARTESIAN_POINT('',(1.608571672555,6.784503670263));
#2287 = CARTESIAN_POINT('',(1.553493858732,6.784983598396));
#2288 = CARTESIAN_POINT('',(1.499351384328,6.785496193037));
#2289 = CARTESIAN_POINT('',(1.446234256786,6.786041681635));
#2290 = CARTESIAN_POINT('',(1.39423819504,6.786620282528));
#2291 = CARTESIAN_POINT('',(1.343467912095,6.787232152078));
#2292 = CARTESIAN_POINT('',(1.294032461447,6.787877435644));
#2293 = CARTESIAN_POINT('',(1.246050926758,6.788556193295));
#2294 = CARTESIAN_POINT('',(1.199650872786,6.789268397029));
#2295 = CARTESIAN_POINT('',(1.154968267354,6.790013913251));
#2296 = CARTESIAN_POINT('',(1.112146407113,6.79079249951));
#2297 = CARTESIAN_POINT('',(1.071337357126,6.791603759768));
#2298 = CARTESIAN_POINT('',(1.032703668093,6.792447051485));
#2299 = CARTESIAN_POINT('',(0.996413391461,6.793321537441));
#2300 = CARTESIAN_POINT('',(0.962640540666,6.794226113549));
#2301 = CARTESIAN_POINT('',(0.931563188846,6.795159357265));
#2302 = CARTESIAN_POINT('',(0.903356663371,6.79611964661));
#2303 = CARTESIAN_POINT('',(0.878195906438,6.797105015163));
#2304 = CARTESIAN_POINT('',(0.856258486636,6.798112753441));
#2305 = CARTESIAN_POINT('',(0.837703791928,6.799139974481));
#2306 = CARTESIAN_POINT('',(0.822674605639,6.800183468897));
#2307 = CARTESIAN_POINT('',(0.811292583005,6.801239741152));
#2308 = CARTESIAN_POINT('',(0.803654716565,6.8023049837));
#2309 = CARTESIAN_POINT('',(0.799829327491,6.803375120105));
#2310 = CARTESIAN_POINT('',(0.799850346187,6.804445635807));
#2311 = CARTESIAN_POINT('',(0.803717216316,6.805512758129));
#2312 = CARTESIAN_POINT('',(0.811395558347,6.806572080936));
#2313 = CARTESIAN_POINT('',(0.822817039189,6.807619641064));
#2314 = CARTESIAN_POINT('',(0.837884794129,6.808651772934));
#2315 = CARTESIAN_POINT('',(0.85647722455,6.809665141711));
#2316 = CARTESIAN_POINT('',(0.878451241177,6.810656713932));
#2317 = CARTESIAN_POINT('',(0.903646909997,6.811623797706));
#2318 = CARTESIAN_POINT('',(0.931884602556,6.812563865444));
#2319 = CARTESIAN_POINT('',(0.962991023157,6.81347525929));
#2320 = CARTESIAN_POINT('',(0.996790893343,6.81435659487));
#2321 = CARTESIAN_POINT('',(1.033106169826,6.815206690997));
#2322 = CARTESIAN_POINT('',(1.071762892747,6.816024678735));
#2323 = CARTESIAN_POINT('',(1.112593120372,6.816809948308));
#2324 = CARTESIAN_POINT('',(1.155434312968,6.8175620739));
#2325 = CARTESIAN_POINT('',(1.200134660095,6.818280866993));
#2326 = CARTESIAN_POINT('',(1.246550889912,6.818966276076));
#2327 = CARTESIAN_POINT('',(1.294547093272,6.819618348011));
#2328 = CARTESIAN_POINT('',(1.343995924057,6.82023722382));
#2329 = CARTESIAN_POINT('',(1.394777928005,6.820823115724));
#2330 = CARTESIAN_POINT('',(1.446785981361,6.821376325505));
#2331 = CARTESIAN_POINT('',(1.499890673425,6.821896909693));
#2332 = CARTESIAN_POINT('',(1.554009240834,6.822385372514));
#2333 = CARTESIAN_POINT('',(1.609057451559,6.822842115119));
#2334 = CARTESIAN_POINT('',(1.664956245023,6.823267524774));
#2335 = CARTESIAN_POINT('',(1.72162969002,6.823661956465));
#2336 = CARTESIAN_POINT('',(1.77900530802,6.824025742169));
#2337 = CARTESIAN_POINT('',(1.83701379786,6.824359191634));
#2338 = CARTESIAN_POINT('',(1.895588952229,6.82466259442));
#2339 = CARTESIAN_POINT('',(1.954667550342,6.824936220634));
#2340 = CARTESIAN_POINT('',(2.014189280828,6.825180321128));
#2341 = CARTESIAN_POINT('',(2.074096676365,6.825395127008));
#2342 = CARTESIAN_POINT('',(2.13433506188,6.825580848534));
#2343 = CARTESIAN_POINT('',(2.194852509563,6.825737673512));
#2344 = CARTESIAN_POINT('',(2.255599807886,6.82586576503));
#2345 = CARTESIAN_POINT('',(2.316530404622,6.825965259216));
#2346 = CARTESIAN_POINT('',(2.377600458706,6.826036260807));
#2347 = CARTESIAN_POINT('',(2.43876848358,6.826078844878));
#2348 = CARTESIAN_POINT('',(2.479587160311,6.826088304203));
#2349 = CARTESIAN_POINT('',(2.5,6.826088307597));
#2350 = ( GEOMETRIC_REPRESENTATION_CONTEXT(2) 
PARAMETRIC_REPRESENTATION_CONTEXT() REPRESENTATION_CONTEXT('2D SPACE',''
  ) );
#2351 = PCURVE('',#2352,#2357);
#2352 = CYLINDRICAL_SURFACE('',#2353,1.7);
#2353 = AXIS2_PLACEMENT_3D('',#2354,#2355,#2356);
#2354 = CARTESIAN_POINT('',(-24.41146657837,118.63943372621,2.5));
#2355 = DIRECTION('',(0.862643091921,-0.505813103785,0.));
#2356 = DIRECTION('',(-0.505813103785,-0.862643091921,0.));
#2357 = DEFINITIONAL_REPRESENTATION('',(#2358),#2516);
#2358 = B_SPLINE_CURVE_WITH_KNOTS('',3,(#2359,#2360,#2361,#2362,#2363,
    #2364,#2365,#2366,#2367,#2368,#2369,#2370,#2371,#2372,#2373,#2374,
    #2375,#2376,#2377,#2378,#2379,#2380,#2381,#2382,#2383,#2384,#2385,
    #2386,#2387,#2388,#2389,#2390,#2391,#2392,#2393,#2394,#2395,#2396,
    #2397,#2398,#2399,#2400,#2401,#2402,#2403,#2404,#2405,#2406,#2407,
    #2408,#2409,#2410,#2411,#2412,#2413,#2414,#2415,#2416,#2417,#2418,
    #2419,#2420,#2421,#2422,#2423,#2424,#2425,#2426,#2427,#2428,#2429,
    #2430,#2431,#2432,#2433,#2434,#2435,#2436,#2437,#2438,#2439,#2440,
    #2441,#2442,#2443,#2444,#2445,#2446,#2447,#2448,#2449,#2450,#2451,
    #2452,#2453,#2454,#2455,#2456,#2457,#2458,#2459,#2460,#2461,#2462,
    #2463,#2464,#2465,#2466,#2467,#2468,#2469,#2470,#2471,#2472,#2473,
    #2474,#2475,#2476,#2477,#2478,#2479,#2480,#2481,#2482,#2483,#2484,
    #2485,#2486,#2487,#2488,#2489,#2490,#2491,#2492,#2493,#2494,#2495,
    #2496,#2497,#2498,#2499,#2500,#2501,#2502,#2503,#2504,#2505,#2506,
    #2507,#2508,#2509,#2510,#2511,#2512,#2513,#2514,#2515),
  .UNSPECIFIED.,.F.,.F.,(4,1,1,1,1,1,1,1,1,1,1,1,1,1,1,1,1,1,1,1,1,1,1,1
    ,1,1,1,1,1,1,1,1,1,1,1,1,1,1,1,1,1,1,1,1,1,1,1,1,1,1,1,1,1,1,1,1,1,1
    ,1,1,1,1,1,1,1,1,1,1,1,1,1,1,1,1,1,1,1,1,1,1,1,1,1,1,1,1,1,1,1,1,1,1
    ,1,1,1,1,1,1,1,1,1,1,1,1,1,1,1,1,1,1,1,1,1,1,1,1,1,1,1,1,1,1,1,1,1,1
    ,1,1,1,1,1,1,1,1,1,1,1,1,1,1,1,1,1,1,1,1,1,1,1,1,1,1,1,1,4),(0.,
    8.657742719366E-03,1.731548543873E-02,2.59732281581E-02,
    3.463097087747E-02,4.328871359683E-02,5.19464563162E-02,
    6.060419903556E-02,6.926194175493E-02,7.79196844743E-02,
    8.657742719366E-02,9.523516991303E-02,0.103892912632,0.112550655352,
    0.121208398071,0.12986614079,0.13852388351,0.147181626229,
    0.155839368949,0.164497111668,0.173154854387,0.181812597107,
    0.190470339826,0.199128082545,0.207785825265,0.216443567984,
    0.225101310704,0.233759053423,0.242416796142,0.251074538862,
    0.259732281581,0.2683900243,0.27704776702,0.285705509739,
    0.294363252458,0.303020995178,0.311678737897,0.320336480617,
    0.328994223336,0.337651966055,0.346309708775,0.354967451494,
    0.363625194213,0.372282936933,0.380940679652,0.389598422371,
    0.398256165091,0.40691390781,0.41557165053,0.424229393249,
    0.432887135968,0.441544878688,0.450202621407,0.458860364126,
    0.467518106846,0.476175849565,0.484833592285,0.493491335004,
    0.502149077723,0.510806820443,0.519464563162,0.528122305881,
    0.536780048601,0.54543779132,0.554095534039,0.562753276759,
    0.571411019478,0.580068762198,0.588726504917,0.597384247636,
    0.606041990356,0.614699733075,0.623357475794,0.632015218514,
    0.640672961233,0.649330703952,0.657988446672,0.666646189391,
    0.675303932111,0.68396167483,0.692619417549,0.701277160269,
    0.709934902988,0.718592645707,0.727250388427,0.735908131146,
    0.744565873866,0.753223616585,0.761881359304,0.770539102024,
    0.779196844743,0.787854587462,0.796512330182,0.805170072901,
    0.81382781562,0.82248555834,0.831143301059,0.839801043779,
    0.848458786498,0.857116529217,0.865774271937,0.874432014656,
    0.883089757375,0.891747500095,0.900405242814,0.909062985533,
    0.917720728253,0.926378470972,0.935036213692,0.943693956411,
    0.95235169913,0.96100944185,0.969667184569,0.978324927288,
    0.986982670008,0.995640412727,1.004298155447,1.012955898166,
    1.021613640885,1.030271383605,1.038929126324,1.047586869043,
    1.056244611763,1.064902354482,1.073560097201,1.082217839921,
    1.09087558264,1.09953332536,1.108191068079,1.116848810798,
    1.125506553518,1.134164296237,1.142822038956,1.151479781676,
    1.160137524395,1.168795267114,1.177453009834,1.186110752553,
    1.194768495273,1.203426237992,1.212083980711,1.220741723431,
    1.22939946615,1.238057208869,1.246714951589,1.255372694308,
    1.264030437027,1.272688179747,1.281345922466,1.290003665186,
    1.298661407905,1.307319150624,1.315976893344,1.324634636063,
    1.333292378782),.QUASI_UNIFORM_KNOTS.);
#2359 = CARTESIAN_POINT('',(6.28318530718,4.618831575055));
#2360 = CARTESIAN_POINT('',(6.271176743161,4.618831584564));
#2361 = CARTESIAN_POINT('',(6.247163786112,4.618815481459));
#2362 = CARTESIAN_POINT('',(6.211132845254,4.618743194509));
#2363 = CARTESIAN_POINT('',(6.175065927605,4.618622962205));
#2364 = CARTESIAN_POINT('',(6.138940148061,4.618455136483));
#2365 = CARTESIAN_POINT('',(6.102733409744,4.618240190216));
#2366 = CARTESIAN_POINT('',(6.066424376286,4.617978741485));
#2367 = CARTESIAN_POINT('',(6.029992246967,4.617671559227));
#2368 = CARTESIAN_POINT('',(5.993416592279,4.617319573592));
#2369 = CARTESIAN_POINT('',(5.956677178208,4.616923884748));
#2370 = CARTESIAN_POINT('',(5.919753794862,4.616485771842));
#2371 = CARTESIAN_POINT('',(5.882626080468,4.616006701655));
#2372 = CARTESIAN_POINT('',(5.845273338416,4.615488337106));
#2373 = CARTESIAN_POINT('',(5.807674338698,4.614932545521));
#2374 = CARTESIAN_POINT('',(5.769807109746,4.614341406906));
#2375 = CARTESIAN_POINT('',(5.731648670681,4.613717221407));
#2376 = CARTESIAN_POINT('',(5.693174860124,4.61306251904));
#2377 = CARTESIAN_POINT('',(5.654359646599,4.612380060218));
#2378 = CARTESIAN_POINT('',(5.615176182269,4.611672869987));
#2379 = CARTESIAN_POINT('',(5.575591125451,4.610944145786));
#2380 = CARTESIAN_POINT('',(5.535601647743,4.610197972509));
#2381 = CARTESIAN_POINT('',(5.495183722079,4.609438380065));
#2382 = CARTESIAN_POINT('',(5.454317658929,4.608669826057));
#2383 = CARTESIAN_POINT('',(5.412984959309,4.607897133662));
#2384 = CARTESIAN_POINT('',(5.371169121874,4.60712550414));
#2385 = CARTESIAN_POINT('',(5.328854943072,4.606360499025));
#2386 = CARTESIAN_POINT('',(5.286030145001,4.60560806898));
#2387 = CARTESIAN_POINT('',(5.242689329214,4.604874553796));
#2388 = CARTESIAN_POINT('',(5.198830160912,4.604166597249));
#2389 = CARTESIAN_POINT('',(5.154456349077,4.603491111273));
#2390 = CARTESIAN_POINT('',(5.109578935888,4.602855192661));
#2391 = CARTESIAN_POINT('',(5.064211206358,4.602265962653));
#2392 = CARTESIAN_POINT('',(5.018373786126,4.601730503889));
#2393 = CARTESIAN_POINT('',(4.9721126301,4.601255883627));
#2394 = CARTESIAN_POINT('',(4.925473549259,4.600848635685));
#2395 = CARTESIAN_POINT('',(4.878509425823,4.600514681537));
#2396 = CARTESIAN_POINT('',(4.831279484216,4.600259141594));
#2397 = CARTESIAN_POINT('',(4.783851388514,4.600086170462));
#2398 = CARTESIAN_POINT('',(4.736301358377,4.599998793388));
#2399 = CARTESIAN_POINT('',(4.688721054995,4.599998701287));
#2400 = CARTESIAN_POINT('',(4.64117142883,4.600086230721));
#2401 = CARTESIAN_POINT('',(4.593744108169,4.600260346912));
#2402 = CARTESIAN_POINT('',(4.546513561966,4.600518655474));
#2403 = CARTESIAN_POINT('',(4.499546991161,4.600857574231));
#2404 = CARTESIAN_POINT('',(4.452903589523,4.60127247435));
#2405 = CARTESIAN_POINT('',(4.406636972949,4.601757824374));
#2406 = CARTESIAN_POINT('',(4.360793964483,4.60230737255));
#2407 = CARTESIAN_POINT('',(4.315423476785,4.602914192243));
#2408 = CARTESIAN_POINT('',(4.270546157506,4.603571276968));
#2409 = CARTESIAN_POINT('',(4.226171633507,4.604271552928));
#2410 = CARTESIAN_POINT('',(4.18231191769,4.605007819969));
#2411 = CARTESIAN_POINT('',(4.138970452499,4.605773006316));
#2412 = CARTESIAN_POINT('',(4.096145045777,4.606560236253));
#2413 = CARTESIAN_POINT('',(4.053830107023,4.607362889239));
#2414 = CARTESIAN_POINT('',(4.012013716874,4.608174682075));
#2415 = CARTESIAN_POINT('',(3.970680503352,4.608989696644));
#2416 = CARTESIAN_POINT('',(3.929813947936,4.60980234779));
#2417 = CARTESIAN_POINT('',(3.889395647356,4.610607409135));
#2418 = CARTESIAN_POINT('',(3.849405588436,4.611400016842));
#2419 = CARTESIAN_POINT('',(3.809821167599,4.612175703656));
#2420 = CARTESIAN_POINT('',(3.770621462941,4.612930294548));
#2421 = CARTESIAN_POINT('',(3.7317835547,4.613659982256));
#2422 = CARTESIAN_POINT('',(3.693284895158,4.614361255538));
#2423 = CARTESIAN_POINT('',(3.655103083451,4.615030898182));
#2424 = CARTESIAN_POINT('',(3.617214532354,4.615666009084));
#2425 = CARTESIAN_POINT('',(3.579601872418,4.616263855251));
#2426 = CARTESIAN_POINT('',(3.54223933496,4.616822103184));
#2427 = CARTESIAN_POINT('',(3.505103609927,4.617338617027));
#2428 = CARTESIAN_POINT('',(3.468172209859,4.617811477976));
#2429 = CARTESIAN_POINT('',(3.431423587887,4.618238973343));
#2430 = CARTESIAN_POINT('',(3.394836819123,4.618619593416));
#2431 = CARTESIAN_POINT('',(3.358391425828,4.618952025908));
#2432 = CARTESIAN_POINT('',(3.322067187261,4.619235150718));
#2433 = CARTESIAN_POINT('',(3.285843959763,4.619468034279));
#2434 = CARTESIAN_POINT('',(3.249701532218,4.619649923679));
#2435 = CARTESIAN_POINT('',(3.213619358183,4.619780240554));
#2436 = CARTESIAN_POINT('',(3.177576741782,4.619858574551));
#2437 = CARTESIAN_POINT('',(3.141551295609,4.619884677188));
#2438 = CARTESIAN_POINT('',(3.105523789518,4.619858452982));
#2439 = CARTESIAN_POINT('',(3.069477823126,4.619779987068));
#2440 = CARTESIAN_POINT('',(3.033391622333,4.619649526784));
#2441 = CARTESIAN_POINT('',(2.997245297655,4.619467484816));
#2442 = CARTESIAN_POINT('',(2.961018695358,4.619234444136));
#2443 = CARTESIAN_POINT('',(2.924691753065,4.618951162148));
#2444 = CARTESIAN_POINT('',(2.888244201661,4.618618575079));
#2445 = CARTESIAN_POINT('',(2.8516553659,4.618237801097));
#2446 = CARTESIAN_POINT('',(2.814904182222,4.617810147124));
#2447 = CARTESIAN_POINT('',(2.777968177885,4.617337101064));
#2448 = CARTESIAN_POINT('',(2.740826650595,4.616820382883));
#2449 = CARTESIAN_POINT('',(2.703458143628,4.616261922725));
#2450 = CARTESIAN_POINT('',(2.665840571732,4.61566388124));
#2451 = CARTESIAN_POINT('',(2.627951579752,4.615028655085));
#2452 = CARTESIAN_POINT('',(2.589768878146,4.614358901826));
#2453 = CARTESIAN_POINT('',(2.551269359227,4.613657530349));
#2454 = CARTESIAN_POINT('',(2.512430477636,4.612927755443));
#2455 = CARTESIAN_POINT('',(2.473229750274,4.612173090636));
#2456 = CARTESIAN_POINT('',(2.43364420453,4.611397343205));
#2457 = CARTESIAN_POINT('',(2.393652972749,4.610604690415));
#2458 = CARTESIAN_POINT('',(2.353233449679,4.609799600176));
#2459 = CARTESIAN_POINT('',(2.312365591837,4.6089869368));
#2460 = CARTESIAN_POINT('',(2.271031011286,4.608171928212));
#2461 = CARTESIAN_POINT('',(2.229213195737,4.607360160921));
#2462 = CARTESIAN_POINT('',(2.186896917876,4.606557555984));
#2463 = CARTESIAN_POINT('',(2.1440700141,4.605770393225));
#2464 = CARTESIAN_POINT('',(2.100727071419,4.6050052971));
#2465 = CARTESIAN_POINT('',(2.056865820846,4.604269142081));
#2466 = CARTESIAN_POINT('',(2.012489963215,4.603569004398));
#2467 = CARTESIAN_POINT('',(1.967610768351,4.602912073562));
#2468 = CARTESIAN_POINT('',(1.922240892249,4.602305463436));
#2469 = CARTESIAN_POINT('',(1.876401104761,4.601756169751));
#2470 = CARTESIAN_POINT('',(1.830138001426,4.601271081868));
#2471 = CARTESIAN_POINT('',(1.783497546554,4.600856440712));
#2472 = CARTESIAN_POINT('',(1.736532715691,4.600517773578));
#2473 = CARTESIAN_POINT('',(1.689302681757,4.600259713275));
#2474 = CARTESIAN_POINT('',(1.64187517055,4.600085848016));
#2475 = CARTESIAN_POINT('',(1.594325995951,4.599998575504));
#2476 = CARTESIAN_POINT('',(1.546748415071,4.599998920963));
#2477 = CARTESIAN_POINT('',(1.499202735261,4.600086534453));
#2478 = CARTESIAN_POINT('',(1.451779452336,4.600259717983));
#2479 = CARTESIAN_POINT('',(1.404553389712,4.600515451614));
#2480 = CARTESIAN_POINT('',(1.357591715929,4.600849588977));
#2481 = CARTESIAN_POINT('',(1.310953699279,4.601257015572));
#2482 = CARTESIAN_POINT('',(1.264693024758,4.601731806109));
#2483 = CARTESIAN_POINT('',(1.218856529499,4.602267416252));
#2484 = CARTESIAN_POINT('',(1.173493397711,4.602856731078));
#2485 = CARTESIAN_POINT('',(1.12862101422,4.603492701533));
#2486 = CARTESIAN_POINT('',(1.084252045799,4.60416821769));
#2487 = CARTESIAN_POINT('',(1.040397685611,4.604876182241));
#2488 = CARTESIAN_POINT('',(0.997061589722,4.605609685858));
#2489 = CARTESIAN_POINT('',(0.954241417106,4.606362087184));
#2490 = CARTESIAN_POINT('',(0.911931791227,4.607127048096));
#2491 = CARTESIAN_POINT('',(0.870120364302,4.607898621284));
#2492 = CARTESIAN_POINT('',(0.828791969291,4.608671246816));
#2493 = CARTESIAN_POINT('',(0.787930101486,4.609439725432));
#2494 = CARTESIAN_POINT('',(0.747516277746,4.61019923551));
#2495 = CARTESIAN_POINT('',(0.7075307549,4.610945322221));
#2496 = CARTESIAN_POINT('',(0.667949678581,4.611673954238));
#2497 = CARTESIAN_POINT('',(0.628770167431,4.612381049221));
#2498 = CARTESIAN_POINT('',(0.589958730123,4.613063413898));
#2499 = CARTESIAN_POINT('',(0.55148858594,4.61371802322));
#2500 = CARTESIAN_POINT('',(0.513333708432,4.614342117831));
#2501 = CARTESIAN_POINT('',(0.475469954462,4.61493316842));
#2502 = CARTESIAN_POINT('',(0.437874354941,4.615488875583));
#2503 = CARTESIAN_POINT('',(0.400524949344,4.616007159983));
#2504 = CARTESIAN_POINT('',(0.363400516785,4.616486154917));
#2505 = CARTESIAN_POINT('',(0.326480368454,4.616924198039));
#2506 = CARTESIAN_POINT('',(0.289744149129,4.617319823089));
#2507 = CARTESIAN_POINT('',(0.253171654375,4.617671751389));
#2508 = CARTESIAN_POINT('',(0.216742654639,4.61797888318));
#2509 = CARTESIAN_POINT('',(0.180436723947,4.618240288669));
#2510 = CARTESIAN_POINT('',(0.14423306425,4.618455199212));
#2511 = CARTESIAN_POINT('',(0.108110341032,4.618622996962));
#2512 = CARTESIAN_POINT('',(7.204645847488E-02,4.618743209211));
#2513 = CARTESIAN_POINT('',(3.6018531854E-02,4.618815484125));
#2514 = CARTESIAN_POINT('',(1.200757002452E-02,4.618831584557));
#2515 = CARTESIAN_POINT('',(0.,4.618831575055));
#2516 = ( GEOMETRIC_REPRESENTATION_CONTEXT(2) 
PARAMETRIC_REPRESENTATION_CONTEXT() REPRESENTATION_CONTEXT('2D SPACE',''
  ) );
#2517 = FACE_BOUND('',#2518,.T.);
#2518 = EDGE_LOOP('',(#2519));
#2519 = ORIENTED_EDGE('',*,*,#2520,.T.);
#2520 = EDGE_CURVE('',#2521,#2521,#2523,.T.);
#2521 = VERTEX_POINT('',#2522);
#2522 = CARTESIAN_POINT('',(-38.56225957581,58.142667628609,2.5));
#2523 = SURFACE_CURVE('',#2524,(#2623,#2762),.PCURVE_S1.);
#2524 = B_SPLINE_CURVE_WITH_KNOTS('',7,(#2525,#2526,#2527,#2528,#2529,
    #2530,#2531,#2532,#2533,#2534,#2535,#2536,#2537,#2538,#2539,#2540,
    #2541,#2542,#2543,#2544,#2545,#2546,#2547,#2548,#2549,#2550,#2551,
    #2552,#2553,#2554,#2555,#2556,#2557,#2558,#2559,#2560,#2561,#2562,
    #2563,#2564,#2565,#2566,#2567,#2568,#2569,#2570,#2571,#2572,#2573,
    #2574,#2575,#2576,#2577,#2578,#2579,#2580,#2581,#2582,#2583,#2584,
    #2585,#2586,#2587,#2588,#2589,#2590,#2591,#2592,#2593,#2594,#2595,
    #2596,#2597,#2598,#2599,#2600,#2601,#2602,#2603,#2604,#2605,#2606,
    #2607,#2608,#2609,#2610,#2611,#2612,#2613,#2614,#2615,#2616,#2617,
    #2618,#2619,#2620,#2621,#2622),.UNSPECIFIED.,.T.,.F.,(8,6,6,6,6,6,6,
    6,6,6,6,6,6,6,6,6,8),(0.,0.160482819229,0.217684947396,
    0.262516500734,0.333603972505,0.380623512809,0.450141060974,
    0.507137188102,0.667356077129,0.826582043596,0.883613740945,
    0.928069861319,1.,1.071900151767,1.116475368718,1.17356277143,
    1.333580783935),.UNSPECIFIED.);
#2525 = CARTESIAN_POINT('',(-38.56225957581,58.142667628609,2.5));
#2526 = CARTESIAN_POINT('',(-38.56225957581,58.142667628609,
    2.66214613836));
#2527 = CARTESIAN_POINT('',(-38.55939171172,58.160480684151,
    2.824099454038));
#2528 = CARTESIAN_POINT('',(-38.55366713074,58.196037234036,
    2.984802359131));
#2529 = CARTESIAN_POINT('',(-38.54501586217,58.249730706252,
    3.142851704978));
#2530 = CARTESIAN_POINT('',(-38.5333334817,58.322123160634,3.29643760432
    ));
#2531 = CARTESIAN_POINT('',(-38.51850945906,58.413764579202,
    3.443402332835));
#2532 = CARTESIAN_POINT('',(-38.49387881985,58.565518225167,
    3.630006255541));
#2533 = CARTESIAN_POINT('',(-38.48698676484,58.607942216645,
    3.677817691735));
#2534 = CARTESIAN_POINT('',(-38.47966900646,58.652940910939,
    3.724268288573));
#2535 = CARTESIAN_POINT('',(-38.47192084923,58.70053310854,
    3.769197894243));
#2536 = CARTESIAN_POINT('',(-38.46373968229,58.750723808008,
    3.812426159411));
#2537 = CARTESIAN_POINT('',(-38.4551257988,58.803499355576,
    3.853755032716));
#2538 = CARTESIAN_POINT('',(-38.4389961875,58.902181589036,3.92370655008
    ));
#2539 = CARTESIAN_POINT('',(-38.43164624077,58.947102995308,
    3.95314232239));
#2540 = CARTESIAN_POINT('',(-38.42403580944,58.993565934176,
    3.981174825418));
#2541 = CARTESIAN_POINT('',(-38.41616945638,59.041536228108,
    4.007691744411));
#2542 = CARTESIAN_POINT('',(-38.40805442407,59.090963306847,
    4.032575690903));
#2543 = CARTESIAN_POINT('',(-38.39970118587,59.141777112819,
    4.055707695995));
#2544 = CARTESIAN_POINT('',(-38.37752351696,59.276510259258,4.1106865431
    ));
#2545 = CARTESIAN_POINT('',(-38.36335422407,59.362424086792,
    4.139717767504));
#2546 = CARTESIAN_POINT('',(-38.34868236024,59.451199932612,
    4.163566295908));
#2547 = CARTESIAN_POINT('',(-38.33359355151,59.542296980451,
    4.181792355556));
#2548 = CARTESIAN_POINT('',(-38.31819482498,59.635051655633,
    4.194043234199));
#2549 = CARTESIAN_POINT('',(-38.30261632575,59.728670971814,
    4.200108097685));
#2550 = CARTESIAN_POINT('',(-38.27669201627,59.884109167628,
    4.19992662797));
#2551 = CARTESIAN_POINT('',(-38.26635613263,59.945988352925,
    4.19715319575));
#2552 = CARTESIAN_POINT('',(-38.25604687925,60.007614560941,
    4.19167885351));
#2553 = CARTESIAN_POINT('',(-38.24580378115,60.068753018319,
    4.183541268579));
#2554 = CARTESIAN_POINT('',(-38.23566392785,60.129185545041,
    4.172810650361));
#2555 = CARTESIAN_POINT('',(-38.22566180909,60.188711203056,
    4.159584902447));
#2556 = CARTESIAN_POINT('',(-38.20129174121,60.333543142578,
    4.120920265276));
#2557 = CARTESIAN_POINT('',(-38.18712215378,60.417572334239,
    4.092661544403));
#2558 = CARTESIAN_POINT('',(-38.17341438941,60.498693460236,
    4.059584394413));
#2559 = CARTESIAN_POINT('',(-38.16023630673,60.576526925691,
    4.022133948505));
#2560 = CARTESIAN_POINT('',(-38.14763485682,60.650819276919,
    3.980768147913));
#2561 = CARTESIAN_POINT('',(-38.1356402591,60.721415717803,
    3.935920639083));
#2562 = CARTESIAN_POINT('',(-38.11494613409,60.843028817464,
    3.848680035248));
#2563 = CARTESIAN_POINT('',(-38.10604206882,60.895282812258,
    3.807298929906));
#2564 = CARTESIAN_POINT('',(-38.09756473916,60.944968569121,
    3.76404945551));
#2565 = CARTESIAN_POINT('',(-38.08951801492,60.992074735495,
    3.719126171488));
#2566 = CARTESIAN_POINT('',(-38.08190258716,61.03660781273,
    3.672706173861));
#2567 = CARTESIAN_POINT('',(-38.07471673639,61.078587481133,
    3.624946733073));
#2568 = CARTESIAN_POINT('',(-38.04895543604,61.228950288218,
    3.438343302032));
#2569 = CARTESIAN_POINT('',(-38.03335323014,61.319720583584,
    3.291417287324));
#2570 = CARTESIAN_POINT('',(-38.0210136918,61.391343920775,
    3.137947393599));
#2571 = CARTESIAN_POINT('',(-38.01186386267,61.444372953086,
    2.980069363315));
#2572 = CARTESIAN_POINT('',(-38.00582159969,61.479365963198,2.8195765239
    ));
#2573 = CARTESIAN_POINT('',(-38.00282672263,61.496710554343,
    2.657862682812));
#2574 = CARTESIAN_POINT('',(-38.00295649665,61.495958976827,
    2.335106216908));
#2575 = CARTESIAN_POINT('',(-38.00604319233,61.47808262252,
    2.174438985801));
#2576 = CARTESIAN_POINT('',(-38.01214110714,61.442766173924,
    2.01501899765));
#2577 = CARTESIAN_POINT('',(-38.02130992246,61.389624736632,
    1.858219237661));
#2578 = CARTESIAN_POINT('',(-38.03363064568,61.318107366418,
    1.705805448447));
#2579 = CARTESIAN_POINT('',(-38.04917529898,61.227668592358,
    1.55988189044));
#2580 = CARTESIAN_POINT('',(-38.07484773263,61.077822308294,
    1.374170445383));
#2581 = CARTESIAN_POINT('',(-38.08204487657,61.03577599504,
    1.326402073867));
#2582 = CARTESIAN_POINT('',(-38.08967216107,60.991172801391,
    1.279976839406));
#2583 = CARTESIAN_POINT('',(-38.09773129001,60.943993109429,
    1.235052508661));
#2584 = CARTESIAN_POINT('',(-38.1062215403,60.894230574906,
    1.191806738084));
#2585 = CARTESIAN_POINT('',(-38.11513898874,60.84189683288,
    1.150434689038));
#2586 = CARTESIAN_POINT('',(-38.13175372132,60.744254632022,
    1.080521671372));
#2587 = CARTESIAN_POINT('',(-38.13928606245,60.699944051186,
    1.051164787236));
#2588 = CARTESIAN_POINT('',(-38.1470685529,60.654113540992,
    1.023176619982));
#2589 = CARTESIAN_POINT('',(-38.1550947904,60.606794821188,
    0.996666148144));
#2590 = CARTESIAN_POINT('',(-38.16335571967,60.558035212093,
    0.971747425393));
#2591 = CARTESIAN_POINT('',(-38.17183917215,60.507900595564,
    0.948536306622));
#2592 = CARTESIAN_POINT('',(-38.1945902304,60.373277067423,
    0.892539492102));
#2593 = CARTESIAN_POINT('',(-38.20919915897,60.286664885034,
    0.862684586446));
#2594 = CARTESIAN_POINT('',(-38.2242790105,60.197074089434,
    0.838102478533));
#2595 = CARTESIAN_POINT('',(-38.23973300216,60.105056555036,
    0.819253702078));
#2596 = CARTESIAN_POINT('',(-38.25544384112,60.011293038465,
    0.806509682436));
#2597 = CARTESIAN_POINT('',(-38.27127306377,59.916600944423,
    0.800094897046));
#2598 = CARTESIAN_POINT('',(-38.30284159962,59.727319696496,
    0.799906775953));
#2599 = CARTESIAN_POINT('',(-38.31859574323,59.632641800964,
    0.806128041223));
#2600 = CARTESIAN_POINT('',(-38.33416488104,59.538855112961,
    0.818675510193));
#2601 = CARTESIAN_POINT('',(-38.34941513511,59.446775487503,
    0.837331073118));
#2602 = CARTESIAN_POINT('',(-38.36423582016,59.357089350458,
    0.861728429073));
#2603 = CARTESIAN_POINT('',(-38.37853801381,59.270358509505,
    0.891407957293));
#2604 = CARTESIAN_POINT('',(-38.40075541673,59.135364555177,
    0.947195631396));
#2605 = CARTESIAN_POINT('',(-38.40903531847,59.084990172486,
    0.970382255793));
#2606 = CARTESIAN_POINT('',(-38.41707878927,59.035992986987,
    0.995290297642));
#2607 = CARTESIAN_POINT('',(-38.42487577075,58.988440436536,
    1.021802930544));
#2608 = CARTESIAN_POINT('',(-38.43241932795,58.942381106418,
    1.049805062499));
#2609 = CARTESIAN_POINT('',(-38.43970511636,58.897847724298,
    1.07918667735));
#2610 = CARTESIAN_POINT('',(-38.45572869253,58.799806050274,
    1.149111743024));
#2611 = CARTESIAN_POINT('',(-38.46429933418,58.747291415619,
    1.190470299358));
#2612 = CARTESIAN_POINT('',(-38.47243898116,58.697351938291,
    1.233710629538));
#2613 = CARTESIAN_POINT('',(-38.48014747818,58.650000322101,
    1.278636665737));
#2614 = CARTESIAN_POINT('',(-38.48742750576,58.605231036063,
    1.325069907276));
#2615 = CARTESIAN_POINT('',(-38.49428377855,58.563025062874,
    1.372851839904));
#2616 = CARTESIAN_POINT('',(-38.51876948946,58.412157067214,1.5591797171
    ));
#2617 = CARTESIAN_POINT('',(-38.53350414514,58.321065595251,
    1.70581043011));
#2618 = CARTESIAN_POINT('',(-38.54511688159,58.249103733352,
    1.858997681179));
#2619 = CARTESIAN_POINT('',(-38.55371727758,58.195725764129,
    2.016607209156));
#2620 = CARTESIAN_POINT('',(-38.55940849511,58.16037643732,
    2.176847962628));
#2621 = CARTESIAN_POINT('',(-38.56225957581,58.142667628609,
    2.338329092925));
#2622 = CARTESIAN_POINT('',(-38.56225957581,58.142667628609,2.5));
#2623 = PCURVE('',#299,#2624);
#2624 = DEFINITIONAL_REPRESENTATION('',(#2625),#2761);
#2625 = B_SPLINE_CURVE_WITH_KNOTS('',3,(#2626,#2627,#2628,#2629,#2630,
    #2631,#2632,#2633,#2634,#2635,#2636,#2637,#2638,#2639,#2640,#2641,
    #2642,#2643,#2644,#2645,#2646,#2647,#2648,#2649,#2650,#2651,#2652,
    #2653,#2654,#2655,#2656,#2657,#2658,#2659,#2660,#2661,#2662,#2663,
    #2664,#2665,#2666,#2667,#2668,#2669,#2670,#2671,#2672,#2673,#2674,
    #2675,#2676,#2677,#2678,#2679,#2680,#2681,#2682,#2683,#2684,#2685,
    #2686,#2687,#2688,#2689,#2690,#2691,#2692,#2693,#2694,#2695,#2696,
    #2697,#2698,#2699,#2700,#2701,#2702,#2703,#2704,#2705,#2706,#2707,
    #2708,#2709,#2710,#2711,#2712,#2713,#2714,#2715,#2716,#2717,#2718,
    #2719,#2720,#2721,#2722,#2723,#2724,#2725,#2726,#2727,#2728,#2729,
    #2730,#2731,#2732,#2733,#2734,#2735,#2736,#2737,#2738,#2739,#2740,
    #2741,#2742,#2743,#2744,#2745,#2746,#2747,#2748,#2749,#2750,#2751,
    #2752,#2753,#2754,#2755,#2756,#2757,#2758,#2759,#2760),
  .UNSPECIFIED.,.T.,.F.,(4,1,1,1,1,1,1,1,1,1,1,1,1,1,1,1,1,1,1,1,1,1,1,1
    ,1,1,1,1,1,1,1,1,1,1,1,1,1,1,1,1,1,1,1,1,1,1,1,1,1,1,1,1,1,1,1,1,1,1
    ,1,1,1,1,1,1,1,1,1,1,1,1,1,1,1,1,1,1,1,1,1,1,1,1,1,1,1,1,1,1,1,1,1,1
    ,1,1,1,1,1,1,1,1,1,1,1,1,1,1,1,1,1,1,1,1,1,1,1,1,1,1,1,1,1,1,1,1,1,1
    ,1,1,1,1,1,1,4),(0.,1.010288472678E-02,2.020576945356E-02,
    3.030865418034E-02,4.041153890712E-02,5.05144236339E-02,
    6.061730836068E-02,7.072019308746E-02,8.082307781424E-02,
    9.092596254102E-02,0.101028847268,0.111131731995,0.121234616721,
    0.131337501448,0.141440386175,0.151543270902,0.161646155628,
    0.171749040355,0.181851925082,0.191954809809,0.202057694536,
    0.212160579262,0.222263463989,0.232366348716,0.242469233443,
    0.252572118169,0.262675002896,0.272777887623,0.28288077235,
    0.292983657077,0.303086541803,0.31318942653,0.323292311257,
    0.333395195984,0.343498080711,0.353600965437,0.363703850164,
    0.373806734891,0.383909619618,0.394012504344,0.404115389071,
    0.414218273798,0.424321158525,0.434424043252,0.444526927978,
    0.454629812705,0.464732697432,0.474835582159,0.484938466885,
    0.495041351612,0.505144236339,0.515247121066,0.525350005793,
    0.535452890519,0.545555775246,0.555658659973,0.5657615447,
    0.575864429426,0.585967314153,0.59607019888,0.606173083607,
    0.616275968334,0.62637885306,0.636481737787,0.646584622514,
    0.656687507241,0.666790391967,0.676893276694,0.686996161421,
    0.697099046148,0.707201930875,0.717304815601,0.727407700328,
    0.737510585055,0.747613469782,0.757716354508,0.767819239235,
    0.777922123962,0.788025008689,0.798127893416,0.808230778142,
    0.818333662869,0.828436547596,0.838539432323,0.84864231705,
    0.858745201776,0.868848086503,0.87895097123,0.889053855957,
    0.899156740683,0.90925962541,0.919362510137,0.929465394864,
    0.939568279591,0.949671164317,0.959774049044,0.969876933771,
    0.979979818498,0.990082703224,1.000185587951,1.010288472678,
    1.020391357405,1.030494242132,1.040597126858,1.050700011585,
    1.060802896312,1.070905781039,1.081008665765,1.091111550492,
    1.101214435219,1.111317319946,1.121420204673,1.131523089399,
    1.141625974126,1.151728858853,1.16183174358,1.171934628306,
    1.182037513033,1.19214039776,1.202243282487,1.212346167214,
    1.22244905194,1.232551936667,1.242654821394,1.252757706121,
    1.262860590847,1.272963475574,1.283066360301,1.293169245028,
    1.303272129755,1.313375014481,1.323477899208,1.333580783935),
  .QUASI_UNIFORM_KNOTS.);
#2626 = CARTESIAN_POINT('',(2.5,7.407462470253));
#2627 = CARTESIAN_POINT('',(2.523817330574,7.407462466564));
#2628 = CARTESIAN_POINT('',(2.571442781852,7.407454323608));
#2629 = CARTESIAN_POINT('',(2.642790446816,7.407417658911));
#2630 = CARTESIAN_POINT('',(2.713986591868,7.40735651651));
#2631 = CARTESIAN_POINT('',(2.784963648696,7.40727081264));
#2632 = CARTESIAN_POINT('',(2.85564963398,7.407160433117));
#2633 = CARTESIAN_POINT('',(2.925967476323,7.407025232229));
#2634 = CARTESIAN_POINT('',(2.995835103534,7.406865038076));
#2635 = CARTESIAN_POINT('',(3.065165320675,7.406679655299));
#2636 = CARTESIAN_POINT('',(3.133865725377,7.40646886752));
#2637 = CARTESIAN_POINT('',(3.2018385909,7.406232438721));
#2638 = CARTESIAN_POINT('',(3.268980695484,7.405970113856));
#2639 = CARTESIAN_POINT('',(3.335183200247,7.405681617776));
#2640 = CARTESIAN_POINT('',(3.400331135002,7.405366655328));
#2641 = CARTESIAN_POINT('',(3.464304099153,7.405024901622));
#2642 = CARTESIAN_POINT('',(3.526972136612,7.404656023102));
#2643 = CARTESIAN_POINT('',(3.588209288735,7.404259577353));
#2644 = CARTESIAN_POINT('',(3.647839228812,7.40383536932));
#2645 = CARTESIAN_POINT('',(3.705675850614,7.403383263608));
#2646 = CARTESIAN_POINT('',(3.761535749219,7.402903067006));
#2647 = CARTESIAN_POINT('',(3.815213962159,7.402394717602));
#2648 = CARTESIAN_POINT('',(3.866491481612,7.40185826125));
#2649 = CARTESIAN_POINT('',(3.915135948939,7.401293861407));
#2650 = CARTESIAN_POINT('',(3.960895137753,7.400701921961));
#2651 = CARTESIAN_POINT('',(4.003504091802,7.400083080853));
#2652 = CARTESIAN_POINT('',(4.042687267957,7.39943825256));
#2653 = CARTESIAN_POINT('',(4.078160681591,7.398768735734));
#2654 = CARTESIAN_POINT('',(4.109648661215,7.398076000192));
#2655 = CARTESIAN_POINT('',(4.136868064591,7.397362180258));
#2656 = CARTESIAN_POINT('',(4.159552422036,7.396629925472));
#2657 = CARTESIAN_POINT('',(4.177468095078,7.395882183874));
#2658 = CARTESIAN_POINT('',(4.190418415899,7.395122278194));
#2659 = CARTESIAN_POINT('',(4.198252514476,7.394353875425));
#2660 = CARTESIAN_POINT('',(4.200873908843,7.393581086249));
#2661 = CARTESIAN_POINT('',(4.198251849852,7.39280814785));
#2662 = CARTESIAN_POINT('',(4.190418826446,7.392039046743));
#2663 = CARTESIAN_POINT('',(4.177468585736,7.391277837824));
#2664 = CARTESIAN_POINT('',(4.159550371924,7.390528237189));
#2665 = CARTESIAN_POINT('',(4.136865393775,7.389793786735));
#2666 = CARTESIAN_POINT('',(4.109651648092,7.389077515094));
#2667 = CARTESIAN_POINT('',(4.078169331787,7.388381915017));
#2668 = CARTESIAN_POINT('',(4.042694166163,7.387709076123));
#2669 = CARTESIAN_POINT('',(4.003508596019,7.387060679562));
#2670 = CARTESIAN_POINT('',(3.960895586544,7.38643804986));
#2671 = CARTESIAN_POINT('',(3.915132461827,7.3858421835));
#2672 = CARTESIAN_POINT('',(3.86648751749,7.385273795504));
#2673 = CARTESIAN_POINT('',(3.81520972365,7.384733287059));
#2674 = CARTESIAN_POINT('',(3.76153134113,7.384220863255));
#2675 = CARTESIAN_POINT('',(3.705671306022,7.383736606704));
#2676 = CARTESIAN_POINT('',(3.64783418729,7.383280488771));
#2677 = CARTESIAN_POINT('',(3.588204935657,7.382852358389));
#2678 = CARTESIAN_POINT('',(3.526964680718,7.382452077951));
#2679 = CARTESIAN_POINT('',(3.46429501859,7.382079516669));
#2680 = CARTESIAN_POINT('',(3.400320967802,7.381734246265));
#2681 = CARTESIAN_POINT('',(3.335172431343,7.381415953601));
#2682 = CARTESIAN_POINT('',(3.268969558567,7.381124330857));
#2683 = CARTESIAN_POINT('',(3.201827164837,7.380859099123));
#2684 = CARTESIAN_POINT('',(3.133853955615,7.380619997936));
#2685 = CARTESIAN_POINT('',(3.065153064209,7.380406785525));
#2686 = CARTESIAN_POINT('',(2.995822172231,7.38021923766));
#2687 = CARTESIAN_POINT('',(2.92595368006,7.380057148247));
#2688 = CARTESIAN_POINT('',(2.85563484169,7.379920330722));
#2689 = CARTESIAN_POINT('',(2.784947791805,7.379808620384));
#2690 = CARTESIAN_POINT('',(2.713969892016,7.379721877542));
#2691 = CARTESIAN_POINT('',(2.642772813308,7.379659991336));
#2692 = CARTESIAN_POINT('',(2.571426312222,7.379622884405));
#2693 = CARTESIAN_POINT('',(2.499984506309,7.379610517325));
#2694 = CARTESIAN_POINT('',(2.428537521805,7.379622896458));
#2695 = CARTESIAN_POINT('',(2.357189941844,7.379660017153));
#2696 = CARTESIAN_POINT('',(2.285991761855,7.37972191745));
#2697 = CARTESIAN_POINT('',(2.21501349549,7.379808674537));
#2698 = CARTESIAN_POINT('',(2.144326323524,7.379920399111));
#2699 = CARTESIAN_POINT('',(2.074007511088,7.380057230962));
#2700 = CARTESIAN_POINT('',(2.00413904936,7.380219335016));
#2701 = CARTESIAN_POINT('',(1.934808118387,7.38040689814));
#2702 = CARTESIAN_POINT('',(1.866107080915,7.380620126741));
#2703 = CARTESIAN_POINT('',(1.798133623818,7.380859245292));
#2704 = CARTESIAN_POINT('',(1.730990923569,7.381124495666));
#2705 = CARTESIAN_POINT('',(1.664787766203,7.381416138199));
#2706 = CARTESIAN_POINT('',(1.599639076183,7.381734451406));
#2707 = CARTESIAN_POINT('',(1.535665158875,7.382079742208));
#2708 = CARTESIAN_POINT('',(1.472996036101,7.382452322864));
#2709 = CARTESIAN_POINT('',(1.411757104932,7.382852618454));
#2710 = CARTESIAN_POINT('',(1.352128804352,7.383280767181));
#2711 = CARTESIAN_POINT('',(1.294292902661,7.383736902578));
#2712 = CARTESIAN_POINT('',(1.238434155746,7.384221176972));
#2713 = CARTESIAN_POINT('',(1.184757200115,7.384733618744));
#2714 = CARTESIAN_POINT('',(1.133480977052,7.38527414461));
#2715 = CARTESIAN_POINT('',(1.084837852765,7.385842550514));
#2716 = CARTESIAN_POINT('',(1.039080357199,7.386438384021));
#2717 = CARTESIAN_POINT('',(0.996473271696,7.387060962344));
#2718 = CARTESIAN_POINT('',(0.957292013875,7.387709324469));
#2719 = CARTESIAN_POINT('',(0.921820944033,7.38838211231));
#2720 = CARTESIAN_POINT('',(0.890333326954,7.389077863238));
#2721 = CARTESIAN_POINT('',(0.863115779159,7.389794325978));
#2722 = CARTESIAN_POINT('',(0.840433768775,7.390528819711));
#2723 = CARTESIAN_POINT('',(0.822521118107,7.391278348292));
#2724 = CARTESIAN_POINT('',(0.809574291968,7.392039548116));
#2725 = CARTESIAN_POINT('',(0.801743978117,7.392808731711));
#2726 = CARTESIAN_POINT('',(0.799126162177,7.393581717683));
#2727 = CARTESIAN_POINT('',(0.801751381144,7.394354422936));
#2728 = CARTESIAN_POINT('',(0.809588406659,7.395122774935));
#2729 = CARTESIAN_POINT('',(0.822541521972,7.395882652532));
#2730 = CARTESIAN_POINT('',(0.840460609995,7.396630402869));
#2731 = CARTESIAN_POINT('',(0.863149501726,7.39736269224));
#2732 = CARTESIAN_POINT('',(0.890374218503,7.398076551168));
#2733 = CARTESIAN_POINT('',(0.921867340145,7.39876930493));
#2734 = CARTESIAN_POINT('',(0.957341937284,7.399438764528));
#2735 = CARTESIAN_POINT('',(0.996526522453,7.400083552582));
#2736 = CARTESIAN_POINT('',(1.039136205149,7.400702350146));
#2737 = CARTESIAN_POINT('',(1.084895751019,7.401294248606));
#2738 = CARTESIAN_POINT('',(1.133540320934,7.40185861072));
#2739 = CARTESIAN_POINT('',(1.184817530005,7.402395030226));
#2740 = CARTESIAN_POINT('',(1.238495062246,7.402903344254));
#2741 = CARTESIAN_POINT('',(1.294353991629,7.40338350768));
#2742 = CARTESIAN_POINT('',(1.35218961238,7.403835583744));
#2743 = CARTESIAN_POINT('',(1.411817641687,7.404259759755));
#2744 = CARTESIAN_POINT('',(1.473054928444,7.404656190019));
#2745 = CARTESIAN_POINT('',(1.535722199786,7.405025048812));
#2746 = CARTESIAN_POINT('',(1.599694042149,7.405366783043));
#2747 = CARTESIAN_POINT('',(1.664840493954,7.405681726279));
#2748 = CARTESIAN_POINT('',(1.731041281538,7.405970204285));
#2749 = CARTESIAN_POINT('',(1.798181509991,7.406232512568));
#2750 = CARTESIAN_POINT('',(1.866152412231,7.406468926533));
#2751 = CARTESIAN_POINT('',(1.934850820749,7.406679701318));
#2752 = CARTESIAN_POINT('',(2.004179048123,7.40686507293));
#2753 = CARTESIAN_POINT('',(2.074044714569,7.407025257665));
#2754 = CARTESIAN_POINT('',(2.144360630497,7.407160450759));
#2755 = CARTESIAN_POINT('',(2.215044711056,7.407270823981));
#2756 = CARTESIAN_POINT('',(2.286019853857,7.407356522932));
#2757 = CARTESIAN_POINT('',(2.357214025289,7.407417661736));
#2758 = CARTESIAN_POINT('',(2.428559589682,7.407454324158));
#2759 = CARTESIAN_POINT('',(2.476183493907,7.407462466573));
#2760 = CARTESIAN_POINT('',(2.5,7.407462470253));
#2761 = ( GEOMETRIC_REPRESENTATION_CONTEXT(2) 
PARAMETRIC_REPRESENTATION_CONTEXT() REPRESENTATION_CONTEXT('2D SPACE',''
  ) );
#2762 = PCURVE('',#2763,#2768);
#2763 = CYLINDRICAL_SURFACE('',#2764,1.7);
#2764 = AXIS2_PLACEMENT_3D('',#2765,#2766,#2767);
#2765 = CARTESIAN_POINT('',(-42.82463678825,60.577022631072,2.5));
#2766 = DIRECTION('',(0.986375977927,-0.16450662652,0.));
#2767 = DIRECTION('',(-0.16450662652,-0.986375977927,0.));
#2768 = DEFINITIONAL_REPRESENTATION('',(#2769),#2905);
#2769 = B_SPLINE_CURVE_WITH_KNOTS('',3,(#2770,#2771,#2772,#2773,#2774,
    #2775,#2776,#2777,#2778,#2779,#2780,#2781,#2782,#2783,#2784,#2785,
    #2786,#2787,#2788,#2789,#2790,#2791,#2792,#2793,#2794,#2795,#2796,
    #2797,#2798,#2799,#2800,#2801,#2802,#2803,#2804,#2805,#2806,#2807,
    #2808,#2809,#2810,#2811,#2812,#2813,#2814,#2815,#2816,#2817,#2818,
    #2819,#2820,#2821,#2822,#2823,#2824,#2825,#2826,#2827,#2828,#2829,
    #2830,#2831,#2832,#2833,#2834,#2835,#2836,#2837,#2838,#2839,#2840,
    #2841,#2842,#2843,#2844,#2845,#2846,#2847,#2848,#2849,#2850,#2851,
    #2852,#2853,#2854,#2855,#2856,#2857,#2858,#2859,#2860,#2861,#2862,
    #2863,#2864,#2865,#2866,#2867,#2868,#2869,#2870,#2871,#2872,#2873,
    #2874,#2875,#2876,#2877,#2878,#2879,#2880,#2881,#2882,#2883,#2884,
    #2885,#2886,#2887,#2888,#2889,#2890,#2891,#2892,#2893,#2894,#2895,
    #2896,#2897,#2898,#2899,#2900,#2901,#2902,#2903,#2904),
  .UNSPECIFIED.,.F.,.F.,(4,1,1,1,1,1,1,1,1,1,1,1,1,1,1,1,1,1,1,1,1,1,1,1
    ,1,1,1,1,1,1,1,1,1,1,1,1,1,1,1,1,1,1,1,1,1,1,1,1,1,1,1,1,1,1,1,1,1,1
    ,1,1,1,1,1,1,1,1,1,1,1,1,1,1,1,1,1,1,1,1,1,1,1,1,1,1,1,1,1,1,1,1,1,1
    ,1,1,1,1,1,1,1,1,1,1,1,1,1,1,1,1,1,1,1,1,1,1,1,1,1,1,1,1,1,1,1,1,1,1
    ,1,1,1,1,1,1,4),(0.,1.010288472678E-02,2.020576945356E-02,
    3.030865418034E-02,4.041153890712E-02,5.05144236339E-02,
    6.061730836068E-02,7.072019308746E-02,8.082307781424E-02,
    9.092596254102E-02,0.101028847268,0.111131731995,0.121234616721,
    0.131337501448,0.141440386175,0.151543270902,0.161646155628,
    0.171749040355,0.181851925082,0.191954809809,0.202057694536,
    0.212160579262,0.222263463989,0.232366348716,0.242469233443,
    0.252572118169,0.262675002896,0.272777887623,0.28288077235,
    0.292983657077,0.303086541803,0.31318942653,0.323292311257,
    0.333395195984,0.343498080711,0.353600965437,0.363703850164,
    0.373806734891,0.383909619618,0.394012504344,0.404115389071,
    0.414218273798,0.424321158525,0.434424043252,0.444526927978,
    0.454629812705,0.464732697432,0.474835582159,0.484938466885,
    0.495041351612,0.505144236339,0.515247121066,0.525350005793,
    0.535452890519,0.545555775246,0.555658659973,0.5657615447,
    0.575864429426,0.585967314153,0.59607019888,0.606173083607,
    0.616275968334,0.62637885306,0.636481737787,0.646584622514,
    0.656687507241,0.666790391967,0.676893276694,0.686996161421,
    0.697099046148,0.707201930875,0.717304815601,0.727407700328,
    0.737510585055,0.747613469782,0.757716354508,0.767819239235,
    0.777922123962,0.788025008689,0.798127893416,0.808230778142,
    0.818333662869,0.828436547596,0.838539432323,0.84864231705,
    0.858745201776,0.868848086503,0.87895097123,0.889053855957,
    0.899156740683,0.90925962541,0.919362510137,0.929465394864,
    0.939568279591,0.949671164317,0.959774049044,0.969876933771,
    0.979979818498,0.990082703224,1.000185587951,1.010288472678,
    1.020391357405,1.030494242132,1.040597126858,1.050700011585,
    1.060802896312,1.070905781039,1.081008665765,1.091111550492,
    1.101214435219,1.111317319946,1.121420204673,1.131523089399,
    1.141625974126,1.151728858853,1.16183174358,1.171934628306,
    1.182037513033,1.19214039776,1.202243282487,1.212346167214,
    1.22244905194,1.232551936667,1.242654821394,1.252757706121,
    1.262860590847,1.272963475574,1.283066360301,1.293169245028,
    1.303272129755,1.313375014481,1.323477899208,1.333580783935),
  .QUASI_UNIFORM_KNOTS.);
#2770 = CARTESIAN_POINT('',(6.28318530718,4.604774020425));
#2771 = CARTESIAN_POINT('',(6.269175073444,4.604774025238));
#2772 = CARTESIAN_POINT('',(6.24116015863,4.60476838112));
#2773 = CARTESIAN_POINT('',(6.199116697041,4.60474306663));
#2774 = CARTESIAN_POINT('',(6.157013597415,4.604700992779));
#2775 = CARTESIAN_POINT('',(6.114815115745,4.604642332427));
#2776 = CARTESIAN_POINT('',(6.072486809763,4.60456732044));
#2777 = CARTESIAN_POINT('',(6.02999542966,4.604476266315));
#2778 = CARTESIAN_POINT('',(5.987308456516,4.604369557318));
#2779 = CARTESIAN_POINT('',(5.944393748819,4.60424766392));
#2780 = CARTESIAN_POINT('',(5.901219164984,4.604111144389));
#2781 = CARTESIAN_POINT('',(5.857752177794,4.603960649357));
#2782 = CARTESIAN_POINT('',(5.813959481814,4.60379692624));
#2783 = CARTESIAN_POINT('',(5.769806491683,4.603620823164));
#2784 = CARTESIAN_POINT('',(5.725257043183,4.603433293957));
#2785 = CARTESIAN_POINT('',(5.680272044289,4.603235398297));
#2786 = CARTESIAN_POINT('',(5.634811658704,4.603028319114));
#2787 = CARTESIAN_POINT('',(5.588823821559,4.602813314792));
#2788 = CARTESIAN_POINT('',(5.542284376378,4.602591919644));
#2789 = CARTESIAN_POINT('',(5.495169295468,4.60236582392));
#2790 = CARTESIAN_POINT('',(5.447443022358,4.602136823487));
#2791 = CARTESIAN_POINT('',(5.399077488916,4.601906907662));
#2792 = CARTESIAN_POINT('',(5.350047134903,4.601678231114));
#2793 = CARTESIAN_POINT('',(5.300328531412,4.60145311176));
#2794 = CARTESIAN_POINT('',(5.249909126997,4.601234051118));
#2795 = CARTESIAN_POINT('',(5.198784063822,4.601023692974));
#2796 = CARTESIAN_POINT('',(5.146957873796,4.600824797594));
#2797 = CARTESIAN_POINT('',(5.094450765441,4.600640204252));
#2798 = CARTESIAN_POINT('',(5.041280860648,4.600472719667));
#2799 = CARTESIAN_POINT('',(4.987501192816,4.600325156705));
#2800 = CARTESIAN_POINT('',(4.933186124637,4.600200173623));
#2801 = CARTESIAN_POINT('',(4.878415851065,4.600100131089));
#2802 = CARTESIAN_POINT('',(4.823283745617,4.600027020163));
#2803 = CARTESIAN_POINT('',(4.767896276887,4.599982370217));
#2804 = CARTESIAN_POINT('',(4.712383084498,4.599967164211));
#2805 = CARTESIAN_POINT('',(4.656878026078,4.599981742642));
#2806 = CARTESIAN_POINT('',(4.601496634128,4.600025818215));
#2807 = CARTESIAN_POINT('',(4.546363306994,4.600098481478));
#2808 = CARTESIAN_POINT('',(4.491585963925,4.600198266876));
#2809 = CARTESIAN_POINT('',(4.437271427926,4.600323202557));
#2810 = CARTESIAN_POINT('',(4.383503242185,4.600470937784));
#2811 = CARTESIAN_POINT('',(4.330340842253,4.60063887614));
#2812 = CARTESIAN_POINT('',(4.277829479896,4.60082425345));
#2813 = CARTESIAN_POINT('',(4.225999479186,4.601024231281));
#2814 = CARTESIAN_POINT('',(4.174869177307,4.601235967036));
#2815 = CARTESIAN_POINT('',(4.124445664216,4.601456677308));
#2816 = CARTESIAN_POINT('',(4.07472692235,4.601683681793));
#2817 = CARTESIAN_POINT('',(4.025696537671,4.601914468526));
#2818 = CARTESIAN_POINT('',(3.977331078527,4.602146689042));
#2819 = CARTESIAN_POINT('',(3.92960487048,4.602378155499));
#2820 = CARTESIAN_POINT('',(3.882489574685,4.602606844518));
#2821 = CARTESIAN_POINT('',(3.835950798016,4.60283091807));
#2822 = CARTESIAN_POINT('',(3.789960781094,4.603048665973));
#2823 = CARTESIAN_POINT('',(3.744499428075,4.603258497099));
#2824 = CARTESIAN_POINT('',(3.699513864505,4.603459122442));
#2825 = CARTESIAN_POINT('',(3.654964197589,4.603649325353));
#2826 = CARTESIAN_POINT('',(3.610811136113,4.603828014665));
#2827 = CARTESIAN_POINT('',(3.567018406781,4.603994206317));
#2828 = CARTESIAN_POINT('',(3.523551336922,4.604147023866));
#2829 = CARTESIAN_POINT('',(3.480376568998,4.604285693665));
#2830 = CARTESIAN_POINT('',(3.437461552545,4.604409541187));
#2831 = CARTESIAN_POINT('',(3.394774148759,4.604517986781));
#2832 = CARTESIAN_POINT('',(3.352282253753,4.604610541301));
#2833 = CARTESIAN_POINT('',(3.309953385133,4.604686801499));
#2834 = CARTESIAN_POINT('',(3.267754464635,4.604746445197));
#2835 = CARTESIAN_POINT('',(3.225650852928,4.604789226295));
#2836 = CARTESIAN_POINT('',(3.183608126297,4.604814969388));
#2837 = CARTESIAN_POINT('',(3.141583542582,4.604823564812));
#2838 = CARTESIAN_POINT('',(3.099555895069,4.604814961072));
#2839 = CARTESIAN_POINT('',(3.057512475088,4.604789208402));
#2840 = CARTESIAN_POINT('',(3.015408113362,4.604746417639));
#2841 = CARTESIAN_POINT('',(2.973208831131,4.604686764352));
#2842 = CARTESIAN_POINT('',(2.930879700601,4.6046104948));
#2843 = CARTESIAN_POINT('',(2.888387585506,4.604517931123));
#2844 = CARTESIAN_POINT('',(2.845699915613,4.604409476464));
#2845 = CARTESIAN_POINT('',(2.802784537466,4.604285619832));
#2846 = CARTESIAN_POINT('',(2.759609281619,4.604146940764));
#2847 = CARTESIAN_POINT('',(2.716141590778,4.603994113735));
#2848 = CARTESIAN_POINT('',(2.672348123185,4.603827912452));
#2849 = CARTESIAN_POINT('',(2.628194247282,4.603649213561));
#2850 = CARTESIAN_POINT('',(2.583643753298,4.603459001478));
#2851 = CARTESIAN_POINT('',(2.538657455595,4.603258367986));
#2852 = CARTESIAN_POINT('',(2.493195547718,4.603048530314));
#2853 = CARTESIAN_POINT('',(2.447205465245,4.602830779186));
#2854 = CARTESIAN_POINT('',(2.40066624568,4.602606701773));
#2855 = CARTESIAN_POINT('',(2.353550599967,4.60237801053));
#2856 = CARTESIAN_POINT('',(2.305823984804,4.602146542849));
#2857 = CARTESIAN_POINT('',(2.257458095543,4.601914322473));
#2858 = CARTESIAN_POINT('',(2.208427292972,4.601683537312));
#2859 = CARTESIAN_POINT('',(2.158708112949,4.601456536433));
#2860 = CARTESIAN_POINT('',(2.10828834486,4.601235848924));
#2861 = CARTESIAN_POINT('',(2.057162950373,4.601024139639));
#2862 = CARTESIAN_POINT('',(2.005336274982,4.600824182167));
#2863 = CARTESIAN_POINT('',(1.952829220073,4.600638824621));
#2864 = CARTESIAN_POINT('',(1.89965560587,4.600470857583));
#2865 = CARTESIAN_POINT('',(1.845873682353,4.600323099313));
#2866 = CARTESIAN_POINT('',(1.791556553944,4.600198179262));
#2867 = CARTESIAN_POINT('',(1.73678489534,4.600098424157));
#2868 = CARTESIAN_POINT('',(1.681652478138,4.600025779103));
#2869 = CARTESIAN_POINT('',(1.626265312315,4.599981719225));
#2870 = CARTESIAN_POINT('',(1.570756894977,4.599967164831));
#2871 = CARTESIAN_POINT('',(1.515249646996,4.599982392692));
#2872 = CARTESIAN_POINT('',(1.45986565234,4.600027059025));
#2873 = CARTESIAN_POINT('',(1.404735307506,4.600100185128));
#2874 = CARTESIAN_POINT('',(1.349964020783,4.600200245907));
#2875 = CARTESIAN_POINT('',(1.295645878282,4.600325252793));
#2876 = CARTESIAN_POINT('',(1.24186259552,4.600472842785));
#2877 = CARTESIAN_POINT('',(1.188690397163,4.600640351758));
#2878 = CARTESIAN_POINT('',(1.136186780928,4.600824947702));
#2879 = CARTESIAN_POINT('',(1.084362805386,4.601023846306));
#2880 = CARTESIAN_POINT('',(1.033240257188,4.60123420345));
#2881 = CARTESIAN_POINT('',(0.982823229289,4.601453261018));
#2882 = CARTESIAN_POINT('',(0.933106807918,4.601678375515));
#2883 = CARTESIAN_POINT('',(0.884078654486,4.60190704531));
#2884 = CARTESIAN_POINT('',(0.835715309322,4.602136952581));
#2885 = CARTESIAN_POINT('',(0.787991160103,4.602365943313));
#2886 = CARTESIAN_POINT('',(0.74087797993,4.602592029412));
#2887 = CARTESIAN_POINT('',(0.694340897677,4.602813412011));
#2888 = CARTESIAN_POINT('',(0.648353690951,4.60302841133));
#2889 = CARTESIAN_POINT('',(0.602894502677,4.603235482338));
#2890 = CARTESIAN_POINT('',(0.55791082439,4.603433369032));
#2891 = CARTESIAN_POINT('',(0.513362832341,4.603620888651));
#2892 = CARTESIAN_POINT('',(0.469211346919,4.603796982124));
#2893 = CARTESIAN_POINT('',(0.425420162471,4.603960695967));
#2894 = CARTESIAN_POINT('',(0.381954656808,4.604111182336));
#2895 = CARTESIAN_POINT('',(0.338781501526,4.604247693993));
#2896 = CARTESIAN_POINT('',(0.295868156413,4.604369580411));
#2897 = CARTESIAN_POINT('',(0.253182476968,4.604476283364));
#2898 = CARTESIAN_POINT('',(0.210692328294,4.60456733238));
#2899 = CARTESIAN_POINT('',(0.16836520765,4.604642340167));
#2900 = CARTESIAN_POINT('',(0.126167891048,4.604700997195));
#2901 = CARTESIAN_POINT('',(8.40659724428E-02,4.604743068589));
#2902 = CARTESIAN_POINT('',(4.202375346901E-02,4.604768381506));
#2903 = CARTESIAN_POINT('',(1.40097487962E-02,4.604774025246));
#2904 = CARTESIAN_POINT('',(0.,4.604774020425));
#2905 = ( GEOMETRIC_REPRESENTATION_CONTEXT(2) 
PARAMETRIC_REPRESENTATION_CONTEXT() REPRESENTATION_CONTEXT('2D SPACE',''
  ) );
#2906 = FACE_BOUND('',#2907,.T.);
#2907 = EDGE_LOOP('',(#2908));
#2908 = ORIENTED_EDGE('',*,*,#2909,.T.);
#2909 = EDGE_CURVE('',#2910,#2910,#2912,.T.);
#2910 = VERTEX_POINT('',#2911);
#2911 = CARTESIAN_POINT('',(-42.82523586452,11.821757171262,2.5));
#2912 = SURFACE_CURVE('',#2913,(#3030,#3191),.PCURVE_S1.);
#2913 = B_SPLINE_CURVE_WITH_KNOTS('',7,(#2914,#2915,#2916,#2917,#2918,
    #2919,#2920,#2921,#2922,#2923,#2924,#2925,#2926,#2927,#2928,#2929,
    #2930,#2931,#2932,#2933,#2934,#2935,#2936,#2937,#2938,#2939,#2940,
    #2941,#2942,#2943,#2944,#2945,#2946,#2947,#2948,#2949,#2950,#2951,
    #2952,#2953,#2954,#2955,#2956,#2957,#2958,#2959,#2960,#2961,#2962,
    #2963,#2964,#2965,#2966,#2967,#2968,#2969,#2970,#2971,#2972,#2973,
    #2974,#2975,#2976,#2977,#2978,#2979,#2980,#2981,#2982,#2983,#2984,
    #2985,#2986,#2987,#2988,#2989,#2990,#2991,#2992,#2993,#2994,#2995,
    #2996,#2997,#2998,#2999,#3000,#3001,#3002,#3003,#3004,#3005,#3006,
    #3007,#3008,#3009,#3010,#3011,#3012,#3013,#3014,#3015,#3016,#3017,
    #3018,#3019,#3020,#3021,#3022,#3023,#3024,#3025,#3026,#3027,#3028,
    #3029),.UNSPECIFIED.,.T.,.F.,(8,6,6,6,6,6,6,6,6,6,6,6,6,6,6,6,6,6,6,
    8),(0.,0.160335126657,0.217499658775,0.26225092023,0.333125349193,
    0.382080818011,0.44919096911,0.506377045968,0.549591229655,
    0.581900392553,0.666641953117,0.783102318297,0.826248717163,
    0.883232009677,0.92757997829,1.,1.072565565864,1.116887215639,
    1.173850067571,1.333378353283),.UNSPECIFIED.);
#2914 = CARTESIAN_POINT('',(-42.82523586452,11.821757171262,2.5));
#2915 = CARTESIAN_POINT('',(-42.82523586452,11.821757171262,
    2.662002511792));
#2916 = CARTESIAN_POINT('',(-42.82470255798,11.839759645267,
    2.823813330333));
#2917 = CARTESIAN_POINT('',(-42.82363797725,11.875694671522,
    2.984376835807));
#2918 = CARTESIAN_POINT('',(-42.82202532865,11.929959754722,
    3.142293515294));
#2919 = CARTESIAN_POINT('',(-42.81983721255,12.003123956067,
    3.295759300579));
#2920 = CARTESIAN_POINT('',(-42.81704047737,12.095745612827,
    3.442623439113));
#2921 = CARTESIAN_POINT('',(-42.81234620155,12.2491418824,3.62914452193)
  );
#2922 = CARTESIAN_POINT('',(-42.81102878463,12.292034839712,
    3.676946987792));
#2923 = CARTESIAN_POINT('',(-42.80962576482,12.337532556491,
    3.723392307359));
#2924 = CARTESIAN_POINT('',(-42.80813531354,12.385654366513,
    3.768320823733));
#2925 = CARTESIAN_POINT('',(-42.80655591056,12.436405745884,
    3.81155274601));
#2926 = CARTESIAN_POINT('',(-42.80488651808,12.489773428281,
    3.85289062166));
#2927 = CARTESIAN_POINT('',(-42.80174912373,12.589518708425,
    3.92283394898));
#2928 = CARTESIAN_POINT('',(-42.800316188,12.634895176763,3.952253168225
    ));
#2929 = CARTESIAN_POINT('',(-42.79882786756,12.681829229038,
    3.980276374335));
#2930 = CARTESIAN_POINT('',(-42.79728446868,12.7302868424,4.006791953675
    ));
#2931 = CARTESIAN_POINT('',(-42.79568681557,12.780217557899,
    4.031683217913));
#2932 = CARTESIAN_POINT('',(-42.79403638195,12.831551371073,
    4.054831850644));
#2933 = CARTESIAN_POINT('',(-42.78964154299,12.967570507147,
    4.109838423555));
#2934 = CARTESIAN_POINT('',(-42.78681982299,13.054266691806,
    4.138906683733));
#2935 = CARTESIAN_POINT('',(-42.78388101395,13.143860347523,
    4.162832924333));
#2936 = CARTESIAN_POINT('',(-42.78084003924,13.235811773211,
    4.181179740407));
#2937 = CARTESIAN_POINT('',(-42.77771674328,13.329456479465,
    4.19359456084));
#2938 = CARTESIAN_POINT('',(-42.77453658345,13.423998050825,
    4.199864681457));
#2939 = CARTESIAN_POINT('',(-42.76911723808,13.583780541953,
    4.20009059958));
#2940 = CARTESIAN_POINT('',(-42.76689014318,13.649072116978,
    4.197255046149));
#2941 = CARTESIAN_POINT('',(-42.76465973542,13.714089414582,
    4.191490251115));
#2942 = CARTESIAN_POINT('',(-42.76243545261,13.778563810712,
    4.182839056278));
#2943 = CARTESIAN_POINT('',(-42.76022633592,13.842246918711,
    4.171382417615));
#2944 = CARTESIAN_POINT('',(-42.75804095065,13.904911353769,
    4.157233286386));
#2945 = CARTESIAN_POINT('',(-42.75293500495,14.050576149275,
    4.117633616788));
#2946 = CARTESIAN_POINT('',(-42.75004175701,14.132517022454,
    4.089933451373));
#2947 = CARTESIAN_POINT('',(-42.74722652314,14.211691572562,
    4.057773434926));
#2948 = CARTESIAN_POINT('',(-42.74450395865,14.28775819112,
    4.021554145888));
#2949 = CARTESIAN_POINT('',(-42.74188502578,14.360486206477,
    3.981686424033));
#2950 = CARTESIAN_POINT('',(-42.73937753718,14.429732394379,
    3.938560226435));
#2951 = CARTESIAN_POINT('',(-42.73494928628,14.551401298733,
    3.853305150593));
#2952 = CARTESIAN_POINT('',(-42.73299658375,14.60479777918,
    3.811971538904));
#2953 = CARTESIAN_POINT('',(-42.73113141732,14.65557644044,3.7687413193)
  );
#2954 = CARTESIAN_POINT('',(-42.7293557325,14.703723977507,
    3.723812232877));
#2955 = CARTESIAN_POINT('',(-42.72767068416,14.749245879005,
    3.677364339522));
#2956 = CARTESIAN_POINT('',(-42.72607679404,14.792161526787,
    3.629557534404));
#2957 = CARTESIAN_POINT('',(-42.7234385638,14.862981605989,
    3.543479393982));
#2958 = CARTESIAN_POINT('',(-42.72235516359,14.891990196601,
    3.505733926758));
#2959 = CARTESIAN_POINT('',(-42.72132393518,14.919537159299,
    3.467353020073));
#2960 = CARTESIAN_POINT('',(-42.72034484817,14.945635081174,
    3.428392656264));
#2961 = CARTESIAN_POINT('',(-42.71941781431,14.970297044474,
    3.388904442755));
#2962 = CARTESIAN_POINT('',(-42.71854268748,14.993536626612,
    3.348935612048));
#2963 = CARTESIAN_POINT('',(-42.71710362938,15.031690091465,
    3.278318961109));
#2964 = CARTESIAN_POINT('',(-42.71651690762,15.047224774892,
    3.247864542176));
#2965 = CARTESIAN_POINT('',(-42.71595902213,15.061977597555,
    3.217183842723));
#2966 = CARTESIAN_POINT('',(-42.71542989553,15.075953948087,
    3.186294060805));
#2967 = CARTESIAN_POINT('',(-42.71492944936,15.089158956643,
    3.155211514734));
#2968 = CARTESIAN_POINT('',(-42.71445760407,15.101597494895,
    3.123951643077));
#2969 = CARTESIAN_POINT('',(-42.71285151124,15.143900168583,
    3.01011265037));
#2970 = CARTESIAN_POINT('',(-42.71188504747,15.169282404855,
    2.926583870244));
#2971 = CARTESIAN_POINT('',(-42.71111327273,15.189508598797,
    2.842196407767));
#2972 = CARTESIAN_POINT('',(-42.71053507379,15.20464045471,
    2.757185031014));
#2973 = CARTESIAN_POINT('',(-42.71014960998,15.214721196488,
    2.671768679057));
#2974 = CARTESIAN_POINT('',(-42.70995634283,15.219775549279,
    2.586152529827));
#2975 = CARTESIAN_POINT('',(-42.70995392566,15.219838763346,
    2.38285651901));
#2976 = CARTESIAN_POINT('',(-42.71031563184,15.210379354229,
    2.265216901506));
#2977 = CARTESIAN_POINT('',(-42.71104003721,15.191434727423,
    2.148079228303));
#2978 = CARTESIAN_POINT('',(-42.71212942416,15.162907421864,
    2.031980075533));
#2979 = CARTESIAN_POINT('',(-42.71358668021,15.124646369263,
    1.917524014056));
#2980 = CARTESIAN_POINT('',(-42.71541503913,15.076448709693,
    1.805394921623));
#2981 = CARTESIAN_POINT('',(-42.71843641293,14.996357883756,
    1.655989391753));
#2982 = CARTESIAN_POINT('',(-42.7193047061,14.973304203732,
    1.616033314258));
#2983 = CARTESIAN_POINT('',(-42.72022473018,14.948833786987,
    1.576552288332));
#2984 = CARTESIAN_POINT('',(-42.72119663316,14.922933123773,
    1.537593050926));
#2985 = CARTESIAN_POINT('',(-42.72222050713,14.895589155262,
    1.499206652349));
#2986 = CARTESIAN_POINT('',(-42.72329638829,14.86678927354,
    1.461448456267));
#2987 = CARTESIAN_POINT('',(-42.72591382896,14.796546547272,
    1.375419507065));
#2988 = CARTESIAN_POINT('',(-42.72749397301,14.7540138935,1.327663858341
    ));
#2989 = CARTESIAN_POINT('',(-42.72916466131,14.708894988489,
    1.281246107766));
#2990 = CARTESIAN_POINT('',(-42.7309254067,14.661170081571,
    1.236323321791));
#2991 = CARTESIAN_POINT('',(-42.73277511029,14.610832765755,
    1.193072366178));
#2992 = CARTESIAN_POINT('',(-42.73471190908,14.557894700242,
    1.151687553071));
#2993 = CARTESIAN_POINT('',(-42.73830598138,14.459193356621,
    1.081785355076));
#2994 = CARTESIAN_POINT('',(-42.73992991892,14.414444456834,
    1.052451369643));
#2995 = CARTESIAN_POINT('',(-42.7416034317,14.368162685828,
    1.024476061114));
#2996 = CARTESIAN_POINT('',(-42.74332462309,14.320379731466,
    0.997967444067));
#2997 = CARTESIAN_POINT('',(-42.74509102841,14.271142870505,
    0.973038606654));
#2998 = CARTESIAN_POINT('',(-42.74689953914,14.220517921881,
    0.94980449893));
#2999 = CARTESIAN_POINT('',(-42.751762123,14.083797743189,0.893390528075
    ));
#3000 = CARTESIAN_POINT('',(-42.75488130827,13.995497584423,
    0.863208901125));
#3001 = CARTESIAN_POINT('',(-42.75808500375,13.904133763812,
    0.838362834479));
#3002 = CARTESIAN_POINT('',(-42.76135037466,13.810272249059,
    0.819322269015));
#3003 = CARTESIAN_POINT('',(-42.76465080229,13.714612169624,
    0.806467254075));
#3004 = CARTESIAN_POINT('',(-42.7679561052,13.617993800141,
    0.800028607518));
#3005 = CARTESIAN_POINT('',(-42.77451609955,13.424622669904,
    0.799971483324));
#3006 = CARTESIAN_POINT('',(-42.77777327828,13.327793302796,
    0.806378683775));
#3007 = CARTESIAN_POINT('',(-42.78097072782,13.231906762014,
    0.81923154964));
#3008 = CARTESIAN_POINT('',(-42.78408134832,13.137811385084,
    0.838301883498));
#3009 = CARTESIAN_POINT('',(-42.78708395481,13.046217930248,
    0.863208809286));
#3010 = CARTESIAN_POINT('',(-42.78996259594,12.957705188505,
    0.893476622768));
#3011 = CARTESIAN_POINT('',(-42.79438128761,12.820824852178,
    0.949996465182));
#3012 = CARTESIAN_POINT('',(-42.79600686004,12.770222121669,
    0.973234124038));
#3013 = CARTESIAN_POINT('',(-42.79758042073,12.721006525847,
    0.998164592177));
#3014 = CARTESIAN_POINT('',(-42.79910061482,12.673243779049,
    1.024673054222));
#3015 = CARTESIAN_POINT('',(-42.80056669966,12.626981092184,
    1.052646565747));
#3016 = CARTESIAN_POINT('',(-42.80197842082,12.5822501181,1.081977255709
    ));
#3017 = CARTESIAN_POINT('',(-42.80508052504,12.483574026301,
    1.151878038324));
#3018 = CARTESIAN_POINT('',(-42.80673541833,12.43064372664,
    1.193264819126));
#3019 = CARTESIAN_POINT('',(-42.80830100529,12.380313459961,
    1.236516598225));
#3020 = CARTESIAN_POINT('',(-42.80977835157,12.332594923495,
    1.281439191977));
#3021 = CARTESIAN_POINT('',(-42.81116898349,12.287481765109,
    1.327855854244));
#3022 = CARTESIAN_POINT('',(-42.81247472056,12.244954298698,
    1.375609624485));
#3023 = CARTESIAN_POINT('',(-42.8171220067,12.093045333329,1.56167037978
    ));
#3024 = CARTESIAN_POINT('',(-42.81989034093,12.001347389779,
    1.70797841539));
#3025 = CARTESIAN_POINT('',(-42.82205662712,11.92890654213,
    1.860781045642));
#3026 = CARTESIAN_POINT('',(-42.82365347871,11.87517143528,
    2.017966424759));
#3027 = CARTESIAN_POINT('',(-42.82470774447,11.839584563032,
    2.177761524784));
#3028 = CARTESIAN_POINT('',(-42.82523586452,11.821757171262,
    2.338787321729));
#3029 = CARTESIAN_POINT('',(-42.82523586452,11.821757171262,2.5));
#3030 = PCURVE('',#299,#3031);
#3031 = DEFINITIONAL_REPRESENTATION('',(#3032),#3190);
#3032 = B_SPLINE_CURVE_WITH_KNOTS('',3,(#3033,#3034,#3035,#3036,#3037,
    #3038,#3039,#3040,#3041,#3042,#3043,#3044,#3045,#3046,#3047,#3048,
    #3049,#3050,#3051,#3052,#3053,#3054,#3055,#3056,#3057,#3058,#3059,
    #3060,#3061,#3062,#3063,#3064,#3065,#3066,#3067,#3068,#3069,#3070,
    #3071,#3072,#3073,#3074,#3075,#3076,#3077,#3078,#3079,#3080,#3081,
    #3082,#3083,#3084,#3085,#3086,#3087,#3088,#3089,#3090,#3091,#3092,
    #3093,#3094,#3095,#3096,#3097,#3098,#3099,#3100,#3101,#3102,#3103,
    #3104,#3105,#3106,#3107,#3108,#3109,#3110,#3111,#3112,#3113,#3114,
    #3115,#3116,#3117,#3118,#3119,#3120,#3121,#3122,#3123,#3124,#3125,
    #3126,#3127,#3128,#3129,#3130,#3131,#3132,#3133,#3134,#3135,#3136,
    #3137,#3138,#3139,#3140,#3141,#3142,#3143,#3144,#3145,#3146,#3147,
    #3148,#3149,#3150,#3151,#3152,#3153,#3154,#3155,#3156,#3157,#3158,
    #3159,#3160,#3161,#3162,#3163,#3164,#3165,#3166,#3167,#3168,#3169,
    #3170,#3171,#3172,#3173,#3174,#3175,#3176,#3177,#3178,#3179,#3180,
    #3181,#3182,#3183,#3184,#3185,#3186,#3187,#3188,#3189),
  .UNSPECIFIED.,.T.,.F.,(4,1,1,1,1,1,1,1,1,1,1,1,1,1,1,1,1,1,1,1,1,1,1,1
    ,1,1,1,1,1,1,1,1,1,1,1,1,1,1,1,1,1,1,1,1,1,1,1,1,1,1,1,1,1,1,1,1,1,1
    ,1,1,1,1,1,1,1,1,1,1,1,1,1,1,1,1,1,1,1,1,1,1,1,1,1,1,1,1,1,1,1,1,1,1
    ,1,1,1,1,1,1,1,1,1,1,1,1,1,1,1,1,1,1,1,1,1,1,1,1,1,1,1,1,1,1,1,1,1,1
    ,1,1,1,1,1,1,1,1,1,1,1,1,1,1,1,1,1,1,1,1,1,1,1,1,1,1,1,1,4),(0.,
    8.658300995344E-03,1.731660199069E-02,2.597490298603E-02,
    3.463320398138E-02,4.329150497672E-02,5.194980597207E-02,
    6.060810696741E-02,6.926640796275E-02,7.79247089581E-02,
    8.658300995344E-02,9.524131094879E-02,0.103899611944,0.112557912939,
    0.121216213935,0.12987451493,0.138532815926,0.147191116921,
    0.155849417916,0.164507718912,0.173166019907,0.181824320902,
    0.190482621898,0.199140922893,0.207799223888,0.216457524884,
    0.225115825879,0.233774126874,0.24243242787,0.251090728865,
    0.25974902986,0.268407330856,0.277065631851,0.285723932846,
    0.294382233842,0.303040534837,0.311698835832,0.320357136828,
    0.329015437823,0.337673738818,0.346332039814,0.354990340809,
    0.363648641804,0.3723069428,0.380965243795,0.38962354479,
    0.398281845786,0.406940146781,0.415598447777,0.424256748772,
    0.432915049767,0.441573350763,0.450231651758,0.458889952753,
    0.467548253749,0.476206554744,0.484864855739,0.493523156735,
    0.50218145773,0.510839758725,0.519498059721,0.528156360716,
    0.536814661711,0.545472962707,0.554131263702,0.562789564697,
    0.571447865693,0.580106166688,0.588764467683,0.597422768679,
    0.606081069674,0.614739370669,0.623397671665,0.63205597266,
    0.640714273655,0.649372574651,0.658030875646,0.666689176642,
    0.675347477637,0.684005778632,0.692664079628,0.701322380623,
    0.709980681618,0.718638982614,0.727297283609,0.735955584604,
    0.7446138856,0.753272186595,0.76193048759,0.770588788586,
    0.779247089581,0.787905390576,0.796563691572,0.805221992567,
    0.813880293562,0.822538594558,0.831196895553,0.839855196548,
    0.848513497544,0.857171798539,0.865830099534,0.87448840053,
    0.883146701525,0.89180500252,0.900463303516,0.909121604511,
    0.917779905506,0.926438206502,0.935096507497,0.943754808493,
    0.952413109488,0.961071410483,0.969729711479,0.978388012474,
    0.987046313469,0.995704614465,1.00436291546,1.013021216455,
    1.021679517451,1.030337818446,1.038996119441,1.047654420437,
    1.056312721432,1.064971022427,1.073629323423,1.082287624418,
    1.090945925413,1.099604226409,1.108262527404,1.116920828399,
    1.125579129395,1.13423743039,1.142895731385,1.151554032381,
    1.160212333376,1.168870634371,1.177528935367,1.186187236362,
    1.194845537358,1.203503838353,1.212162139348,1.220820440344,
    1.229478741339,1.238137042334,1.24679534333,1.255453644325,
    1.26411194532,1.272770246316,1.281428547311,1.290086848306,
    1.298745149302,1.307403450297,1.316061751292,1.324720052288,
    1.333378353283),.QUASI_UNIFORM_KNOTS.);
#3033 = CARTESIAN_POINT('',(2.5,7.766119814597));
#3034 = CARTESIAN_POINT('',(2.520412586996,7.766119812765));
#3035 = CARTESIAN_POINT('',(2.56123073389,7.766114339345));
#3036 = CARTESIAN_POINT('',(2.62239795023,7.766089700832));
#3037 = CARTESIAN_POINT('',(2.68346724432,7.766048622898));
#3038 = CARTESIAN_POINT('',(2.744397182317,7.765991066221));
#3039 = CARTESIAN_POINT('',(2.805143969513,7.76591697578));
#3040 = CARTESIAN_POINT('',(2.865661092718,7.765826280089));
#3041 = CARTESIAN_POINT('',(2.925899372297,7.765718893745));
#3042 = CARTESIAN_POINT('',(2.985806905078,7.765594718807));
#3043 = CARTESIAN_POINT('',(3.04532903335,7.765453646146));
#3044 = CARTESIAN_POINT('',(3.104408299864,7.765295556453));
#3045 = CARTESIAN_POINT('',(3.162984396079,7.76512032094));
#3046 = CARTESIAN_POINT('',(3.220994096818,7.7649278017));
#3047 = CARTESIAN_POINT('',(3.27837118348,7.764717851681));
#3048 = CARTESIAN_POINT('',(3.335046336145,7.764490314348));
#3049 = CARTESIAN_POINT('',(3.39094705314,7.764245022594));
#3050 = CARTESIAN_POINT('',(3.445997365491,7.763981798455));
#3051 = CARTESIAN_POINT('',(3.500118200079,7.763700447662));
#3052 = CARTESIAN_POINT('',(3.553225190893,7.763400771208));
#3053 = CARTESIAN_POINT('',(3.605235868978,7.763082511002));
#3054 = CARTESIAN_POINT('',(3.656020791441,7.762745670594));
#3055 = CARTESIAN_POINT('',(3.705472433781,7.762390117703));
#3056 = CARTESIAN_POINT('',(3.753471379564,7.762015771506));
#3057 = CARTESIAN_POINT('',(3.799890176632,7.761622595613));
#3058 = CARTESIAN_POINT('',(3.844592840109,7.761210610043));
#3059 = CARTESIAN_POINT('',(3.887435964041,7.760779894287));
#3060 = CARTESIAN_POINT('',(3.928267751697,7.760330607014));
#3061 = CARTESIAN_POINT('',(3.966925534843,7.759863045965));
#3062 = CARTESIAN_POINT('',(4.003241330794,7.759377614459));
#3063 = CARTESIAN_POINT('',(4.037041042007,7.758874866102));
#3064 = CARTESIAN_POINT('',(4.068146843382,7.758355526739));
#3065 = CARTESIAN_POINT('',(4.096382439321,7.757820458469));
#3066 = CARTESIAN_POINT('',(4.121573736515,7.75727068778));
#3067 = CARTESIAN_POINT('',(4.143543340003,7.756707667103));
#3068 = CARTESIAN_POINT('',(4.162131746963,7.756132960126));
#3069 = CARTESIAN_POINT('',(4.177195982191,7.755548319971));
#3070 = CARTESIAN_POINT('',(4.18861412953,7.754955671806));
#3071 = CARTESIAN_POINT('',(4.196288906477,7.754357127744));
#3072 = CARTESIAN_POINT('',(4.200151784003,7.753754966835));
#3073 = CARTESIAN_POINT('',(4.200168496284,7.753151721066));
#3074 = CARTESIAN_POINT('',(4.196340222835,7.752549585556));
#3075 = CARTESIAN_POINT('',(4.188700970056,7.751950962218));
#3076 = CARTESIAN_POINT('',(4.177317491681,7.751358095052));
#3077 = CARTESIAN_POINT('',(4.162286003275,7.750773110872));
#3078 = CARTESIAN_POINT('',(4.143729820238,7.750198012191));
#3079 = CARTESIAN_POINT('',(4.12179608162,7.749634649735));
#3080 = CARTESIAN_POINT('',(4.096642733712,7.749084502946));
#3081 = CARTESIAN_POINT('',(4.068439668172,7.74854889445));
#3082 = CARTESIAN_POINT('',(4.037362266448,7.748028920241));
#3083 = CARTESIAN_POINT('',(4.003588733437,7.747525489634));
#3084 = CARTESIAN_POINT('',(3.967296944187,7.74703933573));
#3085 = CARTESIAN_POINT('',(3.928661784427,7.746571031387));
#3086 = CARTESIAN_POINT('',(3.887853196748,7.746121005928));
#3087 = CARTESIAN_POINT('',(3.845033083445,7.74568954653));
#3088 = CARTESIAN_POINT('',(3.800351948364,7.745276804366));
#3089 = CARTESIAN_POINT('',(3.753953614592,7.744882867541));
#3090 = CARTESIAN_POINT('',(3.705973996896,7.744507759746));
#3091 = CARTESIAN_POINT('',(3.656540738564,7.744151449606));
#3092 = CARTESIAN_POINT('',(3.605772903953,7.743813858543));
#3093 = CARTESIAN_POINT('',(3.55377958383,7.743494863941));
#3094 = CARTESIAN_POINT('',(3.500665589477,7.743194339624));
#3095 = CARTESIAN_POINT('',(3.446526603499,7.742912127188));
#3096 = CARTESIAN_POINT('',(3.391452689711,7.742648066324));
#3097 = CARTESIAN_POINT('',(3.335527969864,7.742401991207));
#3098 = CARTESIAN_POINT('',(3.278830420238,7.742173729189));
#3099 = CARTESIAN_POINT('',(3.221433996281,7.741963116268));
#3100 = CARTESIAN_POINT('',(3.163407822616,7.741769991652));
#3101 = CARTESIAN_POINT('',(3.104817041824,7.741594202368));
#3102 = CARTESIAN_POINT('',(3.045724033584,7.741435606653));
#3103 = CARTESIAN_POINT('',(2.986188577317,7.741294073734));
#3104 = CARTESIAN_POINT('',(2.926264522086,7.74116947719));
#3105 = CARTESIAN_POINT('',(2.866005153913,7.741061708908));
#3106 = CARTESIAN_POINT('',(2.805461972364,7.740970674528));
#3107 = CARTESIAN_POINT('',(2.744685092008,7.740896293926));
#3108 = CARTESIAN_POINT('',(2.683723267527,7.740838500761));
#3109 = CARTESIAN_POINT('',(2.622623762263,7.740797242683));
#3110 = CARTESIAN_POINT('',(2.561433182252,7.740772481764));
#3111 = CARTESIAN_POINT('',(2.50019456776,7.740764195294));
#3112 = CARTESIAN_POINT('',(2.438958453203,7.740772376868));
#3113 = CARTESIAN_POINT('',(2.377772791578,7.740797029674));
#3114 = CARTESIAN_POINT('',(2.316678910117,7.740838175511));
#3115 = CARTESIAN_POINT('',(2.255722133652,7.740895852789));
#3116 = CARTESIAN_POINT('',(2.194948968544,7.740970115082));
#3117 = CARTESIAN_POINT('',(2.134407899309,7.741061029954));
#3118 = CARTESIAN_POINT('',(2.074149229079,7.741168678134));
#3119 = CARTESIAN_POINT('',(2.014225187141,7.741293153032));
#3120 = CARTESIAN_POINT('',(1.954689979524,7.741434560577));
#3121 = CARTESIAN_POINT('',(1.895599855469,7.741593019434));
#3122 = CARTESIAN_POINT('',(1.837013222451,7.741768661368));
#3123 = CARTESIAN_POINT('',(1.778990606315,7.74196163269));
#3124 = CARTESIAN_POINT('',(1.721595237531,7.742172093229));
#3125 = CARTESIAN_POINT('',(1.664891343026,7.742400226119));
#3126 = CARTESIAN_POINT('',(1.608960351626,7.74264616935));
#3127 = CARTESIAN_POINT('',(1.553879389636,7.742910097834));
#3128 = CARTESIAN_POINT('',(1.499732805417,7.743192176439));
#3129 = CARTESIAN_POINT('',(1.446610474075,7.743492566348));
#3130 = CARTESIAN_POINT('',(1.3946081949,7.743811425244));
#3131 = CARTESIAN_POINT('',(1.343830551564,7.744148880167));
#3132 = CARTESIAN_POINT('',(1.29438660508,7.744505054139));
#3133 = CARTESIAN_POINT('',(1.246395473339,7.744880025114));
#3134 = CARTESIAN_POINT('',(1.199984681926,7.745273825246));
#3135 = CARTESIAN_POINT('',(1.155290169378,7.74568643028));
#3136 = CARTESIAN_POINT('',(1.112455034068,7.746117759602));
#3137 = CARTESIAN_POINT('',(1.071631660141,7.74656764355));
#3138 = CARTESIAN_POINT('',(1.03298233946,7.747035782695));
#3139 = CARTESIAN_POINT('',(0.996675165069,7.747521766906));
#3140 = CARTESIAN_POINT('',(0.962883991617,7.748025040128));
#3141 = CARTESIAN_POINT('',(0.931787081579,7.748544861876));
#3142 = CARTESIAN_POINT('',(0.903558786249,7.749080402205));
#3143 = CARTESIAN_POINT('',(0.878376003284,7.749630577865));
#3144 = CARTESIAN_POINT('',(0.856415173089,7.750193940591));
#3145 = CARTESIAN_POINT('',(0.837835385843,7.750768928029));
#3146 = CARTESIAN_POINT('',(0.822779210688,7.751353793657));
#3147 = CARTESIAN_POINT('',(0.811368402189,7.751946622096));
#3148 = CARTESIAN_POINT('',(0.803700377777,7.752545315675));
#3149 = CARTESIAN_POINT('',(0.799844216903,7.753147611403));
#3150 = CARTESIAN_POINT('',(0.799835285298,7.753751005869));
#3151 = CARTESIAN_POINT('',(0.803674026236,7.754353287048));
#3152 = CARTESIAN_POINT('',(0.811326144784,7.754951957489));
#3153 = CARTESIAN_POINT('',(0.822723534815,7.755544752696));
#3154 = CARTESIAN_POINT('',(0.837769489372,7.756129567956));
#3155 = CARTESIAN_POINT('',(0.856342572444,7.756704476541));
#3156 = CARTESIAN_POINT('',(0.878299926112,7.757267715827));
#3157 = CARTESIAN_POINT('',(0.903481771531,7.757817709111));
#3158 = CARTESIAN_POINT('',(0.931709295976,7.758352975451));
#3159 = CARTESIAN_POINT('',(0.962806002533,7.758872460998));
#3160 = CARTESIAN_POINT('',(0.996598931015,7.759375366739));
#3161 = CARTESIAN_POINT('',(1.032909290427,7.759860949652));
#3162 = CARTESIAN_POINT('',(1.071563212185,7.760328660224));
#3163 = CARTESIAN_POINT('',(1.112392439788,7.760778092326));
#3164 = CARTESIAN_POINT('',(1.155234592506,7.76120895144));
#3165 = CARTESIAN_POINT('',(1.199937128592,7.761621071852));
#3166 = CARTESIAN_POINT('',(1.246356877845,7.762014377446));
#3167 = CARTESIAN_POINT('',(1.294357738618,7.762388847644));
#3168 = CARTESIAN_POINT('',(1.343812330195,7.762744519609));
#3169 = CARTESIAN_POINT('',(1.394600566797,7.763081470293));
#3170 = CARTESIAN_POINT('',(1.446616589703,7.763399842906));
#3171 = CARTESIAN_POINT('',(1.49973078182,7.763699631012));
#3172 = CARTESIAN_POINT('',(1.55385846861,7.763981080805));
#3173 = CARTESIAN_POINT('',(1.60891593763,7.764244396061));
#3174 = CARTESIAN_POINT('',(1.664823997557,7.764489771044));
#3175 = CARTESIAN_POINT('',(1.721506760635,7.76471738471));
#3176 = CARTESIAN_POINT('',(1.778891743999,7.764927404651));
#3177 = CARTESIAN_POINT('',(1.836909652813,7.765119987812));
#3178 = CARTESIAN_POINT('',(1.895494280097,7.7652952815));
#3179 = CARTESIAN_POINT('',(1.954582402905,7.765453423775));
#3180 = CARTESIAN_POINT('',(2.014113703364,7.765594543496));
#3181 = CARTESIAN_POINT('',(2.074030702978,7.765718759982));
#3182 = CARTESIAN_POINT('',(2.134278710164,7.765826182337));
#3183 = CARTESIAN_POINT('',(2.194805774783,7.765916908461));
#3184 = CARTESIAN_POINT('',(2.255562656733,7.765991023717));
#3185 = CARTESIAN_POINT('',(2.316502768701,7.766048599574));
#3186 = CARTESIAN_POINT('',(2.377582227604,7.766089691075));
#3187 = CARTESIAN_POINT('',(2.438759498675,7.766114337605));
#3188 = CARTESIAN_POINT('',(2.479584195451,7.76611981277));
#3189 = CARTESIAN_POINT('',(2.5,7.766119814597));
#3190 = ( GEOMETRIC_REPRESENTATION_CONTEXT(2) 
PARAMETRIC_REPRESENTATION_CONTEXT() REPRESENTATION_CONTEXT('2D SPACE',''
  ) );
#3191 = PCURVE('',#3192,#3197);
#3192 = CYLINDRICAL_SURFACE('',#3193,1.7);
#3193 = AXIS2_PLACEMENT_3D('',#3194,#3195,#3196);
#3194 = CARTESIAN_POINT('',(-47.36861671689,13.676851985826,2.5));
#3195 = DIRECTION('',(0.999425171273,-3.390172600055E-02,0.));
#3196 = DIRECTION('',(-3.390172600055E-02,-0.999425171273,0.));
#3197 = DEFINITIONAL_REPRESENTATION('',(#3198),#3356);
#3198 = B_SPLINE_CURVE_WITH_KNOTS('',3,(#3199,#3200,#3201,#3202,#3203,
    #3204,#3205,#3206,#3207,#3208,#3209,#3210,#3211,#3212,#3213,#3214,
    #3215,#3216,#3217,#3218,#3219,#3220,#3221,#3222,#3223,#3224,#3225,
    #3226,#3227,#3228,#3229,#3230,#3231,#3232,#3233,#3234,#3235,#3236,
    #3237,#3238,#3239,#3240,#3241,#3242,#3243,#3244,#3245,#3246,#3247,
    #3248,#3249,#3250,#3251,#3252,#3253,#3254,#3255,#3256,#3257,#3258,
    #3259,#3260,#3261,#3262,#3263,#3264,#3265,#3266,#3267,#3268,#3269,
    #3270,#3271,#3272,#3273,#3274,#3275,#3276,#3277,#3278,#3279,#3280,
    #3281,#3282,#3283,#3284,#3285,#3286,#3287,#3288,#3289,#3290,#3291,
    #3292,#3293,#3294,#3295,#3296,#3297,#3298,#3299,#3300,#3301,#3302,
    #3303,#3304,#3305,#3306,#3307,#3308,#3309,#3310,#3311,#3312,#3313,
    #3314,#3315,#3316,#3317,#3318,#3319,#3320,#3321,#3322,#3323,#3324,
    #3325,#3326,#3327,#3328,#3329,#3330,#3331,#3332,#3333,#3334,#3335,
    #3336,#3337,#3338,#3339,#3340,#3341,#3342,#3343,#3344,#3345,#3346,
    #3347,#3348,#3349,#3350,#3351,#3352,#3353,#3354,#3355),
  .UNSPECIFIED.,.F.,.F.,(4,1,1,1,1,1,1,1,1,1,1,1,1,1,1,1,1,1,1,1,1,1,1,1
    ,1,1,1,1,1,1,1,1,1,1,1,1,1,1,1,1,1,1,1,1,1,1,1,1,1,1,1,1,1,1,1,1,1,1
    ,1,1,1,1,1,1,1,1,1,1,1,1,1,1,1,1,1,1,1,1,1,1,1,1,1,1,1,1,1,1,1,1,1,1
    ,1,1,1,1,1,1,1,1,1,1,1,1,1,1,1,1,1,1,1,1,1,1,1,1,1,1,1,1,1,1,1,1,1,1
    ,1,1,1,1,1,1,1,1,1,1,1,1,1,1,1,1,1,1,1,1,1,1,1,1,1,1,1,1,4),(0.,
    8.658300995344E-03,1.731660199069E-02,2.597490298603E-02,
    3.463320398138E-02,4.329150497672E-02,5.194980597207E-02,
    6.060810696741E-02,6.926640796275E-02,7.79247089581E-02,
    8.658300995344E-02,9.524131094879E-02,0.103899611944,0.112557912939,
    0.121216213935,0.12987451493,0.138532815926,0.147191116921,
    0.155849417916,0.164507718912,0.173166019907,0.181824320902,
    0.190482621898,0.199140922893,0.207799223888,0.216457524884,
    0.225115825879,0.233774126874,0.24243242787,0.251090728865,
    0.25974902986,0.268407330856,0.277065631851,0.285723932846,
    0.294382233842,0.303040534837,0.311698835832,0.320357136828,
    0.329015437823,0.337673738818,0.346332039814,0.354990340809,
    0.363648641804,0.3723069428,0.380965243795,0.38962354479,
    0.398281845786,0.406940146781,0.415598447777,0.424256748772,
    0.432915049767,0.441573350763,0.450231651758,0.458889952753,
    0.467548253749,0.476206554744,0.484864855739,0.493523156735,
    0.50218145773,0.510839758725,0.519498059721,0.528156360716,
    0.536814661711,0.545472962707,0.554131263702,0.562789564697,
    0.571447865693,0.580106166688,0.588764467683,0.597422768679,
    0.606081069674,0.614739370669,0.623397671665,0.63205597266,
    0.640714273655,0.649372574651,0.658030875646,0.666689176642,
    0.675347477637,0.684005778632,0.692664079628,0.701322380623,
    0.709980681618,0.718638982614,0.727297283609,0.735955584604,
    0.7446138856,0.753272186595,0.76193048759,0.770588788586,
    0.779247089581,0.787905390576,0.796563691572,0.805221992567,
    0.813880293562,0.822538594558,0.831196895553,0.839855196548,
    0.848513497544,0.857171798539,0.865830099534,0.87448840053,
    0.883146701525,0.89180500252,0.900463303516,0.909121604511,
    0.917779905506,0.926438206502,0.935096507497,0.943754808493,
    0.952413109488,0.961071410483,0.969729711479,0.978388012474,
    0.987046313469,0.995704614465,1.00436291546,1.013021216455,
    1.021679517451,1.030337818446,1.038996119441,1.047654420437,
    1.056312721432,1.064971022427,1.073629323423,1.082287624418,
    1.090945925413,1.099604226409,1.108262527404,1.116920828399,
    1.125579129395,1.13423743039,1.142895731385,1.151554032381,
    1.160212333376,1.168870634371,1.177528935367,1.186187236362,
    1.194845537358,1.203503838353,1.212162139348,1.220820440344,
    1.229478741339,1.238137042334,1.24679534333,1.255453644325,
    1.26411194532,1.272770246316,1.281428547311,1.290086848306,
    1.298745149302,1.307403450297,1.316061751292,1.324720052288,
    1.333378353283),.QUASI_UNIFORM_KNOTS.);
#3199 = CARTESIAN_POINT('',(6.28318530718,4.603660102645));
#3200 = CARTESIAN_POINT('',(6.271177885781,4.603660104618));
#3201 = CARTESIAN_POINT('',(6.247167235642,4.603656944672));
#3202 = CARTESIAN_POINT('',(6.211139786468,4.603642761124));
#3203 = CARTESIAN_POINT('',(6.175076356406,4.603619172241));
#3204 = CARTESIAN_POINT('',(6.138954030949,4.603586250453));
#3205 = CARTESIAN_POINT('',(6.102750687449,4.603544093053));
#3206 = CARTESIAN_POINT('',(6.06644496775,4.603492827092));
#3207 = CARTESIAN_POINT('',(6.030016053011,4.603432610405));
#3208 = CARTESIAN_POINT('',(5.993443499185,4.603363633593));
#3209 = CARTESIAN_POINT('',(5.956707061226,4.603286121676));
#3210 = CARTESIAN_POINT('',(5.91978652171,4.603200335758));
#3211 = CARTESIAN_POINT('',(5.882661514859,4.603106574615));
#3212 = CARTESIAN_POINT('',(5.845311343753,4.603005176231));
#3213 = CARTESIAN_POINT('',(5.807714781654,4.602896519258));
#3214 = CARTESIAN_POINT('',(5.769849864978,4.602781024467));
#3215 = CARTESIAN_POINT('',(5.731693622189,4.60265915599));
#3216 = CARTESIAN_POINT('',(5.693221916135,4.602531423037));
#3217 = CARTESIAN_POINT('',(5.654408705023,4.602398379569));
#3218 = CARTESIAN_POINT('',(5.615227281688,4.60226063134));
#3219 = CARTESIAN_POINT('',(5.575643904632,4.602118815152));
#3220 = CARTESIAN_POINT('',(5.535655660445,4.60197374059));
#3221 = CARTESIAN_POINT('',(5.495238964724,4.601826206739));
#3222 = CARTESIAN_POINT('',(5.454374005938,4.601677091961));
#3223 = CARTESIAN_POINT('',(5.413042344162,4.601527343729));
#3224 = CARTESIAN_POINT('',(5.371227496108,4.60137797959));
#3225 = CARTESIAN_POINT('',(5.328914381671,4.601230083455));
#3226 = CARTESIAN_POINT('',(5.286090596471,4.601084809446));
#3227 = CARTESIAN_POINT('',(5.242750856133,4.600943382634));
#3228 = CARTESIAN_POINT('',(5.198892832895,4.600807080434));
#3229 = CARTESIAN_POINT('',(5.154520341422,4.600677225889));
#3230 = CARTESIAN_POINT('',(5.109644243277,4.600555169712));
#3231 = CARTESIAN_POINT('',(5.064278727728,4.600442262103));
#3232 = CARTESIAN_POINT('',(5.018443444055,4.600339833237));
#3233 = CARTESIAN_POINT('',(4.972184452289,4.600249204788));
#3234 = CARTESIAN_POINT('',(4.925547582086,4.600171587832));
#3235 = CARTESIAN_POINT('',(4.878585727509,4.60010806858));
#3236 = CARTESIAN_POINT('',(4.831358128018,4.600059573294));
#3237 = CARTESIAN_POINT('',(4.783932627285,4.600026838268));
#3238 = CARTESIAN_POINT('',(4.73638543371,4.600010380025));
#3239 = CARTESIAN_POINT('',(4.688809603602,4.60001045927));
#3240 = CARTESIAN_POINT('',(4.641270590407,4.600027073982));
#3241 = CARTESIAN_POINT('',(4.593851162376,4.600059969288));
#3242 = CARTESIAN_POINT('',(4.546624549108,4.600108640418));
#3243 = CARTESIAN_POINT('',(4.499659410197,4.600172360467));
#3244 = CARTESIAN_POINT('',(4.453020810919,4.600250201831));
#3245 = CARTESIAN_POINT('',(4.406769337992,4.600341061852));
#3246 = CARTESIAN_POINT('',(4.360943837752,4.600443740574));
#3247 = CARTESIAN_POINT('',(4.315578897983,4.600556947717));
#3248 = CARTESIAN_POINT('',(4.270699137273,4.600679346948));
#3249 = CARTESIAN_POINT('',(4.226322153974,4.600809580869));
#3250 = CARTESIAN_POINT('',(4.182458897521,4.600946296368));
#3251 = CARTESIAN_POINT('',(4.139114314911,4.601088165814));
#3252 = CARTESIAN_POINT('',(4.09628802501,4.601233903226));
#3253 = CARTESIAN_POINT('',(4.053973436017,4.601382283533));
#3254 = CARTESIAN_POINT('',(4.012156890928,4.601532154559));
#3255 = CARTESIAN_POINT('',(3.970823690149,4.601682427675));
#3256 = CARTESIAN_POINT('',(3.92995726507,4.601832082194));
#3257 = CARTESIAN_POINT('',(3.889539294399,4.601980166607));
#3258 = CARTESIAN_POINT('',(3.849549713022,4.602125799705));
#3259 = CARTESIAN_POINT('',(3.809965948997,4.602268175313));
#3260 = CARTESIAN_POINT('',(3.770767195629,4.602406542344));
#3261 = CARTESIAN_POINT('',(3.731930450885,4.602540219758));
#3262 = CARTESIAN_POINT('',(3.693433271973,4.602668580478));
#3263 = CARTESIAN_POINT('',(3.655253103431,4.602791053072));
#3264 = CARTESIAN_POINT('',(3.617366832627,4.602907122934));
#3265 = CARTESIAN_POINT('',(3.579752187542,4.603016320859));
#3266 = CARTESIAN_POINT('',(3.542386807505,4.603118225269));
#3267 = CARTESIAN_POINT('',(3.505248577669,4.60321245714));
#3268 = CARTESIAN_POINT('',(3.468316125793,4.603298678777));
#3269 = CARTESIAN_POINT('',(3.431568656845,4.603376590227));
#3270 = CARTESIAN_POINT('',(3.394983686648,4.603445932682));
#3271 = CARTESIAN_POINT('',(3.358540142373,4.603506479149));
#3272 = CARTESIAN_POINT('',(3.322217338141,4.603558035775));
#3273 = CARTESIAN_POINT('',(3.285994994963,4.603600440496));
#3274 = CARTESIAN_POINT('',(3.249853036484,4.603633562387));
#3275 = CARTESIAN_POINT('',(3.21377130821,4.603657300791));
#3276 = CARTESIAN_POINT('',(3.17772986853,4.603671584505));
#3277 = CARTESIAN_POINT('',(3.141707080565,4.60367637089));
#3278 = CARTESIAN_POINT('',(3.105685911041,4.603671645106));
#3279 = CARTESIAN_POINT('',(3.069647818297,4.60365742362));
#3280 = CARTESIAN_POINT('',(3.033570177983,4.60363374927));
#3281 = CARTESIAN_POINT('',(2.997432312371,4.603600692733));
#3282 = CARTESIAN_POINT('',(2.961213631251,4.603558353724));
#3283 = CARTESIAN_POINT('',(2.924893902212,4.603506862224));
#3284 = CARTESIAN_POINT('',(2.888452959708,4.603446379672));
#3285 = CARTESIAN_POINT('',(2.851870566411,4.60337710012));
#3286 = CARTESIAN_POINT('',(2.815126231359,4.603299251378));
#3287 = CARTESIAN_POINT('',(2.778199020736,4.603213096101));
#3288 = CARTESIAN_POINT('',(2.741067380813,4.603118932936));
#3289 = CARTESIAN_POINT('',(2.703708827322,4.603017097297));
#3290 = CARTESIAN_POINT('',(2.666100034134,4.602907963435));
#3291 = CARTESIAN_POINT('',(2.62821530723,4.602791941522));
#3292 = CARTESIAN_POINT('',(2.590037238406,4.602669514076));
#3293 = CARTESIAN_POINT('',(2.551542208367,4.602541194085));
#3294 = CARTESIAN_POINT('',(2.512707838064,4.602407553195));
#3295 = CARTESIAN_POINT('',(2.473511576235,4.602269217597));
#3296 = CARTESIAN_POINT('',(2.43393053364,4.60212686826));
#3297 = CARTESIAN_POINT('',(2.393943783308,4.601981255398));
#3298 = CARTESIAN_POINT('',(2.353528748062,4.601833184835));
#3299 = CARTESIAN_POINT('',(2.31266544957,4.601683537641));
#3300 = CARTESIAN_POINT('',(2.271335506686,4.601533264539));
#3301 = CARTESIAN_POINT('',(2.22952242904,4.601383385971));
#3302 = CARTESIAN_POINT('',(2.187210826651,4.601234987888));
#3303 = CARTESIAN_POINT('',(2.144388906359,4.601089228958));
#3304 = CARTESIAN_POINT('',(2.101051051016,4.600947335318));
#3305 = CARTESIAN_POINT('',(2.057195085183,4.600810586927));
#3306 = CARTESIAN_POINT('',(2.012824559694,4.600680307174));
#3307 = CARTESIAN_POINT('',(1.967951111704,4.600557849568));
#3308 = CARTESIAN_POINT('',(1.922585762152,4.600444556956));
#3309 = CARTESIAN_POINT('',(1.876752538952,4.600341770038));
#3310 = CARTESIAN_POINT('',(1.830496617734,4.600250806274));
#3311 = CARTESIAN_POINT('',(1.783863310214,4.600172873079));
#3312 = CARTESIAN_POINT('',(1.736904632492,4.600109052393));
#3313 = CARTESIAN_POINT('',(1.689678778001,4.600060266663));
#3314 = CARTESIAN_POINT('',(1.642252252403,4.600027249249));
#3315 = CARTESIAN_POINT('',(1.594699864763,4.600010515113));
#3316 = CARTESIAN_POINT('',(1.547112332867,4.600010325321));
#3317 = CARTESIAN_POINT('',(1.499556361736,4.600026680092));
#3318 = CARTESIAN_POINT('',(1.452122224895,4.600059318967));
#3319 = CARTESIAN_POINT('',(1.404884898709,4.600107727823));
#3320 = CARTESIAN_POINT('',(1.357911525612,4.600171173201));
#3321 = CARTESIAN_POINT('',(1.311261324612,4.600248731063));
#3322 = CARTESIAN_POINT('',(1.264987802241,4.600339315635));
#3323 = CARTESIAN_POINT('',(1.21913771292,4.600441714509));
#3324 = CARTESIAN_POINT('',(1.173759405185,4.600554599607));
#3325 = CARTESIAN_POINT('',(1.128874966552,4.600676631828));
#3326 = CARTESIAN_POINT('',(1.08449316831,4.60080647373));
#3327 = CARTESIAN_POINT('',(1.040626276517,4.600942770381));
#3328 = CARTESIAN_POINT('',(0.997277689999,4.601084199474));
#3329 = CARTESIAN_POINT('',(0.954445293287,4.601229481988));
#3330 = CARTESIAN_POINT('',(0.912123436444,4.601377393406));
#3331 = CARTESIAN_POINT('',(0.870300366099,4.601526776753));
#3332 = CARTESIAN_POINT('',(0.828960653526,4.601676548268));
#3333 = CARTESIAN_POINT('',(0.788087845061,4.601825689695));
#3334 = CARTESIAN_POINT('',(0.74766337898,4.601973253404));
#3335 = CARTESIAN_POINT('',(0.707667895143,4.60211835877));
#3336 = CARTESIAN_POINT('',(0.668076461153,4.602260210728));
#3337 = CARTESIAN_POINT('',(0.628886343775,4.602397998426));
#3338 = CARTESIAN_POINT('',(0.590065358979,4.602531078902));
#3339 = CARTESIAN_POINT('',(0.55158622833,4.602658848032));
#3340 = CARTESIAN_POINT('',(0.513422932676,4.602780751357));
#3341 = CARTESIAN_POINT('',(0.47555121942,4.602896279693));
#3342 = CARTESIAN_POINT('',(0.437948057376,4.603004968755));
#3343 = CARTESIAN_POINT('',(0.400591425155,4.603106397631));
#3344 = CARTESIAN_POINT('',(0.363460052779,4.603200187491));
#3345 = CARTESIAN_POINT('',(0.326533209804,4.60328600016));
#3346 = CARTESIAN_POINT('',(0.289790506795,4.603363536661));
#3347 = CARTESIAN_POINT('',(0.253211711623,4.603432535683));
#3348 = CARTESIAN_POINT('',(0.21677657313,4.603492772004));
#3349 = CARTESIAN_POINT('',(0.180464649482,4.603544054838));
#3350 = CARTESIAN_POINT('',(0.144255132298,4.603586226187));
#3351 = CARTESIAN_POINT('',(0.108126682094,4.603619158873));
#3352 = CARTESIAN_POINT('',(7.205720351505E-02,4.603642755522));
#3353 = CARTESIAN_POINT('',(3.602381702707E-02,4.603656943673));
#3354 = CARTESIAN_POINT('',(1.200931414473E-02,4.603660104625));
#3355 = CARTESIAN_POINT('',(-8.881784197001E-16,4.603660102645));
#3356 = ( GEOMETRIC_REPRESENTATION_CONTEXT(2) 
PARAMETRIC_REPRESENTATION_CONTEXT() REPRESENTATION_CONTEXT('2D SPACE',''
  ) );
#3357 = ADVANCED_FACE('',(#3358),#3192,.F.);
#3358 = FACE_BOUND('',#3359,.F.);
#3359 = EDGE_LOOP('',(#3360,#3361,#3384,#3826));
#3360 = ORIENTED_EDGE('',*,*,#2909,.T.);
#3361 = ORIENTED_EDGE('',*,*,#3362,.F.);
#3362 = EDGE_CURVE('',#3363,#2910,#3365,.T.);
#3363 = VERTEX_POINT('',#3364);
#3364 = CARTESIAN_POINT('',(-45.22388558594,11.903122307907,2.5));
#3365 = SEAM_CURVE('',#3366,(#3370,#3377),.PCURVE_S1.);
#3366 = LINE('',#3367,#3368);
#3367 = CARTESIAN_POINT('',(-47.42624965109,11.977829194662,2.5));
#3368 = VECTOR('',#3369,1.);
#3369 = DIRECTION('',(0.999425171273,-3.390172600055E-02,
    -1.54074395551E-33));
#3370 = PCURVE('',#3192,#3371);
#3371 = DEFINITIONAL_REPRESENTATION('',(#3372),#3376);
#3372 = LINE('',#3373,#3374);
#3373 = CARTESIAN_POINT('',(0.,-0.));
#3374 = VECTOR('',#3375,1.);
#3375 = DIRECTION('',(0.,1.));
#3376 = ( GEOMETRIC_REPRESENTATION_CONTEXT(2) 
PARAMETRIC_REPRESENTATION_CONTEXT() REPRESENTATION_CONTEXT('2D SPACE',''
  ) );
#3377 = PCURVE('',#3192,#3378);
#3378 = DEFINITIONAL_REPRESENTATION('',(#3379),#3383);
#3379 = LINE('',#3380,#3381);
#3380 = CARTESIAN_POINT('',(6.28318530718,-0.));
#3381 = VECTOR('',#3382,1.);
#3382 = DIRECTION('',(0.,1.));
#3383 = ( GEOMETRIC_REPRESENTATION_CONTEXT(2) 
PARAMETRIC_REPRESENTATION_CONTEXT() REPRESENTATION_CONTEXT('2D SPACE',''
  ) );
#3384 = ORIENTED_EDGE('',*,*,#3385,.T.);
#3385 = EDGE_CURVE('',#3363,#3363,#3386,.T.);
#3386 = SURFACE_CURVE('',#3387,(#3504,#3665),.PCURVE_S1.);
#3387 = B_SPLINE_CURVE_WITH_KNOTS('',7,(#3388,#3389,#3390,#3391,#3392,
    #3393,#3394,#3395,#3396,#3397,#3398,#3399,#3400,#3401,#3402,#3403,
    #3404,#3405,#3406,#3407,#3408,#3409,#3410,#3411,#3412,#3413,#3414,
    #3415,#3416,#3417,#3418,#3419,#3420,#3421,#3422,#3423,#3424,#3425,
    #3426,#3427,#3428,#3429,#3430,#3431,#3432,#3433,#3434,#3435,#3436,
    #3437,#3438,#3439,#3440,#3441,#3442,#3443,#3444,#3445,#3446,#3447,
    #3448,#3449,#3450,#3451,#3452,#3453,#3454,#3455,#3456,#3457,#3458,
    #3459,#3460,#3461,#3462,#3463,#3464,#3465,#3466,#3467,#3468,#3469,
    #3470,#3471,#3472,#3473,#3474,#3475,#3476,#3477,#3478,#3479,#3480,
    #3481,#3482,#3483,#3484,#3485,#3486,#3487,#3488,#3489,#3490,#3491,
    #3492,#3493,#3494,#3495,#3496,#3497,#3498,#3499,#3500,#3501,#3502,
    #3503),.UNSPECIFIED.,.T.,.F.,(8,6,6,6,6,6,6,6,6,6,6,6,6,6,6,6,6,6,6,
    8),(0.,0.159443444903,0.216384119171,0.260663606384,0.333202459015,
    0.382956793091,0.449554595231,0.506621175519,0.549786275092,
    0.666775699646,0.751362203196,0.783661551963,0.826865034525,
    0.88404643884,0.928859701333,1.,1.070653269886,1.115449946082,
    1.172625778583,1.333022918673),.UNSPECIFIED.);
#3388 = CARTESIAN_POINT('',(-45.22388558594,11.903122307907,2.5));
#3389 = CARTESIAN_POINT('',(-45.22388558594,11.903122307907,
    2.33886077794));
#3390 = CARTESIAN_POINT('',(-45.22335751334,11.920933444435,
    2.177907932281));
#3391 = CARTESIAN_POINT('',(-45.22230333808,11.956488022517,
    2.018184238737));
#3392 = CARTESIAN_POINT('',(-45.22070667404,12.010173953815,
    1.861066861622));
#3393 = CARTESIAN_POINT('',(-45.21854077076,12.082547721098,
    1.708325934509));
#3394 = CARTESIAN_POINT('',(-45.21577315187,12.174159955888,
    1.562069751303));
#3395 = CARTESIAN_POINT('',(-45.21112740963,12.325931075445,
    1.376051985012));
#3396 = CARTESIAN_POINT('',(-45.20982199527,12.368424706758,
    1.32830274337));
#3397 = CARTESIAN_POINT('',(-45.20843173863,12.413502269289,
    1.281888764333));
#3398 = CARTESIAN_POINT('',(-45.20695482801,12.461183481014,
    1.236966760754));
#3399 = CARTESIAN_POINT('',(-45.20538974454,12.511474773729,
    1.193713198971));
#3400 = CARTESIAN_POINT('',(-45.20373542891,12.564364593106,
    1.152321961969));
#3401 = CARTESIAN_POINT('',(-45.20063525463,12.662942167029,
    1.082425149515));
#3402 = CARTESIAN_POINT('',(-45.19922491557,12.707613870898,
    1.053102651313));
#3403 = CARTESIAN_POINT('',(-45.19776032329,12.753814918555,
    1.025133796086));
#3404 = CARTESIAN_POINT('',(-45.19624173252,12.801513869733,
    0.998626115225));
#3405 = CARTESIAN_POINT('',(-45.19466988372,12.850663805112,
    0.973692212676));
#3406 = CARTESIAN_POINT('',(-45.19304612632,12.901199395734,
    0.950446584255));
#3407 = CARTESIAN_POINT('',(-45.18863086868,13.037949606205,
    0.893872539631));
#3408 = CARTESIAN_POINT('',(-45.18575432632,13.126386951772,
    0.863562156379));
#3409 = CARTESIAN_POINT('',(-45.18275397658,13.217905564517,
    0.838602085034));
#3410 = CARTESIAN_POINT('',(-45.17964541729,13.311938111403,
    0.819466103074));
#3411 = CARTESIAN_POINT('',(-45.17644960964,13.40778044201,
    0.806538605136));
#3412 = CARTESIAN_POINT('',(-45.17319367033,13.504583063374,
    0.800052912056));
#3413 = CARTESIAN_POINT('',(-45.16766047948,13.667712271238,
    0.799964131626));
#3414 = CARTESIAN_POINT('',(-45.16539603483,13.734090858066,
    0.802954524652));
#3415 = CARTESIAN_POINT('',(-45.16312857807,13.800176196924,
    0.808972361061));
#3416 = CARTESIAN_POINT('',(-45.1608680274,13.865686232437,0.81797119868
    ));
#3417 = CARTESIAN_POINT('',(-45.15862385244,13.930361165315,
    0.829864061876));
#3418 = CARTESIAN_POINT('',(-45.15640499078,13.99396418162,
    0.844530280779));
#3419 = CARTESIAN_POINT('',(-45.15129476753,14.139696862125,
    0.884968304179));
#3420 = CARTESIAN_POINT('',(-45.14842943295,14.220826298908,
    0.91282344733));
#3421 = CARTESIAN_POINT('',(-45.14564205886,14.299206125736,
    0.945048305517));
#3422 = CARTESIAN_POINT('',(-45.14294677249,14.374507974895,
    0.981250169634));
#3423 = CARTESIAN_POINT('',(-45.14035412726,14.446510526478,
    1.021027636439));
#3424 = CARTESIAN_POINT('',(-45.13787163281,14.515076821787,
    1.064000294094));
#3425 = CARTESIAN_POINT('',(-45.13347561872,14.635887577318,
    1.149088725338));
#3426 = CARTESIAN_POINT('',(-45.13153151796,14.689063470614,
    1.19044706054));
#3427 = CARTESIAN_POINT('',(-45.12967474428,14.739629759451,
    1.233687303638));
#3428 = CARTESIAN_POINT('',(-45.12790719417,14.787573937516,
    1.278613368473));
#3429 = CARTESIAN_POINT('',(-45.12622998729,14.83290193968,
    1.325046737446));
#3430 = CARTESIAN_POINT('',(-45.12464362151,14.8756333278,1.372828881524
    ));
#3431 = CARTESIAN_POINT('',(-45.12201693838,14.946175838748,
    1.458883292985));
#3432 = CARTESIAN_POINT('',(-45.12093780203,14.975084196466,
    1.496634891731));
#3433 = CARTESIAN_POINT('',(-45.11991074005,15.002533673422,
    1.535018446816));
#3434 = CARTESIAN_POINT('',(-45.11893571687,15.028536867149,
    1.573978273857));
#3435 = CARTESIAN_POINT('',(-45.11801264023,15.05310684896,
    1.613463033759));
#3436 = CARTESIAN_POINT('',(-45.11714136122,15.076257163949,
    1.653425732711));
#3437 = CARTESIAN_POINT('',(-45.11410009465,15.156935926131,
    1.803313508828));
#3438 = CARTESIAN_POINT('',(-45.11225835467,15.205521905585,
    1.915960106297));
#3439 = CARTESIAN_POINT('',(-45.11079118829,15.244070980323,
    2.030964786575));
#3440 = CARTESIAN_POINT('',(-45.10969529464,15.272789286403,
    2.147632657552));
#3441 = CARTESIAN_POINT('',(-45.1089677246,15.29183038817,2.265349877595
    ));
#3442 = CARTESIAN_POINT('',(-45.10860614644,15.301293384109,
    2.383572043788));
#3443 = CARTESIAN_POINT('',(-45.10861449244,15.301074958164,
    2.587322923787));
#3444 = CARTESIAN_POINT('',(-45.10880954536,15.295970162915,
    2.672812558524));
#3445 = CARTESIAN_POINT('',(-45.10919610116,15.285853359739,
    2.758101060566));
#3446 = CARTESIAN_POINT('',(-45.10977470046,15.270699784123,
    2.842984086321));
#3447 = CARTESIAN_POINT('',(-45.11054618618,15.250466280233,
    2.927243564615));
#3448 = CARTESIAN_POINT('',(-45.11151167416,15.225091319413,
    3.010645643478));
#3449 = CARTESIAN_POINT('',(-45.11311614884,15.182801481099,
    3.124360728075));
#3450 = CARTESIAN_POINT('',(-45.11358802482,15.170353415115,
    3.155620963328));
#3451 = CARTESIAN_POINT('',(-45.11408848958,15.157138718992,
    3.186703703748));
#3452 = CARTESIAN_POINT('',(-45.11461762319,15.143152517659,
    3.217593501423));
#3453 = CARTESIAN_POINT('',(-45.1151755047,15.128389677888,
    3.248274027727));
#3454 = CARTESIAN_POINT('',(-45.1157622121,15.11284480829,3.278728073311
    ));
#3455 = CARTESIAN_POINT('',(-45.11720126022,15.074665905712,
    3.349345623427));
#3456 = CARTESIAN_POINT('',(-45.11807638955,15.051410779522,
    3.389315509409));
#3457 = CARTESIAN_POINT('',(-45.119003416,15.02673279888,3.428804312034)
  );
#3458 = CARTESIAN_POINT('',(-45.11998248743,15.000618380829,
    3.467764757192));
#3459 = CARTESIAN_POINT('',(-45.12101369392,14.973054441322,
    3.506145190688));
#3460 = CARTESIAN_POINT('',(-45.12209706777,14.944028395225,
    3.543889578235));
#3461 = CARTESIAN_POINT('',(-45.12473548046,14.873159964001,
    3.629971805015));
#3462 = CARTESIAN_POINT('',(-45.12632960774,14.830212213099,
    3.67778286868));
#3463 = CARTESIAN_POINT('',(-45.12801492367,14.784656529392,
    3.724233252787));
#3464 = CARTESIAN_POINT('',(-45.12979091074,14.736473563106,
    3.769162823568));
#3465 = CARTESIAN_POINT('',(-45.13165641748,14.685657904431,
    3.81239125183));
#3466 = CARTESIAN_POINT('',(-45.13360950053,14.632222999037,
    3.853720507633));
#3467 = CARTESIAN_POINT('',(-45.13724427079,14.53230539934,
    3.923671732596));
#3468 = CARTESIAN_POINT('',(-45.13889319457,14.486821406867,
    3.953106855786));
#3469 = CARTESIAN_POINT('',(-45.14059254381,14.439775030627,
    3.981139001794));
#3470 = CARTESIAN_POINT('',(-45.14234030265,14.391200667007,
    4.00765588277));
#3471 = CARTESIAN_POINT('',(-45.14413385337,14.341149305284,
    4.032540137201));
#3472 = CARTESIAN_POINT('',(-45.14596989632,14.289691668588,
    4.055672821369));
#3473 = CARTESIAN_POINT('',(-45.15082006503,14.153149371506,
    4.110693268362));
#3474 = CARTESIAN_POINT('',(-45.15389381959,14.066035282855,
    4.139754684772));
#3475 = CARTESIAN_POINT('',(-45.15704739451,13.976009376334,
    4.163622671973));
#3476 = CARTESIAN_POINT('',(-45.16025879408,13.883620083588,
    4.181855613521));
#3477 = CARTESIAN_POINT('',(-45.16350242231,13.78954284954,
    4.194098996273));
#3478 = CARTESIAN_POINT('',(-45.16674931476,13.694586673234,
    4.200141660069));
#3479 = CARTESIAN_POINT('',(-45.17316354572,13.505459576389,
    4.199855433854));
#3480 = CARTESIAN_POINT('',(-45.17633435753,13.41119688014,
    4.193610847763));
#3481 = CARTESIAN_POINT('',(-45.17944895129,13.31782155519,
    4.181258940666));
#3482 = CARTESIAN_POINT('',(-45.1824822362,13.226118075612,4.16300742502
    ));
#3483 = CARTESIAN_POINT('',(-45.18541442108,13.136747762427,
    4.139202504362));
#3484 = CARTESIAN_POINT('',(-45.18823041632,13.050253860434,
    4.110278299992));
#3485 = CARTESIAN_POINT('',(-45.19262394714,12.914325210012,
    4.055459650358));
#3486 = CARTESIAN_POINT('',(-45.19427815042,12.862894237759,
    4.032322806716));
#3487 = CARTESIAN_POINT('',(-45.19587950482,12.812868483655,
    4.007436650929));
#3488 = CARTESIAN_POINT('',(-45.19742651506,12.764318534103,
    3.980919968791));
#3489 = CARTESIAN_POINT('',(-45.19891834053,12.717295288638,
    3.952889952118));
#3490 = CARTESIAN_POINT('',(-45.20035466277,12.671833091588,
    3.923458718664));
#3491 = CARTESIAN_POINT('',(-45.20349803966,12.571946731794,
    3.853509295482));
#3492 = CARTESIAN_POINT('',(-45.20517009515,12.518521821505,
    3.81217780464));
#3493 = CARTESIAN_POINT('',(-45.20675208344,12.467715349309,
    3.768948444668));
#3494 = CARTESIAN_POINT('',(-45.20824502959,12.419540789987,
    3.724019098881));
#3495 = CARTESIAN_POINT('',(-45.20965044484,12.373992783927,
    3.677569959735));
#3496 = CARTESIAN_POINT('',(-45.21097015183,12.331052044374,
    3.629761039836));
#3497 = CARTESIAN_POINT('',(-45.2156733807,12.177462109622,
    3.443180493447));
#3498 = CARTESIAN_POINT('',(-45.21847575607,12.084720108099,
    3.29624421348));
#3499 = CARTESIAN_POINT('',(-45.22066836997,12.011461873702,
    3.14269244168));
#3500 = CARTESIAN_POINT('',(-45.22228436712,11.95712784358,
    2.984680879721));
#3501 = CARTESIAN_POINT('',(-45.22335116439,11.92114759184,
    2.824017778126));
#3502 = CARTESIAN_POINT('',(-45.22388558594,11.903122307907,
    2.662105179332));
#3503 = CARTESIAN_POINT('',(-45.22388558594,11.903122307907,2.5));
#3504 = PCURVE('',#3192,#3505);
#3505 = DEFINITIONAL_REPRESENTATION('',(#3506),#3664);
#3506 = B_SPLINE_CURVE_WITH_KNOTS('',3,(#3507,#3508,#3509,#3510,#3511,
    #3512,#3513,#3514,#3515,#3516,#3517,#3518,#3519,#3520,#3521,#3522,
    #3523,#3524,#3525,#3526,#3527,#3528,#3529,#3530,#3531,#3532,#3533,
    #3534,#3535,#3536,#3537,#3538,#3539,#3540,#3541,#3542,#3543,#3544,
    #3545,#3546,#3547,#3548,#3549,#3550,#3551,#3552,#3553,#3554,#3555,
    #3556,#3557,#3558,#3559,#3560,#3561,#3562,#3563,#3564,#3565,#3566,
    #3567,#3568,#3569,#3570,#3571,#3572,#3573,#3574,#3575,#3576,#3577,
    #3578,#3579,#3580,#3581,#3582,#3583,#3584,#3585,#3586,#3587,#3588,
    #3589,#3590,#3591,#3592,#3593,#3594,#3595,#3596,#3597,#3598,#3599,
    #3600,#3601,#3602,#3603,#3604,#3605,#3606,#3607,#3608,#3609,#3610,
    #3611,#3612,#3613,#3614,#3615,#3616,#3617,#3618,#3619,#3620,#3621,
    #3622,#3623,#3624,#3625,#3626,#3627,#3628,#3629,#3630,#3631,#3632,
    #3633,#3634,#3635,#3636,#3637,#3638,#3639,#3640,#3641,#3642,#3643,
    #3644,#3645,#3646,#3647,#3648,#3649,#3650,#3651,#3652,#3653,#3654,
    #3655,#3656,#3657,#3658,#3659,#3660,#3661,#3662,#3663),
  .UNSPECIFIED.,.F.,.F.,(4,1,1,1,1,1,1,1,1,1,1,1,1,1,1,1,1,1,1,1,1,1,1,1
    ,1,1,1,1,1,1,1,1,1,1,1,1,1,1,1,1,1,1,1,1,1,1,1,1,1,1,1,1,1,1,1,1,1,1
    ,1,1,1,1,1,1,1,1,1,1,1,1,1,1,1,1,1,1,1,1,1,1,1,1,1,1,1,1,1,1,1,1,1,1
    ,1,1,1,1,1,1,1,1,1,1,1,1,1,1,1,1,1,1,1,1,1,1,1,1,1,1,1,1,1,1,1,1,1,1
    ,1,1,1,1,1,1,1,1,1,1,1,1,1,1,1,1,1,1,1,1,1,1,1,1,1,1,1,1,4),(0.,
    8.655992978399E-03,1.73119859568E-02,2.59679789352E-02,
    3.46239719136E-02,4.3279964892E-02,5.19359578704E-02,
    6.05919508488E-02,6.924794382719E-02,7.790393680559E-02,
    8.655992978399E-02,9.521592276239E-02,0.103871915741,0.112527908719,
    0.121183901698,0.129839894676,0.138495887654,0.147151880633,
    0.155807873611,0.16446386659,0.173119859568,0.181775852546,
    0.190431845525,0.199087838503,0.207743831482,0.21639982446,
    0.225055817438,0.233711810417,0.242367803395,0.251023796374,
    0.259679789352,0.26833578233,0.276991775309,0.285647768287,
    0.294303761266,0.302959754244,0.311615747222,0.320271740201,
    0.328927733179,0.337583726158,0.346239719136,0.354895712114,
    0.363551705093,0.372207698071,0.38086369105,0.389519684028,
    0.398175677006,0.406831669985,0.415487662963,0.424143655942,
    0.43279964892,0.441455641898,0.450111634877,0.458767627855,
    0.467423620834,0.476079613812,0.48473560679,0.493391599769,
    0.502047592747,0.510703585726,0.519359578704,0.528015571682,
    0.536671564661,0.545327557639,0.553983550618,0.562639543596,
    0.571295536574,0.579951529553,0.588607522531,0.59726351551,
    0.605919508488,0.614575501466,0.623231494445,0.631887487423,
    0.640543480402,0.64919947338,0.657855466358,0.666511459337,
    0.675167452315,0.683823445294,0.692479438272,0.70113543125,
    0.709791424229,0.718447417207,0.727103410186,0.735759403164,
    0.744415396142,0.753071389121,0.761727382099,0.770383375078,
    0.779039368056,0.787695361034,0.796351354013,0.805007346991,
    0.81366333997,0.822319332948,0.830975325926,0.839631318905,
    0.848287311883,0.856943304862,0.86559929784,0.874255290818,
    0.882911283797,0.891567276775,0.900223269754,0.908879262732,
    0.91753525571,0.926191248689,0.934847241667,0.943503234646,
    0.952159227624,0.960815220602,0.969471213581,0.978127206559,
    0.986783199538,0.995439192516,1.004095185494,1.012751178473,
    1.021407171451,1.03006316443,1.038719157408,1.047375150386,
    1.056031143365,1.064687136343,1.073343129322,1.0819991223,
    1.090655115278,1.099311108257,1.107967101235,1.116623094214,
    1.125279087192,1.13393508017,1.142591073149,1.151247066127,
    1.159903059106,1.168559052084,1.177215045062,1.185871038041,
    1.194527031019,1.203183023998,1.211839016976,1.220495009954,
    1.229151002933,1.237806995911,1.24646298889,1.255118981868,
    1.263774974846,1.272430967825,1.281086960803,1.289742953781,
    1.29839894676,1.307054939738,1.315710932717,1.324366925695,
    1.333022918673),.QUASI_UNIFORM_KNOTS.);
#3507 = CARTESIAN_POINT('',(0.,2.203630775425));
#3508 = CARTESIAN_POINT('',(1.200702805476E-02,2.203630777391));
#3509 = CARTESIAN_POINT('',(3.601696798221E-02,2.203627635569));
#3510 = CARTESIAN_POINT('',(7.204351839247E-02,2.20361353324));
#3511 = CARTESIAN_POINT('',(0.108106149213,2.203590079272));
#3512 = CARTESIAN_POINT('',(0.144227722445,2.203557345622));
#3513 = CARTESIAN_POINT('',(0.180430317267,2.203515428989));
#3514 = CARTESIAN_POINT('',(0.216735258391,2.203464455674));
#3515 = CARTESIAN_POINT('',(0.253163340553,2.203404582581));
#3516 = CARTESIAN_POINT('',(0.289734992906,2.203335999177));
#3517 = CARTESIAN_POINT('',(0.326470454698,2.203258929125));
#3518 = CARTESIAN_POINT('',(0.363389946761,2.203173631923));
#3519 = CARTESIAN_POINT('',(0.400513847681,2.203080404473));
#3520 = CARTESIAN_POINT('',(0.43786287737,2.202979582597));
#3521 = CARTESIAN_POINT('',(0.475458295383,2.202871542485));
#3522 = CARTESIAN_POINT('',(0.513322112887,2.202756702115));
#3523 = CARTESIAN_POINT('',(0.551477350029,2.202635522528));
#3524 = CARTESIAN_POINT('',(0.589948250634,2.202508509337));
#3525 = CARTESIAN_POINT('',(0.628760815071,2.202376213144));
#3526 = CARTESIAN_POINT('',(0.667942337933,2.20223923373));
#3527 = CARTESIAN_POINT('',(0.707524885578,2.202098209907));
#3528 = CARTESIAN_POINT('',(0.747511210668,2.20195394686));
#3529 = CARTESIAN_POINT('',(0.787926289651,2.201807233923));
#3530 = CARTESIAN_POINT('',(0.828789457111,2.201658945663));
#3531 = CARTESIAN_POINT('',(0.870119276674,2.201510023102));
#3532 = CARTESIAN_POINT('',(0.911932201039,2.201361477446));
#3533 = CARTESIAN_POINT('',(0.954243680275,2.201214384928));
#3534 = CARTESIAN_POINT('',(0.997065443232,2.201069894676));
#3535 = CARTESIAN_POINT('',(1.040403171542,2.200929222803));
#3536 = CARTESIAN_POINT('',(1.084259041194,2.200793639594));
#3537 = CARTESIAN_POINT('',(1.128629537147,2.200664458872));
#3538 = CARTESIAN_POINT('',(1.173503018776,2.200543025136));
#3539 = CARTESIAN_POINT('',(1.2188686186,2.200430672731));
#3540 = CARTESIAN_POINT('',(1.264701776526,2.200328735993));
#3541 = CARTESIAN_POINT('',(1.310957962959,2.200238524257));
#3542 = CARTESIAN_POINT('',(1.357591910296,2.200161240073));
#3543 = CARTESIAN_POINT('',(1.404551458371,2.200097962319));
#3544 = CARTESIAN_POINT('',(1.451777981418,2.200049612178));
#3545 = CARTESIAN_POINT('',(1.499204200737,2.200016923076));
#3546 = CARTESIAN_POINT('',(1.546754418667,2.200000410843));
#3547 = CARTESIAN_POINT('',(1.594335929481,2.200000337896));
#3548 = CARTESIAN_POINT('',(1.641880592588,2.200016704238));
#3549 = CARTESIAN_POINT('',(1.689305721038,2.200049257064));
#3550 = CARTESIAN_POINT('',(1.736537855379,2.200097494968));
#3551 = CARTESIAN_POINT('',(1.783508394407,2.200160695515));
#3552 = CARTESIAN_POINT('',(1.830153100567,2.2002379386));
#3553 = CARTESIAN_POINT('',(1.876410361685,2.200328127016));
#3554 = CARTESIAN_POINT('',(1.922241280073,2.200430067502));
#3555 = CARTESIAN_POINT('',(1.967611446046,2.200542477813));
#3556 = CARTESIAN_POINT('',(2.012496203825,2.200664029381));
#3557 = CARTESIAN_POINT('',(2.05687801564,2.200793372926));
#3558 = CARTESIAN_POINT('',(2.100746004014,2.200929163489));
#3559 = CARTESIAN_POINT('',(2.144095279875,2.201070081408));
#3560 = CARTESIAN_POINT('',(2.186926410381,2.201214848884));
#3561 = CARTESIAN_POINT('',(2.229245715013,2.201362247087));
#3562 = CARTESIAN_POINT('',(2.271066763551,2.201511130245));
#3563 = CARTESIAN_POINT('',(2.312404370545,2.201660416298));
#3564 = CARTESIAN_POINT('',(2.353275125638,2.201809090591));
#3565 = CARTESIAN_POINT('',(2.393697365357,2.201956207228));
#3566 = CARTESIAN_POINT('',(2.433691116605,2.202100889955));
#3567 = CARTESIAN_POINT('',(2.473278964745,2.202242337246));
#3568 = CARTESIAN_POINT('',(2.51248177701,2.20237980258));
#3569 = CARTESIAN_POINT('',(2.551322508314,2.202512608723));
#3570 = CARTESIAN_POINT('',(2.589823669271,2.20264013251));
#3571 = CARTESIAN_POINT('',(2.628007706534,2.202761805486));
#3572 = CARTESIAN_POINT('',(2.665898099169,2.202877116943));
#3573 = CARTESIAN_POINT('',(2.703512267209,2.202985586814));
#3574 = CARTESIAN_POINT('',(2.740876113726,2.203086807665));
#3575 = CARTESIAN_POINT('',(2.778012902717,2.203180406914));
#3576 = CARTESIAN_POINT('',(2.814945131246,2.20326605086));
#3577 = CARTESIAN_POINT('',(2.851694347888,2.203343442323));
#3578 = CARTESIAN_POINT('',(2.888281488128,2.203412319954));
#3579 = CARTESIAN_POINT('',(2.92472704462,2.203472457064));
#3580 = CARTESIAN_POINT('',(2.961051258319,2.203523660548));
#3581 = CARTESIAN_POINT('',(2.997274299097,2.203565769747));
#3582 = CARTESIAN_POINT('',(3.033416407246,2.20359865529));
#3583 = CARTESIAN_POINT('',(3.069498174306,2.203622217912));
#3584 = CARTESIAN_POINT('',(3.105540310722,2.203636387221));
#3585 = CARTESIAN_POINT('',(3.141565364018,2.203641120533));
#3586 = CARTESIAN_POINT('',(3.177592216299,2.203636401314));
#3587 = CARTESIAN_POINT('',(3.213637558096,2.203622244167));
#3588 = CARTESIAN_POINT('',(3.249723134554,2.203598691406));
#3589 = CARTESIAN_POINT('',(3.285868875608,2.203565813721));
#3590 = CARTESIAN_POINT('',(3.322094952765,2.203523711089));
#3591 = CARTESIAN_POINT('',(3.358421448427,2.203472513586));
#3592 = CARTESIAN_POINT('',(3.394868647571,2.20341238225));
#3593 = CARTESIAN_POINT('',(3.431457238556,2.203343509735));
#3594 = CARTESIAN_POINT('',(3.468208296265,2.203266121651));
#3595 = CARTESIAN_POINT('',(3.505144297469,2.203180475268));
#3596 = CARTESIAN_POINT('',(3.542286079199,2.203086868652));
#3597 = CARTESIAN_POINT('',(3.57965499791,2.202985637511));
#3598 = CARTESIAN_POINT('',(3.617273181261,2.202877158587));
#3599 = CARTESIAN_POINT('',(3.655162997341,2.202761850944));
#3600 = CARTESIAN_POINT('',(3.693346721016,2.202640181028));
#3601 = CARTESIAN_POINT('',(3.7318474739,2.202512660377));
#3602 = CARTESIAN_POINT('',(3.77068782358,2.202379857017));
#3603 = CARTESIAN_POINT('',(3.809890213668,2.202242394362));
#3604 = CARTESIAN_POINT('',(3.849477663924,2.20210094941));
#3605 = CARTESIAN_POINT('',(3.889470980064,2.201956268859));
#3606 = CARTESIAN_POINT('',(3.929892741543,2.201809154142));
#3607 = CARTESIAN_POINT('',(3.970763026776,2.201660481275));
#3608 = CARTESIAN_POINT('',(4.012100188654,2.201511196106));
#3609 = CARTESIAN_POINT('',(4.053920711861,2.201362313707));
#3610 = CARTESIAN_POINT('',(4.096239619808,2.201214915068));
#3611 = CARTESIAN_POINT('',(4.139069340939,2.201070150448));
#3612 = CARTESIAN_POINT('',(4.182415094413,2.200929240565));
#3613 = CARTESIAN_POINT('',(4.226279168161,2.200793457526));
#3614 = CARTESIAN_POINT('',(4.27065766097,2.200664118369));
#3615 = CARTESIAN_POINT('',(4.31553973769,2.200542566582));
#3616 = CARTESIAN_POINT('',(4.360910758733,2.200430145417));
#3617 = CARTESIAN_POINT('',(4.406751264961,2.200328175608));
#3618 = CARTESIAN_POINT('',(4.453015205066,2.200237969018));
#3619 = CARTESIAN_POINT('',(4.499656663016,2.200160726752));
#3620 = CARTESIAN_POINT('',(4.546622680133,2.20009752467));
#3621 = CARTESIAN_POINT('',(4.593854004194,2.200049278648));
#3622 = CARTESIAN_POINT('',(4.641282727018,2.200016714844));
#3623 = CARTESIAN_POINT('',(4.688833069732,2.200000340558));
#3624 = CARTESIAN_POINT('',(4.736411015262,2.200000408012));
#3625 = CARTESIAN_POINT('',(4.783956861326,2.200016911038));
#3626 = CARTESIAN_POINT('',(4.831380688587,2.200049589547));
#3627 = CARTESIAN_POINT('',(4.878607492471,2.20009793082));
#3628 = CARTESIAN_POINT('',(4.925570122129,2.200161204552));
#3629 = CARTESIAN_POINT('',(4.972209259247,2.200238491043));
#3630 = CARTESIAN_POINT('',(5.018471175794,2.200328709692));
#3631 = CARTESIAN_POINT('',(5.064308933721,2.200430654333));
#3632 = CARTESIAN_POINT('',(5.109673342772,2.200543002061));
#3633 = CARTESIAN_POINT('',(5.154548160068,2.200664437332));
#3634 = CARTESIAN_POINT('',(5.198919445947,2.200793618994));
#3635 = CARTESIAN_POINT('',(5.24277626601,2.200929204201));
#3636 = CARTESIAN_POINT('',(5.286114822505,2.201069877927));
#3637 = CARTESIAN_POINT('',(5.328937444049,2.201214370569));
#3638 = CARTESIAN_POINT('',(5.371249388651,2.201361464409));
#3639 = CARTESIAN_POINT('',(5.413063130682,2.20151001263));
#3640 = CARTESIAN_POINT('',(5.454393709246,2.201658937875));
#3641 = CARTESIAN_POINT('',(5.495257611567,2.201807228861));
#3642 = CARTESIAN_POINT('',(5.535673259626,2.201953943884));
#3643 = CARTESIAN_POINT('',(5.575660534473,2.202098210264));
#3644 = CARTESIAN_POINT('',(5.615242806566,2.202239233134));
#3645 = CARTESIAN_POINT('',(5.654423093327,2.202376208267));
#3646 = CARTESIAN_POINT('',(5.693235288505,2.202508503395));
#3647 = CARTESIAN_POINT('',(5.731706030835,2.202635516288));
#3648 = CARTESIAN_POINT('',(5.769861358445,2.202756696425));
#3649 = CARTESIAN_POINT('',(5.807725392048,2.202871537714));
#3650 = CARTESIAN_POINT('',(5.845321093899,2.202979578886));
#3651 = CARTESIAN_POINT('',(5.882670419446,2.203080401775));
#3652 = CARTESIAN_POINT('',(5.919794589558,2.203173630076));
#3653 = CARTESIAN_POINT('',(5.956714296899,2.203258927911));
#3654 = CARTESIAN_POINT('',(5.993449904559,2.203335998371));
#3655 = CARTESIAN_POINT('',(6.030021628726,2.203404581991));
#3656 = CARTESIAN_POINT('',(6.066449714654,2.203464455165));
#3657 = CARTESIAN_POINT('',(6.102754608048,2.203515428496));
#3658 = CARTESIAN_POINT('',(6.138957130906,2.203557345147));
#3659 = CARTESIAN_POINT('',(6.175078646077,2.203590078868));
#3660 = CARTESIAN_POINT('',(6.211141282552,2.203613532977));
#3661 = CARTESIAN_POINT('',(6.247167962663,2.20362763549));
#3662 = CARTESIAN_POINT('',(6.271178123213,2.203630777384));
#3663 = CARTESIAN_POINT('',(6.28318530718,2.203630775425));
#3664 = ( GEOMETRIC_REPRESENTATION_CONTEXT(2) 
PARAMETRIC_REPRESENTATION_CONTEXT() REPRESENTATION_CONTEXT('2D SPACE',''
  ) );
#3665 = PCURVE('',#116,#3666);
#3666 = DEFINITIONAL_REPRESENTATION('',(#3667),#3825);
#3667 = B_SPLINE_CURVE_WITH_KNOTS('',3,(#3668,#3669,#3670,#3671,#3672,
    #3673,#3674,#3675,#3676,#3677,#3678,#3679,#3680,#3681,#3682,#3683,
    #3684,#3685,#3686,#3687,#3688,#3689,#3690,#3691,#3692,#3693,#3694,
    #3695,#3696,#3697,#3698,#3699,#3700,#3701,#3702,#3703,#3704,#3705,
    #3706,#3707,#3708,#3709,#3710,#3711,#3712,#3713,#3714,#3715,#3716,
    #3717,#3718,#3719,#3720,#3721,#3722,#3723,#3724,#3725,#3726,#3727,
    #3728,#3729,#3730,#3731,#3732,#3733,#3734,#3735,#3736,#3737,#3738,
    #3739,#3740,#3741,#3742,#3743,#3744,#3745,#3746,#3747,#3748,#3749,
    #3750,#3751,#3752,#3753,#3754,#3755,#3756,#3757,#3758,#3759,#3760,
    #3761,#3762,#3763,#3764,#3765,#3766,#3767,#3768,#3769,#3770,#3771,
    #3772,#3773,#3774,#3775,#3776,#3777,#3778,#3779,#3780,#3781,#3782,
    #3783,#3784,#3785,#3786,#3787,#3788,#3789,#3790,#3791,#3792,#3793,
    #3794,#3795,#3796,#3797,#3798,#3799,#3800,#3801,#3802,#3803,#3804,
    #3805,#3806,#3807,#3808,#3809,#3810,#3811,#3812,#3813,#3814,#3815,
    #3816,#3817,#3818,#3819,#3820,#3821,#3822,#3823,#3824),
  .UNSPECIFIED.,.T.,.F.,(4,1,1,1,1,1,1,1,1,1,1,1,1,1,1,1,1,1,1,1,1,1,1,1
    ,1,1,1,1,1,1,1,1,1,1,1,1,1,1,1,1,1,1,1,1,1,1,1,1,1,1,1,1,1,1,1,1,1,1
    ,1,1,1,1,1,1,1,1,1,1,1,1,1,1,1,1,1,1,1,1,1,1,1,1,1,1,1,1,1,1,1,1,1,1
    ,1,1,1,1,1,1,1,1,1,1,1,1,1,1,1,1,1,1,1,1,1,1,1,1,1,1,1,1,1,1,1,1,1,1
    ,1,1,1,1,1,1,1,1,1,1,1,1,1,1,1,1,1,1,1,1,1,1,1,1,1,1,1,1,4),(0.,
    8.655992978399E-03,1.73119859568E-02,2.59679789352E-02,
    3.46239719136E-02,4.3279964892E-02,5.19359578704E-02,
    6.05919508488E-02,6.924794382719E-02,7.790393680559E-02,
    8.655992978399E-02,9.521592276239E-02,0.103871915741,0.112527908719,
    0.121183901698,0.129839894676,0.138495887654,0.147151880633,
    0.155807873611,0.16446386659,0.173119859568,0.181775852546,
    0.190431845525,0.199087838503,0.207743831482,0.21639982446,
    0.225055817438,0.233711810417,0.242367803395,0.251023796374,
    0.259679789352,0.26833578233,0.276991775309,0.285647768287,
    0.294303761266,0.302959754244,0.311615747222,0.320271740201,
    0.328927733179,0.337583726158,0.346239719136,0.354895712114,
    0.363551705093,0.372207698071,0.38086369105,0.389519684028,
    0.398175677006,0.406831669985,0.415487662963,0.424143655942,
    0.43279964892,0.441455641898,0.450111634877,0.458767627855,
    0.467423620834,0.476079613812,0.48473560679,0.493391599769,
    0.502047592747,0.510703585726,0.519359578704,0.528015571682,
    0.536671564661,0.545327557639,0.553983550618,0.562639543596,
    0.571295536574,0.579951529553,0.588607522531,0.59726351551,
    0.605919508488,0.614575501466,0.623231494445,0.631887487423,
    0.640543480402,0.64919947338,0.657855466358,0.666511459337,
    0.675167452315,0.683823445294,0.692479438272,0.70113543125,
    0.709791424229,0.718447417207,0.727103410186,0.735759403164,
    0.744415396142,0.753071389121,0.761727382099,0.770383375078,
    0.779039368056,0.787695361034,0.796351354013,0.805007346991,
    0.81366333997,0.822319332948,0.830975325926,0.839631318905,
    0.848287311883,0.856943304862,0.86559929784,0.874255290818,
    0.882911283797,0.891567276775,0.900223269754,0.908879262732,
    0.91753525571,0.926191248689,0.934847241667,0.943503234646,
    0.952159227624,0.960815220602,0.969471213581,0.978127206559,
    0.986783199538,0.995439192516,1.004095185494,1.012751178473,
    1.021407171451,1.03006316443,1.038719157408,1.047375150386,
    1.056031143365,1.064687136343,1.073343129322,1.0819991223,
    1.090655115278,1.099311108257,1.107967101235,1.116623094214,
    1.125279087192,1.13393508017,1.142591073149,1.151247066127,
    1.159903059106,1.168559052084,1.177215045062,1.185871038041,
    1.194527031019,1.203183023998,1.211839016976,1.220495009954,
    1.229151002933,1.237806995911,1.24646298889,1.255118981868,
    1.263774974846,1.272430967825,1.281086960803,1.289742953781,
    1.29839894676,1.307054939738,1.315710932717,1.324366925695,
    1.333022918673),.QUASI_UNIFORM_KNOTS.);
#3668 = CARTESIAN_POINT('',(5.5,7.766043503783));
#3669 = CARTESIAN_POINT('',(5.520411918215,7.766043501969));
#3670 = CARTESIAN_POINT('',(5.561228857948,7.76603806178));
#3671 = CARTESIAN_POINT('',(5.62239455296,7.766013572685));
#3672 = CARTESIAN_POINT('',(5.683462506529,7.765972743652));
#3673 = CARTESIAN_POINT('',(5.744391200049,7.765915535564));
#3674 = CARTESIAN_POINT('',(5.805136769911,7.765841893757));
#3675 = CARTESIAN_POINT('',(5.865652652078,7.765751747256));
#3676 = CARTESIAN_POINT('',(5.925889633396,7.765645011292));
#3677 = CARTESIAN_POINT('',(5.985795794389,7.765521588641));
#3678 = CARTESIAN_POINT('',(6.045316477816,7.765381370955));
#3679 = CARTESIAN_POINT('',(6.104394243206,7.765224239733));
#3680 = CARTESIAN_POINT('',(6.162968814392,7.765050066998));
#3681 = CARTESIAN_POINT('',(6.220977013856,7.764858715627));
#3682 = CARTESIAN_POINT('',(6.278352683736,7.764650039305));
#3683 = CARTESIAN_POINT('',(6.335026582402,7.764423882133));
#3684 = CARTESIAN_POINT('',(6.390926283258,7.764180077636));
#3685 = CARTESIAN_POINT('',(6.445975962352,7.763918448012));
#3686 = CARTESIAN_POINT('',(6.500096483947,7.763638800324));
#3687 = CARTESIAN_POINT('',(6.553204242954,7.763340931887));
#3688 = CARTESIAN_POINT('',(6.605214501632,7.763024598906));
#3689 = CARTESIAN_POINT('',(6.655997772513,7.762689807637));
#3690 = CARTESIAN_POINT('',(6.705448357339,7.762336415299));
#3691 = CARTESIAN_POINT('',(6.753446245839,7.761964345503));
#3692 = CARTESIAN_POINT('',(6.799864171907,7.761573561123));
#3693 = CARTESIAN_POINT('',(6.844566147522,7.761164082394));
#3694 = CARTESIAN_POINT('',(6.887409139375,7.760735984446));
#3695 = CARTESIAN_POINT('',(6.928240696892,7.760289431861));
#3696 = CARTESIAN_POINT('',(6.966898586446,7.759824716594));
#3697 = CARTESIAN_POINT('',(7.003214701285,7.759342241051));
#3698 = CARTESIAN_POINT('',(7.037015198941,7.758842552125));
#3699 = CARTESIAN_POINT('',(7.068121790914,7.758326380312));
#3700 = CARTESIAN_POINT('',(7.096360175702,7.757794543209));
#3701 = CARTESIAN_POINT('',(7.121553120884,7.75724811836));
#3702 = CARTESIAN_POINT('',(7.143524525788,7.75668853227));
#3703 = CARTESIAN_POINT('',(7.162115195884,7.756117332222));
#3704 = CARTESIAN_POINT('',(7.177182397095,7.75553625148));
#3705 = CARTESIAN_POINT('',(7.188604182675,7.754947195505));
#3706 = CARTESIAN_POINT('',(7.196283041866,7.754352256163));
#3707 = CARTESIAN_POINT('',(7.200150049502,7.753753692048));
#3708 = CARTESIAN_POINT('',(7.200170250671,7.753154015487));
#3709 = CARTESIAN_POINT('',(7.196344490321,7.752555442676));
#3710 = CARTESIAN_POINT('',(7.188706840211,7.751960360488));
#3711 = CARTESIAN_POINT('',(7.177324066348,7.75137100274));
#3712 = CARTESIAN_POINT('',(7.162292433617,7.750789483076));
#3713 = CARTESIAN_POINT('',(7.143734939769,7.750217782204));
#3714 = CARTESIAN_POINT('',(7.121799093653,7.749657752756));
#3715 = CARTESIAN_POINT('',(7.096642970468,7.7491108661));
#3716 = CARTESIAN_POINT('',(7.068436477762,7.748578434867));
#3717 = CARTESIAN_POINT('',(7.037355085709,7.748061549048));
#3718 = CARTESIAN_POINT('',(7.00357703261,7.747561111874));
#3719 = CARTESIAN_POINT('',(6.967280199313,7.747077851314));
#3720 = CARTESIAN_POINT('',(6.928639480547,7.746612336205));
#3721 = CARTESIAN_POINT('',(6.887824668297,7.746164991524));
#3722 = CARTESIAN_POINT('',(6.844997956375,7.745736105711));
#3723 = CARTESIAN_POINT('',(6.800310006278,7.74532582984));
#3724 = CARTESIAN_POINT('',(6.753904582378,7.74493425027));
#3725 = CARTESIAN_POINT('',(6.705917620488,7.74456139034));
#3726 = CARTESIAN_POINT('',(6.65647678789,7.744207218717));
#3727 = CARTESIAN_POINT('',(6.605701236716,7.743871657608));
#3728 = CARTESIAN_POINT('',(6.553700092448,7.743554584873));
#3729 = CARTESIAN_POINT('',(6.500578111413,7.743255874683));
#3730 = CARTESIAN_POINT('',(6.446431080773,7.742975369854));
#3731 = CARTESIAN_POINT('',(6.391349002508,7.742712910522));
#3732 = CARTESIAN_POINT('',(6.335416199157,7.742468332354));
#3733 = CARTESIAN_POINT('',(6.27871008135,7.742241462188));
#3734 = CARTESIAN_POINT('',(6.221312124165,7.742032162709));
#3735 = CARTESIAN_POINT('',(6.163286297931,7.741840250598));
#3736 = CARTESIAN_POINT('',(6.104695977685,7.741665567328));
#3737 = CARTESIAN_POINT('',(6.045601719339,7.741507967346));
#3738 = CARTESIAN_POINT('',(5.986061984436,7.741367319648));
#3739 = CARTESIAN_POINT('',(5.926133063425,7.741243506207));
#3740 = CARTESIAN_POINT('',(5.86586920084,7.741136421647));
#3741 = CARTESIAN_POINT('',(5.805322658898,7.741045973023));
#3742 = CARTESIAN_POINT('',(5.744543770092,7.740972079989));
#3743 = CARTESIAN_POINT('',(5.683581039936,7.74091467528));
#3744 = CARTESIAN_POINT('',(5.622481004677,7.740873705541));
#3745 = CARTESIAN_POINT('',(5.561288963553,7.7408491325));
#3746 = CARTESIAN_POINT('',(5.500046402449,7.740840934372));
#3747 = CARTESIAN_POINT('',(5.438800722008,7.740849108026));
#3748 = CARTESIAN_POINT('',(5.377603065448,7.740873659837));
#3749 = CARTESIAN_POINT('',(5.316496313733,7.740914612295));
#3750 = CARTESIAN_POINT('',(5.255527116568,7.740972003067));
#3751 = CARTESIAN_POINT('',(5.19474273152,7.741045884169));
#3752 = CARTESIAN_POINT('',(5.134191925635,7.741136321528));
#3753 = CARTESIAN_POINT('',(5.073924825528,7.74124339478));
#3754 = CARTESIAN_POINT('',(5.013992948275,7.741367197704));
#3755 = CARTESIAN_POINT('',(4.954449597868,7.741507837755));
#3756 = CARTESIAN_POINT('',(4.895348655828,7.741665440537));
#3757 = CARTESIAN_POINT('',(4.836749855725,7.741840136213));
#3758 = CARTESIAN_POINT('',(4.778715624816,7.742032065641));
#3759 = CARTESIAN_POINT('',(4.721311107495,7.74224138094));
#3760 = CARTESIAN_POINT('',(4.664605441278,7.742468242011));
#3761 = CARTESIAN_POINT('',(4.608672599366,7.742712811885));
#3762 = CARTESIAN_POINT('',(4.553590571349,7.742975262281));
#3763 = CARTESIAN_POINT('',(4.499443489059,7.743255758152));
#3764 = CARTESIAN_POINT('',(4.446321442292,7.743554458881));
#3765 = CARTESIAN_POINT('',(4.39432011855,7.743871522092));
#3766 = CARTESIAN_POINT('',(4.343544365504,7.744207073273));
#3767 = CARTESIAN_POINT('',(4.294103296768,7.744561234399));
#3768 = CARTESIAN_POINT('',(4.246115996794,7.744934083745));
#3769 = CARTESIAN_POINT('',(4.199710115974,7.745325652866));
#3770 = CARTESIAN_POINT('',(4.155021700054,7.745735917429));
#3771 = CARTESIAN_POINT('',(4.112194279064,7.746164793134));
#3772 = CARTESIAN_POINT('',(4.071379683868,7.746612117436));
#3773 = CARTESIAN_POINT('',(4.03274069448,7.74707758825));
#3774 = CARTESIAN_POINT('',(3.996445361545,7.747560798507));
#3775 = CARTESIAN_POINT('',(3.962667866313,7.74806119095));
#3776 = CARTESIAN_POINT('',(3.931586015813,7.748578038212));
#3777 = CARTESIAN_POINT('',(3.903376352702,7.749110471833));
#3778 = CARTESIAN_POINT('',(3.878212739866,7.749657467364));
#3779 = CARTESIAN_POINT('',(3.856272462168,7.750217575004));
#3780 = CARTESIAN_POINT('',(3.837714929491,7.750789233686));
#3781 = CARTESIAN_POINT('',(3.822682967073,7.751370694839));
#3782 = CARTESIAN_POINT('',(3.811298305037,7.751960040252));
#3783 = CARTESIAN_POINT('',(3.803657989872,7.752555166127));
#3784 = CARTESIAN_POINT('',(3.799830356838,7.753153809983));
#3785 = CARTESIAN_POINT('',(3.799849284629,7.753753441621));
#3786 = CARTESIAN_POINT('',(3.803714079938,7.75435195133));
#3787 = CARTESIAN_POINT('',(3.811390460037,7.754946862162));
#3788 = CARTESIAN_POINT('',(3.822810144592,7.755535923966));
#3789 = CARTESIAN_POINT('',(3.83787632211,7.756117045743));
#3790 = CARTESIAN_POINT('',(3.856467429062,7.756688312317));
#3791 = CARTESIAN_POINT('',(3.878440392357,7.757247970302));
#3792 = CARTESIAN_POINT('',(3.903635251132,7.757794451565));
#3793 = CARTESIAN_POINT('',(3.931872343326,7.758326276332));
#3794 = CARTESIAN_POINT('',(3.96297922543,7.758842465601));
#3795 = CARTESIAN_POINT('',(3.996779855578,7.759342165192));
#3796 = CARTESIAN_POINT('',(4.033096349557,7.759824652876));
#3797 = CARTESIAN_POINT('',(4.07175463204,7.760289378613));
#3798 = CARTESIAN_POINT('',(4.112586735432,7.760735941525));
#3799 = CARTESIAN_POINT('',(4.155429973021,7.761164045426));
#3800 = CARTESIAN_POINT('',(4.200132632082,7.761573533309));
#3801 = CARTESIAN_POINT('',(4.246551280015,7.761964325726));
#3802 = CARTESIAN_POINT('',(4.29454994788,7.762336402809));
#3803 = CARTESIAN_POINT('',(4.344001171546,7.762689800572));
#3804 = CARTESIAN_POINT('',(4.394785636482,7.763024599897));
#3805 = CARTESIAN_POINT('',(4.44679555039,7.76334093052));
#3806 = CARTESIAN_POINT('',(4.499901600946,7.763638789879));
#3807 = CARTESIAN_POINT('',(4.554021541655,7.763918435601));
#3808 = CARTESIAN_POINT('',(4.609070929554,7.764180064895));
#3809 = CARTESIAN_POINT('',(4.664970698177,7.764423870782));
#3810 = CARTESIAN_POINT('',(4.72164486577,7.764650029994));
#3811 = CARTESIAN_POINT('',(4.779020925761,7.764858708544));
#3812 = CARTESIAN_POINT('',(4.837029553725,7.765050061951));
#3813 = CARTESIAN_POINT('',(4.895604528895,7.765224236337));
#3814 = CARTESIAN_POINT('',(4.954682625758,7.765381368748));
#3815 = CARTESIAN_POINT('',(5.014203537484,7.76552158718));
#3816 = CARTESIAN_POINT('',(5.074109810655,7.765645010218));
#3817 = CARTESIAN_POINT('',(5.13434679365,7.765751746332));
#3818 = CARTESIAN_POINT('',(5.194862591778,7.765841892875));
#3819 = CARTESIAN_POINT('',(5.255608036415,7.765915534735));
#3820 = CARTESIAN_POINT('',(5.316536627994,7.765972742967));
#3821 = CARTESIAN_POINT('',(5.377604588205,7.766013572252));
#3822 = CARTESIAN_POINT('',(5.438770502073,7.766038061655));
#3823 = CARTESIAN_POINT('',(5.479587816611,7.76604350196));
#3824 = CARTESIAN_POINT('',(5.5,7.766043503783));
#3825 = ( GEOMETRIC_REPRESENTATION_CONTEXT(2) 
PARAMETRIC_REPRESENTATION_CONTEXT() REPRESENTATION_CONTEXT('2D SPACE',''
  ) );
#3826 = ORIENTED_EDGE('',*,*,#3362,.T.);
#3827 = ADVANCED_FACE('',(#3828),#2763,.F.);
#3828 = FACE_BOUND('',#3829,.F.);
#3829 = EDGE_LOOP('',(#3830,#3831,#3854,#4296));
#3830 = ORIENTED_EDGE('',*,*,#2520,.T.);
#3831 = ORIENTED_EDGE('',*,*,#3832,.F.);
#3832 = EDGE_CURVE('',#3833,#2521,#3835,.T.);
#3833 = VERTEX_POINT('',#3834);
#3834 = CARTESIAN_POINT('',(-40.92957900319,58.537486380899,2.5));
#3835 = SEAM_CURVE('',#3836,(#3840,#3847),.PCURVE_S1.);
#3836 = LINE('',#3837,#3838);
#3837 = CARTESIAN_POINT('',(-43.10429805334,58.900183468596,2.5));
#3838 = VECTOR('',#3839,1.);
#3839 = DIRECTION('',(0.986375977927,-0.16450662652,0.));
#3840 = PCURVE('',#2763,#3841);
#3841 = DEFINITIONAL_REPRESENTATION('',(#3842),#3846);
#3842 = LINE('',#3843,#3844);
#3843 = CARTESIAN_POINT('',(0.,-0.));
#3844 = VECTOR('',#3845,1.);
#3845 = DIRECTION('',(0.,1.));
#3846 = ( GEOMETRIC_REPRESENTATION_CONTEXT(2) 
PARAMETRIC_REPRESENTATION_CONTEXT() REPRESENTATION_CONTEXT('2D SPACE',''
  ) );
#3847 = PCURVE('',#2763,#3848);
#3848 = DEFINITIONAL_REPRESENTATION('',(#3849),#3853);
#3849 = LINE('',#3850,#3851);
#3850 = CARTESIAN_POINT('',(6.28318530718,-0.));
#3851 = VECTOR('',#3852,1.);
#3852 = DIRECTION('',(0.,1.));
#3853 = ( GEOMETRIC_REPRESENTATION_CONTEXT(2) 
PARAMETRIC_REPRESENTATION_CONTEXT() REPRESENTATION_CONTEXT('2D SPACE',''
  ) );
#3854 = ORIENTED_EDGE('',*,*,#3855,.T.);
#3855 = EDGE_CURVE('',#3833,#3833,#3856,.T.);
#3856 = SURFACE_CURVE('',#3857,(#3974,#4135),.PCURVE_S1.);
#3857 = B_SPLINE_CURVE_WITH_KNOTS('',7,(#3858,#3859,#3860,#3861,#3862,
    #3863,#3864,#3865,#3866,#3867,#3868,#3869,#3870,#3871,#3872,#3873,
    #3874,#3875,#3876,#3877,#3878,#3879,#3880,#3881,#3882,#3883,#3884,
    #3885,#3886,#3887,#3888,#3889,#3890,#3891,#3892,#3893,#3894,#3895,
    #3896,#3897,#3898,#3899,#3900,#3901,#3902,#3903,#3904,#3905,#3906,
    #3907,#3908,#3909,#3910,#3911,#3912,#3913,#3914,#3915,#3916,#3917,
    #3918,#3919,#3920,#3921,#3922,#3923,#3924,#3925,#3926,#3927,#3928,
    #3929,#3930,#3931,#3932,#3933,#3934,#3935,#3936,#3937,#3938,#3939,
    #3940,#3941,#3942,#3943,#3944,#3945,#3946,#3947,#3948,#3949,#3950,
    #3951,#3952,#3953,#3954,#3955,#3956,#3957,#3958,#3959,#3960,#3961,
    #3962,#3963,#3964,#3965,#3966,#3967,#3968,#3969,#3970,#3971,#3972,
    #3973),.UNSPECIFIED.,.T.,.F.,(8,6,6,6,6,6,6,6,6,6,6,6,6,6,6,6,6,6,6,
    8),(0.,0.159607929116,0.216589457446,0.260955261339,0.33323839832,
    0.404756101694,0.449398690597,0.506507328202,0.549689433214,
    0.666702831173,0.751206738142,0.783501572887,0.826690458851,
    0.883818952074,0.928504626909,1.,1.070839858457,1.115609381067,
    1.172774919587,1.333126710962),.UNSPECIFIED.);
#3858 = CARTESIAN_POINT('',(-40.92957900319,58.537486380899,2.5));
#3859 = CARTESIAN_POINT('',(-40.92957900319,58.537486380899,
    2.338698825517));
#3860 = CARTESIAN_POINT('',(-40.92674011277,58.555114156745,
    2.177585042911));
#3861 = CARTESIAN_POINT('',(-40.92107311987,58.590302414834,
    2.017703855341));
#3862 = CARTESIAN_POINT('',(-40.91250973316,58.64343517528,
    1.860436614096));
#3863 = CARTESIAN_POINT('',(-40.90094783599,58.715062477559,
    1.707559806452));
#3864 = CARTESIAN_POINT('',(-40.88627873314,58.805726691249,
    1.561189605719));
#3865 = CARTESIAN_POINT('',(-40.86189972697,58.955907194465,
    1.375077429735));
#3866 = CARTESIAN_POINT('',(-40.85506960255,58.997944259689,
    1.327318295871));
#3867 = CARTESIAN_POINT('',(-40.84781718846,59.042535846056,
    1.280898499341));
#3868 = CARTESIAN_POINT('',(-40.84013776752,59.089701135744,
    1.235975296711));
#3869 = CARTESIAN_POINT('',(-40.83202861989,59.139446065703,
    1.192725768307));
#3870 = CARTESIAN_POINT('',(-40.82348981117,59.191758656909,
    1.151344456658));
#3871 = CARTESIAN_POINT('',(-40.80754496584,59.289307181737,
    1.081439347144));
#3872 = CARTESIAN_POINT('',(-40.80030708815,59.333543186468,
    1.052099129595));
#3873 = CARTESIAN_POINT('',(-40.79281353229,59.379293253042,
    1.024120325964));
#3874 = CARTESIAN_POINT('',(-40.785068488,59.426525741027,0.99761121262)
  );
#3875 = CARTESIAN_POINT('',(-40.777078669,59.475193554299,0.972685140086
    ));
#3876 = CARTESIAN_POINT('',(-40.76885383206,59.525231221015,
    0.949457304497));
#3877 = CARTESIAN_POINT('',(-40.74664574825,59.660166484367,
    0.893149777742));
#3878 = CARTESIAN_POINT('',(-40.7322887138,59.747229411,0.86304989846));
#3879 = CARTESIAN_POINT('',(-40.7174044654,59.837300543606,
    0.838271679576));
#3880 = CARTESIAN_POINT('',(-40.702081789,59.929818575954,0.819283559158
    ));
#3881 = CARTESIAN_POINT('',(-40.68643216516,60.024091860303,
    0.806463192733));
#3882 = CARTESIAN_POINT('',(-40.67059175804,60.119290403682,
    0.800038636419));
#3883 = CARTESIAN_POINT('',(-40.63902270305,60.308580241797,
    0.799962042098));
#3884 = CARTESIAN_POINT('',(-40.62328005229,60.402760100997,
    0.806175391201));
#3885 = CARTESIAN_POINT('',(-40.60765090564,60.496044699895,
    0.81864976817));
#3886 = CARTESIAN_POINT('',(-40.59227120032,60.587631163716,
    0.837170413003));
#3887 = CARTESIAN_POINT('',(-40.57725719197,60.676844148117,
    0.861377298152));
#3888 = CARTESIAN_POINT('',(-40.56270572419,60.763130647998,
    0.890818681684));
#3889 = CARTESIAN_POINT('',(-40.53994884116,60.897814881913,
    0.946302682637));
#3890 = CARTESIAN_POINT('',(-40.53141044106,60.948284151955,
    0.969472722631));
#3891 = CARTESIAN_POINT('',(-40.52309570624,60.997371083196,
    0.994373474983));
#3892 = CARTESIAN_POINT('',(-40.51501713968,61.045007830908,
    1.02088746017));
#3893 = CARTESIAN_POINT('',(-40.50718405275,61.091145589484,
    1.04889888714));
#3894 = CARTESIAN_POINT('',(-40.49960303704,61.135751556121,
    1.078297040612));
#3895 = CARTESIAN_POINT('',(-40.48290850525,61.233882776679,
    1.148230148969));
#3896 = CARTESIAN_POINT('',(-40.47395887515,61.286416434669,
    1.189579636274));
#3897 = CARTESIAN_POINT('',(-40.46543762623,61.336371437693,
    1.232816289269));
#3898 = CARTESIAN_POINT('',(-40.45734880073,61.383735434174,
    1.277743433164));
#3899 = CARTESIAN_POINT('',(-40.44969318844,61.428514368624,
    1.324182001846));
#3900 = CARTESIAN_POINT('',(-40.44246911237,61.470727698504,
    1.371972980329));
#3901 = CARTESIAN_POINT('',(-40.43053456649,61.540404141595,
    1.458035882171));
#3902 = CARTESIAN_POINT('',(-40.4256410038,61.568952314095,
    1.495785272819));
#3903 = CARTESIAN_POINT('',(-40.42099110321,61.596060162284,
    1.534167873078));
#3904 = CARTESIAN_POINT('',(-40.4165833091,61.621740187447,
    1.573127892569));
#3905 = CARTESIAN_POINT('',(-40.4124159334,61.646005358465,1.61261389661
    ));
#3906 = CARTESIAN_POINT('',(-40.40848715555,61.668869111812,
    1.652578806211));
#3907 = CARTESIAN_POINT('',(-40.39479020603,61.748540934848,
    1.802457401306));
#3908 = CARTESIAN_POINT('',(-40.38652691248,61.796525714824,
    1.915097005428));
#3909 = CARTESIAN_POINT('',(-40.37996087378,61.834608077692,
    2.030099038248));
#3910 = CARTESIAN_POINT('',(-40.37506301024,61.862992434358,
    2.146767908897));
#3911 = CARTESIAN_POINT('',(-40.37181099485,61.881831094086,
    2.264489280781));
#3912 = CARTESIAN_POINT('',(-40.37018982831,61.89122241603,
    2.382718451048));
#3913 = CARTESIAN_POINT('',(-40.37020979937,61.891106724928,
    2.586385178532));
#3914 = CARTESIAN_POINT('',(-40.37106970315,61.886125355108,
    2.671782360462));
#3915 = CARTESIAN_POINT('',(-40.37278092036,61.876212360006,
    2.756980475017));
#3916 = CARTESIAN_POINT('',(-40.37534709444,61.861343480946,
    2.841775889126));
#3917 = CARTESIAN_POINT('',(-40.37877446079,61.841476315063,
    2.925951363041));
#3918 = CARTESIAN_POINT('',(-40.38307180727,61.816550326012,
    3.009274009922));
#3919 = CARTESIAN_POINT('',(-40.39023124626,61.774987368475,
    3.122913497347));
#3920 = CARTESIAN_POINT('',(-40.39233965626,61.762744187276,
    3.154172436545));
#3921 = CARTESIAN_POINT('',(-40.39457755066,61.749745419221,
    3.185254475785));
#3922 = CARTESIAN_POINT('',(-40.39694561748,61.735986249363,
    3.21614420009));
#3923 = CARTESIAN_POINT('',(-40.39944457458,61.721461605056,
    3.246825317264));
#3924 = CARTESIAN_POINT('',(-40.4020751696,61.706166155953,
    3.277280657894));
#3925 = CARTESIAN_POINT('',(-40.40853323972,61.668600940397,
    3.347894976351));
#3926 = CARTESIAN_POINT('',(-40.41246503041,61.645719527143,
    3.387861100206));
#3927 = CARTESIAN_POINT('',(-40.41663550645,61.621436159498,
    3.427347781734));
#3928 = CARTESIAN_POINT('',(-40.42104648894,61.595737394529,
    3.466307894127));
#3929 = CARTESIAN_POINT('',(-40.42569966574,61.568610261125,
    3.50468994895));
#3930 = CARTESIAN_POINT('',(-40.43059659146,61.540042259992,
    3.542438096131));
#3931 = CARTESIAN_POINT('',(-40.44254044192,61.470310948932,
    3.628505677593));
#3932 = CARTESIAN_POINT('',(-40.44977068566,61.428061214855,
    3.676301539505));
#3933 = CARTESIAN_POINT('',(-40.45743277447,61.383243973915,
    3.722742962973));
#3934 = CARTESIAN_POINT('',(-40.46552837663,61.335839803937,
    3.76767065977));
#3935 = CARTESIAN_POINT('',(-40.47405668451,61.285842848246,
    3.81090525532));
#3936 = CARTESIAN_POINT('',(-40.48301362619,61.233265615826,
    3.852249743857));
#3937 = CARTESIAN_POINT('',(-40.49972608107,61.135027707075,
    3.922187032454));
#3938 = CARTESIAN_POINT('',(-40.5073179436,61.090357247979,
    3.951594052549));
#3939 = CARTESIAN_POINT('',(-40.51516228955,61.044152407898,
    3.979610395216));
#3940 = CARTESIAN_POINT('',(-40.52325248354,60.996446229156,
    4.006124963951));
#3941 = CARTESIAN_POINT('',(-40.53157915559,60.947287845618,
    4.031021586853));
#3942 = CARTESIAN_POINT('',(-40.54012972684,60.896745535604,
    4.05418242907));
#3943 = CARTESIAN_POINT('',(-40.56290073398,60.761974537233,
    4.109584953303));
#3944 = CARTESIAN_POINT('',(-40.57745120735,60.675691844774,
    4.138953315892));
#3945 = CARTESIAN_POINT('',(-40.59246280125,60.586491066252,
    4.163088296612));
#3946 = CARTESIAN_POINT('',(-40.60783975835,60.494918830611,
    4.181540534608));
#3947 = CARTESIAN_POINT('',(-40.62346625774,60.401647886232,
    4.193949086477));
#3948 = CARTESIAN_POINT('',(-40.63920584795,60.307484161085,
    4.200097886979));
#3949 = CARTESIAN_POINT('',(-40.67045259442,60.120122765654,
    4.19990119605));
#3950 = CARTESIAN_POINT('',(-40.68597464588,60.026839680602,
    4.193669705625));
#3951 = CARTESIAN_POINT('',(-40.7013160935,59.934429607499,
    4.181298226335));
#3952 = CARTESIAN_POINT('',(-40.71634881341,59.843673245722,
    4.162995854119));
#3953 = CARTESIAN_POINT('',(-40.73096662232,59.755228754899,
    4.139111611557));
#3954 = CARTESIAN_POINT('',(-40.74508386684,59.669636738636,
    4.110083254247));
#3955 = CARTESIAN_POINT('',(-40.76719706978,59.535308085444,
    4.055129830344));
#3956 = CARTESIAN_POINT('',(-40.775536719,59.484582438626,4.031986721537
    ));
#3957 = CARTESIAN_POINT('',(-40.78363856415,59.435241631484,
    4.007097806248));
#3958 = CARTESIAN_POINT('',(-40.79149220625,59.387355190162,
    3.980581623633));
#3959 = CARTESIAN_POINT('',(-40.79909045572,59.340973281697,
    3.952555100695));
#3960 = CARTESIAN_POINT('',(-40.80642878512,59.296129788555,
    3.923130089809));
#3961 = CARTESIAN_POINT('',(-40.82254001695,59.197576168787,
    3.853183760108));
#3962 = CARTESIAN_POINT('',(-40.83114687059,59.144853012831,
    3.811848900843));
#3963 = CARTESIAN_POINT('',(-40.83932135449,59.094712773092,
    3.768618177937));
#3964 = CARTESIAN_POINT('',(-40.84706318812,59.0471689093,3.723689245762
    ));
#3965 = CARTESIAN_POINT('',(-40.85437498287,59.002216313053,
    3.677242083463));
#3966 = CARTESIAN_POINT('',(-40.8612614264,58.959836137739,
    3.629436514834));
#3967 = CARTESIAN_POINT('',(-40.88586879293,58.808260313621,
    3.442887485478));
#3968 = CARTESIAN_POINT('',(-40.90067877266,58.716729345851,
    3.295989283049));
#3969 = CARTESIAN_POINT('',(-40.91235045807,58.64442341969,
    3.142482849916));
#3970 = CARTESIAN_POINT('',(-40.92099405251,58.590793366814,
    2.984521209905));
#3971 = CARTESIAN_POINT('',(-40.92671364935,58.555278479634,
    2.823910483319));
#3972 = CARTESIAN_POINT('',(-40.92957900319,58.537486380899,
    2.66205135252));
#3973 = CARTESIAN_POINT('',(-40.92957900319,58.537486380899,2.5));
#3974 = PCURVE('',#2763,#3975);
#3975 = DEFINITIONAL_REPRESENTATION('',(#3976),#4134);
#3976 = B_SPLINE_CURVE_WITH_KNOTS('',3,(#3977,#3978,#3979,#3980,#3981,
    #3982,#3983,#3984,#3985,#3986,#3987,#3988,#3989,#3990,#3991,#3992,
    #3993,#3994,#3995,#3996,#3997,#3998,#3999,#4000,#4001,#4002,#4003,
    #4004,#4005,#4006,#4007,#4008,#4009,#4010,#4011,#4012,#4013,#4014,
    #4015,#4016,#4017,#4018,#4019,#4020,#4021,#4022,#4023,#4024,#4025,
    #4026,#4027,#4028,#4029,#4030,#4031,#4032,#4033,#4034,#4035,#4036,
    #4037,#4038,#4039,#4040,#4041,#4042,#4043,#4044,#4045,#4046,#4047,
    #4048,#4049,#4050,#4051,#4052,#4053,#4054,#4055,#4056,#4057,#4058,
    #4059,#4060,#4061,#4062,#4063,#4064,#4065,#4066,#4067,#4068,#4069,
    #4070,#4071,#4072,#4073,#4074,#4075,#4076,#4077,#4078,#4079,#4080,
    #4081,#4082,#4083,#4084,#4085,#4086,#4087,#4088,#4089,#4090,#4091,
    #4092,#4093,#4094,#4095,#4096,#4097,#4098,#4099,#4100,#4101,#4102,
    #4103,#4104,#4105,#4106,#4107,#4108,#4109,#4110,#4111,#4112,#4113,
    #4114,#4115,#4116,#4117,#4118,#4119,#4120,#4121,#4122,#4123,#4124,
    #4125,#4126,#4127,#4128,#4129,#4130,#4131,#4132,#4133),
  .UNSPECIFIED.,.F.,.F.,(4,1,1,1,1,1,1,1,1,1,1,1,1,1,1,1,1,1,1,1,1,1,1,1
    ,1,1,1,1,1,1,1,1,1,1,1,1,1,1,1,1,1,1,1,1,1,1,1,1,1,1,1,1,1,1,1,1,1,1
    ,1,1,1,1,1,1,1,1,1,1,1,1,1,1,1,1,1,1,1,1,1,1,1,1,1,1,1,1,1,1,1,1,1,1
    ,1,1,1,1,1,1,1,1,1,1,1,1,1,1,1,1,1,1,1,1,1,1,1,1,1,1,1,1,1,1,1,1,1,1
    ,1,1,1,1,1,1,1,1,1,1,1,1,1,1,1,1,1,1,1,1,1,1,1,1,1,1,1,1,4),(0.,
    8.656666954301E-03,1.73133339086E-02,2.59700008629E-02,
    3.462666781721E-02,4.328333477151E-02,5.194000172581E-02,
    6.059666868011E-02,6.925333563441E-02,7.791000258871E-02,
    8.656666954301E-02,9.522333649732E-02,0.103880003452,0.112536670406,
    0.12119333736,0.129850004315,0.138506671269,0.147163338223,
    0.155820005177,0.164476672132,0.173133339086,0.18179000604,
    0.190446672995,0.199103339949,0.207760006903,0.216416673858,
    0.225073340812,0.233730007766,0.24238667472,0.251043341675,
    0.259700008629,0.268356675583,0.277013342538,0.285670009492,
    0.294326676446,0.302983343401,0.311640010355,0.320296677309,
    0.328953344263,0.337610011218,0.346266678172,0.354923345126,
    0.363580012081,0.372236679035,0.380893345989,0.389550012944,
    0.398206679898,0.406863346852,0.415520013806,0.424176680761,
    0.432833347715,0.441490014669,0.450146681624,0.458803348578,
    0.467460015532,0.476116682487,0.484773349441,0.493430016395,
    0.502086683349,0.510743350304,0.519400017258,0.528056684212,
    0.536713351167,0.545370018121,0.554026685075,0.56268335203,
    0.571340018984,0.579996685938,0.588653352893,0.597310019847,
    0.605966686801,0.614623353755,0.62328002071,0.631936687664,
    0.640593354618,0.649250021573,0.657906688527,0.666563355481,
    0.675220022436,0.68387668939,0.692533356344,0.701190023298,
    0.709846690253,0.718503357207,0.727160024161,0.735816691116,
    0.74447335807,0.753130025024,0.761786691979,0.770443358933,
    0.779100025887,0.787756692841,0.796413359796,0.80507002675,
    0.813726693704,0.822383360659,0.831040027613,0.839696694567,
    0.848353361522,0.857010028476,0.86566669543,0.874323362384,
    0.882980029339,0.891636696293,0.900293363247,0.908950030202,
    0.917606697156,0.92626336411,0.934920031065,0.943576698019,
    0.952233364973,0.960890031927,0.969546698882,0.978203365836,
    0.98686003279,0.995516699745,1.004173366699,1.012830033653,
    1.021486700608,1.030143367562,1.038800034516,1.04745670147,
    1.056113368425,1.064770035379,1.073426702333,1.082083369288,
    1.090740036242,1.099396703196,1.108053370151,1.116710037105,
    1.125366704059,1.134023371013,1.142680037968,1.151336704922,
    1.159993371876,1.168650038831,1.177306705785,1.185963372739,
    1.194620039694,1.203276706648,1.211933373602,1.220590040557,
    1.229246707511,1.237903374465,1.246560041419,1.255216708374,
    1.263873375328,1.272530042282,1.281186709237,1.289843376191,
    1.298500043145,1.3071567101,1.315813377054,1.324470044008,
    1.333126710962),.QUASI_UNIFORM_KNOTS.);
#3977 = CARTESIAN_POINT('',(0.,2.20475670415));
#3978 = CARTESIAN_POINT('',(1.200764406738E-02,2.204756706693));
#3979 = CARTESIAN_POINT('',(3.601880074805E-02,2.204752597352));
#3980 = CARTESIAN_POINT('',(7.204714500823E-02,2.2047341519));
#3981 = CARTESIAN_POINT('',(0.108111553791,2.204703474269));
#3982 = CARTESIAN_POINT('',(0.144234901493,2.204660657721));
#3983 = CARTESIAN_POINT('',(0.180439277864,2.204605827576));
#3984 = CARTESIAN_POINT('',(0.216746016185,2.204539147542));
#3985 = CARTESIAN_POINT('',(0.25317591793,2.204460821052));
#3986 = CARTESIAN_POINT('',(0.289749417227,2.204371093847));
#3987 = CARTESIAN_POINT('',(0.326486756594,2.204270256132));
#3988 = CARTESIAN_POINT('',(0.36340815844,2.204158644753));
#3989 = CARTESIAN_POINT('',(0.400534001253,2.204036645284));
#3990 = CARTESIAN_POINT('',(0.437885003045,2.203904694044));
#3991 = CARTESIAN_POINT('',(0.475482419802,2.203763280044));
#3992 = CARTESIAN_POINT('',(0.513348256494,2.203612946884));
#3993 = CARTESIAN_POINT('',(0.551505527276,2.203454294478));
#3994 = CARTESIAN_POINT('',(0.589978458706,2.203287981135));
#3995 = CARTESIAN_POINT('',(0.628793064307,2.203114723975));
#3996 = CARTESIAN_POINT('',(0.66797652536,2.202935305242));
#3997 = CARTESIAN_POINT('',(0.707561252491,2.202750556304));
#3998 = CARTESIAN_POINT('',(0.747549964311,2.202561528552));
#3999 = CARTESIAN_POINT('',(0.787967432061,2.202369253819));
#4000 = CARTESIAN_POINT('',(0.828833065482,2.202174874874));
#4001 = CARTESIAN_POINT('',(0.870165409325,2.201979622713));
#4002 = CARTESIAN_POINT('',(0.911980921753,2.20178482103));
#4003 = CARTESIAN_POINT('',(0.954294982454,2.201591879956));
#4004 = CARTESIAN_POINT('',(0.997119452829,2.201402305549));
#4005 = CARTESIAN_POINT('',(1.040459927191,2.201217693935));
#4006 = CARTESIAN_POINT('',(1.084318592181,2.201039713287));
#4007 = CARTESIAN_POINT('',(1.128691947017,2.200870090651));
#4008 = CARTESIAN_POINT('',(1.173568191395,2.200710595578));
#4009 = CARTESIAN_POINT('',(1.218936933715,2.200562983766));
#4010 = CARTESIAN_POINT('',(1.264775775152,2.200429009319));
#4011 = CARTESIAN_POINT('',(1.311037891118,2.200310409311));
#4012 = CARTESIAN_POINT('',(1.357677232607,2.200208775914));
#4013 = CARTESIAN_POINT('',(1.404640866457,2.200125539373));
#4014 = CARTESIAN_POINT('',(1.451869771974,2.200061922202));
#4015 = CARTESIAN_POINT('',(1.499296520829,2.20001890017));
#4016 = CARTESIAN_POINT('',(1.546845573662,2.199997163624));
#4017 = CARTESIAN_POINT('',(1.594424526115,2.199997069411));
#4018 = CARTESIAN_POINT('',(1.641972325129,2.200018635682));
#4019 = CARTESIAN_POINT('',(1.689398398863,2.200061543458));
#4020 = CARTESIAN_POINT('',(1.736628008023,2.200125140152));
#4021 = CARTESIAN_POINT('',(1.78359397792,2.2002084844));
#4022 = CARTESIAN_POINT('',(1.830237017083,2.200310382665));
#4023 = CARTESIAN_POINT('',(1.876503381064,2.20042942617));
#4024 = CARTESIAN_POINT('',(1.92234615728,2.200564037284));
#4025 = CARTESIAN_POINT('',(1.967716019376,2.200712480298));
#4026 = CARTESIAN_POINT('',(2.012595043754,2.20087302004));
#4027 = CARTESIAN_POINT('',(2.05697096953,2.201043895496));
#4028 = CARTESIAN_POINT('',(2.100832378336,2.201223333512));
#4029 = CARTESIAN_POINT('',(2.144175564497,2.201409596999));
#4030 = CARTESIAN_POINT('',(2.187002764769,2.201601005417));
#4031 = CARTESIAN_POINT('',(2.229319318502,2.201795945621));
#4032 = CARTESIAN_POINT('',(2.271137439065,2.201992894774));
#4033 = CARTESIAN_POINT('',(2.312472276247,2.202190421896));
#4034 = CARTESIAN_POINT('',(2.353340315814,2.202387181856));
#4035 = CARTESIAN_POINT('',(2.393759919055,2.202581920318));
#4036 = CARTESIAN_POINT('',(2.433751123397,2.20277347437));
#4037 = CARTESIAN_POINT('',(2.473336513851,2.202960779473));
#4038 = CARTESIAN_POINT('',(2.51253693285,2.20314284333));
#4039 = CARTESIAN_POINT('',(2.55137535459,2.203318765174));
#4040 = CARTESIAN_POINT('',(2.589874267365,2.203487715551));
#4041 = CARTESIAN_POINT('',(2.628056141812,2.203648937581));
#4042 = CARTESIAN_POINT('',(2.66594438247,2.203801750329));
#4043 = CARTESIAN_POINT('',(2.70355644755,2.203945513915));
#4044 = CARTESIAN_POINT('',(2.740918294004,2.204079684881));
#4045 = CARTESIAN_POINT('',(2.778053147937,2.204203765682));
#4046 = CARTESIAN_POINT('',(2.814983497619,2.204317310615));
#4047 = CARTESIAN_POINT('',(2.85173087911,2.204419922576));
#4048 = CARTESIAN_POINT('',(2.888316220072,2.204511252224));
#4049 = CARTESIAN_POINT('',(2.924760007499,2.204590996445));
#4050 = CARTESIAN_POINT('',(2.961082479192,2.204658896953));
#4051 = CARTESIAN_POINT('',(2.997303804578,2.204714738798));
#4052 = CARTESIAN_POINT('',(3.0334442245,2.204758348851));
#4053 = CARTESIAN_POINT('',(3.069524338547,2.20478959424));
#4054 = CARTESIAN_POINT('',(3.105564848674,2.204808380732));
#4055 = CARTESIAN_POINT('',(3.141588367726,2.204814651165));
#4056 = CARTESIAN_POINT('',(3.177613580683,2.204808383449));
#4057 = CARTESIAN_POINT('',(3.213657343819,2.204789597179));
#4058 = CARTESIAN_POINT('',(3.249741343803,2.204758349024));
#4059 = CARTESIAN_POINT('',(3.285885512775,2.20471473367));
#4060 = CARTESIAN_POINT('',(3.322110012009,2.204658884994));
#4061 = CARTESIAN_POINT('',(3.358434920734,2.204590977129));
#4062 = CARTESIAN_POINT('',(3.394880522361,2.20451122559));
#4063 = CARTESIAN_POINT('',(3.431467507538,2.204419888117));
#4064 = CARTESIAN_POINT('',(3.468216954063,2.204317266428));
#4065 = CARTESIAN_POINT('',(3.505151353662,2.204203704451));
#4066 = CARTESIAN_POINT('',(3.542291463439,2.204079600711));
#4067 = CARTESIAN_POINT('',(3.579658698366,2.203945403483));
#4068 = CARTESIAN_POINT('',(3.617275165875,2.203801615776));
#4069 = CARTESIAN_POINT('',(3.655163228959,2.203648796794));
#4070 = CARTESIAN_POINT('',(3.693345170831,2.203487568462));
#4071 = CARTESIAN_POINT('',(3.731844104687,2.203318612739));
#4072 = CARTESIAN_POINT('',(3.770682582581,2.203142686255));
#4073 = CARTESIAN_POINT('',(3.809883064974,2.202960618632));
#4074 = CARTESIAN_POINT('',(3.849468540132,2.202773310628));
#4075 = CARTESIAN_POINT('',(3.889459838584,2.202581754647));
#4076 = CARTESIAN_POINT('',(3.929879543678,2.202387015266));
#4077 = CARTESIAN_POINT('',(3.97074770024,2.20219025541));
#4078 = CARTESIAN_POINT('',(4.012082665736,2.201992729489));
#4079 = CARTESIAN_POINT('',(4.053900923939,2.2017957827));
#4080 = CARTESIAN_POINT('',(4.096217591943,2.201600846172));
#4081 = CARTESIAN_POINT('',(4.139044934896,2.201409442548));
#4082 = CARTESIAN_POINT('',(4.182388254795,2.201223185166));
#4083 = CARTESIAN_POINT('',(4.226249813335,2.201043754446));
#4084 = CARTESIAN_POINT('',(4.270625803929,2.200872887862));
#4085 = CARTESIAN_POINT('',(4.315505136869,2.20071235737));
#4086 = CARTESIAN_POINT('',(4.360874265178,2.200563928389));
#4087 = CARTESIAN_POINT('',(4.406713067561,2.200429340805));
#4088 = CARTESIAN_POINT('',(4.45297502221,2.200310319561));
#4089 = CARTESIAN_POINT('',(4.499614221621,2.200208439514));
#4090 = CARTESIAN_POINT('',(4.54657781045,2.200125108321));
#4091 = CARTESIAN_POINT('',(4.593806802125,2.200061520938));
#4092 = CARTESIAN_POINT('',(4.641233739578,2.200018621221));
#4093 = CARTESIAN_POINT('',(4.688783228225,2.199997064114));
#4094 = CARTESIAN_POINT('',(4.736362462388,2.199997169021));
#4095 = CARTESIAN_POINT('',(4.783909700855,2.200018914836));
#4096 = CARTESIAN_POINT('',(4.831334921013,2.200061944276));
#4097 = CARTESIAN_POINT('',(4.878563166457,2.200125568601));
#4098 = CARTESIAN_POINT('',(4.925527286982,2.200208813746));
#4099 = CARTESIAN_POINT('',(4.972167972428,2.200310457953));
#4100 = CARTESIAN_POINT('',(5.018431491069,2.20042906952));
#4101 = CARTESIAN_POINT('',(5.064270912908,2.200563053569));
#4102 = CARTESIAN_POINT('',(5.109636993058,2.200710663591));
#4103 = CARTESIAN_POINT('',(5.154513237811,2.200870164013));
#4104 = CARTESIAN_POINT('',(5.198885994866,2.201039789342));
#4105 = CARTESIAN_POINT('',(5.242744252613,2.201217772617));
#4106 = CARTESIAN_POINT('',(5.286084232735,2.201402385487));
#4107 = CARTESIAN_POINT('',(5.328908254049,2.20159196065));
#4108 = CARTESIAN_POINT('',(5.371221590026,2.2017849005));
#4109 = CARTESIAN_POINT('',(5.413036676047,2.201979701451));
#4110 = CARTESIAN_POINT('',(5.454368574052,2.202174952353));
#4111 = CARTESIAN_POINT('',(5.495233769347,2.202369329556));
#4112 = CARTESIAN_POINT('',(5.535650694313,2.202561601477));
#4113 = CARTESIAN_POINT('',(5.575639192076,2.202750627413));
#4114 = CARTESIAN_POINT('',(5.615222752522,2.202935369847));
#4115 = CARTESIAN_POINT('',(5.654404344631,2.20311477867));
#4116 = CARTESIAN_POINT('',(5.693217774554,2.20328802914));
#4117 = CARTESIAN_POINT('',(5.731689717358,2.203454336617));
#4118 = CARTESIAN_POINT('',(5.769846212258,2.203612984117));
#4119 = CARTESIAN_POINT('',(5.807711388722,2.2037633129));
#4120 = CARTESIAN_POINT('',(5.84530821415,2.203904722875));
#4121 = CARTESIAN_POINT('',(5.882658648745,2.204036670292));
#4122 = CARTESIAN_POINT('',(5.919783917034,2.204158666068));
#4123 = CARTESIAN_POINT('',(5.956704714564,2.204270273865));
#4124 = CARTESIAN_POINT('',(5.993441406543,2.204371108134));
#4125 = CARTESIAN_POINT('',(6.03001421059,2.204460832089));
#4126 = CARTESIAN_POINT('',(6.066443372732,2.204539155609));
#4127 = CARTESIAN_POINT('',(6.102749338812,2.204605833044));
#4128 = CARTESIAN_POINT('',(6.138952930345,2.204660661045));
#4129 = CARTESIAN_POINT('',(6.175075509081,2.204703475972));
#4130 = CARTESIAN_POINT('',(6.211139202274,2.204734152528));
#4131 = CARTESIAN_POINT('',(6.247166929953,2.204752597436));
#4132 = CARTESIAN_POINT('',(6.271177780669,2.204756706686));
#4133 = CARTESIAN_POINT('',(6.28318530718,2.20475670415));
#4134 = ( GEOMETRIC_REPRESENTATION_CONTEXT(2) 
PARAMETRIC_REPRESENTATION_CONTEXT() REPRESENTATION_CONTEXT('2D SPACE',''
  ) );
#4135 = PCURVE('',#116,#4136);
#4136 = DEFINITIONAL_REPRESENTATION('',(#4137),#4295);
#4137 = B_SPLINE_CURVE_WITH_KNOTS('',3,(#4138,#4139,#4140,#4141,#4142,
    #4143,#4144,#4145,#4146,#4147,#4148,#4149,#4150,#4151,#4152,#4153,
    #4154,#4155,#4156,#4157,#4158,#4159,#4160,#4161,#4162,#4163,#4164,
    #4165,#4166,#4167,#4168,#4169,#4170,#4171,#4172,#4173,#4174,#4175,
    #4176,#4177,#4178,#4179,#4180,#4181,#4182,#4183,#4184,#4185,#4186,
    #4187,#4188,#4189,#4190,#4191,#4192,#4193,#4194,#4195,#4196,#4197,
    #4198,#4199,#4200,#4201,#4202,#4203,#4204,#4205,#4206,#4207,#4208,
    #4209,#4210,#4211,#4212,#4213,#4214,#4215,#4216,#4217,#4218,#4219,
    #4220,#4221,#4222,#4223,#4224,#4225,#4226,#4227,#4228,#4229,#4230,
    #4231,#4232,#4233,#4234,#4235,#4236,#4237,#4238,#4239,#4240,#4241,
    #4242,#4243,#4244,#4245,#4246,#4247,#4248,#4249,#4250,#4251,#4252,
    #4253,#4254,#4255,#4256,#4257,#4258,#4259,#4260,#4261,#4262,#4263,
    #4264,#4265,#4266,#4267,#4268,#4269,#4270,#4271,#4272,#4273,#4274,
    #4275,#4276,#4277,#4278,#4279,#4280,#4281,#4282,#4283,#4284,#4285,
    #4286,#4287,#4288,#4289,#4290,#4291,#4292,#4293,#4294),
  .UNSPECIFIED.,.T.,.F.,(4,1,1,1,1,1,1,1,1,1,1,1,1,1,1,1,1,1,1,1,1,1,1,1
    ,1,1,1,1,1,1,1,1,1,1,1,1,1,1,1,1,1,1,1,1,1,1,1,1,1,1,1,1,1,1,1,1,1,1
    ,1,1,1,1,1,1,1,1,1,1,1,1,1,1,1,1,1,1,1,1,1,1,1,1,1,1,1,1,1,1,1,1,1,1
    ,1,1,1,1,1,1,1,1,1,1,1,1,1,1,1,1,1,1,1,1,1,1,1,1,1,1,1,1,1,1,1,1,1,1
    ,1,1,1,1,1,1,1,1,1,1,1,1,1,1,1,1,1,1,1,1,1,1,1,1,1,1,1,1,4),(0.,
    8.656666954301E-03,1.73133339086E-02,2.59700008629E-02,
    3.462666781721E-02,4.328333477151E-02,5.194000172581E-02,
    6.059666868011E-02,6.925333563441E-02,7.791000258871E-02,
    8.656666954301E-02,9.522333649732E-02,0.103880003452,0.112536670406,
    0.12119333736,0.129850004315,0.138506671269,0.147163338223,
    0.155820005177,0.164476672132,0.173133339086,0.18179000604,
    0.190446672995,0.199103339949,0.207760006903,0.216416673858,
    0.225073340812,0.233730007766,0.24238667472,0.251043341675,
    0.259700008629,0.268356675583,0.277013342538,0.285670009492,
    0.294326676446,0.302983343401,0.311640010355,0.320296677309,
    0.328953344263,0.337610011218,0.346266678172,0.354923345126,
    0.363580012081,0.372236679035,0.380893345989,0.389550012944,
    0.398206679898,0.406863346852,0.415520013806,0.424176680761,
    0.432833347715,0.441490014669,0.450146681624,0.458803348578,
    0.467460015532,0.476116682487,0.484773349441,0.493430016395,
    0.502086683349,0.510743350304,0.519400017258,0.528056684212,
    0.536713351167,0.545370018121,0.554026685075,0.56268335203,
    0.571340018984,0.579996685938,0.588653352893,0.597310019847,
    0.605966686801,0.614623353755,0.62328002071,0.631936687664,
    0.640593354618,0.649250021573,0.657906688527,0.666563355481,
    0.675220022436,0.68387668939,0.692533356344,0.701190023298,
    0.709846690253,0.718503357207,0.727160024161,0.735816691116,
    0.74447335807,0.753130025024,0.761786691979,0.770443358933,
    0.779100025887,0.787756692841,0.796413359796,0.80507002675,
    0.813726693704,0.822383360659,0.831040027613,0.839696694567,
    0.848353361522,0.857010028476,0.86566669543,0.874323362384,
    0.882980029339,0.891636696293,0.900293363247,0.908950030202,
    0.917606697156,0.92626336411,0.934920031065,0.943576698019,
    0.952233364973,0.960890031927,0.969546698882,0.978203365836,
    0.98686003279,0.995516699745,1.004173366699,1.012830033653,
    1.021486700608,1.030143367562,1.038800034516,1.04745670147,
    1.056113368425,1.064770035379,1.073426702333,1.082083369288,
    1.090740036242,1.099396703196,1.108053370151,1.116710037105,
    1.125366704059,1.134023371013,1.142680037968,1.151336704922,
    1.159993371876,1.168650038831,1.177306705785,1.185963372739,
    1.194620039694,1.203276706648,1.211933373602,1.220590040557,
    1.229246707511,1.237903374465,1.246560041419,1.255216708374,
    1.263873375328,1.272530042282,1.281186709237,1.289843376191,
    1.298500043145,1.3071567101,1.315813377054,1.324470044008,
    1.333126710962),.QUASI_UNIFORM_KNOTS.);
#4138 = CARTESIAN_POINT('',(5.5,7.407353451512));
#4139 = CARTESIAN_POINT('',(5.52041296545,7.407353449504));
#4140 = CARTESIAN_POINT('',(5.561231973631,7.40734751329));
#4141 = CARTESIAN_POINT('',(5.622400706199,7.407320791011));
#4142 = CARTESIAN_POINT('',(5.683471646609,7.407276238274));
#4143 = CARTESIAN_POINT('',(5.744403285584,7.40721381156));
#4144 = CARTESIAN_POINT('',(5.805151765465,7.407133450072));
#4145 = CARTESIAN_POINT('',(5.865670524312,7.407035074861));
#4146 = CARTESIAN_POINT('',(5.925910347377,7.406918591573));
#4147 = CARTESIAN_POINT('',(5.985819309914,7.406783891908));
#4148 = CARTESIAN_POINT('',(6.045342745832,7.406630855067));
#4149 = CARTESIAN_POINT('',(6.104423202314,7.406459348808));
#4150 = CARTESIAN_POINT('',(6.163000387479,7.406269230174));
#4151 = CARTESIAN_POINT('',(6.221011104762,7.406060345851));
#4152 = CARTESIAN_POINT('',(6.278389174329,7.405832532104));
#4153 = CARTESIAN_POINT('',(6.335065328693,7.40558561435));
#4154 = CARTESIAN_POINT('',(6.390967115627,7.405319406036));
#4155 = CARTESIAN_POINT('',(6.44601867093,7.405033707908));
#4156 = CARTESIAN_POINT('',(6.50014085981,7.404728303468));
#4157 = CARTESIAN_POINT('',(6.553249911378,7.4044029662));
#4158 = CARTESIAN_POINT('',(6.605261531626,7.404057420257));
#4159 = CARTESIAN_POINT('',(6.656046137758,7.403691665324));
#4160 = CARTESIAN_POINT('',(6.705497740596,7.403305539651));
#4161 = CARTESIAN_POINT('',(6.753496399346,7.402898951006));
#4162 = CARTESIAN_POINT('',(6.799914795229,7.402471850448));
#4163 = CARTESIAN_POINT('',(6.844616916254,7.402024251052));
#4164 = CARTESIAN_POINT('',(6.887459634042,7.401556226368));
#4165 = CARTESIAN_POINT('',(6.928290601346,7.401067945095));
#4166 = CARTESIAN_POINT('',(6.966947466542,7.400559717372));
#4167 = CARTESIAN_POINT('',(7.003262112662,7.400031972926));
#4168 = CARTESIAN_POINT('',(7.03706067511,7.399485299356));
#4169 = CARTESIAN_POINT('',(7.068164731189,7.398920487491));
#4170 = CARTESIAN_POINT('',(7.096400326928,7.398338415854));
#4171 = CARTESIAN_POINT('',(7.121591192982,7.397740224971));
#4172 = CARTESIAN_POINT('',(7.143559588414,7.397127496114));
#4173 = CARTESIAN_POINT('',(7.162146014754,7.396501925639));
#4174 = CARTESIAN_POINT('',(7.177207639063,7.395865415054));
#4175 = CARTESIAN_POINT('',(7.188622755983,7.395220051111));
#4176 = CARTESIAN_POINT('',(7.196294274925,7.394568123069));
#4177 = CARTESIAN_POINT('',(7.200153690324,7.393912100394));
#4178 = CARTESIAN_POINT('',(7.200166717083,7.393254730608));
#4179 = CARTESIAN_POINT('',(7.196333501756,7.39259834506));
#4180 = CARTESIAN_POINT('',(7.188688140817,7.391945671733));
#4181 = CARTESIAN_POINT('',(7.177298657016,7.391299180871));
#4182 = CARTESIAN_POINT('',(7.162261629395,7.390661175381));
#4183 = CARTESIAN_POINT('',(7.143698399817,7.390033767449));
#4184 = CARTESIAN_POINT('',(7.121751845065,7.38941889483));
#4185 = CARTESIAN_POINT('',(7.096581737664,7.388818293433));
#4186 = CARTESIAN_POINT('',(7.068367613818,7.388233606301));
#4187 = CARTESIAN_POINT('',(7.037283064313,7.387665946433));
#4188 = CARTESIAN_POINT('',(7.003503071104,7.387116247391));
#4189 = CARTESIAN_POINT('',(6.96720580797,7.386585326042));
#4190 = CARTESIAN_POINT('',(6.928565287406,7.386073802699));
#4191 = CARTESIAN_POINT('',(6.887749579853,7.385582135685));
#4192 = CARTESIAN_POINT('',(6.844921311886,7.385110665921));
#4193 = CARTESIAN_POINT('',(6.800232502715,7.384659584436));
#4194 = CARTESIAN_POINT('',(6.753826534312,7.384228992043));
#4195 = CARTESIAN_POINT('',(6.705839417633,7.383818924723));
#4196 = CARTESIAN_POINT('',(6.656398763101,7.383429356485));
#4197 = CARTESIAN_POINT('',(6.605623677011,7.383060209978));
#4198 = CARTESIAN_POINT('',(6.553623249976,7.382711358735));
#4199 = CARTESIAN_POINT('',(6.500502246182,7.382382671873));
#4200 = CARTESIAN_POINT('',(6.446356396876,7.382073983206));
#4201 = CARTESIAN_POINT('',(6.391275707074,7.381785123459));
#4202 = CARTESIAN_POINT('',(6.335344440042,7.381515917589));
#4203 = CARTESIAN_POINT('',(6.278640097423,7.381266180988));
#4204 = CARTESIAN_POINT('',(6.221244074976,7.381035767355));
#4205 = CARTESIAN_POINT('',(6.163220239827,7.380824479223));
#4206 = CARTESIAN_POINT('',(6.104632003787,7.38063214657));
#4207 = CARTESIAN_POINT('',(6.045539918438,7.380458613026));
#4208 = CARTESIAN_POINT('',(5.986002448331,7.380303737847));
#4209 = CARTESIAN_POINT('',(5.926075881206,7.380167394139));
#4210 = CARTESIAN_POINT('',(5.865814456497,7.380049468546));
#4211 = CARTESIAN_POINT('',(5.80527042809,7.379949861004));
#4212 = CARTESIAN_POINT('',(5.744494116238,7.379868484952));
#4213 = CARTESIAN_POINT('',(5.683534013032,7.379805267878));
#4214 = CARTESIAN_POINT('',(5.622436628941,7.37976015224));
#4215 = CARTESIAN_POINT('',(5.561247265948,7.379733096767));
#4216 = CARTESIAN_POINT('',(5.500007287699,7.379724078043));
#4217 = CARTESIAN_POINT('',(5.438764419429,7.3797330928));
#4218 = CARTESIAN_POINT('',(5.377569512042,7.379760147867));
#4219 = CARTESIAN_POINT('',(5.316465535618,7.379805267532));
#4220 = CARTESIAN_POINT('',(5.255499125806,7.379868492416));
#4221 = CARTESIAN_POINT('',(5.19471754708,7.379949878588));
#4222 = CARTESIAN_POINT('',(5.134169561156,7.380049497086));
#4223 = CARTESIAN_POINT('',(5.073905286396,7.380167433687));
#4224 = CARTESIAN_POINT('',(5.013976225119,7.380303789396));
#4225 = CARTESIAN_POINT('',(4.954435665325,7.380458679909));
#4226 = CARTESIAN_POINT('',(4.895337453902,7.380632240599));
#4227 = CARTESIAN_POINT('',(4.836741439546,7.380824610975));
#4228 = CARTESIAN_POINT('',(4.778709941923,7.381035942559));
#4229 = CARTESIAN_POINT('',(4.721308124776,7.381266398506));
#4230 = CARTESIAN_POINT('',(4.664605115694,7.381516150108));
#4231 = CARTESIAN_POINT('',(4.608674865306,7.381785371867));
#4232 = CARTESIAN_POINT('',(4.55359535509,7.382074247132));
#4233 = CARTESIAN_POINT('',(4.499450719241,7.382382951312));
#4234 = CARTESIAN_POINT('',(4.446331008435,7.382711653518));
#4235 = CARTESIAN_POINT('',(4.39433193559,7.383060520016));
#4236 = CARTESIAN_POINT('',(4.343558286306,7.3834296816));
#4237 = CARTESIAN_POINT('',(4.294119153971,7.383819264679));
#4238 = CARTESIAN_POINT('',(4.246133639115,7.384229346659));
#4239 = CARTESIAN_POINT('',(4.199729359726,7.384659953466));
#4240 = CARTESIAN_POINT('',(4.15504233242,7.385111049073));
#4241 = CARTESIAN_POINT('',(4.112215971783,7.385582532249));
#4242 = CARTESIAN_POINT('',(4.071402246192,7.3860742125));
#4243 = CARTESIAN_POINT('',(4.0327638191,7.386585748433));
#4244 = CARTESIAN_POINT('',(3.996468739649,7.38711668197));
#4245 = CARTESIAN_POINT('',(3.962691090337,7.387666391472));
#4246 = CARTESIAN_POINT('',(3.931608814022,7.388234064171));
#4247 = CARTESIAN_POINT('',(3.903397760195,7.388818750078));
#4248 = CARTESIAN_POINT('',(3.878232334035,7.389419306211));
#4249 = CARTESIAN_POINT('',(3.85629004444,7.390034125226));
#4250 = CARTESIAN_POINT('',(3.837730229301,7.390661485087));
#4251 = CARTESIAN_POINT('',(3.822695623734,7.391299460723));
#4252 = CARTESIAN_POINT('',(3.811307858453,7.39194594488));
#4253 = CARTESIAN_POINT('',(3.803663957533,7.392598631259));
#4254 = CARTESIAN_POINT('',(3.799832347373,7.39325504073));
#4255 = CARTESIAN_POINT('',(3.799847260362,7.393912414315));
#4256 = CARTESIAN_POINT('',(3.803708311057,7.394568411171));
#4257 = CARTESIAN_POINT('',(3.811381183759,7.395220316869));
#4258 = CARTESIAN_POINT('',(3.822797635255,7.395865669975));
#4259 = CARTESIAN_POINT('',(3.837860872179,7.39650218482));
#4260 = CARTESIAN_POINT('',(3.856449352427,7.397127770287));
#4261 = CARTESIAN_POINT('',(3.87842001728,7.397740513889));
#4262 = CARTESIAN_POINT('',(3.903612923011,7.398338707493));
#4263 = CARTESIAN_POINT('',(3.931848390162,7.398920740031));
#4264 = CARTESIAN_POINT('',(3.962953782664,7.399485546988));
#4265 = CARTESIAN_POINT('',(3.996753226826,7.400032207721));
#4266 = CARTESIAN_POINT('',(4.033068780106,7.400559941584));
#4267 = CARTESIAN_POINT('',(4.0717263699,7.401068157647));
#4268 = CARTESIAN_POINT('',(4.112558006643,7.401556427733));
#4269 = CARTESIAN_POINT('',(4.155401007193,7.402024438258));
#4270 = CARTESIAN_POINT('',(4.200103604848,7.402472026947));
#4271 = CARTESIAN_POINT('',(4.246522374534,7.402899116641));
#4272 = CARTESIAN_POINT('',(4.294521331516,7.403305694609));
#4273 = CARTESIAN_POINT('',(4.343973011678,7.403691808856));
#4274 = CARTESIAN_POINT('',(4.394758037812,7.404057555518));
#4275 = CARTESIAN_POINT('',(4.446768760303,7.404403084994));
#4276 = CARTESIAN_POINT('',(4.499875800917,7.404728401142));
#4277 = CARTESIAN_POINT('',(4.553996779826,7.405033791333));
#4278 = CARTESIAN_POINT('',(4.609047288772,7.405319477462));
#4279 = CARTESIAN_POINT('',(4.664948250593,7.405585676069));
#4280 = CARTESIAN_POINT('',(4.721623684517,7.405832585487));
#4281 = CARTESIAN_POINT('',(4.779001081237,7.406060391862));
#4282 = CARTESIAN_POINT('',(4.837011113907,7.406269269443));
#4283 = CARTESIAN_POINT('',(4.895587558475,7.406459381789));
#4284 = CARTESIAN_POINT('',(4.95466718551,7.406630882137));
#4285 = CARTESIAN_POINT('',(5.014189683486,7.406783913452));
#4286 = CARTESIAN_POINT('',(5.074097593484,7.406918608036));
#4287 = CARTESIAN_POINT('',(5.134336257512,7.407035086783));
#4288 = CARTESIAN_POINT('',(5.194853773606,7.407133458095));
#4289 = CARTESIAN_POINT('',(5.255600964933,7.407213816419));
#4290 = CARTESIAN_POINT('',(5.316531322759,7.407276240766));
#4291 = CARTESIAN_POINT('',(5.377601058607,7.407320791943));
#4292 = CARTESIAN_POINT('',(5.438768746457,7.407347513421));
#4293 = CARTESIAN_POINT('',(5.479587234298,7.407353449497));
#4294 = CARTESIAN_POINT('',(5.5,7.407353451512));
#4295 = ( GEOMETRIC_REPRESENTATION_CONTEXT(2) 
PARAMETRIC_REPRESENTATION_CONTEXT() REPRESENTATION_CONTEXT('2D SPACE',''
  ) );
#4296 = ORIENTED_EDGE('',*,*,#3832,.T.);
#4297 = ADVANCED_FACE('',(#4298),#2352,.F.);
#4298 = FACE_BOUND('',#4299,.F.);
#4299 = EDGE_LOOP('',(#4300,#4301,#4324,#4765));
#4300 = ORIENTED_EDGE('',*,*,#2069,.T.);
#4301 = ORIENTED_EDGE('',*,*,#4302,.F.);
#4302 = EDGE_CURVE('',#4303,#2070,#4305,.T.);
#4303 = VERTEX_POINT('',#4304);
#4304 = CARTESIAN_POINT('',(-23.35775530853,116.05089973248,2.5));
#4305 = SEAM_CURVE('',#4306,(#4310,#4317),.PCURVE_S1.);
#4306 = LINE('',#4307,#4308);
#4307 = CARTESIAN_POINT('',(-25.27134885481,117.17294046995,2.5));
#4308 = VECTOR('',#4309,1.);
#4309 = DIRECTION('',(0.862643091921,-0.505813103785,1.232595164408E-32)
  );
#4310 = PCURVE('',#2352,#4311);
#4311 = DEFINITIONAL_REPRESENTATION('',(#4312),#4316);
#4312 = LINE('',#4313,#4314);
#4313 = CARTESIAN_POINT('',(0.,-0.));
#4314 = VECTOR('',#4315,1.);
#4315 = DIRECTION('',(0.,1.));
#4316 = ( GEOMETRIC_REPRESENTATION_CONTEXT(2) 
PARAMETRIC_REPRESENTATION_CONTEXT() REPRESENTATION_CONTEXT('2D SPACE',''
  ) );
#4317 = PCURVE('',#2352,#4318);
#4318 = DEFINITIONAL_REPRESENTATION('',(#4319),#4323);
#4319 = LINE('',#4320,#4321);
#4320 = CARTESIAN_POINT('',(6.28318530718,-0.));
#4321 = VECTOR('',#4322,1.);
#4322 = DIRECTION('',(0.,1.));
#4323 = ( GEOMETRIC_REPRESENTATION_CONTEXT(2) 
PARAMETRIC_REPRESENTATION_CONTEXT() REPRESENTATION_CONTEXT('2D SPACE',''
  ) );
#4324 = ORIENTED_EDGE('',*,*,#4325,.T.);
#4325 = EDGE_CURVE('',#4303,#4303,#4326,.T.);
#4326 = SURFACE_CURVE('',#4327,(#4443,#4604),.PCURVE_S1.);
#4327 = B_SPLINE_CURVE_WITH_KNOTS('',7,(#4328,#4329,#4330,#4331,#4332,
    #4333,#4334,#4335,#4336,#4337,#4338,#4339,#4340,#4341,#4342,#4343,
    #4344,#4345,#4346,#4347,#4348,#4349,#4350,#4351,#4352,#4353,#4354,
    #4355,#4356,#4357,#4358,#4359,#4360,#4361,#4362,#4363,#4364,#4365,
    #4366,#4367,#4368,#4369,#4370,#4371,#4372,#4373,#4374,#4375,#4376,
    #4377,#4378,#4379,#4380,#4381,#4382,#4383,#4384,#4385,#4386,#4387,
    #4388,#4389,#4390,#4391,#4392,#4393,#4394,#4395,#4396,#4397,#4398,
    #4399,#4400,#4401,#4402,#4403,#4404,#4405,#4406,#4407,#4408,#4409,
    #4410,#4411,#4412,#4413,#4414,#4415,#4416,#4417,#4418,#4419,#4420,
    #4421,#4422,#4423,#4424,#4425,#4426,#4427,#4428,#4429,#4430,#4431,
    #4432,#4433,#4434,#4435,#4436,#4437,#4438,#4439,#4440,#4441,#4442),
  .UNSPECIFIED.,.T.,.F.,(8,6,6,6,6,6,6,6,6,6,6,6,5,6,6,6,6,6,6,8),(0.,
    0.191730367348,0.260087179272,0.313615010405,0.399105105158,
    0.483584560255,0.537106771804,0.605463681858,0.657124274437,
    0.797068399627,0.903417381048,0.945195733452,1.,1.087242404927,
    1.150552150747,1.195323726921,1.282674989346,1.335580893129,
    1.403657023962,1.594240094211),.UNSPECIFIED.);
#4328 = CARTESIAN_POINT('',(-23.35775530853,116.05089973248,2.5));
#4329 = CARTESIAN_POINT('',(-23.35775530853,116.05089973248,
    2.337958017007));
#4330 = CARTESIAN_POINT('',(-23.34897126289,116.06663729359,
    2.176107764559));
#4331 = CARTESIAN_POINT('',(-23.33143712357,116.09805119261,
    2.015506906535));
#4332 = CARTESIAN_POINT('',(-23.30493845937,116.14547644672,
    1.857556818015));
#4333 = CARTESIAN_POINT('',(-23.2691544046,116.20938445503,
    1.704063348108));
#4334 = CARTESIAN_POINT('',(-23.22374387939,116.29022244126,
    1.557178600939));
#4335 = CARTESIAN_POINT('',(-23.14827638506,116.42394800159,
    1.370642175176));
#4336 = CARTESIAN_POINT('',(-23.12715426728,116.46132825851,
    1.322837321079));
#4337 = CARTESIAN_POINT('',(-23.10472603296,116.50096462826,
    1.27639072074));
#4338 = CARTESIAN_POINT('',(-23.08097691175,116.54287090175,
    1.231462095153));
#4339 = CARTESIAN_POINT('',(-23.05589842703,116.58704848927,
    1.188231310576));
#4340 = CARTESIAN_POINT('',(-23.02949089134,116.63348221637,
    1.146895905592));
#4341 = CARTESIAN_POINT('',(-22.98005543133,116.72023529153,
    1.076951099914));
#4342 = CARTESIAN_POINT('',(-22.95753836335,116.75969365633,
    1.047528092625));
#4343 = CARTESIAN_POINT('',(-22.93422179258,116.80049135705,
    1.019502820184));
#4344 = CARTESIAN_POINT('',(-22.91011926767,116.84259683234,
    0.992987049462));
#4345 = CARTESIAN_POINT('',(-22.88525248012,116.88596418824,
    0.968097632543));
#4346 = CARTESIAN_POINT('',(-22.85965295325,116.93053056992,
    0.944953048949));
#4347 = CARTESIAN_POINT('',(-22.79137682342,117.04917447329,
    0.88967839079));
#4348 = CARTESIAN_POINT('',(-22.74761245679,117.12501520939,
    0.860419892842));
#4349 = CARTESIAN_POINT('',(-22.7022752528,117.20334894284,
    0.836401878618));
#4350 = CARTESIAN_POINT('',(-22.65563129237,117.28368615265,
    0.818072991552));
#4351 = CARTESIAN_POINT('',(-22.60801472877,117.365427965,0.805793073514
    ));
#4352 = CARTESIAN_POINT('',(-22.55983346585,117.44786135464,
    0.799775932155));
#4353 = CARTESIAN_POINT('',(-22.46388484817,117.61147813533,
    0.800231153103));
#4354 = CARTESIAN_POINT('',(-22.41607280528,117.69274412317,
    0.80655690364));
#4355 = CARTESIAN_POINT('',(-22.36859834308,117.77316698988,
    0.818985806224));
#4356 = CARTESIAN_POINT('',(-22.32186404728,117.85207408617,
    0.83730851351));
#4357 = CARTESIAN_POINT('',(-22.27621493995,117.92890270843,
    0.861177689044));
#4358 = CARTESIAN_POINT('',(-22.23193940644,118.00319435043,
    0.89015881712));
#4359 = CARTESIAN_POINT('',(-22.16223769647,118.1198192742,
    0.945042911862));
#4360 = CARTESIAN_POINT('',(-22.13584056385,118.16390274494,
    0.968189534074));
#4361 = CARTESIAN_POINT('',(-22.11013006753,118.20676042225,
    0.993080070638));
#4362 = CARTESIAN_POINT('',(-22.08514565089,118.24833419297,
    1.019596100292));
#4363 = CARTESIAN_POINT('',(-22.0609168196,118.28858282219,
    1.047620835661));
#4364 = CARTESIAN_POINT('',(-22.03746459751,118.32747919111,
    1.077042576741));
#4365 = CARTESIAN_POINT('',(-21.98586027019,118.41293757257,
    1.146987161096));
#4366 = CARTESIAN_POINT('',(-21.95820929762,118.45863260715,
    1.188323640266));
#4367 = CARTESIAN_POINT('',(-21.93187607529,118.50206519827,
    1.231554929186));
#4368 = CARTESIAN_POINT('',(-21.90687406678,118.54322793225,
    1.276483555882));
#4369 = CARTESIAN_POINT('',(-21.88320660643,118.58212917602,
    1.322929718962));
#4370 = CARTESIAN_POINT('',(-21.86086931705,118.61878883108,
    1.370733757465));
#4371 = CARTESIAN_POINT('',(-21.82396913258,118.67926601833,
    1.456809059152));
#4372 = CARTESIAN_POINT('',(-21.80884080276,118.70403179704,
    1.494554945169));
#4373 = CARTESIAN_POINT('',(-21.7944634569,118.7275430325,1.532935988847
    ));
#4374 = CARTESIAN_POINT('',(-21.78083258117,118.7498116483,
    1.571896266255));
#4375 = CARTESIAN_POINT('',(-21.76794322908,118.77084988271,
    1.611384219448));
#4376 = CARTESIAN_POINT('',(-21.75579002151,118.79067028865,
    1.651352656477));
#4377 = CARTESIAN_POINT('',(-21.71342355608,118.85971338183,
    1.801215405312));
#4378 = CARTESIAN_POINT('',(-21.6878513056,118.9012792539,1.913842976999
    ));
#4379 = CARTESIAN_POINT('',(-21.66751814338,118.93426667324,
    2.028840519216));
#4380 = CARTESIAN_POINT('',(-21.65233751274,118.95886409815,2.1455113442
    ));
#4381 = CARTESIAN_POINT('',(-21.6422425322,118.97521084404,
    2.263240145115));
#4382 = CARTESIAN_POINT('',(-21.63718779317,118.98339595651,
    2.381481370394));
#4383 = CARTESIAN_POINT('',(-21.63717227397,118.98342108664,
    2.589642506807));
#4384 = CARTESIAN_POINT('',(-21.64007959997,118.9787132712,
    2.679518291512));
#4385 = CARTESIAN_POINT('',(-21.64589992716,118.96928846126,
    2.769164827224));
#4386 = CARTESIAN_POINT('',(-21.65464677297,118.95511960906,
    2.858344412473));
#4387 = CARTESIAN_POINT('',(-21.66634284567,118.93615962115,
    2.946801875513));
#4388 = CARTESIAN_POINT('',(-21.68101985823,118.91234130397,
    3.03426190541));
#4389 = CARTESIAN_POINT('',(-21.70567824699,118.8722654456,
    3.154273293392));
#4390 = CARTESIAN_POINT('',(-21.71309976276,118.86019821969,
    3.187920091501));
#4391 = CARTESIAN_POINT('',(-21.7209906439,118.84736138245,
    3.221346408719));
#4392 = CARTESIAN_POINT('',(-21.72935356647,118.83374911509,
    3.254532108811));
#4393 = CARTESIAN_POINT('',(-21.73819129459,118.81935530093,
    3.287455765817));
#4394 = CARTESIAN_POINT('',(-21.74750668044,118.80417352545,
    3.320094664049));
#4395 = CARTESIAN_POINT('',(-21.77015290076,118.76723939059,
    3.394835022084));
#4396 = CARTESIAN_POINT('',(-21.78382984685,118.74491471914,
    3.436713016039));
#4397 = CARTESIAN_POINT('',(-21.7983402596,118.72120770384,3.47800519812
    ));
#4398 = CARTESIAN_POINT('',(-21.81369046962,118.69610318822,
    3.518651896011));
#4399 = CARTESIAN_POINT('',(-21.82988608422,118.66958669927,
    3.558587406904));
#4400 = CARTESIAN_POINT('',(-21.87406752808,118.59716288521,
    3.660069122613));
#4401 = CARTESIAN_POINT('',(-21.92397542309,118.51509517565,
    3.755758421565));
#4402 = CARTESIAN_POINT('',(-21.95680228207,118.46100414372,
    3.812035290958));
#4403 = CARTESIAN_POINT('',(-21.99180057639,118.4032028041,
    3.865448932416));
#4404 = CARTESIAN_POINT('',(-22.02893755159,118.34171341469,
    3.915570560404));
#4405 = CARTESIAN_POINT('',(-22.06814022261,118.27662308892,
    3.961928776761));
#4406 = CARTESIAN_POINT('',(-22.13913849596,118.15838872639,
    4.034584145633));
#4407 = CARTESIAN_POINT('',(-22.17001340993,118.1068699548,
    4.062893450898));
#4408 = CARTESIAN_POINT('',(-22.20185096803,118.05363295329,
    4.08876387804));
#4409 = CARTESIAN_POINT('',(-22.23457624197,117.99879020004,
    4.111996656585));
#4410 = CARTESIAN_POINT('',(-22.26809326716,117.9424904988,
    4.132397227973));
#4411 = CARTESIAN_POINT('',(-22.30228209529,117.88492506015,
    4.14978781801));
#4412 = CARTESIAN_POINT('',(-22.3615438772,117.78490083191,
    4.174093227577));
#4413 = CARTESIAN_POINT('',(-22.38635938458,117.74294642299,
    4.182586334687));
#4414 = CARTESIAN_POINT('',(-22.41138656587,117.70056201576,
    4.189451309044));
#4415 = CARTESIAN_POINT('',(-22.436567567,117.6578433219,4.194646705102)
  );
#4416 = CARTESIAN_POINT('',(-22.46184216506,117.61489105938,
    4.198143767781));
#4417 = CARTESIAN_POINT('',(-22.48714800385,117.57181064965,
    4.199927594599));
#4418 = CARTESIAN_POINT('',(-22.56172919423,117.44462443786,
    4.200136242733));
#4419 = CARTESIAN_POINT('',(-22.61094420615,117.36041210296,4.1937530911
    ));
#4420 = CARTESIAN_POINT('',(-22.65955420966,117.27694845936,
    4.180836060364));
#4421 = CARTESIAN_POINT('',(-22.70712932632,117.19498557891,
    4.161617810832));
#4422 = CARTESIAN_POINT('',(-22.75331680808,117.115156505,4.136487566944
    ));
#4423 = CARTESIAN_POINT('',(-22.79783556797,117.03797927976,
    4.105931305804));
#4424 = CARTESIAN_POINT('',(-22.86629215135,116.91897238448,
    4.049042002415));
#4425 = CARTESIAN_POINT('',(-22.89143265915,116.87518835479,
    4.025786951735));
#4426 = CARTESIAN_POINT('',(-22.91585167751,116.83258696295,
    4.000848772202));
#4427 = CARTESIAN_POINT('',(-22.93952021796,116.79122639933,
    3.974341605375));
#4428 = CARTESIAN_POINT('',(-22.96241846247,116.75114900129,
    3.946377667063));
#4429 = CARTESIAN_POINT('',(-22.98453418788,116.71238371215,
    3.917064091273));
#4430 = CARTESIAN_POINT('',(-23.03330349284,116.62677921556,
    3.847171451569));
#4431 = CARTESIAN_POINT('',(-23.05943789131,116.58081570298,
    3.805775258166));
#4432 = CARTESIAN_POINT('',(-23.08425416696,116.5370912822,
    3.762519748611));
#4433 = CARTESIAN_POINT('',(-23.10775285145,116.49561937062,
    3.717598403599));
#4434 = CARTESIAN_POINT('',(-23.1299428418,116.45639754864,
    3.671187310723));
#4435 = CARTESIAN_POINT('',(-23.1508390153,116.41941158498,
    3.623442845357));
#4436 = CARTESIAN_POINT('',(-23.22538949155,116.28729288994,
    3.43747920648));
#4437 = CARTESIAN_POINT('',(-23.27023444747,116.20745552122,
    3.291286537775));
#4438 = CARTESIAN_POINT('',(-23.30557776505,116.14433225518,
    3.138618131615));
#4439 = CARTESIAN_POINT('',(-23.33175448856,116.09748261236,
    2.981577851032));
#4440 = CARTESIAN_POINT('',(-23.34907746624,116.06644701691,
    2.821932901775));
#4441 = CARTESIAN_POINT('',(-23.35775530853,116.05089973248,
    2.661059256264));
#4442 = CARTESIAN_POINT('',(-23.35775530853,116.05089973248,2.5));
#4443 = PCURVE('',#2352,#4444);
#4444 = DEFINITIONAL_REPRESENTATION('',(#4445),#4603);
#4445 = B_SPLINE_CURVE_WITH_KNOTS('',3,(#4446,#4447,#4448,#4449,#4450,
    #4451,#4452,#4453,#4454,#4455,#4456,#4457,#4458,#4459,#4460,#4461,
    #4462,#4463,#4464,#4465,#4466,#4467,#4468,#4469,#4470,#4471,#4472,
    #4473,#4474,#4475,#4476,#4477,#4478,#4479,#4480,#4481,#4482,#4483,
    #4484,#4485,#4486,#4487,#4488,#4489,#4490,#4491,#4492,#4493,#4494,
    #4495,#4496,#4497,#4498,#4499,#4500,#4501,#4502,#4503,#4504,#4505,
    #4506,#4507,#4508,#4509,#4510,#4511,#4512,#4513,#4514,#4515,#4516,
    #4517,#4518,#4519,#4520,#4521,#4522,#4523,#4524,#4525,#4526,#4527,
    #4528,#4529,#4530,#4531,#4532,#4533,#4534,#4535,#4536,#4537,#4538,
    #4539,#4540,#4541,#4542,#4543,#4544,#4545,#4546,#4547,#4548,#4549,
    #4550,#4551,#4552,#4553,#4554,#4555,#4556,#4557,#4558,#4559,#4560,
    #4561,#4562,#4563,#4564,#4565,#4566,#4567,#4568,#4569,#4570,#4571,
    #4572,#4573,#4574,#4575,#4576,#4577,#4578,#4579,#4580,#4581,#4582,
    #4583,#4584,#4585,#4586,#4587,#4588,#4589,#4590,#4591,#4592,#4593,
    #4594,#4595,#4596,#4597,#4598,#4599,#4600,#4601,#4602),
  .UNSPECIFIED.,.F.,.F.,(4,1,1,1,1,1,1,1,1,1,1,1,1,1,1,1,1,1,1,1,1,1,1,1
    ,1,1,1,1,1,1,1,1,1,1,1,1,1,1,1,1,1,1,1,1,1,1,1,1,1,1,1,1,1,1,1,1,1,1
    ,1,1,1,1,1,1,1,1,1,1,1,1,1,1,1,1,1,1,1,1,1,1,1,1,1,1,1,1,1,1,1,1,1,1
    ,1,1,1,1,1,1,1,1,1,1,1,1,1,1,1,1,1,1,1,1,1,1,1,1,1,1,1,1,1,1,1,1,1,1
    ,1,1,1,1,1,1,1,1,1,1,1,1,1,1,1,1,1,1,1,1,1,1,1,1,1,1,1,1,4),(0.,
    1.035220840397E-02,2.070441680793E-02,3.10566252119E-02,
    4.140883361586E-02,5.176104201983E-02,6.211325042379E-02,
    7.246545882776E-02,8.281766723173E-02,9.316987563569E-02,
    0.10352208404,0.113874292444,0.124226500848,0.134578709252,
    0.144930917656,0.155283126059,0.165635334463,0.175987542867,
    0.186339751271,0.196691959675,0.207044168079,0.217396376483,
    0.227748584887,0.238100793291,0.248453001695,0.258805210099,
    0.269157418503,0.279509626907,0.289861835311,0.300214043715,
    0.310566252119,0.320918460523,0.331270668927,0.341622877331,
    0.351975085735,0.362327294139,0.372679502543,0.383031710947,
    0.393383919351,0.403736127755,0.414088336159,0.424440544563,
    0.434792752967,0.445144961371,0.455497169774,0.465849378178,
    0.476201586582,0.486553794986,0.49690600339,0.507258211794,
    0.517610420198,0.527962628602,0.538314837006,0.54866704541,
    0.559019253814,0.569371462218,0.579723670622,0.590075879026,
    0.60042808743,0.610780295834,0.621132504238,0.631484712642,
    0.641836921046,0.65218912945,0.662541337854,0.672893546258,
    0.683245754662,0.693597963066,0.70395017147,0.714302379874,
    0.724654588278,0.735006796682,0.745359005086,0.755711213489,
    0.766063421893,0.776415630297,0.786767838701,0.797120047105,
    0.807472255509,0.817824463913,0.828176672317,0.838528880721,
    0.848881089125,0.859233297529,0.869585505933,0.879937714337,
    0.890289922741,0.900642131145,0.910994339549,0.921346547953,
    0.931698756357,0.942050964761,0.952403173165,0.962755381569,
    0.973107589973,0.983459798377,0.993812006781,1.004164215185,
    1.014516423589,1.024868631993,1.035220840397,1.045573048801,
    1.055925257205,1.066277465608,1.076629674012,1.086981882416,
    1.09733409082,1.107686299224,1.118038507628,1.128390716032,
    1.138742924436,1.14909513284,1.159447341244,1.169799549648,
    1.180151758052,1.190503966456,1.20085617486,1.211208383264,
    1.221560591668,1.231912800072,1.242265008476,1.25261721688,
    1.262969425284,1.273321633688,1.283673842092,1.294026050496,
    1.3043782589,1.314730467304,1.325082675708,1.335434884112,
    1.345787092516,1.35613930092,1.366491509323,1.376843717727,
    1.387195926131,1.397548134535,1.407900342939,1.418252551343,
    1.428604759747,1.438956968151,1.449309176555,1.459661384959,
    1.470013593363,1.480365801767,1.490718010171,1.501070218575,
    1.511422426979,1.521774635383,1.532126843787,1.542479052191,
    1.552831260595,1.563183468999,1.573535677403,1.583887885807,
    1.594240094211),.QUASI_UNIFORM_KNOTS.);
#4446 = CARTESIAN_POINT('',(-8.881784197001E-16,2.218291161427));
#4447 = CARTESIAN_POINT('',(1.20086354127E-02,2.218291170684));
#4448 = CARTESIAN_POINT('',(3.602171356316E-02,2.218275531901));
#4449 = CARTESIAN_POINT('',(7.205279016701E-02,2.218205329848));
#4450 = CARTESIAN_POINT('',(0.108119818032,2.218088566032));
#4451 = CARTESIAN_POINT('',(0.144245698361,2.217925583179));
#4452 = CARTESIAN_POINT('',(0.180452541469,2.217716841725));
#4453 = CARTESIAN_POINT('',(0.216761694223,2.217462943428));
#4454 = CARTESIAN_POINT('',(0.253193965105,2.217164636856));
#4455 = CARTESIAN_POINT('',(0.289769788682,2.216822827444));
#4456 = CARTESIAN_POINT('',(0.326509401358,2.216438586047));
#4457 = CARTESIAN_POINT('',(0.363433012715,2.216013157628));
#4458 = CARTESIAN_POINT('',(0.400560981451,2.215547969648));
#4459 = CARTESIAN_POINT('',(0.437913998128,2.215044640301));
#4460 = CARTESIAN_POINT('',(0.475513283813,2.214504986511));
#4461 = CARTESIAN_POINT('',(0.513380796955,2.213931031935));
#4462 = CARTESIAN_POINT('',(0.551539504706,2.213325014093));
#4463 = CARTESIAN_POINT('',(0.590013539351,2.212689394019));
#4464 = CARTESIAN_POINT('',(0.628828941325,2.212026855716));
#4465 = CARTESIAN_POINT('',(0.668012404347,2.211340342962));
#4466 = CARTESIAN_POINT('',(0.707597701712,2.210632956076));
#4467 = CARTESIAN_POINT('',(0.747587800256,2.209908661715));
#4468 = CARTESIAN_POINT('',(0.788006255283,2.209171383398));
#4469 = CARTESIAN_POINT('',(0.828872913105,2.208425448266));
#4470 = CARTESIAN_POINT('',(0.870206231911,2.207675541204));
#4471 = CARTESIAN_POINT('',(0.912022720922,2.206926712245));
#4472 = CARTESIAN_POINT('',(0.95433747999,2.20618436129));
#4473 = CARTESIAN_POINT('',(0.997162961005,2.205454260259));
#4474 = CARTESIAN_POINT('',(1.040504471459,2.204742561791));
#4475 = CARTESIAN_POINT('',(1.084364372291,2.204055709024));
#4476 = CARTESIAN_POINT('',(1.128738875104,2.203400405724));
#4477 = CARTESIAN_POINT('',(1.173617139234,2.202783528705));
#4478 = CARTESIAN_POINT('',(1.21898499541,2.202211988766));
#4479 = CARTESIAN_POINT('',(1.264823304945,2.201692628545));
#4480 = CARTESIAN_POINT('',(1.311085568936,2.20123229932));
#4481 = CARTESIAN_POINT('',(1.357725802789,2.200837326946));
#4482 = CARTESIAN_POINT('',(1.404690985007,2.200513439851));
#4483 = CARTESIAN_POINT('',(1.451921905419,2.200265586039));
#4484 = CARTESIAN_POINT('',(1.499350695576,2.200097774884));
#4485 = CARTESIAN_POINT('',(1.546901859094,2.200012919257));
#4486 = CARTESIAN_POINT('',(1.594480940736,2.200012640091));
#4487 = CARTESIAN_POINT('',(1.642028312366,2.200097231236));
#4488 = CARTESIAN_POINT('',(1.689454367283,2.200265676857));
#4489 = CARTESIAN_POINT('',(1.736683655956,2.200515639103));
#4490 = CARTESIAN_POINT('',(1.783648928416,2.20084363002));
#4491 = CARTESIAN_POINT('',(1.830290794669,2.201245148733));
#4492 = CARTESIAN_POINT('',(1.876555555423,2.201714822238));
#4493 = CARTESIAN_POINT('',(1.922396353204,2.202246583446));
#4494 = CARTESIAN_POINT('',(1.967764196752,2.202833713643));
#4495 = CARTESIAN_POINT('',(2.012641973454,2.203469472197));
#4496 = CARTESIAN_POINT('',(2.05701623954,2.20414695786));
#4497 = CARTESIAN_POINT('',(2.100875926174,2.204859209643));
#4498 = CARTESIAN_POINT('',(2.144217275116,2.205599375269));
#4499 = CARTESIAN_POINT('',(2.187042607661,2.206360803036));
#4500 = CARTESIAN_POINT('',(2.229357229344,2.207137081897));
#4501 = CARTESIAN_POINT('',(2.271173545783,2.20792214266));
#4502 = CARTESIAN_POINT('',(2.312506660323,2.208710259161));
#4503 = CARTESIAN_POINT('',(2.353373091096,2.209496031882));
#4504 = CARTESIAN_POINT('',(2.393791221545,2.210274409264));
#4505 = CARTESIAN_POINT('',(2.433781139389,2.21104069367));
#4506 = CARTESIAN_POINT('',(2.473365445948,2.211790571042));
#4507 = CARTESIAN_POINT('',(2.512564968794,2.212520007872));
#4508 = CARTESIAN_POINT('',(2.55140271896,2.213225330695));
#4509 = CARTESIAN_POINT('',(2.589901164438,2.213903148864));
#4510 = CARTESIAN_POINT('',(2.628082817562,2.214550361243));
#4511 = CARTESIAN_POINT('',(2.665970977041,2.215164165448));
#4512 = CARTESIAN_POINT('',(2.703583174062,2.215741927777));
#4513 = CARTESIAN_POINT('',(2.740945424505,2.216281402442));
#4514 = CARTESIAN_POINT('',(2.778080898843,2.216780528003));
#4515 = CARTESIAN_POINT('',(2.81501206577,2.217237454795));
#4516 = CARTESIAN_POINT('',(2.851760436819,2.217650531871));
#4517 = CARTESIAN_POINT('',(2.888346920561,2.218018304485));
#4518 = CARTESIAN_POINT('',(2.924791987148,2.21833950844));
#4519 = CARTESIAN_POINT('',(2.961115859977,2.218613064953));
#4520 = CARTESIAN_POINT('',(2.997338697212,2.218838075078));
#4521 = CARTESIAN_POINT('',(3.033480727382,2.219013813926));
#4522 = CARTESIAN_POINT('',(3.06956255207,2.219139724634));
#4523 = CARTESIAN_POINT('',(3.105604832129,2.219215412041));
#4524 = CARTESIAN_POINT('',(3.14163031076,2.21924063635));
#4525 = CARTESIAN_POINT('',(3.17765717424,2.219215305597));
#4526 = CARTESIAN_POINT('',(3.21370249303,2.219139503097));
#4527 = CARTESIAN_POINT('',(3.249788006972,2.219013466802));
#4528 = CARTESIAN_POINT('',(3.285933698605,2.218837593804));
#4529 = CARTESIAN_POINT('',(3.322159738256,2.218612445031));
#4530 = CARTESIAN_POINT('',(3.358486179867,2.218338749652));
#4531 = CARTESIAN_POINT('',(3.39493325798,2.218017409356));
#4532 = CARTESIAN_POINT('',(3.431521535376,2.217649502356));
#4533 = CARTESIAN_POINT('',(3.468272083348,2.217236287564));
#4534 = CARTESIAN_POINT('',(3.505206747084,2.216779207257));
#4535 = CARTESIAN_POINT('',(3.54234813329,2.216279894536));
#4536 = CARTESIAN_POINT('',(3.579716229379,2.215740228271));
#4537 = CARTESIAN_POINT('',(3.617333538048,2.215162281987));
#4538 = CARTESIAN_POINT('',(3.655222182843,2.214548374794));
#4539 = CARTESIAN_POINT('',(3.69340476782,2.213901060317));
#4540 = CARTESIAN_POINT('',(3.731903734721,2.213223162094));
#4541 = CARTESIAN_POINT('',(3.770742309252,2.212517765184));
#4542 = CARTESIAN_POINT('',(3.809943009564,2.211788256878));
#4543 = CARTESIAN_POINT('',(3.849528226651,2.211038327421));
#4544 = CARTESIAN_POINT('',(3.889519235267,2.210272000186));
#4545 = CARTESIAN_POINT('',(3.929937449902,2.20949361939));
#4546 = CARTESIAN_POINT('',(3.970804634225,2.208707845659));
#4547 = CARTESIAN_POINT('',(4.012139467781,2.20791972314));
#4548 = CARTESIAN_POINT('',(4.053958142665,2.207134662473));
#4549 = CARTESIAN_POINT('',(4.09627409842,2.20635842764));
#4550 = CARTESIAN_POINT('',(4.139098033494,2.205597106083));
#4551 = CARTESIAN_POINT('',(4.182437544014,2.204857073248));
#4552 = CARTESIAN_POINT('',(4.226297703943,2.204144929029));
#4553 = CARTESIAN_POINT('',(4.270677842727,2.203467486518));
#4554 = CARTESIAN_POINT('',(4.315562707509,2.202831789544));
#4555 = CARTESIAN_POINT('',(4.360933435214,2.202244810216));
#4556 = CARTESIAN_POINT('',(4.40676323138,2.201713374612));
#4557 = CARTESIAN_POINT('',(4.453017929883,2.201243994885));
#4558 = CARTESIAN_POINT('',(4.499652636602,2.200842725645));
#4559 = CARTESIAN_POINT('',(4.54661737708,2.200514925213));
#4560 = CARTESIAN_POINT('',(4.593851515919,2.200265140878));
#4561 = CARTESIAN_POINT('',(4.6412782709,2.200096910218));
#4562 = CARTESIAN_POINT('',(4.688822029136,2.200012537061));
#4563 = CARTESIAN_POINT('',(4.736400862271,2.200013025738));
#4564 = CARTESIAN_POINT('',(4.783948357687,2.200098081113));
#4565 = CARTESIAN_POINT('',(4.831373076986,2.200266071117));
#4566 = CARTESIAN_POINT('',(4.878600447677,2.200514087179));
#4567 = CARTESIAN_POINT('',(4.925563344174,2.200838126821));
#4568 = CARTESIAN_POINT('',(4.972202679824,2.201233248876));
#4569 = CARTESIAN_POINT('',(5.018465064921,2.201693726527));
#4570 = CARTESIAN_POINT('',(5.064303803346,2.202213228987));
#4571 = CARTESIAN_POINT('',(5.10967079349,2.202784883361));
#4572 = CARTESIAN_POINT('',(5.154543046035,2.203401787172));
#4573 = CARTESIAN_POINT('',(5.198912829786,2.204057110651));
#4574 = CARTESIAN_POINT('',(5.242767718577,2.204743958139));
#4575 = CARTESIAN_POINT('',(5.28610446373,2.20545563716));
#4576 = CARTESIAN_POINT('',(5.328925204303,2.206185701949));
#4577 = CARTESIAN_POINT('',(5.371235724076,2.206928010399));
#4578 = CARTESIAN_POINT('',(5.41304770287,2.207676780351));
#4579 = CARTESIAN_POINT('',(5.454376662093,2.208426619439));
#4580 = CARTESIAN_POINT('',(5.495239076529,2.209172479626));
#4581 = CARTESIAN_POINT('',(5.535653541861,2.209909680889));
#4582 = CARTESIAN_POINT('',(5.5756393712,2.210633888325));
#4583 = CARTESIAN_POINT('',(5.61522166421,2.211341206431));
#4584 = CARTESIAN_POINT('',(5.654403240013,2.212027666957));
#4585 = CARTESIAN_POINT('',(5.693215955103,2.212690136336));
#4586 = CARTESIAN_POINT('',(5.73168716999,2.213325684288));
#4587 = CARTESIAN_POINT('',(5.769842873945,2.213931627101));
#4588 = CARTESIAN_POINT('',(5.807707317346,2.214505506915));
#4589 = CARTESIAN_POINT('',(5.845303519313,2.215045087992));
#4590 = CARTESIAN_POINT('',(5.882653489279,2.21554834825));
#4591 = CARTESIAN_POINT('',(5.919778482596,2.216013471874));
#4592 = CARTESIAN_POINT('',(5.956699213028,2.216438841432));
#4593 = CARTESIAN_POINT('',(5.993436050954,2.216823029919));
#4594 = CARTESIAN_POINT('',(6.030009206945,2.217164792585));
#4595 = CARTESIAN_POINT('',(6.066438907893,2.2174630586));
#4596 = CARTESIAN_POINT('',(6.10274556841,2.217716922447));
#4597 = CARTESIAN_POINT('',(6.138949966399,2.217925635431));
#4598 = CARTESIAN_POINT('',(6.175073407329,2.218088595707));
#4599 = CARTESIAN_POINT('',(6.211137948459,2.218205342877));
#4600 = CARTESIAN_POINT('',(6.247166427389,2.218275534422));
#4601 = CARTESIAN_POINT('',(6.271177646058,2.218291170714));
#4602 = CARTESIAN_POINT('',(6.28318530718,2.218291161427));
#4603 = ( GEOMETRIC_REPRESENTATION_CONTEXT(2) 
PARAMETRIC_REPRESENTATION_CONTEXT() REPRESENTATION_CONTEXT('2D SPACE',''
  ) );
#4604 = PCURVE('',#116,#4605);
#4605 = DEFINITIONAL_REPRESENTATION('',(#4606),#4764);
#4606 = B_SPLINE_CURVE_WITH_KNOTS('',3,(#4607,#4608,#4609,#4610,#4611,
    #4612,#4613,#4614,#4615,#4616,#4617,#4618,#4619,#4620,#4621,#4622,
    #4623,#4624,#4625,#4626,#4627,#4628,#4629,#4630,#4631,#4632,#4633,
    #4634,#4635,#4636,#4637,#4638,#4639,#4640,#4641,#4642,#4643,#4644,
    #4645,#4646,#4647,#4648,#4649,#4650,#4651,#4652,#4653,#4654,#4655,
    #4656,#4657,#4658,#4659,#4660,#4661,#4662,#4663,#4664,#4665,#4666,
    #4667,#4668,#4669,#4670,#4671,#4672,#4673,#4674,#4675,#4676,#4677,
    #4678,#4679,#4680,#4681,#4682,#4683,#4684,#4685,#4686,#4687,#4688,
    #4689,#4690,#4691,#4692,#4693,#4694,#4695,#4696,#4697,#4698,#4699,
    #4700,#4701,#4702,#4703,#4704,#4705,#4706,#4707,#4708,#4709,#4710,
    #4711,#4712,#4713,#4714,#4715,#4716,#4717,#4718,#4719,#4720,#4721,
    #4722,#4723,#4724,#4725,#4726,#4727,#4728,#4729,#4730,#4731,#4732,
    #4733,#4734,#4735,#4736,#4737,#4738,#4739,#4740,#4741,#4742,#4743,
    #4744,#4745,#4746,#4747,#4748,#4749,#4750,#4751,#4752,#4753,#4754,
    #4755,#4756,#4757,#4758,#4759,#4760,#4761,#4762,#4763),
  .UNSPECIFIED.,.T.,.F.,(4,1,1,1,1,1,1,1,1,1,1,1,1,1,1,1,1,1,1,1,1,1,1,1
    ,1,1,1,1,1,1,1,1,1,1,1,1,1,1,1,1,1,1,1,1,1,1,1,1,1,1,1,1,1,1,1,1,1,1
    ,1,1,1,1,1,1,1,1,1,1,1,1,1,1,1,1,1,1,1,1,1,1,1,1,1,1,1,1,1,1,1,1,1,1
    ,1,1,1,1,1,1,1,1,1,1,1,1,1,1,1,1,1,1,1,1,1,1,1,1,1,1,1,1,1,1,1,1,1,1
    ,1,1,1,1,1,1,1,1,1,1,1,1,1,1,1,1,1,1,1,1,1,1,1,1,1,1,1,1,4),(0.,
    1.035220840397E-02,2.070441680793E-02,3.10566252119E-02,
    4.140883361586E-02,5.176104201983E-02,6.211325042379E-02,
    7.246545882776E-02,8.281766723173E-02,9.316987563569E-02,
    0.10352208404,0.113874292444,0.124226500848,0.134578709252,
    0.144930917656,0.155283126059,0.165635334463,0.175987542867,
    0.186339751271,0.196691959675,0.207044168079,0.217396376483,
    0.227748584887,0.238100793291,0.248453001695,0.258805210099,
    0.269157418503,0.279509626907,0.289861835311,0.300214043715,
    0.310566252119,0.320918460523,0.331270668927,0.341622877331,
    0.351975085735,0.362327294139,0.372679502543,0.383031710947,
    0.393383919351,0.403736127755,0.414088336159,0.424440544563,
    0.434792752967,0.445144961371,0.455497169774,0.465849378178,
    0.476201586582,0.486553794986,0.49690600339,0.507258211794,
    0.517610420198,0.527962628602,0.538314837006,0.54866704541,
    0.559019253814,0.569371462218,0.579723670622,0.590075879026,
    0.60042808743,0.610780295834,0.621132504238,0.631484712642,
    0.641836921046,0.65218912945,0.662541337854,0.672893546258,
    0.683245754662,0.693597963066,0.70395017147,0.714302379874,
    0.724654588278,0.735006796682,0.745359005086,0.755711213489,
    0.766063421893,0.776415630297,0.786767838701,0.797120047105,
    0.807472255509,0.817824463913,0.828176672317,0.838528880721,
    0.848881089125,0.859233297529,0.869585505933,0.879937714337,
    0.890289922741,0.900642131145,0.910994339549,0.921346547953,
    0.931698756357,0.942050964761,0.952403173165,0.962755381569,
    0.973107589973,0.983459798377,0.993812006781,1.004164215185,
    1.014516423589,1.024868631993,1.035220840397,1.045573048801,
    1.055925257205,1.066277465608,1.076629674012,1.086981882416,
    1.09733409082,1.107686299224,1.118038507628,1.128390716032,
    1.138742924436,1.14909513284,1.159447341244,1.169799549648,
    1.180151758052,1.190503966456,1.20085617486,1.211208383264,
    1.221560591668,1.231912800072,1.242265008476,1.25261721688,
    1.262969425284,1.273321633688,1.283673842092,1.294026050496,
    1.3043782589,1.314730467304,1.325082675708,1.335434884112,
    1.345787092516,1.35613930092,1.366491509323,1.376843717727,
    1.387195926131,1.397548134535,1.407900342939,1.418252551343,
    1.428604759747,1.438956968151,1.449309176555,1.459661384959,
    1.470013593363,1.480365801767,1.490718010171,1.501070218575,
    1.511422426979,1.521774635383,1.532126843787,1.542479052191,
    1.552831260595,1.563183468999,1.573535677403,1.583887885807,
    1.594240094211),.QUASI_UNIFORM_KNOTS.);
#4607 = CARTESIAN_POINT('',(5.5,6.825431816889));
#4608 = CARTESIAN_POINT('',(5.520414650849,6.825431813612));
#4609 = CARTESIAN_POINT('',(5.561236925317,6.825422618642));
#4610 = CARTESIAN_POINT('',(5.622410284233,6.825381225021));
#4611 = CARTESIAN_POINT('',(5.683485622684,6.825312208828));
#4612 = CARTESIAN_POINT('',(5.744421461035,6.825215497863));
#4613 = CARTESIAN_POINT('',(5.805173961177,6.825090991352));
#4614 = CARTESIAN_POINT('',(5.865696569296,6.824938558312));
#4615 = CARTESIAN_POINT('',(5.925940067875,6.82475804186));
#4616 = CARTESIAN_POINT('',(5.985852518684,6.824549261418));
#4617 = CARTESIAN_POINT('',(6.045379231842,6.824312014927));
#4618 = CARTESIAN_POINT('',(6.104462720871,6.824046080435));
#4619 = CARTESIAN_POINT('',(6.163042650987,6.823751217185));
#4620 = CARTESIAN_POINT('',(6.22105577377,6.823427166119));
#4621 = CARTESIAN_POINT('',(6.278435850399,6.823073649707));
#4622 = CARTESIAN_POINT('',(6.335113543603,6.822690371268));
#4623 = CARTESIAN_POINT('',(6.391016337543,6.822277012981));
#4624 = CARTESIAN_POINT('',(6.446068250644,6.821833235282));
#4625 = CARTESIAN_POINT('',(6.500190204091,6.821358667432));
#4626 = CARTESIAN_POINT('',(6.553297812162,6.820852927096));
#4627 = CARTESIAN_POINT('',(6.605308648984,6.820315527517));
#4628 = CARTESIAN_POINT('',(6.656093338771,6.819746419352));
#4629 = CARTESIAN_POINT('',(6.705544315857,6.819145321336));
#4630 = CARTESIAN_POINT('',(6.753542204292,6.818512034231));
#4631 = CARTESIAN_POINT('',(6.799959567632,6.817846430299));
#4632 = CARTESIAN_POINT('',(6.844660442212,6.817148473414));
#4633 = CARTESIAN_POINT('',(6.887501432945,6.816418224807));
#4634 = CARTESIAN_POINT('',(6.928330775528,6.815655876266));
#4635 = CARTESIAN_POINT('',(6.966985802121,6.814861853389));
#4636 = CARTESIAN_POINT('',(7.003298534003,6.814036759163));
#4637 = CARTESIAN_POINT('',(7.03709486353,6.813181451292));
#4638 = CARTESIAN_POINT('',(7.068196942616,6.812297081042));
#4639 = CARTESIAN_POINT('',(7.096428462697,6.811385033655));
#4640 = CARTESIAN_POINT('',(7.121615541923,6.810446967434));
#4641 = CARTESIAN_POINT('',(7.143580426817,6.809485292293));
#4642 = CARTESIAN_POINT('',(7.162163513299,6.808502611352));
#4643 = CARTESIAN_POINT('',(7.177221779836,6.807501861191));
#4644 = CARTESIAN_POINT('',(7.188633327174,6.806486281698));
#4645 = CARTESIAN_POINT('',(7.196300921125,6.805459448411));
#4646 = CARTESIAN_POINT('',(7.20015601103,6.804425223129));
#4647 = CARTESIAN_POINT('',(7.200164436918,6.803387966495));
#4648 = CARTESIAN_POINT('',(7.196326721445,6.802351321321));
#4649 = CARTESIAN_POINT('',(7.188676872282,6.801319580941));
#4650 = CARTESIAN_POINT('',(7.177283018649,6.800296683376));
#4651 = CARTESIAN_POINT('',(7.162241867453,6.799286301699));
#4652 = CARTESIAN_POINT('',(7.143674900726,6.798291819969));
#4653 = CARTESIAN_POINT('',(7.121725093658,6.797316353795));
#4654 = CARTESIAN_POINT('',(7.096552287536,6.796362708045));
#4655 = CARTESIAN_POINT('',(7.068335901153,6.795433542863));
#4656 = CARTESIAN_POINT('',(7.03724890969,6.794530673856));
#4657 = CARTESIAN_POINT('',(7.003467061251,6.793655675291));
#4658 = CARTESIAN_POINT('',(6.967168328149,6.792809907223));
#4659 = CARTESIAN_POINT('',(6.928526770473,6.791994426547));
#4660 = CARTESIAN_POINT('',(6.887710383317,6.79121002989));
#4661 = CARTESIAN_POINT('',(6.844881824255,6.790457328412));
#4662 = CARTESIAN_POINT('',(6.800192900219,6.789736688939));
#4663 = CARTESIAN_POINT('',(6.753787007492,6.789048336731));
#4664 = CARTESIAN_POINT('',(6.705800094798,6.788392389747));
#4665 = CARTESIAN_POINT('',(6.656359715455,6.787768864513));
#4666 = CARTESIAN_POINT('',(6.605584880763,6.787177692175));
#4667 = CARTESIAN_POINT('',(6.553584619356,6.786618722909));
#4668 = CARTESIAN_POINT('',(6.500463687884,6.786091796999));
#4669 = CARTESIAN_POINT('',(6.446317731944,6.785596694496));
#4670 = CARTESIAN_POINT('',(6.391236753226,6.785133188099));
#4671 = CARTESIAN_POINT('',(6.335304928139,6.784701037375));
#4672 = CARTESIAN_POINT('',(6.278599896139,6.784299984956));
#4673 = CARTESIAN_POINT('',(6.221202922177,6.783929830206));
#4674 = CARTESIAN_POINT('',(6.163177765029,6.783590287543));
#4675 = CARTESIAN_POINT('',(6.104587905433,6.78328111369));
#4676 = CARTESIAN_POINT('',(6.0454939154,6.783002084033));
#4677 = CARTESIAN_POINT('',(5.985954291822,6.782752996322));
#4678 = CARTESIAN_POINT('',(5.926025350405,6.782533667786));
#4679 = CARTESIAN_POINT('',(5.865761358245,6.782343934739));
#4680 = CARTESIAN_POINT('',(5.80521459575,6.782183652256));
#4681 = CARTESIAN_POINT('',(5.744435406781,6.782052694565));
#4682 = CARTESIAN_POINT('',(5.683472310804,6.781950955992));
#4683 = CARTESIAN_POINT('',(5.622371823012,6.781878352489));
#4684 = CARTESIAN_POINT('',(5.561179324829,6.781834823755));
#4685 = CARTESIAN_POINT('',(5.499935969121,6.781820335893));
#4686 = CARTESIAN_POINT('',(5.438690341304,6.781834884835));
#4687 = CARTESIAN_POINT('',(5.377492938935,6.781878479826));
#4688 = CARTESIAN_POINT('',(5.316386651422,6.781951156337));
#4689 = CARTESIAN_POINT('',(5.255418039156,6.78205297384));
#4690 = CARTESIAN_POINT('',(5.194634362415,6.782184014294));
#4691 = CARTESIAN_POINT('',(5.134084436232,6.782344381144));
#4692 = CARTESIAN_POINT('',(5.073818470812,6.782534198892));
#4693 = CARTESIAN_POINT('',(5.013888182954,6.782753613254));
#4694 = CARTESIAN_POINT('',(4.954346877035,6.783002791773));
#4695 = CARTESIAN_POINT('',(4.895249415947,6.783281925376));
#4696 = CARTESIAN_POINT('',(4.836652701796,6.783591229049));
#4697 = CARTESIAN_POINT('',(4.778621345233,6.783930909351));
#4698 = CARTESIAN_POINT('',(4.721219883793,6.784301202386));
#4699 = CARTESIAN_POINT('',(4.664517801719,6.784702348828));
#4700 = CARTESIAN_POINT('',(4.608588599835,6.785134598045));
#4701 = CARTESIAN_POINT('',(4.553511115424,6.785598196383));
#4702 = CARTESIAN_POINT('',(4.499368562435,6.786093393935));
#4703 = CARTESIAN_POINT('',(4.446251015772,6.78662042068));
#4704 = CARTESIAN_POINT('',(4.394254839731,6.787179485667));
#4705 = CARTESIAN_POINT('',(4.343484241389,6.787770755326));
#4706 = CARTESIAN_POINT('',(4.294049782589,6.788394361902));
#4707 = CARTESIAN_POINT('',(4.246068299121,6.78905039803));
#4708 = CARTESIAN_POINT('',(4.199667138242,6.789738853484));
#4709 = CARTESIAN_POINT('',(4.154982786484,6.790459606393));
#4710 = CARTESIAN_POINT('',(4.11216048699,6.791212402896));
#4711 = CARTESIAN_POINT('',(4.071353332451,6.791996841254));
#4712 = CARTESIAN_POINT('',(4.032721532639,6.792812349915));
#4713 = CARTESIAN_POINT('',(3.996430674547,6.793658184433));
#4714 = CARTESIAN_POINT('',(3.962653104129,6.794533352998));
#4715 = CARTESIAN_POINT('',(3.931570852866,6.795436417552));
#4716 = CARTESIAN_POINT('',(3.903363232928,6.796365692169));
#4717 = CARTESIAN_POINT('',(3.878206904278,6.797319151677));
#4718 = CARTESIAN_POINT('',(3.856271472501,6.79829443845));
#4719 = CARTESIAN_POINT('',(3.837716482243,6.799288792862));
#4720 = CARTESIAN_POINT('',(3.82268442975,6.800299182248));
#4721 = CARTESIAN_POINT('',(3.811298762967,6.801322199099));
#4722 = CARTESIAN_POINT('',(3.803658669013,6.802353963574));
#4723 = CARTESIAN_POINT('',(3.799830887686,6.8033905327));
#4724 = CARTESIAN_POINT('',(3.799848806682,6.80442778077));
#4725 = CARTESIAN_POINT('',(3.803713017967,6.80546191746));
#4726 = CARTESIAN_POINT('',(3.811388901663,6.806488648746));
#4727 = CARTESIAN_POINT('',(3.822808147834,6.807504133472));
#4728 = CARTESIAN_POINT('',(3.837873879181,6.808504812246));
#4729 = CARTESIAN_POINT('',(3.856464549016,6.809487447405));
#4730 = CARTESIAN_POINT('',(3.878437253945,6.81044909396));
#4731 = CARTESIAN_POINT('',(3.903632177047,6.811387133673));
#4732 = CARTESIAN_POINT('',(3.931870658987,6.812299123956));
#4733 = CARTESIAN_POINT('',(3.962975568246,6.813183334078));
#4734 = CARTESIAN_POINT('',(3.996774631913,6.814038508948));
#4735 = CARTESIAN_POINT('',(4.03308903324,6.814863466179));
#4736 = CARTESIAN_POINT('',(4.071745109216,6.815657358986));
#4737 = CARTESIAN_POINT('',(4.112574732591,6.816419580767));
#4738 = CARTESIAN_POINT('',(4.155415774205,6.817149714429));
#4739 = CARTESIAN_POINT('',(4.200115751084,6.817847555015));
#4740 = CARTESIAN_POINT('',(4.246531718942,6.818513049048));
#4741 = CARTESIAN_POINT('',(4.294527737361,6.819146232173));
#4742 = CARTESIAN_POINT('',(4.343976602833,6.819747234072));
#4743 = CARTESIAN_POINT('',(4.394758301115,6.820316246588));
#4744 = CARTESIAN_POINT('',(4.446767316227,6.820853572382));
#4745 = CARTESIAN_POINT('',(4.499874288431,6.821359256075));
#4746 = CARTESIAN_POINT('',(4.553994218826,6.821833759716));
#4747 = CARTESIAN_POINT('',(4.609043605542,6.822277475093));
#4748 = CARTESIAN_POINT('',(4.66494331215,6.82269077262));
#4749 = CARTESIAN_POINT('',(4.721617535331,6.823073993605));
#4750 = CARTESIAN_POINT('',(4.778993856683,6.823427456573));
#4751 = CARTESIAN_POINT('',(4.837003039194,6.823751458781));
#4752 = CARTESIAN_POINT('',(4.895578923516,6.824046278023));
#4753 = CARTESIAN_POINT('',(4.954658325086,6.824312173428));
#4754 = CARTESIAN_POINT('',(5.014180954887,6.824549385666));
#4755 = CARTESIAN_POINT('',(5.074089353777,6.824758136493));
#4756 = CARTESIAN_POINT('',(5.134328839972,6.824938627716));
#4757 = CARTESIAN_POINT('',(5.19484746356,6.825091039644));
#4758 = CARTESIAN_POINT('',(5.255595975044,6.82521552892));
#4759 = CARTESIAN_POINT('',(5.316527768194,6.825312226355));
#4760 = CARTESIAN_POINT('',(5.377598931195,6.825381232663));
#4761 = CARTESIAN_POINT('',(5.43876789198,6.825422620105));
#4762 = CARTESIAN_POINT('',(5.479587005552,6.825431813629));
#4763 = CARTESIAN_POINT('',(5.5,6.825431816889));
#4764 = ( GEOMETRIC_REPRESENTATION_CONTEXT(2) 
PARAMETRIC_REPRESENTATION_CONTEXT() REPRESENTATION_CONTEXT('2D SPACE',''
  ) );
#4765 = ORIENTED_EDGE('',*,*,#4302,.T.);
#4766 = ADVANCED_FACE('',(#4767),#1901,.F.);
#4767 = FACE_BOUND('',#4768,.F.);
#4768 = EDGE_LOOP('',(#4769,#4770,#4793,#5235));
#4769 = ORIENTED_EDGE('',*,*,#1618,.T.);
#4770 = ORIENTED_EDGE('',*,*,#4771,.F.);
#4771 = EDGE_CURVE('',#4772,#1619,#4774,.T.);
#4772 = VERTEX_POINT('',#4773);
#4773 = CARTESIAN_POINT('',(40.370201376704,61.89115551695,2.5));
#4774 = SEAM_CURVE('',#4775,(#4779,#4786),.PCURVE_S1.);
#4775 = LINE('',#4776,#4777);
#4776 = CARTESIAN_POINT('',(42.544975523173,62.253861793547,2.5));
#4777 = VECTOR('',#4778,1.);
#4778 = DIRECTION('',(-0.986375977927,-0.16450662652,0.));
#4779 = PCURVE('',#1901,#4780);
#4780 = DEFINITIONAL_REPRESENTATION('',(#4781),#4785);
#4781 = LINE('',#4782,#4783);
#4782 = CARTESIAN_POINT('',(0.,-0.));
#4783 = VECTOR('',#4784,1.);
#4784 = DIRECTION('',(0.,1.));
#4785 = ( GEOMETRIC_REPRESENTATION_CONTEXT(2) 
PARAMETRIC_REPRESENTATION_CONTEXT() REPRESENTATION_CONTEXT('2D SPACE',''
  ) );
#4786 = PCURVE('',#1901,#4787);
#4787 = DEFINITIONAL_REPRESENTATION('',(#4788),#4792);
#4788 = LINE('',#4789,#4790);
#4789 = CARTESIAN_POINT('',(6.28318530718,-0.));
#4790 = VECTOR('',#4791,1.);
#4791 = DIRECTION('',(0.,1.));
#4792 = ( GEOMETRIC_REPRESENTATION_CONTEXT(2) 
PARAMETRIC_REPRESENTATION_CONTEXT() REPRESENTATION_CONTEXT('2D SPACE',''
  ) );
#4793 = ORIENTED_EDGE('',*,*,#4794,.T.);
#4794 = EDGE_CURVE('',#4772,#4772,#4795,.T.);
#4795 = SURFACE_CURVE('',#4796,(#4913,#5074),.PCURVE_S1.);
#4796 = B_SPLINE_CURVE_WITH_KNOTS('',7,(#4797,#4798,#4799,#4800,#4801,
    #4802,#4803,#4804,#4805,#4806,#4807,#4808,#4809,#4810,#4811,#4812,
    #4813,#4814,#4815,#4816,#4817,#4818,#4819,#4820,#4821,#4822,#4823,
    #4824,#4825,#4826,#4827,#4828,#4829,#4830,#4831,#4832,#4833,#4834,
    #4835,#4836,#4837,#4838,#4839,#4840,#4841,#4842,#4843,#4844,#4845,
    #4846,#4847,#4848,#4849,#4850,#4851,#4852,#4853,#4854,#4855,#4856,
    #4857,#4858,#4859,#4860,#4861,#4862,#4863,#4864,#4865,#4866,#4867,
    #4868,#4869,#4870,#4871,#4872,#4873,#4874,#4875,#4876,#4877,#4878,
    #4879,#4880,#4881,#4882,#4883,#4884,#4885,#4886,#4887,#4888,#4889,
    #4890,#4891,#4892,#4893,#4894,#4895,#4896,#4897,#4898,#4899,#4900,
    #4901,#4902,#4903,#4904,#4905,#4906,#4907,#4908,#4909,#4910,#4911,
    #4912),.UNSPECIFIED.,.T.,.F.,(8,6,6,6,6,6,6,6,6,6,6,6,6,6,6,6,6,6,6,
    8),(0.,0.159957595215,0.217027756485,0.261575253597,0.333086148327,
    0.381651224085,0.450622163049,0.507516110069,0.55063124115,
    0.66647421558,0.751345079177,0.783646353259,0.826843851955,
    0.883983751384,0.928678392947,1.,1.071262961629,1.115973830721,
    1.173120472443,1.333382033163),.UNSPECIFIED.);
#4797 = CARTESIAN_POINT('',(40.370201376704,61.891155516951,2.5));
#4798 = CARTESIAN_POINT('',(40.370201376704,61.891155516951,
    2.338369490587));
#4799 = CARTESIAN_POINT('',(40.373251062509,61.873488916879,
    2.176928474153));
#4800 = CARTESIAN_POINT('',(40.379338639862,61.838223741787,
    2.016726984361));
#4801 = CARTESIAN_POINT('',(40.388524526397,61.784970908492,
    1.859154844045));
#4802 = CARTESIAN_POINT('',(40.400890914265,61.713172248117,
    1.706001497802));
#4803 = CARTESIAN_POINT('',(40.416510718249,61.62227633917,
    1.559399235257));
#4804 = CARTESIAN_POINT('',(40.442302127591,61.471703308871,
    1.373094939952));
#4805 = CARTESIAN_POINT('',(40.449511748614,61.429575295384,
    1.32531556407));
#4806 = CARTESIAN_POINT('',(40.457152180692,61.384886142814,
    1.278883849434));
#4807 = CARTESIAN_POINT('',(40.465225121074,61.33761631217,
    1.233958171447));
#4808 = CARTESIAN_POINT('',(40.473729821476,61.287759654808,
    1.19071687404));
#4809 = CARTESIAN_POINT('',(40.482662308781,61.235328155797,
    1.149355856795));
#4810 = CARTESIAN_POINT('',(40.499314767738,61.137447357847,
    1.079433250392));
#4811 = CARTESIAN_POINT('',(40.50687029953,61.092992900161,
    1.050056389293));
#4812 = CARTESIAN_POINT('',(40.514676930784,61.047012751497,
    1.02205699579));
#4813 = CARTESIAN_POINT('',(40.522728171931,60.999539157206,
    0.995544891377));
#4814 = CARTESIAN_POINT('',(40.531014848176,60.950620158184,
    0.970634973269));
#4815 = CARTESIAN_POINT('',(40.539524633505,60.900322588333,
    0.947443885651));
#4816 = CARTESIAN_POINT('',(40.562234671126,60.765923024494,
    0.891802562706));
#4817 = CARTESIAN_POINT('',(40.576767923886,60.679749521113,
    0.862228300281));
#4818 = CARTESIAN_POINT('',(40.591765429234,60.590640043503,
    0.837873181671));
#4819 = CARTESIAN_POINT('',(40.607131948189,60.499137973665,
    0.819188952972));
#4820 = CARTESIAN_POINT('',(40.622752025154,60.405913651028,
    0.806540086834));
#4821 = CARTESIAN_POINT('',(40.638489381073,60.31177169667,
    0.800146961865));
#4822 = CARTESIAN_POINT('',(40.664847011436,60.153740377864,
    0.799903490103));
#4823 = CARTESIAN_POINT('',(40.675493797944,60.089807270463,
    0.802686770626));
#4824 = CARTESIAN_POINT('',(40.686080680005,60.026134691666,
    0.808353218997));
#4825 = CARTESIAN_POINT('',(40.696564887356,59.962981700391,
    0.816861435742));
#4826 = CARTESIAN_POINT('',(40.706907206865,59.900588253051,
    0.828133032327));
#4827 = CARTESIAN_POINT('',(40.717072039285,59.839174451277,
    0.842058456026));
#4828 = CARTESIAN_POINT('',(40.741165896613,59.69339598877,
    0.881856693018));
#4829 = CARTESIAN_POINT('',(40.754884641806,59.610214192575,
    0.910295290539));
#4830 = CARTESIAN_POINT('',(40.768100641285,59.529914791972,
    0.943447236376));
#4831 = CARTESIAN_POINT('',(40.780757420278,59.452863016276,
    0.980876789292));
#4832 = CARTESIAN_POINT('',(40.79281882466,59.379302733749,
    1.022137378651));
#4833 = CARTESIAN_POINT('',(40.80426424862,59.309382804306,
    1.066806842455));
#4834 = CARTESIAN_POINT('',(40.824011638857,59.188562151951,
    1.153849922091));
#4835 = CARTESIAN_POINT('',(40.832513204655,59.136474302755,
    1.195256569361));
#4836 = CARTESIAN_POINT('',(40.840586589728,59.08694577436,
    1.238516405045));
#4837 = CARTESIAN_POINT('',(40.848231843179,59.039987753545,
    1.283436576152));
#4838 = CARTESIAN_POINT('',(40.8554517424,58.995593861577,1.329841574486
    ));
#4839 = CARTESIAN_POINT('',(40.862251019725,58.953744739478,
    1.377575535082));
#4840 = CARTESIAN_POINT('',(40.873473916483,58.884606142392,
    1.463583702816));
#4841 = CARTESIAN_POINT('',(40.878073831632,58.856246699767,
    1.501347362472));
#4842 = CARTESIAN_POINT('',(40.882437884126,58.829322387269,
    1.539736128235));
#4843 = CARTESIAN_POINT('',(40.886568643136,58.803820850269,
    1.578694901559));
#4844 = CARTESIAN_POINT('',(40.89046869738,58.779729297651,
    1.618172870726));
#4845 = CARTESIAN_POINT('',(40.894140655126,58.757034501814,
    1.658123510846));
#4846 = CARTESIAN_POINT('',(40.906847270163,58.678461901624,
    1.807001612405));
#4847 = CARTESIAN_POINT('',(40.91447629663,58.631206880865,
    1.918567275406));
#4848 = CARTESIAN_POINT('',(40.920530047421,58.593663008226,
    2.032429833669));
#4849 = CARTESIAN_POINT('',(40.925045875419,58.565634190505,
    2.147916635049));
#4850 = CARTESIAN_POINT('',(40.928051012024,58.546974245235,
    2.264432641009));
#4851 = CARTESIAN_POINT('',(40.929562526985,58.537588687845,
    2.381449421887));
#4852 = CARTESIAN_POINT('',(40.929590893087,58.537412552099,
    2.584263605163));
#4853 = CARTESIAN_POINT('',(40.92880036415,58.542321241654,
    2.670018622496));
#4854 = CARTESIAN_POINT('',(40.927207581174,58.552211460971,
    2.755576349161));
#4855 = CARTESIAN_POINT('',(40.924808123703,58.567107402912,
    2.840730710277));
#4856 = CARTESIAN_POINT('',(40.921594096514,58.587051554236,
    2.925261873879));
#4857 = CARTESIAN_POINT('',(40.917554093578,58.612104677553,
    3.008934168442));
#4858 = CARTESIAN_POINT('',(40.910813785369,58.653865736928,
    3.122914225238));
#4859 = CARTESIAN_POINT('',(40.908833732582,58.666130342299,
    3.154173164482));
#4860 = CARTESIAN_POINT('',(40.906730899691,58.679151653055,
    3.185255203801));
#4861 = CARTESIAN_POINT('',(40.904504378674,58.692934447491,
    3.216144928207));
#4862 = CARTESIAN_POINT('',(40.902153206359,58.707483757376,
    3.246826045481));
#4863 = CARTESIAN_POINT('',(40.899676364419,58.72280486795,
    3.277281386179));
#4864 = CARTESIAN_POINT('',(40.893590924101,58.760432275897,
    3.347895705774));
#4865 = CARTESIAN_POINT('',(40.889882474712,58.783350965169,
    3.387861830621));
#4866 = CARTESIAN_POINT('',(40.885944775222,58.807673183571,
    3.427348512905));
#4867 = CARTESIAN_POINT('',(40.881775197268,58.83341223947,
    3.466308625702));
#4868 = CARTESIAN_POINT('',(40.877371140106,58.860580951781,
    3.504690680433));
#4869 = CARTESIAN_POINT('',(40.872730030612,58.889191649958,
    3.542438826861));
#4870 = CARTESIAN_POINT('',(40.861393321566,58.959024307161,
    3.628506416286));
#4871 = CARTESIAN_POINT('',(40.854518548784,59.001333383978,
    3.676302285698));
#4872 = CARTESIAN_POINT('',(40.847219061264,59.046211160365,
    3.722743714056));
#4873 = CARTESIAN_POINT('',(40.839490165062,59.093676553773,
    3.76767141249));
#4874 = CARTESIAN_POINT('',(40.831329225939,59.143734846587,
    3.810906005733));
#4875 = CARTESIAN_POINT('',(40.822736479335,59.196372889518,
    3.852250487306));
#4876 = CARTESIAN_POINT('',(40.806659926165,59.294717026852,
    3.922187784761));
#4877 = CARTESIAN_POINT('',(40.799342619874,59.339433381713,
    3.951594820176));
#4878 = CARTESIAN_POINT('',(40.791766285636,59.385683030079,
    3.979611171672));
#4879 = CARTESIAN_POINT('',(40.783935379149,59.433432565541,
    4.006125742092));
#4880 = CARTESIAN_POINT('',(40.77585698892,59.482632473022,4.03102235892
    ));
#4881 = CARTESIAN_POINT('',(40.76754137754,59.533214087002,
    4.054183186768));
#4882 = CARTESIAN_POINT('',(40.745376620408,59.667862186299,
    4.109495965095));
#4883 = CARTESIAN_POINT('',(40.731176313351,59.753960926172,
    4.138799342221));
#4884 = CARTESIAN_POINT('',(40.716467992729,59.842955228191,
    4.162898135915));
#4885 = CARTESIAN_POINT('',(40.701337682149,59.934301750566,
    4.181346461719));
#4886 = CARTESIAN_POINT('',(40.685893083947,60.02733269576,
    4.193785720542));
#4887 = CARTESIAN_POINT('',(40.670265365544,60.12124877747,
    4.200000308199));
#4888 = CARTESIAN_POINT('',(40.638968878968,60.308901659806,
    4.199999692037));
#4889 = CARTESIAN_POINT('',(40.623286097738,60.40272282893,
    4.193794757743));
#4890 = CARTESIAN_POINT('',(40.60771604724,60.495655038657,
    4.181376700179));
#4891 = CARTESIAN_POINT('',(40.592393137743,60.586904420741,
    4.162957559986));
#4892 = CARTESIAN_POINT('',(40.577432438324,60.67580246207,
    4.138892699178));
#4893 = CARTESIAN_POINT('',(40.562929894415,60.761801194062,
    4.109628289141));
#4894 = CARTESIAN_POINT('',(40.540199764966,60.896331483685,
    4.054370037893));
#4895 = CARTESIAN_POINT('',(40.531644413863,60.946902472642,
    4.031212594486));
#4896 = CARTESIAN_POINT('',(40.523313055848,60.99608889974,
    4.006317378599));
#4897 = CARTESIAN_POINT('',(40.515218299545,61.043822316734,
    3.97980236552));
#4898 = CARTESIAN_POINT('',(40.50736953786,61.090053461298,
    3.951783877489));
#4899 = CARTESIAN_POINT('',(40.499773423309,61.134749197552,
    3.922373161357));
#4900 = CARTESIAN_POINT('',(40.483053989478,61.23302864262,
    3.852433893319));
#4901 = CARTESIAN_POINT('',(40.474094226137,61.285622690115,
    3.811091263612));
#4902 = CARTESIAN_POINT('',(40.465563194927,61.335635830187,
    3.767857390834));
#4903 = CARTESIAN_POINT('',(40.457464979185,61.383055493222,
    3.722929408846));
#4904 = CARTESIAN_POINT('',(40.449800393407,61.427887502138,
    3.676486811569));
#4905 = CARTESIAN_POINT('',(40.442567772671,61.470151265635,
    3.628688992933));
#4906 = CARTESIAN_POINT('',(40.41668265205,61.621275797415,
    3.442212151201));
#4907 = CARTESIAN_POINT('',(40.401004273457,61.712514090157,
    3.295401297979));
#4908 = CARTESIAN_POINT('',(40.388591828812,61.784580740374,
    3.141999132962));
#4909 = CARTESIAN_POINT('',(40.379372097778,61.838029919563,
    2.984152533108));
#4910 = CARTESIAN_POINT('',(40.373262261665,61.873424041473,
    2.823662683635));
#4911 = CARTESIAN_POINT('',(40.370201376704,61.891155516951,
    2.661927051506));
#4912 = CARTESIAN_POINT('',(40.370201376704,61.891155516951,2.5));
#4913 = PCURVE('',#1901,#4914);
#4914 = DEFINITIONAL_REPRESENTATION('',(#4915),#5073);
#4915 = B_SPLINE_CURVE_WITH_KNOTS('',3,(#4916,#4917,#4918,#4919,#4920,
    #4921,#4922,#4923,#4924,#4925,#4926,#4927,#4928,#4929,#4930,#4931,
    #4932,#4933,#4934,#4935,#4936,#4937,#4938,#4939,#4940,#4941,#4942,
    #4943,#4944,#4945,#4946,#4947,#4948,#4949,#4950,#4951,#4952,#4953,
    #4954,#4955,#4956,#4957,#4958,#4959,#4960,#4961,#4962,#4963,#4964,
    #4965,#4966,#4967,#4968,#4969,#4970,#4971,#4972,#4973,#4974,#4975,
    #4976,#4977,#4978,#4979,#4980,#4981,#4982,#4983,#4984,#4985,#4986,
    #4987,#4988,#4989,#4990,#4991,#4992,#4993,#4994,#4995,#4996,#4997,
    #4998,#4999,#5000,#5001,#5002,#5003,#5004,#5005,#5006,#5007,#5008,
    #5009,#5010,#5011,#5012,#5013,#5014,#5015,#5016,#5017,#5018,#5019,
    #5020,#5021,#5022,#5023,#5024,#5025,#5026,#5027,#5028,#5029,#5030,
    #5031,#5032,#5033,#5034,#5035,#5036,#5037,#5038,#5039,#5040,#5041,
    #5042,#5043,#5044,#5045,#5046,#5047,#5048,#5049,#5050,#5051,#5052,
    #5053,#5054,#5055,#5056,#5057,#5058,#5059,#5060,#5061,#5062,#5063,
    #5064,#5065,#5066,#5067,#5068,#5069,#5070,#5071,#5072),
  .UNSPECIFIED.,.F.,.F.,(4,1,1,1,1,1,1,1,1,1,1,1,1,1,1,1,1,1,1,1,1,1,1,1
    ,1,1,1,1,1,1,1,1,1,1,1,1,1,1,1,1,1,1,1,1,1,1,1,1,1,1,1,1,1,1,1,1,1,1
    ,1,1,1,1,1,1,1,1,1,1,1,1,1,1,1,1,1,1,1,1,1,1,1,1,1,1,1,1,1,1,1,1,1,1
    ,1,1,1,1,1,1,1,1,1,1,1,1,1,1,1,1,1,1,1,1,1,1,1,1,1,1,1,1,1,1,1,1,1,1
    ,1,1,1,1,1,1,1,1,1,1,1,1,1,1,1,1,1,1,1,1,1,1,1,1,1,1,1,1,4),(0.,
    8.658324890666E-03,1.731664978133E-02,2.5974974672E-02,
    3.463329956266E-02,4.329162445333E-02,5.1949949344E-02,
    6.060827423466E-02,6.926659912533E-02,7.792492401599E-02,
    8.658324890666E-02,9.524157379733E-02,0.103899898688,0.112558223579,
    0.121216548469,0.12987487336,0.138533198251,0.147191523141,
    0.155849848032,0.164508172923,0.173166497813,0.181824822704,
    0.190483147595,0.199141472485,0.207799797376,0.216458122267,
    0.225116447157,0.233774772048,0.242433096939,0.251091421829,
    0.25974974672,0.268408071611,0.277066396501,0.285724721392,
    0.294383046283,0.303041371173,0.311699696064,0.320358020955,
    0.329016345845,0.337674670736,0.346332995627,0.354991320517,
    0.363649645408,0.372307970299,0.380966295189,0.38962462008,
    0.398282944971,0.406941269861,0.415599594752,0.424257919643,
    0.432916244533,0.441574569424,0.450232894315,0.458891219205,
    0.467549544096,0.476207868987,0.484866193877,0.493524518768,
    0.502182843659,0.510841168549,0.51949949344,0.528157818331,
    0.536816143221,0.545474468112,0.554132793003,0.562791117893,
    0.571449442784,0.580107767675,0.588766092565,0.597424417456,
    0.606082742347,0.614741067237,0.623399392128,0.632057717019,
    0.640716041909,0.6493743668,0.658032691691,0.666691016581,
    0.675349341472,0.684007666363,0.692665991253,0.701324316144,
    0.709982641035,0.718640965925,0.727299290816,0.735957615707,
    0.744615940597,0.753274265488,0.761932590379,0.770590915269,
    0.77924924016,0.787907565051,0.796565889941,0.805224214832,
    0.813882539723,0.822540864613,0.831199189504,0.839857514395,
    0.848515839285,0.857174164176,0.865832489067,0.874490813957,
    0.883149138848,0.891807463739,0.900465788629,0.90912411352,
    0.917782438411,0.926440763301,0.935099088192,0.943757413083,
    0.952415737973,0.961074062864,0.969732387755,0.978390712645,
    0.987049037536,0.995707362427,1.004365687317,1.013024012208,
    1.021682337099,1.030340661989,1.03899898688,1.047657311771,
    1.056315636661,1.064973961552,1.073632286443,1.082290611333,
    1.090948936224,1.099607261115,1.108265586005,1.116923910896,
    1.125582235787,1.134240560677,1.142898885568,1.151557210459,
    1.160215535349,1.16887386024,1.177532185131,1.186190510021,
    1.194848834912,1.203507159803,1.212165484693,1.220823809584,
    1.229482134475,1.238140459365,1.246798784256,1.255457109147,
    1.264115434037,1.272773758928,1.281432083819,1.290090408709,
    1.2987487336,1.307407058491,1.316065383381,1.324723708272,
    1.333382033163),.QUASI_UNIFORM_KNOTS.);
#4916 = CARTESIAN_POINT('',(-8.881784197001E-16,2.204812561474));
#4917 = CARTESIAN_POINT('',(1.200815734629E-02,2.20481256413));
#4918 = CARTESIAN_POINT('',(3.602030938609E-02,2.204808381057));
#4919 = CARTESIAN_POINT('',(7.205008025889E-02,2.204789605659));
#4920 = CARTESIAN_POINT('',(0.108115878096,2.204758380724));
#4921 = CARTESIAN_POINT('',(0.14424060022,2.204714803421));
#4922 = CARTESIAN_POINT('',(0.180446355637,2.204659004288));
#4923 = CARTESIAN_POINT('',(0.216754492834,2.204591153759));
#4924 = CARTESIAN_POINT('',(0.253185824757,2.20451146347));
#4925 = CARTESIAN_POINT('',(0.289760793348,2.20442018886));
#4926 = CARTESIAN_POINT('',(0.326499645371,2.204317631309));
#4927 = CARTESIAN_POINT('',(0.36342260392,2.2042041403));
#4928 = CARTESIAN_POINT('',(0.400550044551,2.204080115464));
#4929 = CARTESIAN_POINT('',(0.437902678478,2.203946008542));
#4930 = CARTESIAN_POINT('',(0.475501751172,2.203802325263));
#4931 = CARTESIAN_POINT('',(0.513369251462,2.203649627162));
#4932 = CARTESIAN_POINT('',(0.551528177099,2.20348853317));
#4933 = CARTESIAN_POINT('',(0.590002715648,2.203319721678));
#4934 = CARTESIAN_POINT('',(0.628818899626,2.203143930404));
#4935 = CARTESIAN_POINT('',(0.668003683343,2.202961964059));
#4936 = CARTESIAN_POINT('',(0.707590135259,2.202774672502));
#4937 = CARTESIAN_POINT('',(0.747580995746,2.202583130912));
#4938 = CARTESIAN_POINT('',(0.78800054286,2.202388395889));
#4939 = CARTESIAN_POINT('',(0.828868358673,2.202191632124));
#4940 = CARTESIAN_POINT('',(0.870202943577,2.201994093033));
#4941 = CARTESIAN_POINT('',(0.912020767256,2.201797123566));
#4942 = CARTESIAN_POINT('',(0.954337066784,2.201602154192));
#4943 = CARTESIAN_POINT('',(0.997163967105,2.201410707999));
#4944 = CARTESIAN_POINT('',(1.040506894102,2.201224397692));
#4945 = CARTESIAN_POINT('',(1.084368109169,2.201044903844));
#4946 = CARTESIAN_POINT('',(1.128743934306,2.20087396356));
#4947 = CARTESIAN_POINT('',(1.17362306965,2.200713349872));
#4948 = CARTESIAN_POINT('',(1.218993066268,2.200564825362));
#4949 = CARTESIAN_POINT('',(1.264832871632,2.200430134041));
#4950 = CARTESIAN_POINT('',(1.311096118023,2.200311001472));
#4951 = CARTESIAN_POINT('',(1.357736911374,2.200209003816));
#4952 = CARTESIAN_POINT('',(1.404702324094,2.200125550337));
#4953 = CARTESIAN_POINT('',(1.451933168828,2.2000618377));
#4954 = CARTESIAN_POINT('',(1.499361751397,2.200018811367));
#4955 = CARTESIAN_POINT('',(1.546912029497,2.199997127257));
#4956 = CARTESIAN_POINT('',(1.594491469614,2.199997105653));
#4957 = CARTESIAN_POINT('',(1.642033810506,2.200018722412));
#4958 = CARTESIAN_POINT('',(1.689456408159,2.200061622198));
#4959 = CARTESIAN_POINT('',(1.736686020271,2.200125124035));
#4960 = CARTESIAN_POINT('',(1.783653954988,2.200208258005));
#4961 = CARTESIAN_POINT('',(1.830294806075,2.200309792964));
#4962 = CARTESIAN_POINT('',(1.876548381374,2.200428273539));
#4963 = CARTESIAN_POINT('',(1.922375493663,2.20056211825));
#4964 = CARTESIAN_POINT('',(1.967741848905,2.200709632443));
#4965 = CARTESIAN_POINT('',(2.012622944418,2.200869064215));
#4966 = CARTESIAN_POINT('',(2.057001279759,2.201038637122));
#4967 = CARTESIAN_POINT('',(2.100865952986,2.201216583005));
#4968 = CARTESIAN_POINT('',(2.144211982067,2.201401169175));
#4969 = CARTESIAN_POINT('',(2.187039785211,2.20159071996));
#4970 = CARTESIAN_POINT('',(2.229355455823,2.201783638398));
#4971 = CARTESIAN_POINT('',(2.271172848431,2.201978427967));
#4972 = CARTESIAN_POINT('',(2.312506875075,2.20217367564));
#4973 = CARTESIAN_POINT('',(2.353374191632,2.202368058357));
#4974 = CARTESIAN_POINT('',(2.393793141702,2.20256034387));
#4975 = CARTESIAN_POINT('',(2.433783676155,2.202749391423));
#4976 = CARTESIAN_POINT('',(2.473368350391,2.20293415869));
#4977 = CARTESIAN_POINT('',(2.512568171977,2.203113676735));
#4978 = CARTESIAN_POINT('',(2.551405962828,2.203287066462));
#4979 = CARTESIAN_POINT('',(2.58990432729,2.203453520642));
#4980 = CARTESIAN_POINT('',(2.62808559409,2.203612302456));
#4981 = CARTESIAN_POINT('',(2.665973510639,2.203762752084));
#4982 = CARTESIAN_POINT('',(2.703585531048,2.203904249059));
#4983 = CARTESIAN_POINT('',(2.740947121244,2.204036265402));
#4984 = CARTESIAN_POINT('',(2.778081690596,2.204158320917));
#4985 = CARTESIAN_POINT('',(2.815011720327,2.20426998516));
#4986 = CARTESIAN_POINT('',(2.851758781713,2.204370875169));
#4987 = CARTESIAN_POINT('',(2.888343818384,2.204460654288));
#4988 = CARTESIAN_POINT('',(2.924787331337,2.204539030663));
#4989 = CARTESIAN_POINT('',(2.961109566089,2.204605755786));
#4990 = CARTESIAN_POINT('',(2.99733069614,2.204660622993));
#4991 = CARTESIAN_POINT('',(3.033470958427,2.204703465928));
#4992 = CARTESIAN_POINT('',(3.069550956495,2.204734156985));
#4993 = CARTESIAN_POINT('',(3.10559134536,2.204752605708));
#4994 = CARTESIAN_POINT('',(3.1416148586,2.204758757205));
#4995 = CARTESIAN_POINT('',(3.177639640694,2.204752590362));
#4996 = CARTESIAN_POINT('',(3.213683143446,2.204734124104));
#4997 = CARTESIAN_POINT('',(3.249766876438,2.20470341281));
#4998 = CARTESIAN_POINT('',(3.285910805122,2.204660547418));
#4999 = CARTESIAN_POINT('',(3.322135072096,2.204605656549));
#5000 = CARTESIAN_POINT('',(3.35845975609,2.204538907577));
#5001 = CARTESIAN_POINT('',(3.394905139145,2.204460507773));
#5002 = CARTESIAN_POINT('',(3.431491915557,2.204370705161));
#5003 = CARTESIAN_POINT('',(3.468241167769,2.204269790306));
#5004 = CARTESIAN_POINT('',(3.505175404391,2.204158094586));
#5005 = CARTESIAN_POINT('',(3.54231536662,2.204036002618));
#5006 = CARTESIAN_POINT('',(3.57968246415,2.203903947388));
#5007 = CARTESIAN_POINT('',(3.617298805427,2.203762415414));
#5008 = CARTESIAN_POINT('',(3.655186752593,2.203611948176));
#5009 = CARTESIAN_POINT('',(3.693368588861,2.203453148765));
#5010 = CARTESIAN_POINT('',(3.731867426832,2.203286679151));
#5011 = CARTESIAN_POINT('',(3.770705817756,2.203113275307));
#5012 = CARTESIAN_POINT('',(3.809906221883,2.202933745464));
#5013 = CARTESIAN_POINT('',(3.849491626162,2.202748968178));
#5014 = CARTESIAN_POINT('',(3.889482860792,2.202559913368));
#5015 = CARTESIAN_POINT('',(3.929902508205,2.202367623197));
#5016 = CARTESIAN_POINT('',(3.970770611356,2.202173238165));
#5017 = CARTESIAN_POINT('',(4.012105526321,2.201977990792));
#5018 = CARTESIAN_POINT('',(4.05392373517,2.201783205318));
#5019 = CARTESIAN_POINT('',(4.096240354513,2.201590293307));
#5020 = CARTESIAN_POINT('',(4.139067644768,2.201400759617));
#5021 = CARTESIAN_POINT('',(4.182410906388,2.201216202059));
#5022 = CARTESIAN_POINT('',(4.226272397823,2.201038288549));
#5023 = CARTESIAN_POINT('',(4.27064830915,2.200868747559));
#5024 = CARTESIAN_POINT('',(4.315527548386,2.200709346106));
#5025 = CARTESIAN_POINT('',(4.360896561398,2.200561849467));
#5026 = CARTESIAN_POINT('',(4.406735155685,2.200428002557));
#5027 = CARTESIAN_POINT('',(4.45299685128,2.200309540114));
#5028 = CARTESIAN_POINT('',(4.499635761843,2.200208052684));
#5029 = CARTESIAN_POINT('',(4.546599056873,2.20012496908));
#5030 = CARTESIAN_POINT('',(4.593827746317,2.200061510483));
#5031 = CARTESIAN_POINT('',(4.641254395276,2.200018651282));
#5032 = CARTESIAN_POINT('',(4.688803414468,2.199997080274));
#5033 = CARTESIAN_POINT('',(4.736382433411,2.199997152657));
#5034 = CARTESIAN_POINT('',(4.783929398163,2.20001888431));
#5035 = CARTESIAN_POINT('',(4.831354072928,2.200061953478));
#5036 = CARTESIAN_POINT('',(4.878581780849,2.200125705336));
#5037 = CARTESIAN_POINT('',(4.925545412667,2.200209196492));
#5038 = CARTESIAN_POINT('',(4.97218569064,2.200311231605));
#5039 = CARTESIAN_POINT('',(5.018448860827,2.200430400265));
#5040 = CARTESIAN_POINT('',(5.064287989104,2.200565123447));
#5041 = CARTESIAN_POINT('',(5.109653698977,2.200713664165));
#5042 = CARTESIAN_POINT('',(5.154529038556,2.200874290025));
#5043 = CARTESIAN_POINT('',(5.198901025294,2.201045237538));
#5044 = CARTESIAN_POINT('',(5.242758486615,2.201224734343));
#5045 = CARTESIAN_POINT('',(5.28609769997,2.201411043407));
#5046 = CARTESIAN_POINT('',(5.328920968957,2.201602484866));
#5047 = CARTESIAN_POINT('',(5.371233608748,2.201797445867));
#5048 = CARTESIAN_POINT('',(5.413047972536,2.201994404728));
#5049 = CARTESIAN_POINT('',(5.454379171216,2.202191930959));
#5050 = CARTESIAN_POINT('',(5.495243685651,2.202388680005));
#5051 = CARTESIAN_POINT('',(5.535659967933,2.202583398551));
#5052 = CARTESIAN_POINT('',(5.575647781979,2.202774923128));
#5053 = CARTESIAN_POINT('',(5.615230854874,2.202962194966));
#5054 = CARTESIAN_POINT('',(5.654412070482,2.203144139905));
#5055 = CARTESIAN_POINT('',(5.693225035425,2.203319910946));
#5056 = CARTESIAN_POINT('',(5.731696497666,2.203488702637));
#5057 = CARTESIAN_POINT('',(5.769852492946,2.203649777509));
#5058 = CARTESIAN_POINT('',(5.807717164711,2.203802457175));
#5059 = CARTESIAN_POINT('',(5.845313486981,2.203946122797));
#5060 = CARTESIAN_POINT('',(5.882663426143,2.204080212929));
#5061 = CARTESIAN_POINT('',(5.919788210855,2.204204221945));
#5062 = CARTESIAN_POINT('',(5.956708539358,2.204317698214));
#5063 = CARTESIAN_POINT('',(5.993444778083,2.204420242221));
#5064 = CARTESIAN_POINT('',(6.0300171445,2.204511504597));
#5065 = CARTESIAN_POINT('',(6.066445883129,2.204591184073));
#5066 = CARTESIAN_POINT('',(6.102751436954,2.204659025313));
#5067 = CARTESIAN_POINT('',(6.138954623249,2.204714816769));
#5068 = CARTESIAN_POINT('',(6.175076798105,2.204758388076));
#5069 = CARTESIAN_POINT('',(6.21114008159,2.20478960874));
#5070 = CARTESIAN_POINT('',(6.247167385162,2.204808381607));
#5071 = CARTESIAN_POINT('',(6.271177936336,2.204812564127));
#5072 = CARTESIAN_POINT('',(6.28318530718,2.204812561474));
#5073 = ( GEOMETRIC_REPRESENTATION_CONTEXT(2) 
PARAMETRIC_REPRESENTATION_CONTEXT() REPRESENTATION_CONTEXT('2D SPACE',''
  ) );
#5074 = PCURVE('',#116,#5075);
#5075 = DEFINITIONAL_REPRESENTATION('',(#5076),#5234);
#5076 = B_SPLINE_CURVE_WITH_KNOTS('',3,(#5077,#5078,#5079,#5080,#5081,
    #5082,#5083,#5084,#5085,#5086,#5087,#5088,#5089,#5090,#5091,#5092,
    #5093,#5094,#5095,#5096,#5097,#5098,#5099,#5100,#5101,#5102,#5103,
    #5104,#5105,#5106,#5107,#5108,#5109,#5110,#5111,#5112,#5113,#5114,
    #5115,#5116,#5117,#5118,#5119,#5120,#5121,#5122,#5123,#5124,#5125,
    #5126,#5127,#5128,#5129,#5130,#5131,#5132,#5133,#5134,#5135,#5136,
    #5137,#5138,#5139,#5140,#5141,#5142,#5143,#5144,#5145,#5146,#5147,
    #5148,#5149,#5150,#5151,#5152,#5153,#5154,#5155,#5156,#5157,#5158,
    #5159,#5160,#5161,#5162,#5163,#5164,#5165,#5166,#5167,#5168,#5169,
    #5170,#5171,#5172,#5173,#5174,#5175,#5176,#5177,#5178,#5179,#5180,
    #5181,#5182,#5183,#5184,#5185,#5186,#5187,#5188,#5189,#5190,#5191,
    #5192,#5193,#5194,#5195,#5196,#5197,#5198,#5199,#5200,#5201,#5202,
    #5203,#5204,#5205,#5206,#5207,#5208,#5209,#5210,#5211,#5212,#5213,
    #5214,#5215,#5216,#5217,#5218,#5219,#5220,#5221,#5222,#5223,#5224,
    #5225,#5226,#5227,#5228,#5229,#5230,#5231,#5232,#5233),
  .UNSPECIFIED.,.T.,.F.,(4,1,1,1,1,1,1,1,1,1,1,1,1,1,1,1,1,1,1,1,1,1,1,1
    ,1,1,1,1,1,1,1,1,1,1,1,1,1,1,1,1,1,1,1,1,1,1,1,1,1,1,1,1,1,1,1,1,1,1
    ,1,1,1,1,1,1,1,1,1,1,1,1,1,1,1,1,1,1,1,1,1,1,1,1,1,1,1,1,1,1,1,1,1,1
    ,1,1,1,1,1,1,1,1,1,1,1,1,1,1,1,1,1,1,1,1,1,1,1,1,1,1,1,1,1,1,1,1,1,1
    ,1,1,1,1,1,1,1,1,1,1,1,1,1,1,1,1,1,1,1,1,1,1,1,1,1,1,1,1,4),(0.,
    8.658324890666E-03,1.731664978133E-02,2.5974974672E-02,
    3.463329956266E-02,4.329162445333E-02,5.1949949344E-02,
    6.060827423466E-02,6.926659912533E-02,7.792492401599E-02,
    8.658324890666E-02,9.524157379733E-02,0.103899898688,0.112558223579,
    0.121216548469,0.12987487336,0.138533198251,0.147191523141,
    0.155849848032,0.164508172923,0.173166497813,0.181824822704,
    0.190483147595,0.199141472485,0.207799797376,0.216458122267,
    0.225116447157,0.233774772048,0.242433096939,0.251091421829,
    0.25974974672,0.268408071611,0.277066396501,0.285724721392,
    0.294383046283,0.303041371173,0.311699696064,0.320358020955,
    0.329016345845,0.337674670736,0.346332995627,0.354991320517,
    0.363649645408,0.372307970299,0.380966295189,0.38962462008,
    0.398282944971,0.406941269861,0.415599594752,0.424257919643,
    0.432916244533,0.441574569424,0.450232894315,0.458891219205,
    0.467549544096,0.476207868987,0.484866193877,0.493524518768,
    0.502182843659,0.510841168549,0.51949949344,0.528157818331,
    0.536816143221,0.545474468112,0.554132793003,0.562791117893,
    0.571449442784,0.580107767675,0.588766092565,0.597424417456,
    0.606082742347,0.614741067237,0.623399392128,0.632057717019,
    0.640716041909,0.6493743668,0.658032691691,0.666691016581,
    0.675349341472,0.684007666363,0.692665991253,0.701324316144,
    0.709982641035,0.718640965925,0.727299290816,0.735957615707,
    0.744615940597,0.753274265488,0.761932590379,0.770590915269,
    0.77924924016,0.787907565051,0.796565889941,0.805224214832,
    0.813882539723,0.822540864613,0.831199189504,0.839857514395,
    0.848515839285,0.857174164176,0.865832489067,0.874490813957,
    0.883149138848,0.891807463739,0.900465788629,0.90912411352,
    0.917782438411,0.926440763301,0.935099088192,0.943757413083,
    0.952415737973,0.961074062864,0.969732387755,0.978390712645,
    0.987049037536,0.995707362427,1.004365687317,1.013024012208,
    1.021682337099,1.030340661989,1.03899898688,1.047657311771,
    1.056315636661,1.064973961552,1.073632286443,1.082290611333,
    1.090948936224,1.099607261115,1.108265586005,1.116923910896,
    1.125582235787,1.134240560677,1.142898885568,1.151557210459,
    1.160215535349,1.16887386024,1.177532185131,1.186190510021,
    1.194848834912,1.203507159803,1.212165484693,1.220823809584,
    1.229482134475,1.238140459365,1.246798784256,1.255457109147,
    1.264115434037,1.272773758928,1.281432083819,1.290090408709,
    1.2987487336,1.307407058491,1.316065383381,1.324723708272,
    1.333382033163),.QUASI_UNIFORM_KNOTS.);
#5077 = CARTESIAN_POINT('',(5.5,5.186643530736));
#5078 = CARTESIAN_POINT('',(5.52041383806,5.18664352877));
#5079 = CARTESIAN_POINT('',(5.561234538275,5.186637521174));
#5080 = CARTESIAN_POINT('',(5.622405686387,5.186610478555));
#5081 = CARTESIAN_POINT('',(5.683478959713,5.186565393135));
#5082 = CARTESIAN_POINT('',(5.744412878981,5.186502223041));
#5083 = CARTESIAN_POINT('',(5.805163609956,5.186420909652));
#5084 = CARTESIAN_POINT('',(5.865684606638,5.186321376837));
#5085 = CARTESIAN_POINT('',(5.925926663046,5.186203533734));
#5086 = CARTESIAN_POINT('',(5.985837856081,5.186067276264));
#5087 = CARTESIAN_POINT('',(6.045363514366,5.185912488624));
#5088 = CARTESIAN_POINT('',(6.104446173061,5.185739044391));
#5089 = CARTESIAN_POINT('',(6.163025521798,5.185546807297));
#5090 = CARTESIAN_POINT('',(6.221038339171,5.185335631632));
#5091 = CARTESIAN_POINT('',(6.278418414975,5.18510536222));
#5092 = CARTESIAN_POINT('',(6.335096444013,5.18485583405));
#5093 = CARTESIAN_POINT('',(6.390999937035,5.184586871134));
#5094 = CARTESIAN_POINT('',(6.446052964787,5.184298286021));
#5095 = CARTESIAN_POINT('',(6.500176407714,5.183989874563));
#5096 = CARTESIAN_POINT('',(6.553286187261,5.183661425893));
#5097 = CARTESIAN_POINT('',(6.605298884422,5.183312673061));
#5098 = CARTESIAN_POINT('',(6.656084867524,5.182943633174));
#5099 = CARTESIAN_POINT('',(6.70553748449,5.182554166784));
#5100 = CARTESIAN_POINT('',(6.753536991471,5.182144199835));
#5101 = CARTESIAN_POINT('',(6.799955985196,5.181713705043));
#5102 = CARTESIAN_POINT('',(6.844658436753,5.181262718237));
#5103 = CARTESIAN_POINT('',(6.887501056428,5.180791338985));
#5104 = CARTESIAN_POINT('',(6.928331732888,5.180299758979));
#5105 = CARTESIAN_POINT('',(6.966987916917,5.179788317813));
#5106 = CARTESIAN_POINT('',(7.003301533734,5.179257473088));
#5107 = CARTESIAN_POINT('',(7.037098563729,5.178707844364));
#5108 = CARTESIAN_POINT('',(7.06820088256,5.178140246581));
#5109 = CARTESIAN_POINT('',(7.096433243062,5.177555614997));
#5110 = CARTESIAN_POINT('',(7.121620469365,5.176955103765));
#5111 = CARTESIAN_POINT('',(7.143585052584,5.176340317837));
#5112 = CARTESIAN_POINT('',(7.162167520241,5.175712978628));
#5113 = CARTESIAN_POINT('',(7.17722496964,5.175075011875));
#5114 = CARTESIAN_POINT('',(7.188635597251,5.174428527394));
#5115 = CARTESIAN_POINT('',(7.196302234183,5.173775834705));
#5116 = CARTESIAN_POINT('',(7.200156441082,5.173119421938));
#5117 = CARTESIAN_POINT('',(7.200163939047,5.172462044437));
#5118 = CARTESIAN_POINT('',(7.196325906886,5.171806105338));
#5119 = CARTESIAN_POINT('',(7.188676449056,5.171154216805));
#5120 = CARTESIAN_POINT('',(7.177282402854,5.170508817436));
#5121 = CARTESIAN_POINT('',(7.162240077413,5.169872215369));
#5122 = CARTESIAN_POINT('',(7.143673028031,5.169246584658));
#5123 = CARTESIAN_POINT('',(7.121728356787,5.168633921702));
#5124 = CARTESIAN_POINT('',(7.096564291494,5.168035826735));
#5125 = CARTESIAN_POINT('',(7.068350672238,5.167453719535));
#5126 = CARTESIAN_POINT('',(7.037262857374,5.166888774816));
#5127 = CARTESIAN_POINT('',(7.00347901831,5.166341963902));
#5128 = CARTESIAN_POINT('',(6.967177009196,5.165814066898));
#5129 = CARTESIAN_POINT('',(6.928531764642,5.165305690621));
#5130 = CARTESIAN_POINT('',(6.887713176643,5.164817285417));
#5131 = CARTESIAN_POINT('',(6.844883692896,5.164349153185));
#5132 = CARTESIAN_POINT('',(6.800193680725,5.163901440757));
#5133 = CARTESIAN_POINT('',(6.753786774802,5.16347422709));
#5134 = CARTESIAN_POINT('',(6.705798790295,5.163067523494));
#5135 = CARTESIAN_POINT('',(6.656357334843,5.162681282979));
#5136 = CARTESIAN_POINT('',(6.605581607422,5.16231540938));
#5137 = CARTESIAN_POINT('',(6.553580754143,5.161969758198));
#5138 = CARTESIAN_POINT('',(6.500459287449,5.16164418058));
#5139 = CARTESIAN_POINT('',(6.446313142345,5.161338496333));
#5140 = CARTESIAN_POINT('',(6.391232166453,5.161052521132));
#5141 = CARTESIAN_POINT('',(6.335300818208,5.160786068204));
#5142 = CARTESIAN_POINT('',(6.27859606168,5.160538939472));
#5143 = CARTESIAN_POINT('',(6.221199288364,5.160310978));
#5144 = CARTESIAN_POINT('',(6.163175101623,5.16010198029));
#5145 = CARTESIAN_POINT('',(6.104586640256,5.159911766678));
#5146 = CARTESIAN_POINT('',(6.04549446399,5.159740173321));
#5147 = CARTESIAN_POINT('',(5.985956980662,5.159587052583));
#5148 = CARTESIAN_POINT('',(5.92603044901,5.159452271632));
#5149 = CARTESIAN_POINT('',(5.865769082157,5.159335711981));
#5150 = CARTESIAN_POINT('',(5.805225117527,5.159237269242));
#5151 = CARTESIAN_POINT('',(5.744448865128,5.159156853287));
#5152 = CARTESIAN_POINT('',(5.683488820773,5.159094388756));
#5153 = CARTESIAN_POINT('',(5.622391485978,5.15904981594));
#5154 = CARTESIAN_POINT('',(5.561202241025,5.159023092028));
#5155 = CARTESIAN_POINT('',(5.499962243493,5.159014192723));
#5156 = CARTESIAN_POINT('',(5.438720136842,5.159023114183));
#5157 = CARTESIAN_POINT('',(5.377525757453,5.159049863483));
#5158 = CARTESIAN_POINT('',(5.316422374972,5.159094465933));
#5159 = CARTESIAN_POINT('',(5.255456567127,5.159156963742));
#5160 = CARTESIAN_POINT('',(5.194675628934,5.159237415224));
#5161 = CARTESIAN_POINT('',(5.134128321788,5.159335894335));
#5162 = CARTESIAN_POINT('',(5.07386476533,5.159452490464));
#5163 = CARTESIAN_POINT('',(5.013936455046,5.159587308957));
#5164 = CARTESIAN_POINT('',(4.954396670825,5.159740470599));
#5165 = CARTESIAN_POINT('',(4.895299232681,5.159912116636));
#5166 = CARTESIAN_POINT('',(4.836704015635,5.160102393221));
#5167 = CARTESIAN_POINT('',(4.778673347908,5.160311459402));
#5168 = CARTESIAN_POINT('',(4.721272392036,5.160539486791));
#5169 = CARTESIAN_POINT('',(4.664570277391,5.160786656093));
#5170 = CARTESIAN_POINT('',(4.60864095536,5.161053152286));
#5171 = CARTESIAN_POINT('',(4.553562408992,5.161339170222));
#5172 = CARTESIAN_POINT('',(4.499418774399,5.161644898049));
#5173 = CARTESIAN_POINT('',(4.44630010347,5.161970518861));
#5174 = CARTESIAN_POINT('',(4.394302111886,5.162316214137));
#5175 = CARTESIAN_POINT('',(4.343529586324,5.162682131427));
#5176 = CARTESIAN_POINT('',(4.294091622234,5.163068415151));
#5177 = CARTESIAN_POINT('',(4.24610732298,5.163475162346));
#5178 = CARTESIAN_POINT('',(4.199704308423,5.163902420158));
#5179 = CARTESIAN_POINT('',(4.155018596913,5.164350175352));
#5180 = CARTESIAN_POINT('',(4.11219360316,5.164818350986));
#5181 = CARTESIAN_POINT('',(4.071381299186,5.165306782313));
#5182 = CARTESIAN_POINT('',(4.032744347655,5.165815155379));
#5183 = CARTESIAN_POINT('',(3.996450797703,5.166343040625));
#5184 = CARTESIAN_POINT('',(3.962674730348,5.166889845943));
#5185 = CARTESIAN_POINT('',(3.931594084373,5.167454788777));
#5186 = CARTESIAN_POINT('',(3.903384708975,5.168036949155));
#5187 = CARTESIAN_POINT('',(3.878221036431,5.168635212908));
#5188 = CARTESIAN_POINT('',(3.856280529354,5.169248002737));
#5189 = CARTESIAN_POINT('',(3.837722501334,5.169873623901));
#5190 = CARTESIAN_POINT('',(3.822689668503,5.170510175897));
#5191 = CARTESIAN_POINT('',(3.811303652482,5.171155572077));
#5192 = CARTESIAN_POINT('',(3.803661471944,5.171807522851));
#5193 = CARTESIAN_POINT('',(3.799831546284,5.172463557881));
#5194 = CARTESIAN_POINT('',(3.799848080196,5.173120930003));
#5195 = CARTESIAN_POINT('',(3.803710715861,5.173777294034));
#5196 = CARTESIAN_POINT('',(3.811385063945,5.174429926844));
#5197 = CARTESIAN_POINT('',(3.822802885305,5.175076359459));
#5198 = CARTESIAN_POINT('',(3.837867404715,5.175714290437));
#5199 = CARTESIAN_POINT('',(3.856457102297,5.176341608475));
#5200 = CARTESIAN_POINT('',(3.878428925413,5.17695637652));
#5201 = CARTESIAN_POINT('',(3.903622937922,5.177556859297));
#5202 = CARTESIAN_POINT('',(3.931859396389,5.178141414264));
#5203 = CARTESIAN_POINT('',(3.962965300609,5.178708941681));
#5204 = CARTESIAN_POINT('',(3.99676519436,5.179258499476));
#5205 = CARTESIAN_POINT('',(4.033081040506,5.179789274723));
#5206 = CARTESIAN_POINT('',(4.07173881521,5.180300647627));
#5207 = CARTESIAN_POINT('',(4.112570522576,5.180792161303));
#5208 = CARTESIAN_POINT('',(4.155413532287,5.181263475172));
#5209 = CARTESIAN_POINT('',(4.2001160027,5.18171440027));
#5210 = CARTESIAN_POINT('',(4.246534563778,5.182144835712));
#5211 = CARTESIAN_POINT('',(4.29453323506,5.182554745917));
#5212 = CARTESIAN_POINT('',(4.343984586886,5.182944157839));
#5213 = CARTESIAN_POINT('',(4.394769147238,5.183313147243));
#5214 = CARTESIAN_POINT('',(4.446779582856,5.183661848701));
#5215 = CARTESIAN_POINT('',(4.499886431406,5.183990246957));
#5216 = CARTESIAN_POINT('',(4.55400704517,5.18429861344));
#5217 = CARTESIAN_POINT('',(4.609057114093,5.184587157129));
#5218 = CARTESIAN_POINT('',(4.664957558937,5.184856082131));
#5219 = CARTESIAN_POINT('',(4.721632421442,5.185105575486));
#5220 = CARTESIAN_POINT('',(4.779009205815,5.185335812975));
#5221 = CARTESIAN_POINT('',(4.837018598601,5.18554695944));
#5222 = CARTESIAN_POINT('',(4.895594386499,5.185739169951));
#5223 = CARTESIAN_POINT('',(4.954673348731,5.185912590156));
#5224 = CARTESIAN_POINT('',(5.014195180049,5.186067356294));
#5225 = CARTESIAN_POINT('',(5.074102425379,5.186203594784));
#5226 = CARTESIAN_POINT('',(5.134340428043,5.186321421442));
#5227 = CARTESIAN_POINT('',(5.194857284787,5.186420940364));
#5228 = CARTESIAN_POINT('',(5.255603814807,5.186502242427));
#5229 = CARTESIAN_POINT('',(5.316533502704,5.186565403771));
#5230 = CARTESIAN_POINT('',(5.377602550525,5.186610483003));
#5231 = CARTESIAN_POINT('',(5.438769520297,5.186637521966));
#5232 = CARTESIAN_POINT('',(5.479587498945,5.186643528767));
#5233 = CARTESIAN_POINT('',(5.5,5.186643530736));
#5234 = ( GEOMETRIC_REPRESENTATION_CONTEXT(2) 
PARAMETRIC_REPRESENTATION_CONTEXT() REPRESENTATION_CONTEXT('2D SPACE',''
  ) );
#5235 = ORIENTED_EDGE('',*,*,#4771,.T.);
#5236 = ADVANCED_FACE('',(#5237),#1450,.F.);
#5237 = FACE_BOUND('',#5238,.F.);
#5238 = EDGE_LOOP('',(#5239,#5240,#5263,#5705));
#5239 = ORIENTED_EDGE('',*,*,#1167,.T.);
#5240 = ORIENTED_EDGE('',*,*,#5241,.F.);
#5241 = EDGE_CURVE('',#5242,#1168,#5244,.T.);
#5242 = VERTEX_POINT('',#5243);
#5243 = CARTESIAN_POINT('',(21.637178966154,118.98341025005,2.5));
#5244 = SEAM_CURVE('',#5245,(#5249,#5256),.PCURVE_S1.);
#5245 = LINE('',#5246,#5247);
#5246 = CARTESIAN_POINT('',(23.551584301941,120.10592698248,2.5));
#5247 = VECTOR('',#5248,1.);
#5248 = DIRECTION('',(-0.862643091921,-0.505813103785,
    -1.232595164408E-32));
#5249 = PCURVE('',#1450,#5250);
#5250 = DEFINITIONAL_REPRESENTATION('',(#5251),#5255);
#5251 = LINE('',#5252,#5253);
#5252 = CARTESIAN_POINT('',(0.,-0.));
#5253 = VECTOR('',#5254,1.);
#5254 = DIRECTION('',(0.,1.));
#5255 = ( GEOMETRIC_REPRESENTATION_CONTEXT(2) 
PARAMETRIC_REPRESENTATION_CONTEXT() REPRESENTATION_CONTEXT('2D SPACE',''
  ) );
#5256 = PCURVE('',#1450,#5257);
#5257 = DEFINITIONAL_REPRESENTATION('',(#5258),#5262);
#5258 = LINE('',#5259,#5260);
#5259 = CARTESIAN_POINT('',(6.28318530718,-0.));
#5260 = VECTOR('',#5261,1.);
#5261 = DIRECTION('',(0.,1.));
#5262 = ( GEOMETRIC_REPRESENTATION_CONTEXT(2) 
PARAMETRIC_REPRESENTATION_CONTEXT() REPRESENTATION_CONTEXT('2D SPACE',''
  ) );
#5263 = ORIENTED_EDGE('',*,*,#5264,.T.);
#5264 = EDGE_CURVE('',#5242,#5242,#5265,.T.);
#5265 = SURFACE_CURVE('',#5266,(#5383,#5544),.PCURVE_S1.);
#5266 = B_SPLINE_CURVE_WITH_KNOTS('',7,(#5267,#5268,#5269,#5270,#5271,
    #5272,#5273,#5274,#5275,#5276,#5277,#5278,#5279,#5280,#5281,#5282,
    #5283,#5284,#5285,#5286,#5287,#5288,#5289,#5290,#5291,#5292,#5293,
    #5294,#5295,#5296,#5297,#5298,#5299,#5300,#5301,#5302,#5303,#5304,
    #5305,#5306,#5307,#5308,#5309,#5310,#5311,#5312,#5313,#5314,#5315,
    #5316,#5317,#5318,#5319,#5320,#5321,#5322,#5323,#5324,#5325,#5326,
    #5327,#5328,#5329,#5330,#5331,#5332,#5333,#5334,#5335,#5336,#5337,
    #5338,#5339,#5340,#5341,#5342,#5343,#5344,#5345,#5346,#5347,#5348,
    #5349,#5350,#5351,#5352,#5353,#5354,#5355,#5356,#5357,#5358,#5359,
    #5360,#5361,#5362,#5363,#5364,#5365,#5366,#5367,#5368,#5369,#5370,
    #5371,#5372,#5373,#5374,#5375,#5376,#5377,#5378,#5379,#5380,#5381,
    #5382),.UNSPECIFIED.,.T.,.F.,(8,6,6,6,6,6,6,6,6,6,6,6,6,6,6,6,6,6,6,
    8),(0.,0.159713590747,0.216729210252,0.261141454531,0.333572382774,
    0.404455316208,0.449240412435,0.50642382991,0.549636751658,
    0.581944705722,0.666681993447,0.783166029681,0.826316193859,
    0.883311867661,0.927684834786,1.,1.071165986008,1.115938317432,
    1.17311704009,1.333490734702),.UNSPECIFIED.);
#5267 = CARTESIAN_POINT('',(21.637178966154,118.98341025005,2.5));
#5268 = CARTESIAN_POINT('',(21.637178966154,118.98341025005,
    2.338634850833));
#5269 = CARTESIAN_POINT('',(21.64657034465,118.96820290297,
    2.177457164711));
#5270 = CARTESIAN_POINT('',(21.665317084409,118.93784614318,
    2.017514817377));
#5271 = CARTESIAN_POINT('',(21.693600328693,118.89199438605,
    1.860191774327));
#5272 = CARTESIAN_POINT('',(21.731664174882,118.83014284242,
    1.707267177999));
#5273 = CARTESIAN_POINT('',(21.779721129774,118.75177614865,
    1.560859665572));
#5274 = CARTESIAN_POINT('',(21.859040190135,118.62178993335,
    1.374718270934));
#5275 = CARTESIAN_POINT('',(21.881219460017,118.58539360543,
    1.326955332959));
#5276 = CARTESIAN_POINT('',(21.904721027915,118.54676967454,
    1.280533427096));
#5277 = CARTESIAN_POINT('',(21.929549500449,118.5058980312,
    1.235609946858));
#5278 = CARTESIAN_POINT('',(21.955702004747,118.46276972558,
    1.19236213284));
#5279 = CARTESIAN_POINT('',(21.983165839474,118.41739108833,
    1.150984707539));
#5280 = CARTESIAN_POINT('',(22.034311124864,118.33270737054,
    1.081077008293));
#5281 = CARTESIAN_POINT('',(22.057485410083,118.29427921449,
    1.051730518759));
#5282 = CARTESIAN_POINT('',(22.081425791172,118.2545179997,
    1.023748244173));
#5283 = CARTESIAN_POINT('',(22.106112364403,118.21344917874,
    0.997238719753));
#5284 = CARTESIAN_POINT('',(22.131517119627,118.17111167795,
    0.972315567063));
#5285 = CARTESIAN_POINT('',(22.157602547225,118.127560535,0.949094247728
    ));
#5286 = CARTESIAN_POINT('',(22.227893536321,118.00998399443,
    0.892779182867));
#5287 = CARTESIAN_POINT('',(22.273170675422,117.93402965799,
    0.862681207541));
#5288 = CARTESIAN_POINT('',(22.319907468782,117.85538370049,
    0.837927478882));
#5289 = CARTESIAN_POINT('',(22.367798674034,117.77453053982,
    0.818988378333));
#5290 = CARTESIAN_POINT('',(22.416475434935,117.69207122741,
    0.806242400231));
#5291 = CARTESIAN_POINT('',(22.465503333135,117.60873155374,
    0.799917094839));
#5292 = CARTESIAN_POINT('',(22.562214165094,117.44378781518,
    0.800082390223));
#5293 = CARTESIAN_POINT('',(22.609946208894,117.36211179153,
    0.806301997294));
#5294 = CARTESIAN_POINT('',(22.657111763042,117.28113578824,
    0.818666279914));
#5295 = CARTESIAN_POINT('',(22.703317505916,117.20154766585,
    0.836965940482));
#5296 = CARTESIAN_POINT('',(22.748238169483,117.12393039791,
    0.860851524407));
#5297 = CARTESIAN_POINT('',(22.791611865845,117.0487654925,
    0.889884804484));
#5298 = CARTESIAN_POINT('',(22.859532893138,116.93073954277,
    0.94484570126));
#5299 = CARTESIAN_POINT('',(22.88514114024,116.88615828837,
    0.967988555984));
#5300 = CARTESIAN_POINT('',(22.910016423904,116.842776389,0.992877427624
    ));
#5301 = CARTESIAN_POINT('',(22.934127172206,116.80065678908,
    1.019393752096));
#5302 = CARTESIAN_POINT('',(22.957451657849,116.7598454506,1.04742058704
    ));
#5303 = CARTESIAN_POINT('',(22.979976307056,116.72037398475,
    1.07684607551));
#5304 = CARTESIAN_POINT('',(23.029424045687,116.63359972592,
    1.146792509935));
#5305 = CARTESIAN_POINT('',(23.055836454552,116.58715760818,
    1.188126951269));
#5306 = CARTESIAN_POINT('',(23.080919613012,116.54297194197,
    1.231357420029));
#5307 = CARTESIAN_POINT('',(23.104673193363,116.5010579333,
    1.276286304238));
#5308 = CARTESIAN_POINT('',(23.127105664744,116.46141418995,1.3227336693
    ));
#5309 = CARTESIAN_POINT('',(23.148231795657,116.42402692881,
    1.370539733748));
#5310 = CARTESIAN_POINT('',(23.183061802166,116.36230961434,
    1.456617007652));
#5311 = CARTESIAN_POINT('',(23.197317251221,116.3370225281,
    1.494362422589));
#5312 = CARTESIAN_POINT('',(23.210844445886,116.31300358426,
    1.532743269054));
#5313 = CARTESIAN_POINT('',(23.223651400645,116.29024291344,
    1.571703595208));
#5314 = CARTESIAN_POINT('',(23.235746202219,116.26873011726,
    1.611191818109));
#5315 = CARTESIAN_POINT('',(23.247137009571,116.24845426835,
    1.651160723718));
#5316 = CARTESIAN_POINT('',(23.265828157542,116.21516099252,
    1.721777393683));
#5317 = CARTESIAN_POINT('',(23.273435210571,116.20160334408,
    1.752231718461));
#5318 = CARTESIAN_POINT('',(23.280656539618,116.18872638182,
    1.78291236891));
#5319 = CARTESIAN_POINT('',(23.287495299227,116.17652572103,
    1.81380215083));
#5320 = CARTESIAN_POINT('',(23.293954471852,116.16499717552,
    1.844884748143));
#5321 = CARTESIAN_POINT('',(23.300036867856,116.15413675756,
    1.876144722887));
#5322 = CARTESIAN_POINT('',(23.320716741202,116.11719840471,
    1.989983201143));
#5323 = CARTESIAN_POINT('',(23.333113298698,116.09502856318,
    2.073511648253));
#5324 = CARTESIAN_POINT('',(23.34298463066,116.07735891026,
    2.157899084266));
#5325 = CARTESIAN_POINT('',(23.350365852746,116.06413867993,
    2.242910672486));
#5326 = CARTESIAN_POINT('',(23.35528130228,116.0553321645,2.328327368901
    ));
#5327 = CARTESIAN_POINT('',(23.357744663831,116.05091880355,
    2.413943856677));
#5328 = CARTESIAN_POINT('',(23.357769877599,116.05087363053,
    2.617270102027));
#5329 = CARTESIAN_POINT('',(23.353149562135,116.05915138672,
    2.734939501934));
#5330 = CARTESIAN_POINT('',(23.343899599573,116.07572367649,
    2.852105850365));
#5331 = CARTESIAN_POINT('',(23.329966580568,116.10067210759,
    2.968231777333));
#5332 = CARTESIAN_POINT('',(23.311265112328,116.13412154714,
    3.082711953439));
#5333 = CARTESIAN_POINT('',(23.287677816436,116.17623805175,
    3.194861772008));
#5334 = CARTESIAN_POINT('',(23.248415876122,116.24617755064,
    3.344285386481));
#5335 = CARTESIAN_POINT('',(23.237109987369,116.26630375141,
    3.384242472352));
#5336 = CARTESIAN_POINT('',(23.225102803483,116.2876624264,
    3.423724023871));
#5337 = CARTESIAN_POINT('',(23.212386213404,116.31026445858,
    3.462683285139));
#5338 = CARTESIAN_POINT('',(23.198952159599,116.33412023833,
    3.501069188289));
#5339 = CARTESIAN_POINT('',(23.184792638062,116.35923966346,
    3.538826353491));
#5340 = CARTESIAN_POINT('',(23.150228089829,116.42049311747,
    3.624857997766));
#5341 = CARTESIAN_POINT('',(23.129278251399,116.45757273722,
    3.672616645183));
#5342 = CARTESIAN_POINT('',(23.107031687291,116.49689300527,
    3.719036036362));
#5343 = CARTESIAN_POINT('',(23.083473544574,116.53846805052,
    3.76395900686));
#5344 = CARTESIAN_POINT('',(23.0585950241,116.58230005664,3.807208577627
    ));
#5345 = CARTESIAN_POINT('',(23.032395791488,116.62837519488,
    3.84859030999));
#5346 = CARTESIAN_POINT('',(22.983469431867,116.71425048718,
    3.918494363106));
#5347 = CARTESIAN_POINT('',(22.961259591112,116.7531783036,
    3.947833130699));
#5348 = CARTESIAN_POINT('',(22.938263274483,116.79342457205,
    3.975811064621));
#5349 = CARTESIAN_POINT('',(22.914493010065,116.83495974629,
    4.002319957042));
#5350 = CARTESIAN_POINT('',(22.889969047022,116.87774066982,
    4.027246516067));
#5351 = CARTESIAN_POINT('',(22.864720957226,116.92170807786,
    4.050475590682));
#5352 = CARTESIAN_POINT('',(22.796527996276,117.0402450406,
    4.106798253559));
#5353 = CARTESIAN_POINT('',(22.752429552936,117.11668781819,
    4.13691064674));
#5354 = CARTESIAN_POINT('',(22.706701982544,117.19571823365,
    4.161700423931));
#5355 = CARTESIAN_POINT('',(22.659616485897,117.27683645576,
    4.180698690742));
#5356 = CARTESIAN_POINT('',(22.611514292287,117.35943004649,
    4.193527267993));
#5357 = CARTESIAN_POINT('',(22.562813125103,117.44276805873,
    4.199957703574));
#5358 = CARTESIAN_POINT('',(22.465988826082,117.6079017524,
    4.200041302633));
#5359 = CARTESIAN_POINT('',(22.417824304351,117.68977679449,
    4.193895977925));
#5360 = CARTESIAN_POINT('',(22.369990007713,117.77081704967,
    4.181554445718));
#5361 = CARTESIAN_POINT('',(22.322897941218,117.85033380584,4.163226899)
  );
#5362 = CARTESIAN_POINT('',(22.276901658813,117.92775022459,
    4.139266344362));
#5363 = CARTESIAN_POINT('',(22.232296830354,118.00259608838,
    4.110116448109));
#5364 = CARTESIAN_POINT('',(22.162286237271,118.11973819407,
    4.05499918882));
#5365 = CARTESIAN_POINT('',(22.135885821688,118.16382727222,
    4.031853362646));
#5366 = CARTESIAN_POINT('',(22.110172104761,118.2066904296,
    4.006963175898));
#5367 = CARTESIAN_POINT('',(22.085184550554,118.24826952011,
    3.980447081174));
#5368 = CARTESIAN_POINT('',(22.06095268075,118.28852328409,
    3.952421899456));
#5369 = CARTESIAN_POINT('',(22.037497531207,118.32742458489,
    3.922999364395));
#5370 = CARTESIAN_POINT('',(21.985888385351,118.41289109845,
    3.853054386796));
#5371 = CARTESIAN_POINT('',(21.95823545706,118.45858944,3.811718338575)
  );
#5372 = CARTESIAN_POINT('',(21.931900346062,118.50202521153,
    3.768487224345));
#5373 = CARTESIAN_POINT('',(21.90689652399,118.54319098787,
    3.723558544945));
#5374 = CARTESIAN_POINT('',(21.883227330091,118.58209512977,
    3.677112128668));
#5375 = CARTESIAN_POINT('',(21.860888389604,118.61875753648,
    3.629307660301));
#5376 = CARTESIAN_POINT('',(21.780918179368,118.74982404678,
    3.442776645069));
#5377 = CARTESIAN_POINT('',(21.732453753705,118.82885981257,
    3.295898308316));
#5378 = CARTESIAN_POINT('',(21.694069246505,118.89123419319,
    3.142412209318));
#5379 = CARTESIAN_POINT('',(21.665550232094,118.93746860086,
    2.984469845028));
#5380 = CARTESIAN_POINT('',(21.64664838164,118.96807653998,
    2.823876795512));
#5381 = CARTESIAN_POINT('',(21.637178966154,118.98341025005,
    2.662034282887));
#5382 = CARTESIAN_POINT('',(21.637178966154,118.98341025005,2.5));
#5383 = PCURVE('',#1450,#5384);
#5384 = DEFINITIONAL_REPRESENTATION('',(#5385),#5543);
#5385 = B_SPLINE_CURVE_WITH_KNOTS('',3,(#5386,#5387,#5388,#5389,#5390,
    #5391,#5392,#5393,#5394,#5395,#5396,#5397,#5398,#5399,#5400,#5401,
    #5402,#5403,#5404,#5405,#5406,#5407,#5408,#5409,#5410,#5411,#5412,
    #5413,#5414,#5415,#5416,#5417,#5418,#5419,#5420,#5421,#5422,#5423,
    #5424,#5425,#5426,#5427,#5428,#5429,#5430,#5431,#5432,#5433,#5434,
    #5435,#5436,#5437,#5438,#5439,#5440,#5441,#5442,#5443,#5444,#5445,
    #5446,#5447,#5448,#5449,#5450,#5451,#5452,#5453,#5454,#5455,#5456,
    #5457,#5458,#5459,#5460,#5461,#5462,#5463,#5464,#5465,#5466,#5467,
    #5468,#5469,#5470,#5471,#5472,#5473,#5474,#5475,#5476,#5477,#5478,
    #5479,#5480,#5481,#5482,#5483,#5484,#5485,#5486,#5487,#5488,#5489,
    #5490,#5491,#5492,#5493,#5494,#5495,#5496,#5497,#5498,#5499,#5500,
    #5501,#5502,#5503,#5504,#5505,#5506,#5507,#5508,#5509,#5510,#5511,
    #5512,#5513,#5514,#5515,#5516,#5517,#5518,#5519,#5520,#5521,#5522,
    #5523,#5524,#5525,#5526,#5527,#5528,#5529,#5530,#5531,#5532,#5533,
    #5534,#5535,#5536,#5537,#5538,#5539,#5540,#5541,#5542),
  .UNSPECIFIED.,.F.,.F.,(4,1,1,1,1,1,1,1,1,1,1,1,1,1,1,1,1,1,1,1,1,1,1,1
    ,1,1,1,1,1,1,1,1,1,1,1,1,1,1,1,1,1,1,1,1,1,1,1,1,1,1,1,1,1,1,1,1,1,1
    ,1,1,1,1,1,1,1,1,1,1,1,1,1,1,1,1,1,1,1,1,1,1,1,1,1,1,1,1,1,1,1,1,1,1
    ,1,1,1,1,1,1,1,1,1,1,1,1,1,1,1,1,1,1,1,1,1,1,1,1,1,1,1,1,1,1,1,1,1,1
    ,1,1,1,1,1,1,1,1,1,1,1,1,1,1,1,1,1,1,1,1,1,1,1,1,1,1,1,1,4),(0.,
    8.659030744821E-03,1.731806148964E-02,2.597709223446E-02,
    3.463612297928E-02,4.32951537241E-02,5.195418446892E-02,
    6.061321521375E-02,6.927224595857E-02,7.793127670339E-02,
    8.659030744821E-02,9.524933819303E-02,0.103908368938,0.112567399683,
    0.121226430427,0.129885461172,0.138544491917,0.147203522662,
    0.155862553407,0.164521584152,0.173180614896,0.181839645641,
    0.190498676386,0.199157707131,0.207816737876,0.216475768621,
    0.225134799365,0.23379383011,0.242452860855,0.2511118916,
    0.259770922345,0.268429953089,0.277088983834,0.285748014579,
    0.294407045324,0.303066076069,0.311725106814,0.320384137558,
    0.329043168303,0.337702199048,0.346361229793,0.355020260538,
    0.363679291282,0.372338322027,0.380997352772,0.389656383517,
    0.398315414262,0.406974445007,0.415633475751,0.424292506496,
    0.432951537241,0.441610567986,0.450269598731,0.458928629476,
    0.46758766022,0.476246690965,0.48490572171,0.493564752455,
    0.5022237832,0.510882813944,0.519541844689,0.528200875434,
    0.536859906179,0.545518936924,0.554177967669,0.562836998413,
    0.571496029158,0.580155059903,0.588814090648,0.597473121393,
    0.606132152137,0.614791182882,0.623450213627,0.632109244372,
    0.640768275117,0.649427305862,0.658086336606,0.666745367351,
    0.675404398096,0.684063428841,0.692722459586,0.70138149033,
    0.710040521075,0.71869955182,0.727358582565,0.73601761331,
    0.744676644055,0.753335674799,0.761994705544,0.770653736289,
    0.779312767034,0.787971797779,0.796630828524,0.805289859268,
    0.813948890013,0.822607920758,0.831266951503,0.839925982248,
    0.848585012992,0.857244043737,0.865903074482,0.874562105227,
    0.883221135972,0.891880166717,0.900539197461,0.909198228206,
    0.917857258951,0.926516289696,0.935175320441,0.943834351185,
    0.95249338193,0.961152412675,0.96981144342,0.978470474165,
    0.98712950491,0.995788535654,1.004447566399,1.013106597144,
    1.021765627889,1.030424658634,1.039083689378,1.047742720123,
    1.056401750868,1.065060781613,1.073719812358,1.082378843103,
    1.091037873847,1.099696904592,1.108355935337,1.117014966082,
    1.125673996827,1.134333027572,1.142992058316,1.151651089061,
    1.160310119806,1.168969150551,1.177628181296,1.18628721204,
    1.194946242785,1.20360527353,1.212264304275,1.22092333502,
    1.229582365765,1.238241396509,1.246900427254,1.255559457999,
    1.264218488744,1.272877519489,1.281536550233,1.290195580978,
    1.298854611723,1.307513642468,1.316172673213,1.324831703958,
    1.333490734702),.QUASI_UNIFORM_KNOTS.);
#5386 = CARTESIAN_POINT('',(0.,2.219232210535));
#5387 = CARTESIAN_POINT('',(1.200773757425E-02,2.219232221767));
#5388 = CARTESIAN_POINT('',(3.6019082383E-02,2.219215357337));
#5389 = CARTESIAN_POINT('',(7.204768825939E-02,2.219139669186));
#5390 = CARTESIAN_POINT('',(0.108112313383,2.219013803383));
#5391 = CARTESIAN_POINT('',(0.144235810183,2.218838167401));
#5392 = CARTESIAN_POINT('',(0.180440247913,2.218613308615));
#5393 = CARTESIAN_POINT('',(0.21674694089,2.218339941155));
#5394 = CARTESIAN_POINT('',(0.253176672905,2.218018950656));
#5395 = CARTESIAN_POINT('',(0.289749861526,2.217651404397));
#5396 = CARTESIAN_POINT('',(0.32648673368,2.217238559453));
#5397 = CARTESIAN_POINT('',(0.363407497006,2.216781870845));
#5398 = CARTESIAN_POINT('',(0.400532515887,2.216282999135));
#5399 = CARTESIAN_POINT('',(0.437882494729,2.215743817612));
#5400 = CARTESIAN_POINT('',(0.475478676318,2.215166419006));
#5401 = CARTESIAN_POINT('',(0.513343052343,2.214553121863));
#5402 = CARTESIAN_POINT('',(0.551498624554,2.21390647599));
#5403 = CARTESIAN_POINT('',(0.589969603465,2.21322926926));
#5404 = CARTESIAN_POINT('',(0.628781998724,2.212524527108));
#5405 = CARTESIAN_POINT('',(0.667962939793,2.211795537102));
#5406 = CARTESIAN_POINT('',(0.707544960688,2.211045777684));
#5407 = CARTESIAN_POINT('',(0.747530816409,2.210279613028));
#5408 = CARTESIAN_POINT('',(0.787945201438,2.209501317161));
#5409 = CARTESIAN_POINT('',(0.82880757845,2.208715596611));
#5410 = CARTESIAN_POINT('',(0.870136508394,2.207927496693));
#5411 = CARTESIAN_POINT('',(0.911948481405,2.207142414446));
#5412 = CARTESIAN_POINT('',(0.954258884045,2.206366069691));
#5413 = CARTESIAN_POINT('',(0.997079673135,2.205604536944));
#5414 = CARTESIAN_POINT('',(1.040416451699,2.204864219722));
#5415 = CARTESIAN_POINT('',(1.084271471141,2.204151770259));
#5416 = CARTESIAN_POINT('',(1.128641249225,2.20347403483));
#5417 = CARTESIAN_POINT('',(1.173514113722,2.202837981948));
#5418 = CARTESIAN_POINT('',(1.218879392527,2.202250480232));
#5419 = CARTESIAN_POINT('',(1.264715114241,2.201718332695));
#5420 = CARTESIAN_POINT('',(1.310974327014,2.201248229402));
#5421 = CARTESIAN_POINT('',(1.357611013655,2.200846231688));
#5422 = CARTESIAN_POINT('',(1.404572301509,2.200517712189));
#5423 = CARTESIAN_POINT('',(1.451799317813,2.200267180371));
#5424 = CARTESIAN_POINT('',(1.499224817579,2.200098138512));
#5425 = CARTESIAN_POINT('',(1.546773700597,2.200012940669));
#5426 = CARTESIAN_POINT('',(1.594353520799,2.200012619603));
#5427 = CARTESIAN_POINT('',(1.641902083327,2.200096872585));
#5428 = CARTESIAN_POINT('',(1.689329269223,2.200264086183));
#5429 = CARTESIAN_POINT('',(1.736559938548,2.200511363351));
#5430 = CARTESIAN_POINT('',(1.783526839949,2.200834711507));
#5431 = CARTESIAN_POINT('',(1.830170585985,2.201229195738));
#5432 = CARTESIAN_POINT('',(1.876437396811,2.20168909094));
#5433 = CARTESIAN_POINT('',(1.922280311801,2.202208067162));
#5434 = CARTESIAN_POINT('',(1.967650074066,2.202779237282));
#5435 = CARTESIAN_POINT('',(2.012529875157,2.203395782621));
#5436 = CARTESIAN_POINT('',(2.056906209359,2.204050803361));
#5437 = CARTESIAN_POINT('',(2.100767995867,2.204737419914));
#5438 = CARTESIAN_POINT('',(2.144111454043,2.20544892858));
#5439 = CARTESIAN_POINT('',(2.186938888814,2.206178884621));
#5440 = CARTESIAN_POINT('',(2.229255585391,2.206921133999));
#5441 = CARTESIAN_POINT('',(2.271073947153,2.207669902506));
#5442 = CARTESIAN_POINT('',(2.312409060538,2.208419788297));
#5443 = CARTESIAN_POINT('',(2.353277434327,2.209165739535));
#5444 = CARTESIAN_POINT('',(2.393697443673,2.209903068044));
#5445 = CARTESIAN_POINT('',(2.433689171373,2.210627448694));
#5446 = CARTESIAN_POINT('',(2.47327521357,2.211334939834));
#5447 = CARTESIAN_POINT('',(2.512476391799,2.212021881796));
#5448 = CARTESIAN_POINT('',(2.551315719633,2.212684970511));
#5449 = CARTESIAN_POINT('',(2.589815649196,2.213321170993));
#5450 = CARTESIAN_POINT('',(2.627998741831,2.213927726726));
#5451 = CARTESIAN_POINT('',(2.665888112886,2.214502166082));
#5452 = CARTESIAN_POINT('',(2.703506034912,2.215042240082));
#5453 = CARTESIAN_POINT('',(2.740874866692,2.215545934233));
#5454 = CARTESIAN_POINT('',(2.778016719749,2.216011441615));
#5455 = CARTESIAN_POINT('',(2.814952960572,2.216437157097));
#5456 = CARTESIAN_POINT('',(2.851704380832,2.21682165759));
#5457 = CARTESIAN_POINT('',(2.888293454079,2.217163718735));
#5458 = CARTESIAN_POINT('',(2.924741243956,2.217462268152));
#5459 = CARTESIAN_POINT('',(2.961068426655,2.217716391577));
#5460 = CARTESIAN_POINT('',(2.997295271419,2.217925325788));
#5461 = CARTESIAN_POINT('',(3.033441844419,2.218088455057));
#5462 = CARTESIAN_POINT('',(3.069528290077,2.218205306629));
#5463 = CARTESIAN_POINT('',(3.105574537715,2.218275546499));
#5464 = CARTESIAN_POINT('',(3.141602217964,2.21829897488));
#5465 = CARTESIAN_POINT('',(3.177628332223,2.218275522533));
#5466 = CARTESIAN_POINT('',(3.213671438889,2.218205267707));
#5467 = CARTESIAN_POINT('',(3.249754140331,2.218088412055));
#5468 = CARTESIAN_POINT('',(3.285897104423,2.217925288007));
#5469 = CARTESIAN_POINT('',(3.32212090989,2.217716364713));
#5470 = CARTESIAN_POINT('',(3.358445779606,2.217462254299));
#5471 = CARTESIAN_POINT('',(3.394891870478,2.217163717971));
#5472 = CARTESIAN_POINT('',(3.431479412299,2.216821672077));
#5473 = CARTESIAN_POINT('',(3.468228889516,2.216437194147));
#5474 = CARTESIAN_POINT('',(3.505161230427,2.216011528752));
#5475 = CARTESIAN_POINT('',(3.542297984306,2.215546093769));
#5476 = CARTESIAN_POINT('',(3.579661631838,2.215042484869));
#5477 = CARTESIAN_POINT('',(3.617275497292,2.214502486383));
#5478 = CARTESIAN_POINT('',(3.655165271562,2.213928058081));
#5479 = CARTESIAN_POINT('',(3.693348366626,2.213321516236));
#5480 = CARTESIAN_POINT('',(3.731848406327,2.212685326326));
#5481 = CARTESIAN_POINT('',(3.770687775155,2.212022247849));
#5482 = CARTESIAN_POINT('',(3.809889032637,2.211335313243));
#5483 = CARTESIAN_POINT('',(3.849475077677,2.210627828129));
#5484 = CARTESIAN_POINT('',(3.889466848002,2.209903450294));
#5485 = CARTESIAN_POINT('',(3.929886937917,2.209166121768));
#5486 = CARTESIAN_POINT('',(3.970755341597,2.208420169259));
#5487 = CARTESIAN_POINT('',(4.012090456908,2.207670279959));
#5488 = CARTESIAN_POINT('',(4.0539087916,2.206921505123));
#5489 = CARTESIAN_POINT('',(4.096225753862,2.206179242337));
#5490 = CARTESIAN_POINT('',(4.139053157004,2.205449275259));
#5491 = CARTESIAN_POINT('',(4.182396631193,2.204737751671));
#5492 = CARTESIAN_POINT('',(4.226258343772,2.204051119579));
#5493 = CARTESIAN_POINT('',(4.270634805662,2.203396077256));
#5494 = CARTESIAN_POINT('',(4.315514135179,2.202779514518));
#5495 = CARTESIAN_POINT('',(4.360886169259,2.202208292304));
#5496 = CARTESIAN_POINT('',(4.406728124846,2.201689302183));
#5497 = CARTESIAN_POINT('',(4.452993229572,2.201229394526));
#5498 = CARTESIAN_POINT('',(4.499635377899,2.200834889708));
#5499 = CARTESIAN_POINT('',(4.546601575683,2.200511507953));
#5500 = CARTESIAN_POINT('',(4.59383269863,2.200264187977));
#5501 = CARTESIAN_POINT('',(4.641261192092,2.200096929752));
#5502 = CARTESIAN_POINT('',(4.688811285415,2.200012637323));
#5503 = CARTESIAN_POINT('',(4.73639049287,2.200012922637));
#5504 = CARTESIAN_POINT('',(4.783937812604,2.20009807893));
#5505 = CARTESIAN_POINT('',(4.831362649287,2.200267076959));
#5506 = CARTESIAN_POINT('',(4.878590390047,2.200517571977));
#5507 = CARTESIAN_POINT('',(4.925553872249,2.200846070307));
#5508 = CARTESIAN_POINT('',(4.972193786465,2.201248066023));
#5509 = CARTESIAN_POINT('',(5.018456325706,2.201718180169));
#5510 = CARTESIAN_POINT('',(5.064294488672,2.202250339418));
#5511 = CARTESIAN_POINT('',(5.109658805643,2.202837814143));
#5512 = CARTESIAN_POINT('',(5.154532974631,2.203473870781));
#5513 = CARTESIAN_POINT('',(5.198903536827,2.204151607307));
#5514 = CARTESIAN_POINT('',(5.24275948406,2.20486406335));
#5515 = CARTESIAN_POINT('',(5.286097092658,2.20560438764));
#5516 = CARTESIAN_POINT('',(5.328918723838,2.206365930343));
#5517 = CARTESIAN_POINT('',(5.371229698669,2.20714228211));
#5518 = CARTESIAN_POINT('',(5.413042478428,2.207927376614));
#5519 = CARTESIAN_POINT('',(5.454372168404,2.208715489863));
#5520 = CARTESIAN_POINT('',(5.495235282792,2.209501224421));
#5521 = CARTESIAN_POINT('',(5.535650282862,2.210279532318));
#5522 = CARTESIAN_POINT('',(5.575637018978,2.211045714052));
#5523 = CARTESIAN_POINT('',(5.615219041802,2.211795474548));
#5524 = CARTESIAN_POINT('',(5.654399342512,2.212524454008));
#5525 = CARTESIAN_POINT('',(5.693211683947,2.213229197333));
#5526 = CARTESIAN_POINT('',(5.731682751858,2.213906408078));
#5527 = CARTESIAN_POINT('',(5.769838579845,2.214553061003));
#5528 = CARTESIAN_POINT('',(5.807703294335,2.215166366424));
#5529 = CARTESIAN_POINT('',(5.845299857209,2.215743773659));
#5530 = CARTESIAN_POINT('',(5.882650222018,2.216282963403));
#5531 = CARTESIAN_POINT('',(5.919775605108,2.216781842473));
#5532 = CARTESIAN_POINT('',(5.956696692371,2.217238537332));
#5533 = CARTESIAN_POINT('',(5.993433837789,2.217651387366));
#5534 = CARTESIAN_POINT('',(6.030007246113,2.218018937643));
#5535 = CARTESIAN_POINT('',(6.066437148749,2.218339931274));
#5536 = CARTESIAN_POINT('',(6.102743975053,2.21861330122));
#5537 = CARTESIAN_POINT('',(6.138948528028,2.218838162081));
#5538 = CARTESIAN_POINT('',(6.175072148747,2.219013799904));
#5539 = CARTESIAN_POINT('',(6.211136941328,2.219139667366));
#5540 = CARTESIAN_POINT('',(6.247165800366,2.219215356892));
#5541 = CARTESIAN_POINT('',(6.271177407004,2.219232221741));
#5542 = CARTESIAN_POINT('',(6.28318530718,2.219232210535));
#5543 = ( GEOMETRIC_REPRESENTATION_CONTEXT(2) 
PARAMETRIC_REPRESENTATION_CONTEXT() REPRESENTATION_CONTEXT('2D SPACE',''
  ) );
#5544 = PCURVE('',#116,#5545);
#5545 = DEFINITIONAL_REPRESENTATION('',(#5546),#5704);
#5546 = B_SPLINE_CURVE_WITH_KNOTS('',3,(#5547,#5548,#5549,#5550,#5551,
    #5552,#5553,#5554,#5555,#5556,#5557,#5558,#5559,#5560,#5561,#5562,
    #5563,#5564,#5565,#5566,#5567,#5568,#5569,#5570,#5571,#5572,#5573,
    #5574,#5575,#5576,#5577,#5578,#5579,#5580,#5581,#5582,#5583,#5584,
    #5585,#5586,#5587,#5588,#5589,#5590,#5591,#5592,#5593,#5594,#5595,
    #5596,#5597,#5598,#5599,#5600,#5601,#5602,#5603,#5604,#5605,#5606,
    #5607,#5608,#5609,#5610,#5611,#5612,#5613,#5614,#5615,#5616,#5617,
    #5618,#5619,#5620,#5621,#5622,#5623,#5624,#5625,#5626,#5627,#5628,
    #5629,#5630,#5631,#5632,#5633,#5634,#5635,#5636,#5637,#5638,#5639,
    #5640,#5641,#5642,#5643,#5644,#5645,#5646,#5647,#5648,#5649,#5650,
    #5651,#5652,#5653,#5654,#5655,#5656,#5657,#5658,#5659,#5660,#5661,
    #5662,#5663,#5664,#5665,#5666,#5667,#5668,#5669,#5670,#5671,#5672,
    #5673,#5674,#5675,#5676,#5677,#5678,#5679,#5680,#5681,#5682,#5683,
    #5684,#5685,#5686,#5687,#5688,#5689,#5690,#5691,#5692,#5693,#5694,
    #5695,#5696,#5697,#5698,#5699,#5700,#5701,#5702,#5703),
  .UNSPECIFIED.,.T.,.F.,(4,1,1,1,1,1,1,1,1,1,1,1,1,1,1,1,1,1,1,1,1,1,1,1
    ,1,1,1,1,1,1,1,1,1,1,1,1,1,1,1,1,1,1,1,1,1,1,1,1,1,1,1,1,1,1,1,1,1,1
    ,1,1,1,1,1,1,1,1,1,1,1,1,1,1,1,1,1,1,1,1,1,1,1,1,1,1,1,1,1,1,1,1,1,1
    ,1,1,1,1,1,1,1,1,1,1,1,1,1,1,1,1,1,1,1,1,1,1,1,1,1,1,1,1,1,1,1,1,1,1
    ,1,1,1,1,1,1,1,1,1,1,1,1,1,1,1,1,1,1,1,1,1,1,1,1,1,1,1,1,4),(0.,
    8.659030744821E-03,1.731806148964E-02,2.597709223446E-02,
    3.463612297928E-02,4.32951537241E-02,5.195418446892E-02,
    6.061321521375E-02,6.927224595857E-02,7.793127670339E-02,
    8.659030744821E-02,9.524933819303E-02,0.103908368938,0.112567399683,
    0.121226430427,0.129885461172,0.138544491917,0.147203522662,
    0.155862553407,0.164521584152,0.173180614896,0.181839645641,
    0.190498676386,0.199157707131,0.207816737876,0.216475768621,
    0.225134799365,0.23379383011,0.242452860855,0.2511118916,
    0.259770922345,0.268429953089,0.277088983834,0.285748014579,
    0.294407045324,0.303066076069,0.311725106814,0.320384137558,
    0.329043168303,0.337702199048,0.346361229793,0.355020260538,
    0.363679291282,0.372338322027,0.380997352772,0.389656383517,
    0.398315414262,0.406974445007,0.415633475751,0.424292506496,
    0.432951537241,0.441610567986,0.450269598731,0.458928629476,
    0.46758766022,0.476246690965,0.48490572171,0.493564752455,
    0.5022237832,0.510882813944,0.519541844689,0.528200875434,
    0.536859906179,0.545518936924,0.554177967669,0.562836998413,
    0.571496029158,0.580155059903,0.588814090648,0.597473121393,
    0.606132152137,0.614791182882,0.623450213627,0.632109244372,
    0.640768275117,0.649427305862,0.658086336606,0.666745367351,
    0.675404398096,0.684063428841,0.692722459586,0.70138149033,
    0.710040521075,0.71869955182,0.727358582565,0.73601761331,
    0.744676644055,0.753335674799,0.761994705544,0.770653736289,
    0.779312767034,0.787971797779,0.796630828524,0.805289859268,
    0.813948890013,0.822607920758,0.831266951503,0.839925982248,
    0.848585012992,0.857244043737,0.865903074482,0.874562105227,
    0.883221135972,0.891880166717,0.900539197461,0.909198228206,
    0.917857258951,0.926516289696,0.935175320441,0.943834351185,
    0.95249338193,0.961152412675,0.96981144342,0.978470474165,
    0.98712950491,0.995788535654,1.004447566399,1.013106597144,
    1.021765627889,1.030424658634,1.039083689378,1.047742720123,
    1.056401750868,1.065060781613,1.073719812358,1.082378843103,
    1.091037873847,1.099696904592,1.108355935337,1.117014966082,
    1.125673996827,1.134333027572,1.142992058316,1.151651089061,
    1.160310119806,1.168969150551,1.177628181296,1.18628721204,
    1.194946242785,1.20360527353,1.212264304275,1.22092333502,
    1.229582365765,1.238241396509,1.246900427254,1.255559457999,
    1.264218488744,1.272877519489,1.281536550233,1.290195580978,
    1.298854611723,1.307513642468,1.316172673213,1.324831703958,
    1.333490734702),.QUASI_UNIFORM_KNOTS.);
#5547 = CARTESIAN_POINT('',(5.5,5.784545439015));
#5548 = CARTESIAN_POINT('',(5.52041312446,5.78454543606));
#5549 = CARTESIAN_POINT('',(5.561232452387,5.784535764213));
#5550 = CARTESIAN_POINT('',(5.622401627906,5.784492229875));
#5551 = CARTESIAN_POINT('',(5.683472931085,5.784419653159));
#5552 = CARTESIAN_POINT('',(5.744404814986,5.784317972937));
#5553 = CARTESIAN_POINT('',(5.805153388174,5.78418710339));
#5554 = CARTESIAN_POINT('',(5.865672059395,5.784026933107));
#5555 = CARTESIAN_POINT('',(5.925911588954,5.783837329502));
#5556 = CARTESIAN_POINT('',(5.985820031614,5.783618141297));
#5557 = CARTESIAN_POINT('',(6.045342705286,5.783369200956));
#5558 = CARTESIAN_POINT('',(6.104422145712,5.783090326492));
#5559 = CARTESIAN_POINT('',(6.162998054182,5.782781322765));
#5560 = CARTESIAN_POINT('',(6.221007231951,5.782441982166));
#5561 = CARTESIAN_POINT('',(6.27838350181,5.782072084636));
#5562 = CARTESIAN_POINT('',(6.335057603354,5.781671397106));
#5563 = CARTESIAN_POINT('',(6.390957097472,5.781239671798));
#5564 = CARTESIAN_POINT('',(6.446006133441,5.780776645258));
#5565 = CARTESIAN_POINT('',(6.500125611743,5.780282030964));
#5566 = CARTESIAN_POINT('',(6.553231738744,5.779755531999));
#5567 = CARTESIAN_POINT('',(6.605240437729,5.779196774752));
#5568 = CARTESIAN_POINT('',(6.65602221336,5.778605837231));
#5569 = CARTESIAN_POINT('',(6.705471026759,5.777982542846));
#5570 = CARTESIAN_POINT('',(6.753467055141,5.777326830459));
#5571 = CARTESIAN_POINT('',(6.799883047924,5.776638713886));
#5572 = CARTESIAN_POINT('',(6.844583076597,5.775918310944));
#5573 = CARTESIAN_POINT('',(6.887424068443,5.775165841098));
#5574 = CARTESIAN_POINT('',(6.928253811078,5.774381678448));
#5575 = CARTESIAN_POINT('',(6.966909990079,5.773566428045));
#5576 = CARTESIAN_POINT('',(7.003224568201,5.772720886767));
#5577 = CARTESIAN_POINT('',(7.037023707906,5.771846105025));
#5578 = CARTESIAN_POINT('',(7.068129070388,5.77094345405));
#5579 = CARTESIAN_POINT('',(7.096366517942,5.770014449643));
#5580 = CARTESIAN_POINT('',(7.12156003674,5.769061005804));
#5581 = CARTESIAN_POINT('',(7.143531750014,5.768085740955));
#5582 = CARTESIAN_POINT('',(7.162122127528,5.767091440673));
#5583 = CARTESIAN_POINT('',(7.177188292954,5.766081201246));
#5584 = CARTESIAN_POINT('',(7.188608491228,5.765058393825));
#5585 = CARTESIAN_POINT('',(7.1962855363,5.76402669011));
#5586 = CARTESIAN_POINT('',(7.200150770621,5.762990019824));
#5587 = CARTESIAN_POINT('',(7.200169590553,5.761952738277));
#5588 = CARTESIAN_POINT('',(7.196342016321,5.760918544146));
#5589 = CARTESIAN_POINT('',(7.188702077359,5.759891703456));
#5590 = CARTESIAN_POINT('',(7.177317787843,5.758876070934));
#5591 = CARTESIAN_POINT('',(7.162285761139,5.757875210166));
#5592 = CARTESIAN_POINT('',(7.143727393767,5.756892366959));
#5593 = CARTESIAN_POINT('',(7.121785622315,5.755930496075));
#5594 = CARTESIAN_POINT('',(7.096620289219,5.754992222971));
#5595 = CARTESIAN_POINT('',(7.068410970263,5.754080013639));
#5596 = CARTESIAN_POINT('',(7.037330462496,5.753195478481));
#5597 = CARTESIAN_POINT('',(7.00355453337,5.752339990857));
#5598 = CARTESIAN_POINT('',(6.967261162502,5.751514707808));
#5599 = CARTESIAN_POINT('',(6.928624431024,5.75072048785));
#5600 = CARTESIAN_POINT('',(6.887812357706,5.749957935896));
#5601 = CARTESIAN_POINT('',(6.844987634113,5.749227478733));
#5602 = CARTESIAN_POINT('',(6.800302087988,5.748529309665));
#5603 = CARTESIAN_POINT('',(6.753899153975,5.747863490667));
#5604 = CARTESIAN_POINT('',(6.705914814422,5.747229986214));
#5605 = CARTESIAN_POINT('',(6.656476656611,5.746628669883));
#5606 = CARTESIAN_POINT('',(6.605703722781,5.746059340425));
#5607 = CARTESIAN_POINT('',(6.553705072554,5.745521726561));
#5608 = CARTESIAN_POINT('',(6.500585495634,5.745015555513));
#5609 = CARTESIAN_POINT('',(6.446440656787,5.744540504548));
#5610 = CARTESIAN_POINT('',(6.391360606435,5.744096251971));
#5611 = CARTESIAN_POINT('',(6.335429458679,5.743682470947));
#5612 = CARTESIAN_POINT('',(6.278725187513,5.743298827193));
#5613 = CARTESIAN_POINT('',(6.221321752083,5.742945004818));
#5614 = CARTESIAN_POINT('',(6.163288286602,5.742620697037));
#5615 = CARTESIAN_POINT('',(6.104689948071,5.742325613765));
#5616 = CARTESIAN_POINT('',(6.045589136899,5.742059487173));
#5617 = CARTESIAN_POINT('',(5.986045652088,5.741822071142));
#5618 = CARTESIAN_POINT('',(5.926113376492,5.74161313008));
#5619 = CARTESIAN_POINT('',(5.865845630353,5.741432462152));
#5620 = CARTESIAN_POINT('',(5.80529395072,5.741279891546));
#5621 = CARTESIAN_POINT('',(5.744508492041,5.741155269195));
#5622 = CARTESIAN_POINT('',(5.683538051707,5.741058471943));
#5623 = CARTESIAN_POINT('',(5.622429937497,5.740989402822));
#5624 = CARTESIAN_POINT('',(5.561230805391,5.740947991742));
#5625 = CARTESIAN_POINT('',(5.499983736892,5.740934196781));
#5626 = CARTESIAN_POINT('',(5.43873935261,5.740948005959));
#5627 = CARTESIAN_POINT('',(5.377545610126,5.74098942602));
#5628 = CARTESIAN_POINT('',(5.316443908141,5.741058497553));
#5629 = CARTESIAN_POINT('',(5.255479623157,5.741155291632));
#5630 = CARTESIAN_POINT('',(5.194699316591,5.741279907438));
#5631 = CARTESIAN_POINT('',(5.134151525145,5.741432470336));
#5632 = CARTESIAN_POINT('',(5.073886602923,5.741613130568));
#5633 = CARTESIAN_POINT('',(5.013956828518,5.741822062509));
#5634 = CARTESIAN_POINT('',(4.954416455705,5.742059464476));
#5635 = CARTESIAN_POINT('',(4.895321779929,5.742325559209));
#5636 = CARTESIAN_POINT('',(4.836731253252,5.742620594584));
#5637 = CARTESIAN_POINT('',(4.778705444864,5.742944846171));
#5638 = CARTESIAN_POINT('',(4.721307626104,5.743298615655));
#5639 = CARTESIAN_POINT('',(4.664602067102,5.743682247447));
#5640 = CARTESIAN_POINT('',(4.608670228596,5.744096013788));
#5641 = CARTESIAN_POINT('',(4.553589268893,5.744540252793));
#5642 = CARTESIAN_POINT('',(4.499443568162,5.745015289643));
#5643 = CARTESIAN_POINT('',(4.446323030606,5.745521447416));
#5644 = CARTESIAN_POINT('',(4.394323483835,5.746059047485));
#5645 = CARTESIAN_POINT('',(4.34354953997,5.74662836385));
#5646 = CARTESIAN_POINT('',(4.294110283247,5.747229668126));
#5647 = CARTESIAN_POINT('',(4.246124858858,5.747863160181));
#5648 = CARTESIAN_POINT('',(4.19972082133,5.748528966743));
#5649 = CARTESIAN_POINT('',(4.155034140206,5.749227123217));
#5650 = CARTESIAN_POINT('',(4.112207947055,5.749957573436));
#5651 = CARTESIAN_POINT('',(4.071394659835,5.75072011387));
#5652 = CARTESIAN_POINT('',(4.0327566128,5.751514323639));
#5653 = CARTESIAN_POINT('',(3.996461955181,5.752339595432));
#5654 = CARTESIAN_POINT('',(3.962684549085,5.753195076353));
#5655 = CARTESIAN_POINT('',(3.931602864193,5.754079593306));
#5656 = CARTESIAN_POINT('',(3.903390703602,5.754991840767));
#5657 = CARTESIAN_POINT('',(3.878224551768,5.75593008801));
#5658 = CARTESIAN_POINT('',(3.856282026057,5.756891917131));
#5659 = CARTESIAN_POINT('',(3.837722559762,5.757874720804));
#5660 = CARTESIAN_POINT('',(3.822688887602,5.758875561411));
#5661 = CARTESIAN_POINT('',(3.811302594398,5.759891199626));
#5662 = CARTESIAN_POINT('',(3.803660607266,5.760918065818));
#5663 = CARTESIAN_POINT('',(3.799831216485,5.761952291681));
#5664 = CARTESIAN_POINT('',(3.799848404052,5.762989559343));
#5665 = CARTESIAN_POINT('',(3.803711730069,5.764026196046));
#5666 = CARTESIAN_POINT('',(3.811386792963,5.765057887024));
#5667 = CARTESIAN_POINT('',(3.822805308835,5.766080712969));
#5668 = CARTESIAN_POINT('',(3.837870454891,5.767091003333));
#5669 = CARTESIAN_POINT('',(3.856460651416,5.768085376553));
#5670 = CARTESIAN_POINT('',(3.878432769146,5.769060715633));
#5671 = CARTESIAN_POINT('',(3.903626778443,5.770014213748));
#5672 = CARTESIAN_POINT('',(3.93186278781,5.770943202482));
#5673 = CARTESIAN_POINT('',(3.96296819275,5.771845884404));
#5674 = CARTESIAN_POINT('',(3.996767223952,5.772720686013));
#5675 = CARTESIAN_POINT('',(4.033081932367,5.773566249605));
#5676 = CARTESIAN_POINT('',(4.071738287988,5.774381519988));
#5677 = CARTESIAN_POINT('',(4.11256834785,5.775165702207));
#5678 = CARTESIAN_POINT('',(4.155409492621,5.775918186236));
#5679 = CARTESIAN_POINT('',(4.200110006957,5.776638606954));
#5680 = CARTESIAN_POINT('',(4.246526541744,5.777326739689));
#5681 = CARTESIAN_POINT('',(4.294523179351,5.777982467053));
#5682 = CARTESIAN_POINT('',(4.343972527118,5.778605773836));
#5683 = CARTESIAN_POINT('',(4.394755253861,5.779196726789));
#5684 = CARTESIAN_POINT('',(4.446763826101,5.779755486096));
#5685 = CARTESIAN_POINT('',(4.499868937407,5.780281978976));
#5686 = CARTESIAN_POINT('',(4.55398818588,5.780776595454));
#5687 = CARTESIAN_POINT('',(4.609037209229,5.781239625899));
#5688 = CARTESIAN_POINT('',(4.664936951053,5.781671356905));
#5689 = CARTESIAN_POINT('',(4.721611451035,5.782072050635));
#5690 = CARTESIAN_POINT('',(4.778988213275,5.782441954301));
#5691 = CARTESIAN_POINT('',(4.836997919023,5.782781300512));
#5692 = CARTESIAN_POINT('',(4.895574346489,5.783090309093));
#5693 = CARTESIAN_POINT('',(4.954654262758,5.783369187563));
#5694 = CARTESIAN_POINT('',(5.014177347015,5.783618131089));
#5695 = CARTESIAN_POINT('',(5.074086125223,5.783837321762));
#5696 = CARTESIAN_POINT('',(5.134325918438,5.784026927271));
#5697 = CARTESIAN_POINT('',(5.194844797898,5.784187099058));
#5698 = CARTESIAN_POINT('',(5.25559355412,5.784317969856));
#5699 = CARTESIAN_POINT('',(5.316525639939,5.784419651175));
#5700 = CARTESIAN_POINT('',(5.377597222491,5.784492228858));
#5701 = CARTESIAN_POINT('',(5.43876682617,5.784535763971));
#5702 = CARTESIAN_POINT('',(5.479586599033,5.784545436048));
#5703 = CARTESIAN_POINT('',(5.5,5.784545439015));
#5704 = ( GEOMETRIC_REPRESENTATION_CONTEXT(2) 
PARAMETRIC_REPRESENTATION_CONTEXT() REPRESENTATION_CONTEXT('2D SPACE',''
  ) );
#5705 = ORIENTED_EDGE('',*,*,#5241,.T.);
#5706 = ADVANCED_FACE('',(#5707),#999,.F.);
#5707 = FACE_BOUND('',#5708,.F.);
#5708 = EDGE_LOOP('',(#5709,#5710,#5733,#6175));
#5709 = ORIENTED_EDGE('',*,*,#716,.T.);
#5710 = ORIENTED_EDGE('',*,*,#5711,.F.);
#5711 = EDGE_CURVE('',#5712,#717,#5714,.T.);
#5712 = VERTEX_POINT('',#5713);
#5713 = CARTESIAN_POINT('',(45.108610952893,15.301167592928,2.5));
#5714 = SEAM_CURVE('',#5715,(#5719,#5726),.PCURVE_S1.);
#5715 = LINE('',#5716,#5717);
#5716 = CARTESIAN_POINT('',(47.310983782692,15.37587477699,2.5));
#5717 = VECTOR('',#5718,1.);
#5718 = DIRECTION('',(-0.999425171273,-3.390172600055E-02,
    1.54074395551E-33));
#5719 = PCURVE('',#999,#5720);
#5720 = DEFINITIONAL_REPRESENTATION('',(#5721),#5725);
#5721 = LINE('',#5722,#5723);
#5722 = CARTESIAN_POINT('',(0.,-0.));
#5723 = VECTOR('',#5724,1.);
#5724 = DIRECTION('',(0.,1.));
#5725 = ( GEOMETRIC_REPRESENTATION_CONTEXT(2) 
PARAMETRIC_REPRESENTATION_CONTEXT() REPRESENTATION_CONTEXT('2D SPACE',''
  ) );
#5726 = PCURVE('',#999,#5727);
#5727 = DEFINITIONAL_REPRESENTATION('',(#5728),#5732);
#5728 = LINE('',#5729,#5730);
#5729 = CARTESIAN_POINT('',(6.28318530718,-0.));
#5730 = VECTOR('',#5731,1.);
#5731 = DIRECTION('',(0.,1.));
#5732 = ( GEOMETRIC_REPRESENTATION_CONTEXT(2) 
PARAMETRIC_REPRESENTATION_CONTEXT() REPRESENTATION_CONTEXT('2D SPACE',''
  ) );
#5733 = ORIENTED_EDGE('',*,*,#5734,.T.);
#5734 = EDGE_CURVE('',#5712,#5712,#5735,.T.);
#5735 = SURFACE_CURVE('',#5736,(#5853,#6014),.PCURVE_S1.);
#5736 = B_SPLINE_CURVE_WITH_KNOTS('',7,(#5737,#5738,#5739,#5740,#5741,
    #5742,#5743,#5744,#5745,#5746,#5747,#5748,#5749,#5750,#5751,#5752,
    #5753,#5754,#5755,#5756,#5757,#5758,#5759,#5760,#5761,#5762,#5763,
    #5764,#5765,#5766,#5767,#5768,#5769,#5770,#5771,#5772,#5773,#5774,
    #5775,#5776,#5777,#5778,#5779,#5780,#5781,#5782,#5783,#5784,#5785,
    #5786,#5787,#5788,#5789,#5790,#5791,#5792,#5793,#5794,#5795,#5796,
    #5797,#5798,#5799,#5800,#5801,#5802,#5803,#5804,#5805,#5806,#5807,
    #5808,#5809,#5810,#5811,#5812,#5813,#5814,#5815,#5816,#5817,#5818,
    #5819,#5820,#5821,#5822,#5823,#5824,#5825,#5826,#5827,#5828,#5829,
    #5830,#5831,#5832,#5833,#5834,#5835,#5836,#5837,#5838,#5839,#5840,
    #5841,#5842,#5843,#5844,#5845,#5846,#5847,#5848,#5849,#5850,#5851,
    #5852),.UNSPECIFIED.,.T.,.F.,(8,6,6,6,6,6,6,6,6,6,6,6,6,6,6,6,6,6,6,
    8),(0.,0.159238981567,0.21613396978,0.260297029211,0.333386214062,
    0.406450799782,0.450615131944,0.507510900607,0.550626333805,
    0.666468628134,0.751299174052,0.783598082017,0.8267904103,
    0.883915722239,0.928579372076,1.,1.071835455935,1.116373190148,
    1.173442088383,1.333388371491),.UNSPECIFIED.);
#5737 = CARTESIAN_POINT('',(45.108610952893,15.301167592928,2.5));
#5738 = CARTESIAN_POINT('',(45.108610952893,15.301167592928,
    2.339103785198));
#5739 = CARTESIAN_POINT('',(45.109289269652,15.283415278265,
    2.178392457856));
#5740 = CARTESIAN_POINT('',(45.110643304377,15.247977698882,
    2.018905196548));
#5741 = CARTESIAN_POINT('',(45.112682894069,15.19446939953,
    1.862012925934));
#5742 = CARTESIAN_POINT('',(45.115418928989,15.122336858461,
    1.709476316507));
#5743 = CARTESIAN_POINT('',(45.118856246594,15.031030705106,
    1.563391838807));
#5744 = CARTESIAN_POINT('',(45.124490739131,14.879748875705,
    1.377516497856));
#5745 = CARTESIAN_POINT('',(45.126064242023,14.837375945256,
    1.329782015095));
#5746 = CARTESIAN_POINT('',(45.127728012719,14.792425063237,
    1.283376723822));
#5747 = CARTESIAN_POINT('',(45.129481585178,14.744876331372,
    1.238456522814));
#5748 = CARTESIAN_POINT('',(45.13132389135,14.694722970203,
    1.195196958659));
#5749 = CARTESIAN_POINT('',(45.133253110859,14.641975968883,
    1.153790925739));
#5750 = CARTESIAN_POINT('',(45.136829370781,14.543738123049,
    1.083906310346));
#5751 = CARTESIAN_POINT('',(45.138442858324,14.49926736542,
    1.054610121403));
#5752 = CARTESIAN_POINT('',(45.140105618236,14.453274821806,
    1.026656045938));
#5753 = CARTESIAN_POINT('',(45.141815804654,14.405791187682,
    1.000150510249));
#5754 = CARTESIAN_POINT('',(45.143571016489,14.356862378404,
    0.975205010073));
#5755 = CARTESIAN_POINT('',(45.145368223005,14.306552413344,
    0.951933000276));
#5756 = CARTESIAN_POINT('',(45.150241358033,14.169538975353,
    0.894887427593));
#5757 = CARTESIAN_POINT('',(45.153385228248,14.080541970857,
    0.864202412032));
#5758 = CARTESIAN_POINT('',(45.156616102146,13.988404068417,
    0.838936942659));
#5759 = CARTESIAN_POINT('',(45.15991062233,13.893703710776,
    0.819576855024));
#5760 = CARTESIAN_POINT('',(45.163241411025,13.797159844207,
    0.806516440931));
#5761 = CARTESIAN_POINT('',(45.166577266519,13.699641445842,
    0.799994697892));
#5762 = CARTESIAN_POINT('',(45.17318845451,13.504742828862,
    0.800005305353));
#5763 = CARTESIAN_POINT('',(45.17646709934,13.407265503632,
    0.806533199543));
#5764 = CARTESIAN_POINT('',(45.179684998654,13.310755143649,
    0.819593187937));
#5765 = CARTESIAN_POINT('',(45.182814556006,13.216076031233,
    0.838949764924));
#5766 = CARTESIAN_POINT('',(45.185834268744,13.123950159962,
    0.864211615937));
#5767 = CARTESIAN_POINT('',(45.188728000889,13.034963751918,
    0.894891625511));
#5768 = CARTESIAN_POINT('',(45.193150187461,12.897962020294,
    0.95192373061));
#5769 = CARTESIAN_POINT('',(45.194766538192,12.847644353386,
    0.97519567332));
#5770 = CARTESIAN_POINT('',(45.196331209215,12.79870755508,
    1.000141211392));
#5771 = CARTESIAN_POINT('',(45.197842885437,12.751215711425,
    1.026646882131));
#5772 = CARTESIAN_POINT('',(45.19930084995,12.705214801225,
    1.054601181592));
#5773 = CARTESIAN_POINT('',(45.200704862948,12.660735578943,
    1.083897675386));
#5774 = CARTESIAN_POINT('',(45.2037944397,12.562479096417,1.153782562099
    ));
#5775 = CARTESIAN_POINT('',(45.205444363365,12.509721817083,
    1.195188547509));
#5776 = CARTESIAN_POINT('',(45.207005261166,12.459558139003,
    1.238448117186));
#5777 = CARTESIAN_POINT('',(45.208478200581,12.41199915197,
    1.283368370616));
#5778 = CARTESIAN_POINT('',(45.209864702211,12.367038165776,
    1.329773755533));
#5779 = CARTESIAN_POINT('',(45.211166574943,12.324655359819,
    1.377508368147));
#5780 = CARTESIAN_POINT('',(45.213309638966,12.254637166769,
    1.463517165332));
#5781 = CARTESIAN_POINT('',(45.214185990905,12.225917768405,
    1.50128066834));
#5782 = CARTESIAN_POINT('',(45.215015644441,12.198652083759,
    1.539669367294));
#5783 = CARTESIAN_POINT('',(45.215799411773,12.172827523495,
    1.578628154925));
#5784 = CARTESIAN_POINT('',(45.216538079794,12.148431062796,
    1.61810621179));
#5785 = CARTESIAN_POINT('',(45.21723241009,12.125449241365,
    1.658057006277));
#5786 = CARTESIAN_POINT('',(45.219631513426,12.045884249157,
    1.806934504417));
#5787 = CARTESIAN_POINT('',(45.221064491842,11.998033643817,
    1.918499702654));
#5788 = CARTESIAN_POINT('',(45.222197299066,11.960016750853,
    2.032362078749));
#5789 = CARTESIAN_POINT('',(45.22304023432,11.93163419834,2.147848933523
    ));
#5790 = CARTESIAN_POINT('',(45.223600508955,11.912737435541,
    2.264365201889));
#5791 = CARTESIAN_POINT('',(45.223882377888,11.903230509966,
    2.381382446975));
#5792 = CARTESIAN_POINT('',(45.223887898355,11.903044314298,
    2.584157571365));
#5793 = CARTESIAN_POINT('',(45.223740788901,11.908006056077,
    2.669872976799));
#5794 = CARTESIAN_POINT('',(45.223444290088,11.918006585529,
    2.755391480564));
#5795 = CARTESIAN_POINT('',(45.22299727735,11.933070412948,
    2.840507303901));
#5796 = CARTESIAN_POINT('',(45.222397674293,11.953240614506,
    2.925000945822));
#5797 = CARTESIAN_POINT('',(45.221642424144,11.978578819856,
    3.008637105708));
#5798 = CARTESIAN_POINT('',(45.220378740377,12.020821336801,
    3.122582395607));
#5799 = CARTESIAN_POINT('',(45.22000709615,12.033231394561,
    3.153841029453));
#5800 = CARTESIAN_POINT('',(45.219612042967,12.04640756541,
    3.184922904083));
#5801 = CARTESIAN_POINT('',(45.219193331814,12.060354703895,
    3.215812612163));
#5802 = CARTESIAN_POINT('',(45.218750695161,12.07507792345,
    3.246493869873));
#5803 = CARTESIAN_POINT('',(45.218283846969,12.090582596399,
    3.276949516905));
#5804 = CARTESIAN_POINT('',(45.217135396458,12.128660816254,
    3.347563086837));
#5805 = CARTESIAN_POINT('',(45.216434482699,12.151854302645,
    3.38752833514));
#5806 = CARTESIAN_POINT('',(45.215688996671,12.176468836186,
    3.427014525569));
#5807 = CARTESIAN_POINT('',(45.214898169494,12.202517954482,
    3.465974564656));
#5808 = CARTESIAN_POINT('',(45.214061208147,12.230014709683,
    3.504357001265));
#5809 = CARTESIAN_POINT('',(45.213177295466,12.258971668488,
    3.542106026595));
#5810 = CARTESIAN_POINT('',(45.211013335275,12.329646022903,
    3.628170270099));
#5811 = CARTESIAN_POINT('',(45.209697564647,12.37246364591,
    3.675962653878));
#5812 = CARTESIAN_POINT('',(45.208296325013,12.417882088566,
    3.722402035643));
#5813 = CARTESIAN_POINT('',(45.206807796716,12.46592075914,
    3.767329317132));
#5814 = CARTESIAN_POINT('',(45.205230466281,12.516585317264,
    3.810565338066));
#5815 = CARTESIAN_POINT('',(45.203563299012,12.56986282444,
    3.851913322526));
#5816 = CARTESIAN_POINT('',(45.200431891303,12.669386618942,
    3.921847530695));
#5817 = CARTESIAN_POINT('',(45.199002798936,12.714628874263,
    3.95124820399));
#5818 = CARTESIAN_POINT('',(45.197518552878,12.761423314475,
    3.979260986871));
#5819 = CARTESIAN_POINT('',(45.195979453483,12.809736417512,
    4.005775050816));
#5820 = CARTESIAN_POINT('',(45.194386312938,12.859518410412,
    4.030674491864));
#5821 = CARTESIAN_POINT('',(45.192740585141,12.910700194462,
    4.053841725373));
#5822 = CARTESIAN_POINT('',(45.188332317298,13.047125958378,
    4.109251857888));
#5823 = CARTESIAN_POINT('',(45.185490191726,13.134443270795,
    4.138632348936));
#5824 = CARTESIAN_POINT('',(45.182529100059,13.224709576825,
    4.162796381068));
#5825 = CARTESIAN_POINT('',(45.179464299525,13.317373410325,
    4.181295645762));
#5826 = CARTESIAN_POINT('',(45.176316083276,13.411755600467,
    4.193769321777));
#5827 = CARTESIAN_POINT('',(45.173110482581,13.507042181246,
    4.200000612824));
#5828 = CARTESIAN_POINT('',(45.166630576114,13.698069136998,
    4.199999383546));
#5829 = CARTESIAN_POINT('',(45.163352915261,13.793899255275,
    4.193694301308));
#5830 = CARTESIAN_POINT('',(45.160079381797,13.888811071984,4.1810759061
    ));
#5831 = CARTESIAN_POINT('',(45.156839491514,13.981981290163,
    4.162363433842));
#5832 = CARTESIAN_POINT('',(45.153659495015,14.072718205348,
    4.137923371027));
#5833 = CARTESIAN_POINT('',(45.150562095414,14.160456443089,
    4.108214623363));
#5834 = CARTESIAN_POINT('',(45.145708774164,14.297011563366,
    4.052397743282));
#5835 = CARTESIAN_POINT('',(45.143889697718,14.347967649397,
    4.029203624511));
#5836 = CARTESIAN_POINT('',(45.14211289902,14.397528384858,
    4.004292294744));
#5837 = CARTESIAN_POINT('',(45.14038155839,14.445626026613,
    3.977780285526));
#5838 = CARTESIAN_POINT('',(45.138698197393,14.492211841757,
    3.949782373612));
#5839 = CARTESIAN_POINT('',(45.13706475642,14.537253080551,
    3.920408260121));
#5840 = CARTESIAN_POINT('',(45.133455451975,14.636439496461,
    3.850486815041));
#5841 = CARTESIAN_POINT('',(45.131512702459,14.689576434423,
    3.809124126216));
#5842 = CARTESIAN_POINT('',(45.129657242485,14.740105218194,
    3.765882117769));
#5843 = CARTESIAN_POINT('',(45.127890961563,14.788013481219,
    3.720956584566));
#5844 = CARTESIAN_POINT('',(45.126214974603,14.83330723635,
    3.674525772867));
#5845 = CARTESIAN_POINT('',(45.124629776558,14.876006076752,
    3.626747971412));
#5846 = CARTESIAN_POINT('',(45.118947118486,15.028616669288,
    3.44045861591));
#5847 = CARTESIAN_POINT('',(45.115479168627,15.120748677313,
    3.293874535754));
#5848 = CARTESIAN_POINT('',(45.112718785745,15.193527785711,
    3.140743026817));
#5849 = CARTESIAN_POINT('',(45.110661177972,15.247509902838,
    2.983195088275));
#5850 = CARTESIAN_POINT('',(45.109295251961,15.283258718113,
    2.823019130602));
#5851 = CARTESIAN_POINT('',(45.108610952893,15.301167592928,
    2.661604246805));
#5852 = CARTESIAN_POINT('',(45.108610952893,15.301167592928,2.5));
#5853 = PCURVE('',#999,#5854);
#5854 = DEFINITIONAL_REPRESENTATION('',(#5855),#6013);
#5855 = B_SPLINE_CURVE_WITH_KNOTS('',3,(#5856,#5857,#5858,#5859,#5860,
    #5861,#5862,#5863,#5864,#5865,#5866,#5867,#5868,#5869,#5870,#5871,
    #5872,#5873,#5874,#5875,#5876,#5877,#5878,#5879,#5880,#5881,#5882,
    #5883,#5884,#5885,#5886,#5887,#5888,#5889,#5890,#5891,#5892,#5893,
    #5894,#5895,#5896,#5897,#5898,#5899,#5900,#5901,#5902,#5903,#5904,
    #5905,#5906,#5907,#5908,#5909,#5910,#5911,#5912,#5913,#5914,#5915,
    #5916,#5917,#5918,#5919,#5920,#5921,#5922,#5923,#5924,#5925,#5926,
    #5927,#5928,#5929,#5930,#5931,#5932,#5933,#5934,#5935,#5936,#5937,
    #5938,#5939,#5940,#5941,#5942,#5943,#5944,#5945,#5946,#5947,#5948,
    #5949,#5950,#5951,#5952,#5953,#5954,#5955,#5956,#5957,#5958,#5959,
    #5960,#5961,#5962,#5963,#5964,#5965,#5966,#5967,#5968,#5969,#5970,
    #5971,#5972,#5973,#5974,#5975,#5976,#5977,#5978,#5979,#5980,#5981,
    #5982,#5983,#5984,#5985,#5986,#5987,#5988,#5989,#5990,#5991,#5992,
    #5993,#5994,#5995,#5996,#5997,#5998,#5999,#6000,#6001,#6002,#6003,
    #6004,#6005,#6006,#6007,#6008,#6009,#6010,#6011,#6012),
  .UNSPECIFIED.,.F.,.F.,(4,1,1,1,1,1,1,1,1,1,1,1,1,1,1,1,1,1,1,1,1,1,1,1
    ,1,1,1,1,1,1,1,1,1,1,1,1,1,1,1,1,1,1,1,1,1,1,1,1,1,1,1,1,1,1,1,1,1,1
    ,1,1,1,1,1,1,1,1,1,1,1,1,1,1,1,1,1,1,1,1,1,1,1,1,1,1,1,1,1,1,1,1,1,1
    ,1,1,1,1,1,1,1,1,1,1,1,1,1,1,1,1,1,1,1,1,1,1,1,1,1,1,1,1,1,1,1,1,1,1
    ,1,1,1,1,1,1,1,1,1,1,1,1,1,1,1,1,1,1,1,1,1,1,1,1,1,1,1,1,4),(0.,
    8.658366048643E-03,1.731673209729E-02,2.597509814593E-02,
    3.463346419457E-02,4.329183024322E-02,5.195019629186E-02,
    6.06085623405E-02,6.926692838915E-02,7.792529443779E-02,
    8.658366048643E-02,9.524202653508E-02,0.103900392584,0.112558758632,
    0.121217124681,0.12987549073,0.138533856778,0.147192222827,
    0.155850588876,0.164508954924,0.173167320973,0.181825687022,
    0.19048405307,0.199142419119,0.207800785167,0.216459151216,
    0.225117517265,0.233775883313,0.242434249362,0.251092615411,
    0.259750981459,0.268409347508,0.277067713557,0.285726079605,
    0.294384445654,0.303042811703,0.311701177751,0.3203595438,
    0.329017909848,0.337676275897,0.346334641946,0.354993007994,
    0.363651374043,0.372309740092,0.38096810614,0.389626472189,
    0.398284838238,0.406943204286,0.415601570335,0.424259936384,
    0.432918302432,0.441576668481,0.450235034529,0.458893400578,
    0.467551766627,0.476210132675,0.484868498724,0.493526864773,
    0.502185230821,0.51084359687,0.519501962919,0.528160328967,
    0.536818695016,0.545477061065,0.554135427113,0.562793793162,
    0.57145215921,0.580110525259,0.588768891308,0.597427257356,
    0.606085623405,0.614743989454,0.623402355502,0.632060721551,
    0.6407190876,0.649377453648,0.658035819697,0.666694185746,
    0.675352551794,0.684010917843,0.692669283891,0.70132764994,
    0.709986015989,0.718644382037,0.727302748086,0.735961114135,
    0.744619480183,0.753277846232,0.761936212281,0.770594578329,
    0.779252944378,0.787911310427,0.796569676475,0.805228042524,
    0.813886408572,0.822544774621,0.83120314067,0.839861506718,
    0.848519872767,0.857178238816,0.865836604864,0.874494970913,
    0.883153336962,0.89181170301,0.900470069059,0.909128435108,
    0.917786801156,0.926445167205,0.935103533253,0.943761899302,
    0.952420265351,0.961078631399,0.969736997448,0.978395363497,
    0.987053729545,0.995712095594,1.004370461643,1.013028827691,
    1.02168719374,1.030345559789,1.039003925837,1.047662291886,
    1.056320657935,1.064979023983,1.073637390032,1.08229575608,
    1.090954122129,1.099612488178,1.108270854226,1.116929220275,
    1.125587586324,1.134245952372,1.142904318421,1.15156268447,
    1.160221050518,1.168879416567,1.177537782616,1.186196148664,
    1.194854514713,1.203512880761,1.21217124681,1.220829612859,
    1.229487978907,1.238146344956,1.246804711005,1.255463077053,
    1.264121443102,1.272779809151,1.281438175199,1.290096541248,
    1.298754907297,1.307413273345,1.316071639394,1.324730005442,
    1.333388371491),.QUASI_UNIFORM_KNOTS.);
#5856 = CARTESIAN_POINT('',(0.,2.203639545114));
#5857 = CARTESIAN_POINT('',(1.200760583469E-02,2.203639547099));
#5858 = CARTESIAN_POINT('',(3.60187225803E-02,2.203636394066));
#5859 = CARTESIAN_POINT('',(7.204708818239E-02,2.20362224152));
#5860 = CARTESIAN_POINT('',(0.108111569266,2.203598704191));
#5861 = CARTESIAN_POINT('',(0.144235016729,2.203565854602));
#5862 = CARTESIAN_POINT('',(0.180439501068,2.203523790226));
#5863 = CARTESIAN_POINT('',(0.216746341028,2.203472638371));
#5864 = CARTESIAN_POINT('',(0.253176327953,2.203412557171));
#5865 = CARTESIAN_POINT('',(0.289749890199,2.203343737545));
#5866 = CARTESIAN_POINT('',(0.326487268818,2.203266404822));
#5867 = CARTESIAN_POINT('',(0.363408689128,2.203180820377));
#5868 = CARTESIAN_POINT('',(0.400534536991,2.203087283187));
#5869 = CARTESIAN_POINT('',(0.437885542679,2.202986131338));
#5870 = CARTESIAN_POINT('',(0.475482979092,2.202877743465));
#5871 = CARTESIAN_POINT('',(0.513348875471,2.20276254014));
#5872 = CARTESIAN_POINT('',(0.551506269978,2.202640985165));
#5873 = CARTESIAN_POINT('',(0.589979444396,2.202513586977));
#5874 = CARTESIAN_POINT('',(0.628794384831,2.202380899312));
#5875 = CARTESIAN_POINT('',(0.667978591562,2.202243524391));
#5876 = CARTESIAN_POINT('',(0.707563543992,2.202102106391));
#5877 = CARTESIAN_POINT('',(0.747552107064,2.201957453711));
#5878 = CARTESIAN_POINT('',(0.787969561483,2.201810358065));
#5879 = CARTESIAN_POINT('',(0.82883513423,2.201661697842));
#5880 = CARTESIAN_POINT('',(0.870167419911,2.201512417298));
#5881 = CARTESIAN_POINT('',(0.911982864454,2.201363530883));
#5882 = CARTESIAN_POINT('',(0.954297029837,2.20121611762));
#5883 = CARTESIAN_POINT('',(0.997121419037,2.20107133014));
#5884 = CARTESIAN_POINT('',(1.040461861058,2.200930386582));
#5885 = CARTESIAN_POINT('',(1.084320447208,2.200794559585));
#5886 = CARTESIAN_POINT('',(1.128693798725,2.200665164056));
#5887 = CARTESIAN_POINT('',(1.173569833557,2.200543546599));
#5888 = CARTESIAN_POINT('',(1.218939389046,2.200431037593));
#5889 = CARTESIAN_POINT('',(1.26477668435,2.200328974507));
#5890 = CARTESIAN_POINT('',(1.311037004481,2.200238665886));
#5891 = CARTESIAN_POINT('',(1.357674805125,2.200161312588));
#5892 = CARTESIAN_POINT('',(1.404637719054,2.200097990467));
#5893 = CARTESIAN_POINT('',(1.451866920937,2.200049616629));
#5894 = CARTESIAN_POINT('',(1.499294859327,2.200016919353));
#5895 = CARTESIAN_POINT('',(1.546845708634,2.200000408745));
#5896 = CARTESIAN_POINT('',(1.594425815017,2.200000339723));
#5897 = CARTESIAN_POINT('',(1.641975069092,2.200016709256));
#5898 = CARTESIAN_POINT('',(1.689402554022,2.200049259114));
#5899 = CARTESIAN_POINT('',(1.736633289155,2.20009747799));
#5900 = CARTESIAN_POINT('',(1.783600112476,2.200160636947));
#5901 = CARTESIAN_POINT('',(1.830243894824,2.20023781781));
#5902 = CARTESIAN_POINT('',(1.876511337721,2.200327942172));
#5903 = CARTESIAN_POINT('',(1.922355736115,2.200429805547));
#5904 = CARTESIAN_POINT('',(1.96772964037,2.2005420909));
#5905 = CARTESIAN_POINT('',(2.012608174462,2.200663460598));
#5906 = CARTESIAN_POINT('',(2.056984653276,2.200792590798));
#5907 = CARTESIAN_POINT('',(2.100846275269,2.200928133837));
#5908 = CARTESIAN_POINT('',(2.144189806385,2.201068776416));
#5909 = CARTESIAN_POINT('',(2.187017246061,2.201213247262));
#5910 = CARTESIAN_POINT('',(2.229334428841,2.201360330233));
#5911 = CARTESIAN_POINT('',(2.271152797605,2.20150887477));
#5912 = CARTESIAN_POINT('',(2.312487902315,2.201657804253));
#5913 = CARTESIAN_POINT('',(2.353356226281,2.201806107015));
#5914 = CARTESIAN_POINT('',(2.393776158967,2.201952840859));
#5915 = CARTESIAN_POINT('',(2.433767640003,2.202097132697));
#5916 = CARTESIAN_POINT('',(2.473353229485,2.202238184242));
#5917 = CARTESIAN_POINT('',(2.512553933418,2.202375252926));
#5918 = CARTESIAN_POINT('',(2.551392576769,2.202507664483));
#5919 = CARTESIAN_POINT('',(2.589891764203,2.202634799465));
#5920 = CARTESIAN_POINT('',(2.628073827067,2.202756092128));
#5921 = CARTESIAN_POINT('',(2.665962511967,2.202871035417));
#5922 = CARTESIAN_POINT('',(2.703575274365,2.202979152403));
#5923 = CARTESIAN_POINT('',(2.740937586821,2.203080036907));
#5924 = CARTESIAN_POINT('',(2.778072858449,2.203173319333));
#5925 = CARTESIAN_POINT('',(2.815003572138,2.203258668242));
#5926 = CARTESIAN_POINT('',(2.851751300428,2.203335788641));
#5927 = CARTESIAN_POINT('',(2.888336988446,2.203404421106));
#5928 = CARTESIAN_POINT('',(2.924781138772,2.203464340659));
#5929 = CARTESIAN_POINT('',(2.961103998648,2.203515355673));
#5930 = CARTESIAN_POINT('',(2.997325743477,2.203557306738));
#5931 = CARTESIAN_POINT('',(3.033466612198,2.203590065501));
#5932 = CARTESIAN_POINT('',(3.069547210866,2.203613533485));
#5933 = CARTESIAN_POINT('',(3.105588196137,2.203627640874));
#5934 = CARTESIAN_POINT('',(3.141612307664,2.203632345298));
#5935 = CARTESIAN_POINT('',(3.177637679834,2.203627630476));
#5936 = CARTESIAN_POINT('',(3.213681777904,2.203613511011));
#5937 = CARTESIAN_POINT('',(3.24976610807,2.203590028872));
#5938 = CARTESIAN_POINT('',(3.285910637508,2.203557254245));
#5939 = CARTESIAN_POINT('',(3.322135509766,2.203515286378));
#5940 = CARTESIAN_POINT('',(3.358460805354,2.203464254405));
#5941 = CARTESIAN_POINT('',(3.3949068085,2.203404318191));
#5942 = CARTESIAN_POINT('',(3.431494216358,2.20333566899));
#5943 = CARTESIAN_POINT('',(3.468244114531,2.203258530784));
#5944 = CARTESIAN_POINT('',(3.505179016681,2.203173158952));
#5945 = CARTESIAN_POINT('',(3.542319648982,2.203079849779));
#5946 = CARTESIAN_POINT('',(3.579687437192,2.20297893663));
#5947 = CARTESIAN_POINT('',(3.617304487704,2.202870793911));
#5948 = CARTESIAN_POINT('',(3.655193163875,2.202755838137));
#5949 = CARTESIAN_POINT('',(3.69337575356,2.202634532918));
#5950 = CARTESIAN_POINT('',(3.731875369684,2.202507386965));
#5951 = CARTESIAN_POINT('',(3.770714562228,2.202374965392));
#5952 = CARTESIAN_POINT('',(3.809915797892,2.202237888363));
#5953 = CARTESIAN_POINT('',(3.849502057676,2.202096829747));
#5954 = CARTESIAN_POINT('',(3.889494180419,2.201952532831));
#5955 = CARTESIAN_POINT('',(3.929914750353,2.201805795778));
#5956 = CARTESIAN_POINT('',(3.970783803785,2.201657491457));
#5957 = CARTESIAN_POINT('',(4.012119698589,2.201508562414));
#5958 = CARTESIAN_POINT('',(4.053938916589,2.20136002057));
#5959 = CARTESIAN_POINT('',(4.096256597377,2.201212943684));
#5960 = CARTESIAN_POINT('',(4.13908495803,2.201068480023));
#5961 = CARTESIAN_POINT('',(4.182429318866,2.200927847521));
#5962 = CARTESIAN_POINT('',(4.226291927874,2.200792316555));
#5963 = CARTESIAN_POINT('',(4.270668988169,2.200663202298));
#5964 = CARTESIAN_POINT('',(4.315549359094,2.200541848109));
#5965 = CARTESIAN_POINT('',(4.360919670693,2.200429594038));
#5966 = CARTESIAN_POINT('',(4.406759395978,2.200327764295));
#5967 = CARTESIAN_POINT('',(4.453022245856,2.200237672483));
#5968 = CARTESIAN_POINT('',(4.499662348737,2.200160521435));
#5969 = CARTESIAN_POINT('',(4.546626827606,2.200097389554));
#5970 = CARTESIAN_POINT('',(4.593856570103,2.200049196032));
#5971 = CARTESIAN_POINT('',(4.641283941925,2.200016671172));
#5972 = CARTESIAN_POINT('',(4.688833141893,2.200000327168));
#5973 = CARTESIAN_POINT('',(4.736411353628,2.2000004217));
#5974 = CARTESIAN_POINT('',(4.78395773367,2.200016954942));
#5975 = CARTESIAN_POINT('',(4.831381731058,2.200049671421));
#5976 = CARTESIAN_POINT('',(4.878608641614,2.200098063128));
#5977 = CARTESIAN_POINT('',(4.925571352108,2.200161404073));
#5978 = CARTESIAN_POINT('',(4.972210660594,2.200238778441));
#5979 = CARTESIAN_POINT('',(5.018472958044,2.200329108961));
#5980 = CARTESIAN_POINT('',(5.064311477928,2.200431192199));
#5981 = CARTESIAN_POINT('',(5.1096772147,2.200543707347));
#5982 = CARTESIAN_POINT('',(5.154551189614,2.200665332281));
#5983 = CARTESIAN_POINT('',(5.198922148767,2.20079473214));
#5984 = CARTESIAN_POINT('',(5.242778498432,2.200930561721));
#5985 = CARTESIAN_POINT('',(5.28611666003,2.201071505474));
#5986 = CARTESIAN_POINT('',(5.328938882229,2.201216291591));
#5987 = CARTESIAN_POINT('',(5.371250609611,2.201363700843));
#5988 = CARTESIAN_POINT('',(5.413063959964,2.201512582695));
#5989 = CARTESIAN_POINT('',(5.454394176644,2.201661857516));
#5990 = CARTESIAN_POINT('',(5.495257728495,2.201810511025));
#5991 = CARTESIAN_POINT('',(5.535673115871,2.201957598722));
#5992 = CARTESIAN_POINT('',(5.57565991125,2.202102243606));
#5993 = CARTESIAN_POINT('',(5.615242407352,2.202243650776));
#5994 = CARTESIAN_POINT('',(5.65442334816,2.202381011591));
#5995 = CARTESIAN_POINT('',(5.693235767336,2.202513687622));
#5996 = CARTESIAN_POINT('',(5.731706619621,2.202641074767));
#5997 = CARTESIAN_POINT('',(5.769861929588,2.202762619528));
#5998 = CARTESIAN_POINT('',(5.807725879895,2.202877813209));
#5999 = CARTESIAN_POINT('',(5.84532146315,2.202986191947));
#6000 = CARTESIAN_POINT('',(5.882670663506,2.203087335117));
#6001 = CARTESIAN_POINT('',(5.919794721889,2.203180864083));
#6002 = CARTESIAN_POINT('',(5.956714345076,2.203266440788));
#6003 = CARTESIAN_POINT('',(5.993449904205,2.203343766314));
#6004 = CARTESIAN_POINT('',(6.030021617903,2.203412579362));
#6005 = CARTESIAN_POINT('',(6.066449728361,2.203472654693));
#6006 = CARTESIAN_POINT('',(6.102754672779,2.203523801478));
#6007 = CARTESIAN_POINT('',(6.138957259124,2.203565861666));
#6008 = CARTESIAN_POINT('',(6.175078830605,2.203598708011));
#6009 = CARTESIAN_POINT('',(6.211141490561,2.203622243074));
#6010 = CARTESIAN_POINT('',(6.247168130246,2.203636394327));
#6011 = CARTESIAN_POINT('',(6.271178194735,2.203639547094));
#6012 = CARTESIAN_POINT('',(6.28318530718,2.203639545114));
#6013 = ( GEOMETRIC_REPRESENTATION_CONTEXT(2) 
PARAMETRIC_REPRESENTATION_CONTEXT() REPRESENTATION_CONTEXT('2D SPACE',''
  ) );
#6014 = PCURVE('',#116,#6015);
#6015 = DEFINITIONAL_REPRESENTATION('',(#6016),#6174);
#6016 = B_SPLINE_CURVE_WITH_KNOTS('',3,(#6017,#6018,#6019,#6020,#6021,
    #6022,#6023,#6024,#6025,#6026,#6027,#6028,#6029,#6030,#6031,#6032,
    #6033,#6034,#6035,#6036,#6037,#6038,#6039,#6040,#6041,#6042,#6043,
    #6044,#6045,#6046,#6047,#6048,#6049,#6050,#6051,#6052,#6053,#6054,
    #6055,#6056,#6057,#6058,#6059,#6060,#6061,#6062,#6063,#6064,#6065,
    #6066,#6067,#6068,#6069,#6070,#6071,#6072,#6073,#6074,#6075,#6076,
    #6077,#6078,#6079,#6080,#6081,#6082,#6083,#6084,#6085,#6086,#6087,
    #6088,#6089,#6090,#6091,#6092,#6093,#6094,#6095,#6096,#6097,#6098,
    #6099,#6100,#6101,#6102,#6103,#6104,#6105,#6106,#6107,#6108,#6109,
    #6110,#6111,#6112,#6113,#6114,#6115,#6116,#6117,#6118,#6119,#6120,
    #6121,#6122,#6123,#6124,#6125,#6126,#6127,#6128,#6129,#6130,#6131,
    #6132,#6133,#6134,#6135,#6136,#6137,#6138,#6139,#6140,#6141,#6142,
    #6143,#6144,#6145,#6146,#6147,#6148,#6149,#6150,#6151,#6152,#6153,
    #6154,#6155,#6156,#6157,#6158,#6159,#6160,#6161,#6162,#6163,#6164,
    #6165,#6166,#6167,#6168,#6169,#6170,#6171,#6172,#6173),
  .UNSPECIFIED.,.T.,.F.,(4,1,1,1,1,1,1,1,1,1,1,1,1,1,1,1,1,1,1,1,1,1,1,1
    ,1,1,1,1,1,1,1,1,1,1,1,1,1,1,1,1,1,1,1,1,1,1,1,1,1,1,1,1,1,1,1,1,1,1
    ,1,1,1,1,1,1,1,1,1,1,1,1,1,1,1,1,1,1,1,1,1,1,1,1,1,1,1,1,1,1,1,1,1,1
    ,1,1,1,1,1,1,1,1,1,1,1,1,1,1,1,1,1,1,1,1,1,1,1,1,1,1,1,1,1,1,1,1,1,1
    ,1,1,1,1,1,1,1,1,1,1,1,1,1,1,1,1,1,1,1,1,1,1,1,1,1,1,1,1,4),(0.,
    8.658366048643E-03,1.731673209729E-02,2.597509814593E-02,
    3.463346419457E-02,4.329183024322E-02,5.195019629186E-02,
    6.06085623405E-02,6.926692838915E-02,7.792529443779E-02,
    8.658366048643E-02,9.524202653508E-02,0.103900392584,0.112558758632,
    0.121217124681,0.12987549073,0.138533856778,0.147192222827,
    0.155850588876,0.164508954924,0.173167320973,0.181825687022,
    0.19048405307,0.199142419119,0.207800785167,0.216459151216,
    0.225117517265,0.233775883313,0.242434249362,0.251092615411,
    0.259750981459,0.268409347508,0.277067713557,0.285726079605,
    0.294384445654,0.303042811703,0.311701177751,0.3203595438,
    0.329017909848,0.337676275897,0.346334641946,0.354993007994,
    0.363651374043,0.372309740092,0.38096810614,0.389626472189,
    0.398284838238,0.406943204286,0.415601570335,0.424259936384,
    0.432918302432,0.441576668481,0.450235034529,0.458893400578,
    0.467551766627,0.476210132675,0.484868498724,0.493526864773,
    0.502185230821,0.51084359687,0.519501962919,0.528160328967,
    0.536818695016,0.545477061065,0.554135427113,0.562793793162,
    0.57145215921,0.580110525259,0.588768891308,0.597427257356,
    0.606085623405,0.614743989454,0.623402355502,0.632060721551,
    0.6407190876,0.649377453648,0.658035819697,0.666694185746,
    0.675352551794,0.684010917843,0.692669283891,0.70132764994,
    0.709986015989,0.718644382037,0.727302748086,0.735961114135,
    0.744619480183,0.753277846232,0.761936212281,0.770594578329,
    0.779252944378,0.787911310427,0.796569676475,0.805228042524,
    0.813886408572,0.822544774621,0.83120314067,0.839861506718,
    0.848519872767,0.857178238816,0.865836604864,0.874494970913,
    0.883153336962,0.89181170301,0.900470069059,0.909128435108,
    0.917786801156,0.926445167205,0.935103533253,0.943761899302,
    0.952420265351,0.961078631399,0.969736997448,0.978395363497,
    0.987053729545,0.995712095594,1.004370461643,1.013028827691,
    1.02168719374,1.030345559789,1.039003925837,1.047662291886,
    1.056320657935,1.064979023983,1.073637390032,1.08229575608,
    1.090954122129,1.099612488178,1.108270854226,1.116929220275,
    1.125587586324,1.134245952372,1.142904318421,1.15156268447,
    1.160221050518,1.168879416567,1.177537782616,1.186196148664,
    1.194854514713,1.203512880761,1.21217124681,1.220829612859,
    1.229487978907,1.238146344956,1.246804711005,1.255463077053,
    1.264121443102,1.272779809151,1.281438175199,1.290096541248,
    1.298754907297,1.307413273345,1.316071639394,1.324730005442,
    1.333388371491),.QUASI_UNIFORM_KNOTS.);
#6017 = CARTESIAN_POINT('',(5.5,4.825526951361));
#6018 = CARTESIAN_POINT('',(5.520412900404,4.825526949557));
#6019 = CARTESIAN_POINT('',(5.561231840798,4.825521496532));
#6020 = CARTESIAN_POINT('',(5.622400609815,4.82549694976));
#6021 = CARTESIAN_POINT('',(5.683471672867,4.825456024728));
#6022 = CARTESIAN_POINT('',(5.744403479775,4.825398682583));
#6023 = CARTESIAN_POINT('',(5.805152139324,4.825324869034));
#6024 = CARTESIAN_POINT('',(5.865671064364,4.825234513609));
#6025 = CARTESIAN_POINT('',(5.925911022929,4.825127532167));
#6026 = CARTESIAN_POINT('',(5.985820080976,4.825003828241));
#6027 = CARTESIAN_POINT('',(6.045343570807,4.824863294369));
#6028 = CARTESIAN_POINT('',(6.104424045449,4.824705813066));
#6029 = CARTESIAN_POINT('',(6.163001225965,4.8245312575));
#6030 = CARTESIAN_POINT('',(6.221011935702,4.824339491818));
#6031 = CARTESIAN_POINT('',(6.278390020562,4.824130371104));
#6032 = CARTESIAN_POINT('',(6.335066247155,4.823903740973));
#6033 = CARTESIAN_POINT('',(6.390968194374,4.823659436611));
#6034 = CARTESIAN_POINT('',(6.446020066574,4.823397281878));
#6035 = CARTESIAN_POINT('',(6.500142682212,4.823117086054));
#6036 = CARTESIAN_POINT('',(6.553252676448,4.822818647103));
#6037 = CARTESIAN_POINT('',(6.605264492019,4.822501728248));
#6038 = CARTESIAN_POINT('',(6.656048808709,4.822166338444));
#6039 = CARTESIAN_POINT('',(6.705500294497,4.821812335532));
#6040 = CARTESIAN_POINT('',(6.75349877501,4.821439647485));
#6041 = CARTESIAN_POINT('',(6.79991699721,4.821048240673));
#6042 = CARTESIAN_POINT('',(6.844618940437,4.820638139447));
#6043 = CARTESIAN_POINT('',(6.887461647062,4.820209422063));
#6044 = CARTESIAN_POINT('',(6.928292415004,4.819762260028));
#6045 = CARTESIAN_POINT('',(6.966949130375,4.819296948702));
#6046 = CARTESIAN_POINT('',(7.003263585655,4.818813896527));
#6047 = CARTESIAN_POINT('',(7.037062015308,4.818313654186));
#6048 = CARTESIAN_POINT('',(7.068165826506,4.817796962799));
#6049 = CARTESIAN_POINT('',(7.0964017626,4.817264625408));
#6050 = CARTESIAN_POINT('',(7.121591606123,4.816717738802));
#6051 = CARTESIAN_POINT('',(7.143559157718,4.816157737247));
#6052 = CARTESIAN_POINT('',(7.162145112019,4.815586176511));
#6053 = CARTESIAN_POINT('',(7.177206749212,4.815004797156));
#6054 = CARTESIAN_POINT('',(7.188622195535,4.814415511238));
#6055 = CARTESIAN_POINT('',(7.196294109247,4.813820417373));
#6056 = CARTESIAN_POINT('',(7.20015373477,4.81322177814));
#6057 = CARTESIAN_POINT('',(7.20016669766,4.812622118976));
#6058 = CARTESIAN_POINT('',(7.196333207692,4.812023554927));
#6059 = CARTESIAN_POINT('',(7.188687339603,4.811428575933));
#6060 = CARTESIAN_POINT('',(7.177297204113,4.810839432392));
#6061 = CARTESIAN_POINT('',(7.162259445795,4.810258216128));
#6062 = CARTESIAN_POINT('',(7.143695420501,4.809686840739));
#6063 = CARTESIAN_POINT('',(7.121747792563,4.809127055437));
#6064 = CARTESIAN_POINT('',(7.096576217956,4.808580426612));
#6065 = CARTESIAN_POINT('',(7.068358708443,4.808048416047));
#6066 = CARTESIAN_POINT('',(7.037273502214,4.807532103621));
#6067 = CARTESIAN_POINT('',(7.003492207691,4.807032258957));
#6068 = CARTESIAN_POINT('',(6.967193868716,4.806549626877));
#6069 = CARTESIAN_POINT('',(6.928552155712,4.806084751784));
#6070 = CARTESIAN_POINT('',(6.887735355844,4.805638038681));
#6071 = CARTESIAN_POINT('',(6.844905599041,4.805209778535));
#6072 = CARTESIAN_POINT('',(6.800215672674,4.804800139365));
#6073 = CARTESIAN_POINT('',(6.753808588345,4.804409195598));
#6074 = CARTESIAN_POINT('',(6.705820346817,4.804036967657));
#6075 = CARTESIAN_POINT('',(6.656378522982,4.80368341996));
#6076 = CARTESIAN_POINT('',(6.605602339307,4.803348472066));
#6077 = CARTESIAN_POINT('',(6.553600948508,4.803031998667));
#6078 = CARTESIAN_POINT('',(6.500478876211,4.802733870069));
#6079 = CARTESIAN_POINT('',(6.446332063995,4.80245392739));
#6080 = CARTESIAN_POINT('',(6.391250368796,4.802192007536));
#6081 = CARTESIAN_POINT('',(6.335318254561,4.801947944716));
#6082 = CARTESIAN_POINT('',(6.278612695455,4.801721562375));
#6083 = CARTESIAN_POINT('',(6.221215088961,4.801512721218));
#6084 = CARTESIAN_POINT('',(6.163190035857,4.80132123887));
#6085 = CARTESIAN_POINT('',(6.104600682107,4.801146954438));
#6086 = CARTESIAN_POINT('',(6.04550759123,4.800989721136));
#6087 = CARTESIAN_POINT('',(5.985969175016,4.800849406666));
#6088 = CARTESIAN_POINT('',(5.926041695387,4.800725891948));
#6089 = CARTESIAN_POINT('',(5.865779368129,4.800619070706));
#6090 = CARTESIAN_POINT('',(5.805234432765,4.800528849257));
#6091 = CARTESIAN_POINT('',(5.744457200806,4.800455146662));
#6092 = CARTESIAN_POINT('',(5.683496169141,4.800397895204));
#6093 = CARTESIAN_POINT('',(5.622397839284,4.800357041206));
#6094 = CARTESIAN_POINT('',(5.561207592833,4.800332546174));
#6095 = CARTESIAN_POINT('',(5.499966581024,4.800324388284));
#6096 = CARTESIAN_POINT('',(5.438723468423,4.800332564164));
#6097 = CARTESIAN_POINT('',(5.377528072468,4.800357080148));
#6098 = CARTESIAN_POINT('',(5.316423672522,4.800397958989));
#6099 = CARTESIAN_POINT('',(5.255456847395,4.800455238625));
#6100 = CARTESIAN_POINT('',(5.194674894585,4.800528971453));
#6101 = CARTESIAN_POINT('',(5.134126576708,4.800619223895));
#6102 = CARTESIAN_POINT('',(5.073862014137,4.800726076209));
#6103 = CARTESIAN_POINT('',(5.01393270227,4.800849622959));
#6104 = CARTESIAN_POINT('',(4.954391920755,4.800989972529));
#6105 = CARTESIAN_POINT('',(4.895293486918,4.801147251726));
#6106 = CARTESIAN_POINT('',(4.836697305239,4.801321591413));
#6107 = CARTESIAN_POINT('',(4.778665684004,4.801513134036));
#6108 = CARTESIAN_POINT('',(4.721263795708,4.801722033108));
#6109 = CARTESIAN_POINT('',(4.664560773965,4.801948450088));
#6110 = CARTESIAN_POINT('',(4.608630571862,4.802192549992));
#6111 = CARTESIAN_POINT('',(4.553551178956,4.802454506411));
#6112 = CARTESIAN_POINT('',(4.499406741129,4.802734486367));
#6113 = CARTESIAN_POINT('',(4.44628731114,4.803032651881));
#6114 = CARTESIAN_POINT('',(4.394288623067,4.803349162945));
#6115 = CARTESIAN_POINT('',(4.343515460662,4.80368414813));
#6116 = CARTESIAN_POINT('',(4.294076929794,4.804037732657));
#6117 = CARTESIAN_POINT('',(4.246092153166,4.804409997827));
#6118 = CARTESIAN_POINT('',(4.199688760066,4.804800978908));
#6119 = CARTESIAN_POINT('',(4.155002780469,4.805210655477));
#6120 = CARTESIAN_POINT('',(4.112177620085,4.805638948682));
#6121 = CARTESIAN_POINT('',(4.071365307303,4.80608569832));
#6122 = CARTESIAN_POINT('',(4.032728495743,4.806550608083));
#6123 = CARTESIAN_POINT('',(3.996435256561,4.807033275475));
#6124 = CARTESIAN_POINT('',(3.962659671378,4.80753314957));
#6125 = CARTESIAN_POINT('',(3.931579718708,4.808049504728));
#6126 = CARTESIAN_POINT('',(3.903371148201,4.808581492724));
#6127 = CARTESIAN_POINT('',(3.878208604271,4.809128082171));
#6128 = CARTESIAN_POINT('',(3.856269423218,4.809687825413));
#6129 = CARTESIAN_POINT('',(3.837712924254,4.810259166562));
#6130 = CARTESIAN_POINT('',(3.822681844505,4.810840362264));
#6131 = CARTESIAN_POINT('',(3.811297829738,4.811429499703));
#6132 = CARTESIAN_POINT('',(3.803657885079,4.81202448149));
#6133 = CARTESIAN_POINT('',(3.799830365565,4.812623047005));
#6134 = CARTESIAN_POINT('',(3.799849282814,4.813222682315));
#6135 = CARTESIAN_POINT('',(3.803714176967,4.813821263309));
#6136 = CARTESIAN_POINT('',(3.811390666576,4.814416304049));
#6137 = CARTESIAN_POINT('',(3.822810464033,4.815005556182));
#6138 = CARTESIAN_POINT('',(3.83787676217,4.815586926326));
#6139 = CARTESIAN_POINT('',(3.856468035854,4.816158497151));
#6140 = CARTESIAN_POINT('',(3.878441295359,4.816718512427));
#6141 = CARTESIAN_POINT('',(3.903636706881,4.817265401281));
#6142 = CARTESIAN_POINT('',(3.931874881896,4.817797680434));
#6143 = CARTESIAN_POINT('',(3.96298145138,4.818314334248));
#6144 = CARTESIAN_POINT('',(3.996782013031,4.818814534955));
#6145 = CARTESIAN_POINT('',(4.033098277243,4.81929754737));
#6146 = CARTESIAN_POINT('',(4.071756336558,4.819762818789));
#6147 = CARTESIAN_POINT('',(4.112588155039,4.820209942549));
#6148 = CARTESIAN_POINT('',(4.155431248542,4.820638619541));
#6149 = CARTESIAN_POINT('',(4.200133549368,4.82104868466));
#6150 = CARTESIAN_POINT('',(4.246551823908,4.82144005638));
#6151 = CARTESIAN_POINT('',(4.294550091872,4.821812710681));
#6152 = CARTESIAN_POINT('',(4.344000998444,4.822166680499));
#6153 = CARTESIAN_POINT('',(4.394784834327,4.822502040773));
#6154 = CARTESIAN_POINT('',(4.446795011327,4.822818925602));
#6155 = CARTESIAN_POINT('',(4.499901946798,4.823117326269));
#6156 = CARTESIAN_POINT('',(4.554022216615,4.823397491439));
#6157 = CARTESIAN_POINT('',(4.609071780567,4.823659618608));
#6158 = CARTESIAN_POINT('',(4.664971543893,4.823903898647));
#6159 = CARTESIAN_POINT('',(4.721645603931,4.824130506842));
#6160 = CARTESIAN_POINT('',(4.77902149576,4.824339607639));
#6161 = CARTESIAN_POINT('',(4.837029937391,4.824531355112));
#6162 = CARTESIAN_POINT('',(4.895604740433,4.824705894008));
#6163 = CARTESIAN_POINT('',(4.954682704011,4.824863360094));
#6164 = CARTESIAN_POINT('',(5.014203537002,4.825003880191));
#6165 = CARTESIAN_POINT('',(5.074109792543,4.825127571822));
#6166 = CARTESIAN_POINT('',(5.134346815985,4.825234542517));
#6167 = CARTESIAN_POINT('',(5.19486269972,4.825324888819));
#6168 = CARTESIAN_POINT('',(5.255608252026,4.825398694938));
#6169 = CARTESIAN_POINT('',(5.316536939955,4.825456031393));
#6170 = CARTESIAN_POINT('',(5.377604941088,4.825496952474));
#6171 = CARTESIAN_POINT('',(5.438770786898,4.825521496992));
#6172 = CARTESIAN_POINT('',(5.479587938262,4.825526949551));
#6173 = CARTESIAN_POINT('',(5.5,4.825526951361));
#6174 = ( GEOMETRIC_REPRESENTATION_CONTEXT(2) 
PARAMETRIC_REPRESENTATION_CONTEXT() REPRESENTATION_CONTEXT('2D SPACE',''
  ) );
#6175 = ORIENTED_EDGE('',*,*,#5711,.T.);
#6176 = ADVANCED_FACE('',(#6177),#200,.F.);
#6177 = FACE_BOUND('',#6178,.F.);
#6178 = EDGE_LOOP('',(#6179,#6180,#6181,#6182));
#6179 = ORIENTED_EDGE('',*,*,#186,.T.);
#6180 = ORIENTED_EDGE('',*,*,#693,.T.);
#6181 = ORIENTED_EDGE('',*,*,#575,.T.);
#6182 = ORIENTED_EDGE('',*,*,#6183,.T.);
#6183 = EDGE_CURVE('',#576,#22,#6184,.T.);
#6184 = SURFACE_CURVE('',#6185,(#6188,#6194),.PCURVE_S1.);
#6185 = B_SPLINE_CURVE_WITH_KNOTS('',1,(#6186,#6187),.UNSPECIFIED.,.F.,
  .F.,(2,2),(0.,8.),.PIECEWISE_BEZIER_KNOTS.);
#6186 = CARTESIAN_POINT('',(45.4,1.650007564202E-15,8.));
#6187 = CARTESIAN_POINT('',(45.4,1.650007564202E-15,0.));
#6188 = PCURVE('',#200,#6189);
#6189 = DEFINITIONAL_REPRESENTATION('',(#6190),#6193);
#6190 = B_SPLINE_CURVE_WITH_KNOTS('',1,(#6191,#6192),.UNSPECIFIED.,.F.,
  .F.,(2,2),(0.,8.),.PIECEWISE_BEZIER_KNOTS.);
#6191 = CARTESIAN_POINT('',(-1.2,4.));
#6192 = CARTESIAN_POINT('',(-1.2,-4.));
#6193 = ( GEOMETRIC_REPRESENTATION_CONTEXT(2) 
PARAMETRIC_REPRESENTATION_CONTEXT() REPRESENTATION_CONTEXT('2D SPACE',''
  ) );
#6194 = PCURVE('',#116,#6195);
#6195 = DEFINITIONAL_REPRESENTATION('',(#6196),#6200);
#6196 = LINE('',#6197,#6198);
#6197 = CARTESIAN_POINT('',(0.,4.712388980385));
#6198 = VECTOR('',#6199,1.);
#6199 = DIRECTION('',(1.,0.));
#6200 = ( GEOMETRIC_REPRESENTATION_CONTEXT(2) 
PARAMETRIC_REPRESENTATION_CONTEXT() REPRESENTATION_CONTEXT('2D SPACE',''
  ) );
#6201 = ADVANCED_FACE('',(#6202,#6208,#6211,#6214,#6217,#6220,#6223),
  #116,.T.);
#6202 = FACE_BOUND('',#6203,.T.);
#6203 = EDGE_LOOP('',(#6204,#6205,#6206,#6207));
#6204 = ORIENTED_EDGE('',*,*,#595,.F.);
#6205 = ORIENTED_EDGE('',*,*,#6183,.T.);
#6206 = ORIENTED_EDGE('',*,*,#21,.T.);
#6207 = ORIENTED_EDGE('',*,*,#458,.F.);
#6208 = FACE_BOUND('',#6209,.T.);
#6209 = EDGE_LOOP('',(#6210));
#6210 = ORIENTED_EDGE('',*,*,#5734,.T.);
#6211 = FACE_BOUND('',#6212,.T.);
#6212 = EDGE_LOOP('',(#6213));
#6213 = ORIENTED_EDGE('',*,*,#4794,.T.);
#6214 = FACE_BOUND('',#6215,.T.);
#6215 = EDGE_LOOP('',(#6216));
#6216 = ORIENTED_EDGE('',*,*,#5264,.T.);
#6217 = FACE_BOUND('',#6218,.T.);
#6218 = EDGE_LOOP('',(#6219));
#6219 = ORIENTED_EDGE('',*,*,#4325,.T.);
#6220 = FACE_BOUND('',#6221,.T.);
#6221 = EDGE_LOOP('',(#6222));
#6222 = ORIENTED_EDGE('',*,*,#3855,.T.);
#6223 = FACE_BOUND('',#6224,.T.);
#6224 = EDGE_LOOP('',(#6225));
#6225 = ORIENTED_EDGE('',*,*,#3385,.T.);
#6226 = ( GEOMETRIC_REPRESENTATION_CONTEXT(3) 
GLOBAL_UNCERTAINTY_ASSIGNED_CONTEXT((#6230)) 
GLOBAL_UNIT_ASSIGNED_CONTEXT((#6227,#6228,#6229)) REPRESENTATION_CONTEXT
('Context #1','3D Context with UNIT and UNCERTAINTY') );
#6227 = ( LENGTH_UNIT() NAMED_UNIT(*) SI_UNIT(.MILLI.,.METRE.) );
#6228 = ( NAMED_UNIT(*) PLANE_ANGLE_UNIT() SI_UNIT($,.RADIAN.) );
#6229 = ( NAMED_UNIT(*) SI_UNIT($,.STERADIAN.) SOLID_ANGLE_UNIT() );
#6230 = UNCERTAINTY_MEASURE_WITH_UNIT(LENGTH_MEASURE(2.E-05),#6227,
  'distance_accuracy_value','confusion accuracy');
#6231 = PRODUCT_RELATED_PRODUCT_CATEGORY('part',$,(#7));
ENDSEC;
END-ISO-10303-21;
