ISO-10303-21;
HEADER;
FILE_DESCRIPTION(('Open CASCADE Model'),'2;1');
FILE_NAME('Open CASCADE Shape Model','2026-07-09T09:39:36',('Author'),(
    'Open CASCADE'),'Open CASCADE STEP processor 7.9','Open CASCADE 7.9'
  ,'Unknown');
FILE_SCHEMA(('AUTOMOTIVE_DESIGN { 1 0 10303 214 1 1 1 1 }'));
ENDSEC;
DATA;
#1 = APPLICATION_PROTOCOL_DEFINITION('international standard',
  'automotive_design',2000,#2);
#2 = APPLICATION_CONTEXT(
  'core data for automotive mechanical design processes');
#3 = SHAPE_DEFINITION_REPRESENTATION(#4,#10);
#4 = PRODUCT_DEFINITION_SHAPE('','',#5);
#5 = PRODUCT_DEFINITION('design','',#6,#9);
#6 = PRODUCT_DEFINITION_FORMATION('','',#7);
#7 = PRODUCT('Open CASCADE STEP translator 7.9 1',
  'Open CASCADE STEP translator 7.9 1','',(#8));
#8 = PRODUCT_CONTEXT('',#2,'mechanical');
#9 = PRODUCT_DEFINITION_CONTEXT('part definition',#2,'design');
#10 = ADVANCED_BREP_SHAPE_REPRESENTATION('',(#11,#15),#10834);
#11 = AXIS2_PLACEMENT_3D('',#12,#13,#14);
#12 = CARTESIAN_POINT('',(0.,0.,0.));
#13 = DIRECTION('',(0.,0.,1.));
#14 = DIRECTION('',(1.,0.,-0.));
#15 = MANIFOLD_SOLID_BREP('',#16);
#16 = CLOSED_SHELL('',(#17,#1604,#1686,#1743,#1776,#1858,#1915,#1948,
    #2017,#2229,#2311,#2507,#2589,#2669,#2696,#2729,#2756,#2789,#2871,
    #3073,#3155,#3238,#3265,#3298,#3325,#3358,#3440,#3738,#3820,#3942,
    #3969,#4002,#4029,#4062,#4144,#4346,#4428,#4511,#4538,#4571,#4598,
    #4631,#4713,#4909,#4991,#5071,#5098,#5131,#5158,#5191,#7956,#8426,
    #8896,#9366,#9836,#10306,#10776,#10801));
#17 = ADVANCED_FACE('',(#18),#68,.T.);
#18 = FACE_BOUND('',#19,.T.);
#19 = EDGE_LOOP('',(#20,#185,#210,#384,#412,#440,#468,#563,#591,#619,
    #647,#742,#770,#798,#826,#921,#949,#977,#1005,#1100,#1128,#1156,
    #1184,#1279,#1304,#1399,#1427,#1455,#1550,#1578));
#20 = ORIENTED_EDGE('',*,*,#21,.F.);
#21 = EDGE_CURVE('',#22,#24,#26,.T.);
#22 = VERTEX_POINT('',#23);
#23 = CARTESIAN_POINT('',(45.4,1.650007564202E-15,0.));
#24 = VERTEX_POINT('',#25);
#25 = CARTESIAN_POINT('',(6.599999999999,133.9538390446,0.));
#26 = SURFACE_CURVE('',#27,(#67,#115),.PCURVE_S1.);
#27 = B_SPLINE_CURVE_WITH_KNOTS('',11,(#28,#29,#30,#31,#32,#33,#34,#35,
    #36,#37,#38,#39,#40,#41,#42,#43,#44,#45,#46,#47,#48,#49,#50,#51,#52,
    #53,#54,#55,#56,#57,#58,#59,#60,#61,#62,#63,#64,#65,#66),
  .UNSPECIFIED.,.F.,.F.,(12,9,9,9,12),(4.712388980385,5.497787143782,
    6.28318530718,7.068583470577,7.853981633974),.UNSPECIFIED.);
#28 = CARTESIAN_POINT('',(45.4,1.650007564188E-15,0.));
#29 = CARTESIAN_POINT('',(45.399999999999,9.677015247033,0.));
#30 = CARTESIAN_POINT('',(45.144414353915,19.354030494077,0.));
#31 = CARTESIAN_POINT('',(44.633236752589,28.964647581673,0.));
#32 = CARTESIAN_POINT('',(43.868673608158,38.442431384578,0.));
#33 = CARTESIAN_POINT('',(42.855128371775,47.7216854176,0.));
#34 = CARTESIAN_POINT('',(41.599163773624,56.738189191862,0.));
#35 = CARTESIAN_POINT('',(40.109441982377,65.429897318729,0.));
#36 = CARTESIAN_POINT('',(38.396642687706,73.737600364768,0.));
#37 = CARTESIAN_POINT('',(36.473359102187,81.605547454517,0.));
#38 = CARTESIAN_POINT('',(32.234584668938,96.358513792314,0.));
#39 = CARTESIAN_POINT('',(27.275475517822,108.95714863961,0.));
#40 = CARTESIAN_POINT('',(24.631798527922,114.67084001787,0.));
#41 = CARTESIAN_POINT('',(21.842216200272,119.7555938502,0.));
#42 = CARTESIAN_POINT('',(18.924205795644,124.17681535747,0.));
#43 = CARTESIAN_POINT('',(15.902048539123,127.8953045887,0.));
#44 = CARTESIAN_POINT('',(12.794058441269,130.89763361369,0.));
#45 = CARTESIAN_POINT('',(9.624712167969,133.14855047829,0.));
#46 = CARTESIAN_POINT('',(6.426736550441,134.6495094468,0.));
#47 = CARTESIAN_POINT('',(6.792762634381E-13,136.15049055319,0.));
#48 = CARTESIAN_POINT('',(-6.426736550442,134.64950944681,0.));
#49 = CARTESIAN_POINT('',(-9.624712167964,133.14855047826,0.));
#50 = CARTESIAN_POINT('',(-12.79405844128,130.89763361376,0.));
#51 = CARTESIAN_POINT('',(-15.9020485391,127.89530458859,0.));
#52 = CARTESIAN_POINT('',(-18.92420579566,124.17681535759,0.));
#53 = CARTESIAN_POINT('',(-21.84221620026,119.75559385011,0.));
#54 = CARTESIAN_POINT('',(-24.63179852792,114.67084001791,0.));
#55 = CARTESIAN_POINT('',(-27.27547551782,108.9571486396,0.));
#56 = CARTESIAN_POINT('',(-32.23458466893,96.358513792318,0.));
#57 = CARTESIAN_POINT('',(-36.47335910219,81.605547454519,0.));
#58 = CARTESIAN_POINT('',(-38.39664268767,73.737600364743,0.));
#59 = CARTESIAN_POINT('',(-40.10944198244,65.429897318794,0.));
#60 = CARTESIAN_POINT('',(-41.59916377352,56.738189191758,0.));
#61 = CARTESIAN_POINT('',(-42.85512837188,47.721685417714,0.));
#62 = CARTESIAN_POINT('',(-43.86867360806,38.442431384486,0.));
#63 = CARTESIAN_POINT('',(-44.63323675264,28.964647581725,0.));
#64 = CARTESIAN_POINT('',(-45.14441435389,19.354030494056,0.));
#65 = CARTESIAN_POINT('',(-45.4,9.677015247038,0.));
#66 = CARTESIAN_POINT('',(-45.4,2.37445260314E-14,0.));
#67 = PCURVE('',#68,#73);
#68 = PLANE('',#69);
#69 = AXIS2_PLACEMENT_3D('',#70,#71,#72);
#70 = CARTESIAN_POINT('',(1.403142794417E-14,81.292958230798,0.));
#71 = DIRECTION('',(0.,0.,-1.));
#72 = DIRECTION('',(-1.595232197133E-15,-1.,0.));
#73 = DEFINITIONAL_REPRESENTATION('',(#74),#114);
#74 = B_SPLINE_CURVE_WITH_KNOTS('',11,(#75,#76,#77,#78,#79,#80,#81,#82,
    #83,#84,#85,#86,#87,#88,#89,#90,#91,#92,#93,#94,#95,#96,#97,#98,#99,
    #100,#101,#102,#103,#104,#105,#106,#107,#108,#109,#110,#111,#112,
    #113),.UNSPECIFIED.,.F.,.F.,(12,9,9,9,12),(4.712388980385,
    5.497787143782,6.28318530718,7.068583470577,7.853981633974),
  .UNSPECIFIED.);
#75 = CARTESIAN_POINT('',(81.292958230798,-45.4));
#76 = CARTESIAN_POINT('',(71.615942983765,-45.39999999999));
#77 = CARTESIAN_POINT('',(61.938927736721,-45.14441435391));
#78 = CARTESIAN_POINT('',(52.328310649126,-44.63323675258));
#79 = CARTESIAN_POINT('',(42.85052684622,-43.86867360815));
#80 = CARTESIAN_POINT('',(33.571272813199,-42.85512837177));
#81 = CARTESIAN_POINT('',(24.554769038937,-41.59916377362));
#82 = CARTESIAN_POINT('',(15.86306091207,-40.10944198237));
#83 = CARTESIAN_POINT('',(7.55535786603,-38.3966426877));
#84 = CARTESIAN_POINT('',(-0.312589223718,-36.47335910218));
#85 = CARTESIAN_POINT('',(-15.06555556151,-32.23458466893));
#86 = CARTESIAN_POINT('',(-27.66419040882,-27.27547551782));
#87 = CARTESIAN_POINT('',(-33.37788178707,-24.63179852792));
#88 = CARTESIAN_POINT('',(-38.4626356194,-21.84221620027));
#89 = CARTESIAN_POINT('',(-42.88385712667,-18.92420579564));
#90 = CARTESIAN_POINT('',(-46.6023463579,-15.90204853912));
#91 = CARTESIAN_POINT('',(-49.6046753829,-12.79405844126));
#92 = CARTESIAN_POINT('',(-51.85559224749,-9.624712167969));
#93 = CARTESIAN_POINT('',(-53.35655121601,-6.426736550441));
#94 = CARTESIAN_POINT('',(-54.85753232239,-5.77734333678E-13));
#95 = CARTESIAN_POINT('',(-53.35655121601,6.426736550442));
#96 = CARTESIAN_POINT('',(-51.85559224746,9.624712167964));
#97 = CARTESIAN_POINT('',(-49.60467538297,12.794058441281));
#98 = CARTESIAN_POINT('',(-46.60234635779,15.902048539106));
#99 = CARTESIAN_POINT('',(-42.8838571268,18.924205795661));
#100 = CARTESIAN_POINT('',(-38.46263561931,21.84221620026));
#101 = CARTESIAN_POINT('',(-33.37788178712,24.631798527927));
#102 = CARTESIAN_POINT('',(-27.66419040881,27.275475517822));
#103 = CARTESIAN_POINT('',(-15.06555556152,32.234584668935));
#104 = CARTESIAN_POINT('',(-0.31258922372,36.473359102192));
#105 = CARTESIAN_POINT('',(7.555357866055,38.396642687677));
#106 = CARTESIAN_POINT('',(15.863060912004,40.109441982444));
#107 = CARTESIAN_POINT('',(24.554769039041,41.599163773521));
#108 = CARTESIAN_POINT('',(33.571272813084,42.855128371887));
#109 = CARTESIAN_POINT('',(42.850526846312,43.868673608069));
#110 = CARTESIAN_POINT('',(52.328310649073,44.63323675264));
#111 = CARTESIAN_POINT('',(61.938927736742,45.144414353895));
#112 = CARTESIAN_POINT('',(71.61594298376,45.400000000003));
#113 = CARTESIAN_POINT('',(81.292958230798,45.4));
#114 = ( GEOMETRIC_REPRESENTATION_CONTEXT(2) 
PARAMETRIC_REPRESENTATION_CONTEXT() REPRESENTATION_CONTEXT('2D SPACE',''
  ) );
#115 = PCURVE('',#116,#179);
#116 = B_SPLINE_SURFACE_WITH_KNOTS('',1,9,(
    (#117,#118,#119,#120,#121,#122,#123,#124,#125,#126,#127,#128,#129
      ,#130,#131,#132,#133,#134,#135,#136,#137,#138,#139,#140,#141,#142
      ,#143,#144,#145,#146,#147)
    ,(#148,#149,#150,#151,#152,#153,#154,#155,#156,#157,#158,#159,#160
      ,#161,#162,#163,#164,#165,#166,#167,#168,#169,#170,#171,#172,#173
      ,#174,#175,#176,#177,#178
    )),.UNSPECIFIED.,.F.,.F.,.F.,(2,2),(10,7,7,7,10),(0.,8.),(
    4.712388980385,5.497787143782,6.28318530718,7.068583470577,
    7.853981633974),.UNSPECIFIED.);
#117 = CARTESIAN_POINT('',(45.4,1.650007564202E-15,8.));
#118 = CARTESIAN_POINT('',(45.399999999999,11.827463079709,8.));
#119 = CARTESIAN_POINT('',(45.009521929585,23.654926159421,8.));
#120 = CARTESIAN_POINT('',(44.22855339583,35.35196428313,7.999999999999)
  );
#121 = CARTESIAN_POINT('',(43.062877227918,46.788055679332,
    8.000000000001));
#122 = CARTESIAN_POINT('',(41.524013976927,57.835425650582,
    7.999999999999));
#123 = CARTESIAN_POINT('',(39.629042982091,68.37168008434,8.));
#124 = CARTESIAN_POINT('',(37.400302002953,78.282228584502,8.));
#125 = CARTESIAN_POINT('',(32.329628833102,96.64276586399,8.));
#126 = CARTESIAN_POINT('',(26.158444288727,111.71196336628,8.));
#127 = CARTESIAN_POINT('',(22.829812909335,118.33145695147,8.));
#128 = CARTESIAN_POINT('',(19.289783530841,123.95333564684,8.));
#129 = CARTESIAN_POINT('',(15.591816023136,128.51533699278,8.));
#130 = CARTESIAN_POINT('',(11.752741148719,131.96151923365,8.));
#131 = CARTESIAN_POINT('',(7.854900228318,134.25341721041,8.));
#132 = CARTESIAN_POINT('',(1.843348939791E-13,136.54658278958,8.));
#133 = CARTESIAN_POINT('',(-7.854900228318,134.25341721041,8.));
#134 = CARTESIAN_POINT('',(-11.75274114871,131.96151923364,
    7.999999999999));
#135 = CARTESIAN_POINT('',(-15.59181602313,128.51533699279,
    8.000000000001));
#136 = CARTESIAN_POINT('',(-19.28978353084,123.95333564682,
    7.999999999999));
#137 = CARTESIAN_POINT('',(-22.82981290933,118.33145695148,
    8.000000000001));
#138 = CARTESIAN_POINT('',(-26.15844428872,111.71196336628,8.));
#139 = CARTESIAN_POINT('',(-32.3296288331,96.642765863991,8.));
#140 = CARTESIAN_POINT('',(-37.40030200295,78.282228584503,8.));
#141 = CARTESIAN_POINT('',(-39.62904298208,68.371680084334,8.));
#142 = CARTESIAN_POINT('',(-41.52401397693,57.835425650592,8.));
#143 = CARTESIAN_POINT('',(-43.06287722791,46.78805567932,8.));
#144 = CARTESIAN_POINT('',(-44.22855339583,35.351964283139,8.));
#145 = CARTESIAN_POINT('',(-45.00952192958,23.654926159418,8.));
#146 = CARTESIAN_POINT('',(-45.4,11.82746307971,8.));
#147 = CARTESIAN_POINT('',(-45.4,1.9251267247E-14,8.));
#148 = CARTESIAN_POINT('',(45.4,1.650007564202E-15,0.));
#149 = CARTESIAN_POINT('',(45.399999999999,11.827463079709,0.));
#150 = CARTESIAN_POINT('',(45.009521929585,23.654926159421,0.));
#151 = CARTESIAN_POINT('',(44.22855339583,35.35196428313,0.));
#152 = CARTESIAN_POINT('',(43.062877227918,46.788055679332,0.));
#153 = CARTESIAN_POINT('',(41.524013976927,57.835425650582,0.));
#154 = CARTESIAN_POINT('',(39.629042982091,68.37168008434,0.));
#155 = CARTESIAN_POINT('',(37.400302002953,78.282228584502,0.));
#156 = CARTESIAN_POINT('',(32.329628833102,96.64276586399,0.));
#157 = CARTESIAN_POINT('',(26.158444288727,111.71196336628,0.));
#158 = CARTESIAN_POINT('',(22.829812909335,118.33145695147,0.));
#159 = CARTESIAN_POINT('',(19.289783530841,123.95333564684,0.));
#160 = CARTESIAN_POINT('',(15.591816023136,128.51533699278,0.));
#161 = CARTESIAN_POINT('',(11.752741148719,131.96151923365,0.));
#162 = CARTESIAN_POINT('',(7.854900228318,134.25341721041,0.));
#163 = CARTESIAN_POINT('',(1.843348939791E-13,136.54658278958,0.));
#164 = CARTESIAN_POINT('',(-7.854900228318,134.25341721041,0.));
#165 = CARTESIAN_POINT('',(-11.75274114871,131.96151923364,0.));
#166 = CARTESIAN_POINT('',(-15.59181602313,128.51533699279,0.));
#167 = CARTESIAN_POINT('',(-19.28978353084,123.95333564682,0.));
#168 = CARTESIAN_POINT('',(-22.82981290933,118.33145695148,0.));
#169 = CARTESIAN_POINT('',(-26.15844428872,111.71196336628,0.));
#170 = CARTESIAN_POINT('',(-32.3296288331,96.642765863991,0.));
#171 = CARTESIAN_POINT('',(-37.40030200295,78.282228584503,0.));
#172 = CARTESIAN_POINT('',(-39.62904298208,68.371680084334,0.));
#173 = CARTESIAN_POINT('',(-41.52401397693,57.835425650592,0.));
#174 = CARTESIAN_POINT('',(-43.06287722791,46.78805567932,0.));
#175 = CARTESIAN_POINT('',(-44.22855339583,35.351964283139,0.));
#176 = CARTESIAN_POINT('',(-45.00952192958,23.654926159418,0.));
#177 = CARTESIAN_POINT('',(-45.4,11.82746307971,0.));
#178 = CARTESIAN_POINT('',(-45.4,1.9251267247E-14,0.));
#179 = DEFINITIONAL_REPRESENTATION('',(#180),#184);
#180 = LINE('',#181,#182);
#181 = CARTESIAN_POINT('',(8.,0.));
#182 = VECTOR('',#183,1.);
#183 = DIRECTION('',(0.,1.));
#184 = ( GEOMETRIC_REPRESENTATION_CONTEXT(2) 
PARAMETRIC_REPRESENTATION_CONTEXT() REPRESENTATION_CONTEXT('2D SPACE',''
  ) );
#185 = ORIENTED_EDGE('',*,*,#186,.T.);
#186 = EDGE_CURVE('',#22,#187,#189,.T.);
#187 = VERTEX_POINT('',#188);
#188 = CARTESIAN_POINT('',(43.,-5.905796992079E-15,0.));
#189 = SURFACE_CURVE('',#190,(#193,#199),.PCURVE_S1.);
#190 = B_SPLINE_CURVE_WITH_KNOTS('',1,(#191,#192),.UNSPECIFIED.,.F.,.F.,
  (2,2),(0.,2.4),.PIECEWISE_BEZIER_KNOTS.);
#191 = CARTESIAN_POINT('',(45.4,1.650007564188E-15,0.));
#192 = CARTESIAN_POINT('',(43.,-5.905796992078E-15,0.));
#193 = PCURVE('',#68,#194);
#194 = DEFINITIONAL_REPRESENTATION('',(#195),#198);
#195 = B_SPLINE_CURVE_WITH_KNOTS('',1,(#196,#197),.UNSPECIFIED.,.F.,.F.,
  (2,2),(0.,2.4),.PIECEWISE_BEZIER_KNOTS.);
#196 = CARTESIAN_POINT('',(81.292958230798,-45.4));
#197 = CARTESIAN_POINT('',(81.292958230798,-43.));
#198 = ( GEOMETRIC_REPRESENTATION_CONTEXT(2) 
PARAMETRIC_REPRESENTATION_CONTEXT() REPRESENTATION_CONTEXT('2D SPACE',''
  ) );
#199 = PCURVE('',#200,#205);
#200 = PLANE('',#201);
#201 = AXIS2_PLACEMENT_3D('',#202,#203,#204);
#202 = CARTESIAN_POINT('',(44.2,-2.53782321534E-15,4.));
#203 = DIRECTION('',(-2.806644813949E-15,1.,0.));
#204 = DIRECTION('',(-1.,-2.806644813949E-15,0.));
#205 = DEFINITIONAL_REPRESENTATION('',(#206),#209);
#206 = B_SPLINE_CURVE_WITH_KNOTS('',1,(#207,#208),.UNSPECIFIED.,.F.,.F.,
  (2,2),(0.,2.4),.PIECEWISE_BEZIER_KNOTS.);
#207 = CARTESIAN_POINT('',(-1.2,-4.));
#208 = CARTESIAN_POINT('',(1.2,-4.));
#209 = ( GEOMETRIC_REPRESENTATION_CONTEXT(2) 
PARAMETRIC_REPRESENTATION_CONTEXT() REPRESENTATION_CONTEXT('2D SPACE',''
  ) );
#210 = ORIENTED_EDGE('',*,*,#211,.T.);
#211 = EDGE_CURVE('',#187,#212,#214,.T.);
#212 = VERTEX_POINT('',#213);
#213 = CARTESIAN_POINT('',(42.308961072395,23.439945763369,0.));
#214 = SURFACE_CURVE('',#215,(#255,#298),.PCURVE_S1.);
#215 = B_SPLINE_CURVE_WITH_KNOTS('',11,(#216,#217,#218,#219,#220,#221,
    #222,#223,#224,#225,#226,#227,#228,#229,#230,#231,#232,#233,#234,
    #235,#236,#237,#238,#239,#240,#241,#242,#243,#244,#245,#246,#247,
    #248,#249,#250,#251,#252,#253,#254),.UNSPECIFIED.,.F.,.F.,(12,9,9,9,
    12),(4.712388980385,5.497787143782,6.28318530718,7.068583470577,
    7.853981633974),.UNSPECIFIED.);
#216 = CARTESIAN_POINT('',(43.,-5.905796992078E-15,0.));
#217 = CARTESIAN_POINT('',(42.999999999997,9.619389895061,0.));
#218 = CARTESIAN_POINT('',(42.745936332799,19.238779790133,0.));
#219 = CARTESIAN_POINT('',(42.237747442017,28.791122830059,0.));
#220 = CARTESIAN_POINT('',(41.477799609016,38.209315329103,0.));
#221 = CARTESIAN_POINT('',(40.470738343426,47.4269577883,0.));
#222 = CARTESIAN_POINT('',(39.223406467374,56.379054342219,0.));
#223 = CARTESIAN_POINT('',(37.744828888322,65.002650631778,0.));
#224 = CARTESIAN_POINT('',(36.046264067117,73.237410107304,0.));
#225 = CARTESIAN_POINT('',(34.141322174311,81.026128757662,0.));
#226 = CARTESIAN_POINT('',(29.950977707037,95.604247779777,0.));
#227 = CARTESIAN_POINT('',(25.075451203008,107.98516611972,0.));
#228 = CARTESIAN_POINT('',(22.484538787872,113.57783127882,0.));
#229 = CARTESIAN_POINT('',(19.76935970149,118.51744130784,0.));
#230 = CARTESIAN_POINT('',(16.932675154986,122.80057117348,0.));
#231 = CARTESIAN_POINT('',(14.051552963567,126.29705687244,0.));
#232 = CARTESIAN_POINT('',(11.113931108857,129.14044797219,0.));
#233 = CARTESIAN_POINT('',(8.179073751843,131.1058498789,0.));
#234 = CARTESIAN_POINT('',(5.407597880998,132.36852069579,0.));
#235 = CARTESIAN_POINT('',(9.882621838202E-13,133.6314793042,0.));
#236 = CARTESIAN_POINT('',(-5.407597881,132.36852069579,0.));
#237 = CARTESIAN_POINT('',(-8.179073751836,131.10584987887,0.));
#238 = CARTESIAN_POINT('',(-11.11393110887,129.14044797226,0.));
#239 = CARTESIAN_POINT('',(-14.05155296354,126.29705687232,0.));
#240 = CARTESIAN_POINT('',(-16.932675155,122.80057117362,0.));
#241 = CARTESIAN_POINT('',(-19.76935970147,118.51744130774,0.));
#242 = CARTESIAN_POINT('',(-22.48453878787,113.57783127887,0.));
#243 = CARTESIAN_POINT('',(-25.075451203,107.9851661197,0.));
#244 = CARTESIAN_POINT('',(-29.95097770703,95.604247779781,0.));
#245 = CARTESIAN_POINT('',(-34.14132217431,81.026128757664,0.));
#246 = CARTESIAN_POINT('',(-36.04626406708,73.237410107277,0.));
#247 = CARTESIAN_POINT('',(-37.74482888839,65.002650631848,0.));
#248 = CARTESIAN_POINT('',(-39.22340646727,56.37905434211,0.));
#249 = CARTESIAN_POINT('',(-40.47073834353,47.426957788419,0.));
#250 = CARTESIAN_POINT('',(-41.47779960893,38.209315329009,0.));
#251 = CARTESIAN_POINT('',(-42.23774744206,28.791122830114,0.));
#252 = CARTESIAN_POINT('',(-42.74593633278,19.238779790112,0.));
#253 = CARTESIAN_POINT('',(-43.,9.619389895066,0.));
#254 = CARTESIAN_POINT('',(-43.,2.277432558731E-14,0.));
#255 = PCURVE('',#68,#256);
#256 = DEFINITIONAL_REPRESENTATION('',(#257),#297);
#257 = B_SPLINE_CURVE_WITH_KNOTS('',11,(#258,#259,#260,#261,#262,#263,
    #264,#265,#266,#267,#268,#269,#270,#271,#272,#273,#274,#275,#276,
    #277,#278,#279,#280,#281,#282,#283,#284,#285,#286,#287,#288,#289,
    #290,#291,#292,#293,#294,#295,#296),.UNSPECIFIED.,.F.,.F.,(12,9,9,9,
    12),(4.712388980385,5.497787143782,6.28318530718,7.068583470577,
    7.853981633974),.UNSPECIFIED.);
#258 = CARTESIAN_POINT('',(81.292958230798,-43.));
#259 = CARTESIAN_POINT('',(71.673568335738,-42.99999999999));
#260 = CARTESIAN_POINT('',(62.054178440665,-42.74593633279));
#261 = CARTESIAN_POINT('',(52.501835400739,-42.23774744201));
#262 = CARTESIAN_POINT('',(43.083642901695,-41.47779960901));
#263 = CARTESIAN_POINT('',(33.866000442498,-40.47073834342));
#264 = CARTESIAN_POINT('',(24.913903888579,-39.22340646737));
#265 = CARTESIAN_POINT('',(16.29030759902,-37.74482888832));
#266 = CARTESIAN_POINT('',(8.055548123494,-36.04626406711));
#267 = CARTESIAN_POINT('',(0.266829473136,-34.14132217431));
#268 = CARTESIAN_POINT('',(-14.31128954897,-29.95097770703));
#269 = CARTESIAN_POINT('',(-26.69220788892,-25.075451203));
#270 = CARTESIAN_POINT('',(-32.28487304802,-22.48453878787));
#271 = CARTESIAN_POINT('',(-37.22448307704,-19.76935970149));
#272 = CARTESIAN_POINT('',(-41.50761294269,-16.93267515498));
#273 = CARTESIAN_POINT('',(-45.00409864164,-14.05155296356));
#274 = CARTESIAN_POINT('',(-47.84748974139,-11.11393110885));
#275 = CARTESIAN_POINT('',(-49.8128916481,-8.179073751843));
#276 = CARTESIAN_POINT('',(-51.07556246499,-5.407597880998));
#277 = CARTESIAN_POINT('',(-52.3385210734,-8.907386619094E-13));
#278 = CARTESIAN_POINT('',(-51.075562465,5.407597881));
#279 = CARTESIAN_POINT('',(-49.81289164807,8.179073751836));
#280 = CARTESIAN_POINT('',(-47.84748974146,11.113931108873));
#281 = CARTESIAN_POINT('',(-45.00409864152,14.051552963544));
#282 = CARTESIAN_POINT('',(-41.50761294282,16.932675155009));
#283 = CARTESIAN_POINT('',(-37.22448307694,19.769359701473));
#284 = CARTESIAN_POINT('',(-32.28487304807,22.484538787879));
#285 = CARTESIAN_POINT('',(-26.69220788891,25.075451203008));
#286 = CARTESIAN_POINT('',(-14.31128954898,29.950977707034));
#287 = CARTESIAN_POINT('',(0.266829473134,34.141322174317));
#288 = CARTESIAN_POINT('',(8.055548123521,36.046264067086));
#289 = CARTESIAN_POINT('',(16.290307598951,37.744828888391));
#290 = CARTESIAN_POINT('',(24.913903888688,39.223406467271));
#291 = CARTESIAN_POINT('',(33.86600044238,40.470738343536));
#292 = CARTESIAN_POINT('',(43.083642901789,41.47779960893));
#293 = CARTESIAN_POINT('',(52.501835400685,42.237747442066));
#294 = CARTESIAN_POINT('',(62.054178440687,42.74593633278));
#295 = CARTESIAN_POINT('',(71.673568335733,43.000000000002));
#296 = CARTESIAN_POINT('',(81.292958230798,43.));
#297 = ( GEOMETRIC_REPRESENTATION_CONTEXT(2) 
PARAMETRIC_REPRESENTATION_CONTEXT() REPRESENTATION_CONTEXT('2D SPACE',''
  ) );
#298 = PCURVE('',#299,#378);
#299 = B_SPLINE_SURFACE_WITH_KNOTS('',1,11,(
    (#300,#301,#302,#303,#304,#305,#306,#307,#308,#309,#310,#311,#312
      ,#313,#314,#315,#316,#317,#318,#319,#320,#321,#322,#323,#324,#325
      ,#326,#327,#328,#329,#330,#331,#332,#333,#334,#335,#336,#337,#338)
    ,(#339,#340,#341,#342,#343,#344,#345,#346,#347,#348,#349,#350,#351
      ,#352,#353,#354,#355,#356,#357,#358,#359,#360,#361,#362,#363,#364
      ,#365,#366,#367,#368,#369,#370,#371,#372,#373,#374,#375,#376,#377
    )),.UNSPECIFIED.,.F.,.F.,.F.,(2,2),(12,9,9,9,12),(0.,8.),(
    4.712388980385,5.497787143782,6.28318530718,7.068583470577,
    7.853981633974),.UNSPECIFIED.);
#300 = CARTESIAN_POINT('',(43.,-5.905796992079E-15,0.));
#301 = CARTESIAN_POINT('',(42.999999999998,9.619389895061,0.));
#302 = CARTESIAN_POINT('',(42.745936332797,19.238779790133,0.));
#303 = CARTESIAN_POINT('',(42.237747442023,28.791122830059,0.));
#304 = CARTESIAN_POINT('',(41.477799609006,38.209315329103,0.));
#305 = CARTESIAN_POINT('',(40.470738343439,47.4269577883,0.));
#306 = CARTESIAN_POINT('',(39.223406467361,56.379054342219,0.));
#307 = CARTESIAN_POINT('',(37.744828888332,65.002650631779,0.));
#308 = CARTESIAN_POINT('',(36.046264067112,73.237410107304,0.));
#309 = CARTESIAN_POINT('',(34.141322174313,81.026128757662,0.));
#310 = CARTESIAN_POINT('',(29.950977707036,95.604247779776,0.));
#311 = CARTESIAN_POINT('',(25.075451203009,107.98516611972,0.));
#312 = CARTESIAN_POINT('',(22.48453878787,113.57783127882,0.));
#313 = CARTESIAN_POINT('',(19.769359701493,118.51744130784,0.));
#314 = CARTESIAN_POINT('',(16.932675154981,122.80057117348,0.));
#315 = CARTESIAN_POINT('',(14.05155296357,126.29705687244,0.));
#316 = CARTESIAN_POINT('',(11.113931108855,129.14044797218,0.));
#317 = CARTESIAN_POINT('',(8.179073751844,131.1058498789,0.));
#318 = CARTESIAN_POINT('',(5.407597880998,132.36852069579,0.));
#319 = CARTESIAN_POINT('',(1.22944588501E-12,133.6314793042,0.));
#320 = CARTESIAN_POINT('',(-5.407597881,132.3685206958,0.));
#321 = CARTESIAN_POINT('',(-8.179073751834,131.10584987886,0.));
#322 = CARTESIAN_POINT('',(-11.11393110887,129.14044797227,0.));
#323 = CARTESIAN_POINT('',(-14.05155296353,126.29705687231,0.));
#324 = CARTESIAN_POINT('',(-16.93267515501,122.80057117362,0.));
#325 = CARTESIAN_POINT('',(-19.76935970147,118.51744130773,0.));
#326 = CARTESIAN_POINT('',(-22.48453878788,113.57783127887,0.));
#327 = CARTESIAN_POINT('',(-25.075451203,107.9851661197,0.));
#328 = CARTESIAN_POINT('',(-29.95097770703,95.604247779781,0.));
#329 = CARTESIAN_POINT('',(-34.14132217431,81.026128757664,0.));
#330 = CARTESIAN_POINT('',(-36.04626406709,73.237410107277,0.));
#331 = CARTESIAN_POINT('',(-37.74482888837,65.002650631848,0.));
#332 = CARTESIAN_POINT('',(-39.22340646729,56.37905434211,0.));
#333 = CARTESIAN_POINT('',(-40.47073834351,47.426957788419,0.));
#334 = CARTESIAN_POINT('',(-41.47779960894,38.209315329009,0.));
#335 = CARTESIAN_POINT('',(-42.23774744205,28.791122830114,0.));
#336 = CARTESIAN_POINT('',(-42.74593633278,19.238779790112,0.));
#337 = CARTESIAN_POINT('',(-43.,9.619389895066,0.));
#338 = CARTESIAN_POINT('',(-43.,1.566889822971E-14,0.));
#339 = CARTESIAN_POINT('',(43.,-5.905796992079E-15,8.));
#340 = CARTESIAN_POINT('',(42.999999999998,9.619389895061,8.));
#341 = CARTESIAN_POINT('',(42.745936332797,19.238779790133,
    8.000000000002));
#342 = CARTESIAN_POINT('',(42.237747442023,28.791122830059,
    7.999999999995));
#343 = CARTESIAN_POINT('',(41.477799609006,38.209315329103,
    8.000000000009));
#344 = CARTESIAN_POINT('',(40.470738343439,47.4269577883,7.999999999989)
  );
#345 = CARTESIAN_POINT('',(39.223406467361,56.379054342219,8.00000000001
    ));
#346 = CARTESIAN_POINT('',(37.744828888332,65.002650631779,
    7.999999999993));
#347 = CARTESIAN_POINT('',(36.046264067112,73.237410107304,
    8.000000000003));
#348 = CARTESIAN_POINT('',(34.141322174313,81.026128757662,8.));
#349 = CARTESIAN_POINT('',(29.950977707036,95.604247779776,8.));
#350 = CARTESIAN_POINT('',(25.075451203009,107.98516611972,8.));
#351 = CARTESIAN_POINT('',(22.48453878787,113.57783127882,7.999999999997
    ));
#352 = CARTESIAN_POINT('',(19.769359701493,118.51744130784,
    8.000000000005));
#353 = CARTESIAN_POINT('',(16.932675154981,122.80057117348,
    7.999999999993));
#354 = CARTESIAN_POINT('',(14.05155296357,126.29705687244,8.000000000006
    ));
#355 = CARTESIAN_POINT('',(11.113931108855,129.14044797218,
    7.999999999996));
#356 = CARTESIAN_POINT('',(8.179073751844,131.1058498789,8.000000000002)
  );
#357 = CARTESIAN_POINT('',(5.407597880998,132.36852069579,8.));
#358 = CARTESIAN_POINT('',(1.22944588501E-12,133.6314793042,8.));
#359 = CARTESIAN_POINT('',(-5.407597881,132.3685206958,8.));
#360 = CARTESIAN_POINT('',(-8.179073751834,131.10584987886,8.));
#361 = CARTESIAN_POINT('',(-11.11393110887,129.14044797227,8.));
#362 = CARTESIAN_POINT('',(-14.05155296353,126.29705687231,8.));
#363 = CARTESIAN_POINT('',(-16.93267515501,122.80057117362,8.));
#364 = CARTESIAN_POINT('',(-19.76935970147,118.51744130773,8.));
#365 = CARTESIAN_POINT('',(-22.48453878788,113.57783127887,8.));
#366 = CARTESIAN_POINT('',(-25.075451203,107.9851661197,8.));
#367 = CARTESIAN_POINT('',(-29.95097770703,95.604247779781,8.));
#368 = CARTESIAN_POINT('',(-34.14132217431,81.026128757664,
    8.000000000001));
#369 = CARTESIAN_POINT('',(-36.04626406709,73.237410107277,
    7.999999999998));
#370 = CARTESIAN_POINT('',(-37.74482888837,65.002650631848,
    8.000000000005));
#371 = CARTESIAN_POINT('',(-39.22340646729,56.37905434211,7.999999999993
    ));
#372 = CARTESIAN_POINT('',(-40.47073834351,47.426957788419,
    8.000000000008));
#373 = CARTESIAN_POINT('',(-41.47779960894,38.209315329009,
    7.999999999994));
#374 = CARTESIAN_POINT('',(-42.23774744205,28.791122830114,
    8.000000000003));
#375 = CARTESIAN_POINT('',(-42.74593633278,19.238779790112,
    7.999999999999));
#376 = CARTESIAN_POINT('',(-43.,9.619389895066,8.));
#377 = CARTESIAN_POINT('',(-43.,1.566889822971E-14,8.));
#378 = DEFINITIONAL_REPRESENTATION('',(#379),#383);
#379 = LINE('',#380,#381);
#380 = CARTESIAN_POINT('',(0.,0.));
#381 = VECTOR('',#382,1.);
#382 = DIRECTION('',(0.,1.));
#383 = ( GEOMETRIC_REPRESENTATION_CONTEXT(2) 
PARAMETRIC_REPRESENTATION_CONTEXT() REPRESENTATION_CONTEXT('2D SPACE',''
  ) );
#384 = ORIENTED_EDGE('',*,*,#385,.T.);
#385 = EDGE_CURVE('',#212,#386,#388,.T.);
#386 = VERTEX_POINT('',#387);
#387 = CARTESIAN_POINT('',(30.800605315803,22.555074935289,0.));
#388 = SURFACE_CURVE('',#389,(#393,#400),.PCURVE_S1.);
#389 = LINE('',#390,#391);
#390 = CARTESIAN_POINT('',(43.961758388251,23.567028394497,0.));
#391 = VECTOR('',#392,1.);
#392 = DIRECTION('',(-0.997057050943,-7.666314084913E-02,0.));
#393 = PCURVE('',#68,#394);
#394 = DEFINITIONAL_REPRESENTATION('',(#395),#399);
#395 = LINE('',#396,#397);
#396 = CARTESIAN_POINT('',(57.725929836301,-43.96175838825));
#397 = VECTOR('',#398,1.);
#398 = DIRECTION('',(7.666314084914E-02,0.997057050943));
#399 = ( GEOMETRIC_REPRESENTATION_CONTEXT(2) 
PARAMETRIC_REPRESENTATION_CONTEXT() REPRESENTATION_CONTEXT('2D SPACE',''
  ) );
#400 = PCURVE('',#401,#406);
#401 = PLANE('',#402);
#402 = AXIS2_PLACEMENT_3D('',#403,#404,#405);
#403 = CARTESIAN_POINT('',(43.961758388251,23.567028394497,0.));
#404 = DIRECTION('',(-7.666314084913E-02,0.997057050943,0.));
#405 = DIRECTION('',(0.,0.,1.));
#406 = DEFINITIONAL_REPRESENTATION('',(#407),#411);
#407 = LINE('',#408,#409);
#408 = CARTESIAN_POINT('',(0.,0.));
#409 = VECTOR('',#410,1.);
#410 = DIRECTION('',(0.,-1.));
#411 = ( GEOMETRIC_REPRESENTATION_CONTEXT(2) 
PARAMETRIC_REPRESENTATION_CONTEXT() REPRESENTATION_CONTEXT('2D SPACE',''
  ) );
#412 = ORIENTED_EDGE('',*,*,#413,.T.);
#413 = EDGE_CURVE('',#386,#414,#416,.T.);
#414 = VERTEX_POINT('',#415);
#415 = CARTESIAN_POINT('',(29.788651856595,35.716228007736,0.));
#416 = SURFACE_CURVE('',#417,(#421,#428),.PCURVE_S1.);
#417 = LINE('',#418,#419);
#418 = CARTESIAN_POINT('',(30.800605315803,22.555074935289,0.));
#419 = VECTOR('',#420,1.);
#420 = DIRECTION('',(-7.666314084913E-02,0.997057050943,0.));
#421 = PCURVE('',#68,#422);
#422 = DEFINITIONAL_REPRESENTATION('',(#423),#427);
#423 = LINE('',#424,#425);
#424 = CARTESIAN_POINT('',(58.73788329551,-30.8006053158));
#425 = VECTOR('',#426,1.);
#426 = DIRECTION('',(-0.997057050943,7.666314084914E-02));
#427 = ( GEOMETRIC_REPRESENTATION_CONTEXT(2) 
PARAMETRIC_REPRESENTATION_CONTEXT() REPRESENTATION_CONTEXT('2D SPACE',''
  ) );
#428 = PCURVE('',#429,#434);
#429 = PLANE('',#430);
#430 = AXIS2_PLACEMENT_3D('',#431,#432,#433);
#431 = CARTESIAN_POINT('',(30.800605315803,22.555074935289,0.));
#432 = DIRECTION('',(-0.997057050943,-7.666314084913E-02,0.));
#433 = DIRECTION('',(0.,0.,1.));
#434 = DEFINITIONAL_REPRESENTATION('',(#435),#439);
#435 = LINE('',#436,#437);
#436 = CARTESIAN_POINT('',(0.,0.));
#437 = VECTOR('',#438,1.);
#438 = DIRECTION('',(0.,1.));
#439 = ( GEOMETRIC_REPRESENTATION_CONTEXT(2) 
PARAMETRIC_REPRESENTATION_CONTEXT() REPRESENTATION_CONTEXT('2D SPACE',''
  ) );
#440 = ORIENTED_EDGE('',*,*,#441,.F.);
#441 = EDGE_CURVE('',#442,#414,#444,.T.);
#442 = VERTEX_POINT('',#443);
#443 = CARTESIAN_POINT('',(41.295813518734,36.60100702258,0.));
#444 = SURFACE_CURVE('',#445,(#449,#456),.PCURVE_S1.);
#445 = LINE('',#446,#447);
#446 = CARTESIAN_POINT('',(42.949804929042,36.728181466945,0.));
#447 = VECTOR('',#448,1.);
#448 = DIRECTION('',(-0.997057050943,-7.666314084913E-02,0.));
#449 = PCURVE('',#68,#450);
#450 = DEFINITIONAL_REPRESENTATION('',(#451),#455);
#451 = LINE('',#452,#453);
#452 = CARTESIAN_POINT('',(44.564776763854,-42.94980492904));
#453 = VECTOR('',#454,1.);
#454 = DIRECTION('',(7.666314084914E-02,0.997057050943));
#455 = ( GEOMETRIC_REPRESENTATION_CONTEXT(2) 
PARAMETRIC_REPRESENTATION_CONTEXT() REPRESENTATION_CONTEXT('2D SPACE',''
  ) );
#456 = PCURVE('',#457,#462);
#457 = PLANE('',#458);
#458 = AXIS2_PLACEMENT_3D('',#459,#460,#461);
#459 = CARTESIAN_POINT('',(42.949804929042,36.728181466945,0.));
#460 = DIRECTION('',(-7.666314084913E-02,0.997057050943,0.));
#461 = DIRECTION('',(0.,0.,1.));
#462 = DEFINITIONAL_REPRESENTATION('',(#463),#467);
#463 = LINE('',#464,#465);
#464 = CARTESIAN_POINT('',(0.,0.));
#465 = VECTOR('',#466,1.);
#466 = DIRECTION('',(0.,-1.));
#467 = ( GEOMETRIC_REPRESENTATION_CONTEXT(2) 
PARAMETRIC_REPRESENTATION_CONTEXT() REPRESENTATION_CONTEXT('2D SPACE',''
  ) );
#468 = ORIENTED_EDGE('',*,*,#469,.T.);
#469 = EDGE_CURVE('',#442,#470,#472,.T.);
#470 = VERTEX_POINT('',#471);
#471 = CARTESIAN_POINT('',(33.470924564495,82.623690065498,0.));
#472 = SURFACE_CURVE('',#473,(#513,#556),.PCURVE_S1.);
#473 = B_SPLINE_CURVE_WITH_KNOTS('',11,(#474,#475,#476,#477,#478,#479,
    #480,#481,#482,#483,#484,#485,#486,#487,#488,#489,#490,#491,#492,
    #493,#494,#495,#496,#497,#498,#499,#500,#501,#502,#503,#504,#505,
    #506,#507,#508,#509,#510,#511,#512),.UNSPECIFIED.,.F.,.F.,(12,9,9,9,
    12),(4.712388980385,5.497787143782,6.28318530718,7.068583470577,
    7.853981633974),.UNSPECIFIED.);
#474 = CARTESIAN_POINT('',(43.,-5.905796992078E-15,0.));
#475 = CARTESIAN_POINT('',(42.999999999997,9.619389895061,0.));
#476 = CARTESIAN_POINT('',(42.745936332799,19.238779790133,0.));
#477 = CARTESIAN_POINT('',(42.237747442017,28.791122830059,0.));
#478 = CARTESIAN_POINT('',(41.477799609016,38.209315329103,0.));
#479 = CARTESIAN_POINT('',(40.470738343426,47.4269577883,0.));
#480 = CARTESIAN_POINT('',(39.223406467374,56.379054342219,0.));
#481 = CARTESIAN_POINT('',(37.744828888322,65.002650631778,0.));
#482 = CARTESIAN_POINT('',(36.046264067117,73.237410107304,0.));
#483 = CARTESIAN_POINT('',(34.141322174311,81.026128757662,0.));
#484 = CARTESIAN_POINT('',(29.950977707037,95.604247779777,0.));
#485 = CARTESIAN_POINT('',(25.075451203008,107.98516611972,0.));
#486 = CARTESIAN_POINT('',(22.484538787872,113.57783127882,0.));
#487 = CARTESIAN_POINT('',(19.76935970149,118.51744130784,0.));
#488 = CARTESIAN_POINT('',(16.932675154986,122.80057117348,0.));
#489 = CARTESIAN_POINT('',(14.051552963567,126.29705687244,0.));
#490 = CARTESIAN_POINT('',(11.113931108857,129.14044797219,0.));
#491 = CARTESIAN_POINT('',(8.179073751843,131.1058498789,0.));
#492 = CARTESIAN_POINT('',(5.407597880998,132.36852069579,0.));
#493 = CARTESIAN_POINT('',(9.882621838202E-13,133.6314793042,0.));
#494 = CARTESIAN_POINT('',(-5.407597881,132.36852069579,0.));
#495 = CARTESIAN_POINT('',(-8.179073751836,131.10584987887,0.));
#496 = CARTESIAN_POINT('',(-11.11393110887,129.14044797226,0.));
#497 = CARTESIAN_POINT('',(-14.05155296354,126.29705687232,0.));
#498 = CARTESIAN_POINT('',(-16.932675155,122.80057117362,0.));
#499 = CARTESIAN_POINT('',(-19.76935970147,118.51744130774,0.));
#500 = CARTESIAN_POINT('',(-22.48453878787,113.57783127887,0.));
#501 = CARTESIAN_POINT('',(-25.075451203,107.9851661197,0.));
#502 = CARTESIAN_POINT('',(-29.95097770703,95.604247779781,0.));
#503 = CARTESIAN_POINT('',(-34.14132217431,81.026128757664,0.));
#504 = CARTESIAN_POINT('',(-36.04626406708,73.237410107277,0.));
#505 = CARTESIAN_POINT('',(-37.74482888839,65.002650631848,0.));
#506 = CARTESIAN_POINT('',(-39.22340646727,56.37905434211,0.));
#507 = CARTESIAN_POINT('',(-40.47073834353,47.426957788419,0.));
#508 = CARTESIAN_POINT('',(-41.47779960893,38.209315329009,0.));
#509 = CARTESIAN_POINT('',(-42.23774744206,28.791122830114,0.));
#510 = CARTESIAN_POINT('',(-42.74593633278,19.238779790112,0.));
#511 = CARTESIAN_POINT('',(-43.,9.619389895066,0.));
#512 = CARTESIAN_POINT('',(-43.,2.277432558731E-14,0.));
#513 = PCURVE('',#68,#514);
#514 = DEFINITIONAL_REPRESENTATION('',(#515),#555);
#515 = B_SPLINE_CURVE_WITH_KNOTS('',11,(#516,#517,#518,#519,#520,#521,
    #522,#523,#524,#525,#526,#527,#528,#529,#530,#531,#532,#533,#534,
    #535,#536,#537,#538,#539,#540,#541,#542,#543,#544,#545,#546,#547,
    #548,#549,#550,#551,#552,#553,#554),.UNSPECIFIED.,.F.,.F.,(12,9,9,9,
    12),(4.712388980385,5.497787143782,6.28318530718,7.068583470577,
    7.853981633974),.UNSPECIFIED.);
#516 = CARTESIAN_POINT('',(81.292958230798,-43.));
#517 = CARTESIAN_POINT('',(71.673568335738,-42.99999999999));
#518 = CARTESIAN_POINT('',(62.054178440665,-42.74593633279));
#519 = CARTESIAN_POINT('',(52.501835400739,-42.23774744201));
#520 = CARTESIAN_POINT('',(43.083642901695,-41.47779960901));
#521 = CARTESIAN_POINT('',(33.866000442498,-40.47073834342));
#522 = CARTESIAN_POINT('',(24.913903888579,-39.22340646737));
#523 = CARTESIAN_POINT('',(16.29030759902,-37.74482888832));
#524 = CARTESIAN_POINT('',(8.055548123494,-36.04626406711));
#525 = CARTESIAN_POINT('',(0.266829473136,-34.14132217431));
#526 = CARTESIAN_POINT('',(-14.31128954897,-29.95097770703));
#527 = CARTESIAN_POINT('',(-26.69220788892,-25.075451203));
#528 = CARTESIAN_POINT('',(-32.28487304802,-22.48453878787));
#529 = CARTESIAN_POINT('',(-37.22448307704,-19.76935970149));
#530 = CARTESIAN_POINT('',(-41.50761294269,-16.93267515498));
#531 = CARTESIAN_POINT('',(-45.00409864164,-14.05155296356));
#532 = CARTESIAN_POINT('',(-47.84748974139,-11.11393110885));
#533 = CARTESIAN_POINT('',(-49.8128916481,-8.179073751843));
#534 = CARTESIAN_POINT('',(-51.07556246499,-5.407597880998));
#535 = CARTESIAN_POINT('',(-52.3385210734,-8.907386619094E-13));
#536 = CARTESIAN_POINT('',(-51.075562465,5.407597881));
#537 = CARTESIAN_POINT('',(-49.81289164807,8.179073751836));
#538 = CARTESIAN_POINT('',(-47.84748974146,11.113931108873));
#539 = CARTESIAN_POINT('',(-45.00409864152,14.051552963544));
#540 = CARTESIAN_POINT('',(-41.50761294282,16.932675155009));
#541 = CARTESIAN_POINT('',(-37.22448307694,19.769359701473));
#542 = CARTESIAN_POINT('',(-32.28487304807,22.484538787879));
#543 = CARTESIAN_POINT('',(-26.69220788891,25.075451203008));
#544 = CARTESIAN_POINT('',(-14.31128954898,29.950977707034));
#545 = CARTESIAN_POINT('',(0.266829473134,34.141322174317));
#546 = CARTESIAN_POINT('',(8.055548123521,36.046264067086));
#547 = CARTESIAN_POINT('',(16.290307598951,37.744828888391));
#548 = CARTESIAN_POINT('',(24.913903888688,39.223406467271));
#549 = CARTESIAN_POINT('',(33.86600044238,40.470738343536));
#550 = CARTESIAN_POINT('',(43.083642901789,41.47779960893));
#551 = CARTESIAN_POINT('',(52.501835400685,42.237747442066));
#552 = CARTESIAN_POINT('',(62.054178440687,42.74593633278));
#553 = CARTESIAN_POINT('',(71.673568335733,43.000000000002));
#554 = CARTESIAN_POINT('',(81.292958230798,43.));
#555 = ( GEOMETRIC_REPRESENTATION_CONTEXT(2) 
PARAMETRIC_REPRESENTATION_CONTEXT() REPRESENTATION_CONTEXT('2D SPACE',''
  ) );
#556 = PCURVE('',#299,#557);
#557 = DEFINITIONAL_REPRESENTATION('',(#558),#562);
#558 = LINE('',#559,#560);
#559 = CARTESIAN_POINT('',(0.,0.));
#560 = VECTOR('',#561,1.);
#561 = DIRECTION('',(0.,1.));
#562 = ( GEOMETRIC_REPRESENTATION_CONTEXT(2) 
PARAMETRIC_REPRESENTATION_CONTEXT() REPRESENTATION_CONTEXT('2D SPACE',''
  ) );
#563 = ORIENTED_EDGE('',*,*,#564,.T.);
#564 = EDGE_CURVE('',#470,#565,#567,.T.);
#565 = VERTEX_POINT('',#566);
#566 = CARTESIAN_POINT('',(22.455272729781,79.354737369255,0.));
#567 = SURFACE_CURVE('',#568,(#572,#579),.PCURVE_S1.);
#568 = LINE('',#569,#570);
#569 = CARTESIAN_POINT('',(35.109824671667,83.110042303626,0.));
#570 = VECTOR('',#571,1.);
#571 = DIRECTION('',(-0.958678177416,-0.284492798058,0.));
#572 = PCURVE('',#68,#573);
#573 = DEFINITIONAL_REPRESENTATION('',(#574),#578);
#574 = LINE('',#575,#576);
#575 = CARTESIAN_POINT('',(-1.817084072828,-35.10982467166));
#576 = VECTOR('',#577,1.);
#577 = DIRECTION('',(0.284492798058,0.958678177416));
#578 = ( GEOMETRIC_REPRESENTATION_CONTEXT(2) 
PARAMETRIC_REPRESENTATION_CONTEXT() REPRESENTATION_CONTEXT('2D SPACE',''
  ) );
#579 = PCURVE('',#580,#585);
#580 = PLANE('',#581);
#581 = AXIS2_PLACEMENT_3D('',#582,#583,#584);
#582 = CARTESIAN_POINT('',(35.109824671667,83.110042303626,0.));
#583 = DIRECTION('',(-0.284492798058,0.958678177416,0.));
#584 = DIRECTION('',(0.,0.,1.));
#585 = DEFINITIONAL_REPRESENTATION('',(#586),#590);
#586 = LINE('',#587,#588);
#587 = CARTESIAN_POINT('',(0.,0.));
#588 = VECTOR('',#589,1.);
#589 = DIRECTION('',(0.,-1.));
#590 = ( GEOMETRIC_REPRESENTATION_CONTEXT(2) 
PARAMETRIC_REPRESENTATION_CONTEXT() REPRESENTATION_CONTEXT('2D SPACE',''
  ) );
#591 = ORIENTED_EDGE('',*,*,#592,.T.);
#592 = EDGE_CURVE('',#565,#593,#595,.T.);
#593 = VERTEX_POINT('',#594);
#594 = CARTESIAN_POINT('',(18.69996779541,92.009289311141,0.));
#595 = SURFACE_CURVE('',#596,(#600,#607),.PCURVE_S1.);
#596 = LINE('',#597,#598);
#597 = CARTESIAN_POINT('',(22.455272729781,79.354737369255,0.));
#598 = VECTOR('',#599,1.);
#599 = DIRECTION('',(-0.284492798058,0.958678177416,0.));
#600 = PCURVE('',#68,#601);
#601 = DEFINITIONAL_REPRESENTATION('',(#602),#606);
#602 = LINE('',#603,#604);
#603 = CARTESIAN_POINT('',(1.938220861544,-22.45527272978));
#604 = VECTOR('',#605,1.);
#605 = DIRECTION('',(-0.958678177416,0.284492798058));
#606 = ( GEOMETRIC_REPRESENTATION_CONTEXT(2) 
PARAMETRIC_REPRESENTATION_CONTEXT() REPRESENTATION_CONTEXT('2D SPACE',''
  ) );
#607 = PCURVE('',#608,#613);
#608 = PLANE('',#609);
#609 = AXIS2_PLACEMENT_3D('',#610,#611,#612);
#610 = CARTESIAN_POINT('',(22.455272729781,79.354737369255,0.));
#611 = DIRECTION('',(-0.958678177416,-0.284492798058,0.));
#612 = DIRECTION('',(0.,0.,1.));
#613 = DEFINITIONAL_REPRESENTATION('',(#614),#618);
#614 = LINE('',#615,#616);
#615 = CARTESIAN_POINT('',(0.,0.));
#616 = VECTOR('',#617,1.);
#617 = DIRECTION('',(0.,1.));
#618 = ( GEOMETRIC_REPRESENTATION_CONTEXT(2) 
PARAMETRIC_REPRESENTATION_CONTEXT() REPRESENTATION_CONTEXT('2D SPACE',''
  ) );
#619 = ORIENTED_EDGE('',*,*,#620,.F.);
#620 = EDGE_CURVE('',#621,#593,#623,.T.);
#621 = VERTEX_POINT('',#622);
#622 = CARTESIAN_POINT('',(29.705435131204,95.275219703695,0.));
#623 = SURFACE_CURVE('',#624,(#628,#635),.PCURVE_S1.);
#624 = LINE('',#625,#626);
#625 = CARTESIAN_POINT('',(31.354519737296,95.764594245512,0.));
#626 = VECTOR('',#627,1.);
#627 = DIRECTION('',(-0.958678177416,-0.284492798058,0.));
#628 = PCURVE('',#68,#629);
#629 = DEFINITIONAL_REPRESENTATION('',(#630),#634);
#630 = LINE('',#631,#632);
#631 = CARTESIAN_POINT('',(-14.47163601471,-31.35451973729));
#632 = VECTOR('',#633,1.);
#633 = DIRECTION('',(0.284492798058,0.958678177416));
#634 = ( GEOMETRIC_REPRESENTATION_CONTEXT(2) 
PARAMETRIC_REPRESENTATION_CONTEXT() REPRESENTATION_CONTEXT('2D SPACE',''
  ) );
#635 = PCURVE('',#636,#641);
#636 = PLANE('',#637);
#637 = AXIS2_PLACEMENT_3D('',#638,#639,#640);
#638 = CARTESIAN_POINT('',(31.354519737296,95.764594245512,0.));
#639 = DIRECTION('',(-0.284492798058,0.958678177416,0.));
#640 = DIRECTION('',(0.,0.,1.));
#641 = DEFINITIONAL_REPRESENTATION('',(#642),#646);
#642 = LINE('',#643,#644);
#643 = CARTESIAN_POINT('',(0.,0.));
#644 = VECTOR('',#645,1.);
#645 = DIRECTION('',(0.,-1.));
#646 = ( GEOMETRIC_REPRESENTATION_CONTEXT(2) 
PARAMETRIC_REPRESENTATION_CONTEXT() REPRESENTATION_CONTEXT('2D SPACE',''
  ) );
#647 = ORIENTED_EDGE('',*,*,#648,.T.);
#648 = EDGE_CURVE('',#621,#649,#651,.T.);
#649 = VERTEX_POINT('',#650);
#650 = CARTESIAN_POINT('',(6.6,131.29498255213,0.));
#651 = SURFACE_CURVE('',#652,(#692,#735),.PCURVE_S1.);
#652 = B_SPLINE_CURVE_WITH_KNOTS('',11,(#653,#654,#655,#656,#657,#658,
    #659,#660,#661,#662,#663,#664,#665,#666,#667,#668,#669,#670,#671,
    #672,#673,#674,#675,#676,#677,#678,#679,#680,#681,#682,#683,#684,
    #685,#686,#687,#688,#689,#690,#691),.UNSPECIFIED.,.F.,.F.,(12,9,9,9,
    12),(4.712388980385,5.497787143782,6.28318530718,7.068583470577,
    7.853981633974),.UNSPECIFIED.);
#653 = CARTESIAN_POINT('',(43.,-5.905796992078E-15,0.));
#654 = CARTESIAN_POINT('',(42.999999999997,9.619389895061,0.));
#655 = CARTESIAN_POINT('',(42.745936332799,19.238779790133,0.));
#656 = CARTESIAN_POINT('',(42.237747442017,28.791122830059,0.));
#657 = CARTESIAN_POINT('',(41.477799609016,38.209315329103,0.));
#658 = CARTESIAN_POINT('',(40.470738343426,47.4269577883,0.));
#659 = CARTESIAN_POINT('',(39.223406467374,56.379054342219,0.));
#660 = CARTESIAN_POINT('',(37.744828888322,65.002650631778,0.));
#661 = CARTESIAN_POINT('',(36.046264067117,73.237410107304,0.));
#662 = CARTESIAN_POINT('',(34.141322174311,81.026128757662,0.));
#663 = CARTESIAN_POINT('',(29.950977707037,95.604247779777,0.));
#664 = CARTESIAN_POINT('',(25.075451203008,107.98516611972,0.));
#665 = CARTESIAN_POINT('',(22.484538787872,113.57783127882,0.));
#666 = CARTESIAN_POINT('',(19.76935970149,118.51744130784,0.));
#667 = CARTESIAN_POINT('',(16.932675154986,122.80057117348,0.));
#668 = CARTESIAN_POINT('',(14.051552963567,126.29705687244,0.));
#669 = CARTESIAN_POINT('',(11.113931108857,129.14044797219,0.));
#670 = CARTESIAN_POINT('',(8.179073751843,131.1058498789,0.));
#671 = CARTESIAN_POINT('',(5.407597880998,132.36852069579,0.));
#672 = CARTESIAN_POINT('',(9.882621838202E-13,133.6314793042,0.));
#673 = CARTESIAN_POINT('',(-5.407597881,132.36852069579,0.));
#674 = CARTESIAN_POINT('',(-8.179073751836,131.10584987887,0.));
#675 = CARTESIAN_POINT('',(-11.11393110887,129.14044797226,0.));
#676 = CARTESIAN_POINT('',(-14.05155296354,126.29705687232,0.));
#677 = CARTESIAN_POINT('',(-16.932675155,122.80057117362,0.));
#678 = CARTESIAN_POINT('',(-19.76935970147,118.51744130774,0.));
#679 = CARTESIAN_POINT('',(-22.48453878787,113.57783127887,0.));
#680 = CARTESIAN_POINT('',(-25.075451203,107.9851661197,0.));
#681 = CARTESIAN_POINT('',(-29.95097770703,95.604247779781,0.));
#682 = CARTESIAN_POINT('',(-34.14132217431,81.026128757664,0.));
#683 = CARTESIAN_POINT('',(-36.04626406708,73.237410107277,0.));
#684 = CARTESIAN_POINT('',(-37.74482888839,65.002650631848,0.));
#685 = CARTESIAN_POINT('',(-39.22340646727,56.37905434211,0.));
#686 = CARTESIAN_POINT('',(-40.47073834353,47.426957788419,0.));
#687 = CARTESIAN_POINT('',(-41.47779960893,38.209315329009,0.));
#688 = CARTESIAN_POINT('',(-42.23774744206,28.791122830114,0.));
#689 = CARTESIAN_POINT('',(-42.74593633278,19.238779790112,0.));
#690 = CARTESIAN_POINT('',(-43.,9.619389895066,0.));
#691 = CARTESIAN_POINT('',(-43.,2.277432558731E-14,0.));
#692 = PCURVE('',#68,#693);
#693 = DEFINITIONAL_REPRESENTATION('',(#694),#734);
#694 = B_SPLINE_CURVE_WITH_KNOTS('',11,(#695,#696,#697,#698,#699,#700,
    #701,#702,#703,#704,#705,#706,#707,#708,#709,#710,#711,#712,#713,
    #714,#715,#716,#717,#718,#719,#720,#721,#722,#723,#724,#725,#726,
    #727,#728,#729,#730,#731,#732,#733),.UNSPECIFIED.,.F.,.F.,(12,9,9,9,
    12),(4.712388980385,5.497787143782,6.28318530718,7.068583470577,
    7.853981633974),.UNSPECIFIED.);
#695 = CARTESIAN_POINT('',(81.292958230798,-43.));
#696 = CARTESIAN_POINT('',(71.673568335738,-42.99999999999));
#697 = CARTESIAN_POINT('',(62.054178440665,-42.74593633279));
#698 = CARTESIAN_POINT('',(52.501835400739,-42.23774744201));
#699 = CARTESIAN_POINT('',(43.083642901695,-41.47779960901));
#700 = CARTESIAN_POINT('',(33.866000442498,-40.47073834342));
#701 = CARTESIAN_POINT('',(24.913903888579,-39.22340646737));
#702 = CARTESIAN_POINT('',(16.29030759902,-37.74482888832));
#703 = CARTESIAN_POINT('',(8.055548123494,-36.04626406711));
#704 = CARTESIAN_POINT('',(0.266829473136,-34.14132217431));
#705 = CARTESIAN_POINT('',(-14.31128954897,-29.95097770703));
#706 = CARTESIAN_POINT('',(-26.69220788892,-25.075451203));
#707 = CARTESIAN_POINT('',(-32.28487304802,-22.48453878787));
#708 = CARTESIAN_POINT('',(-37.22448307704,-19.76935970149));
#709 = CARTESIAN_POINT('',(-41.50761294269,-16.93267515498));
#710 = CARTESIAN_POINT('',(-45.00409864164,-14.05155296356));
#711 = CARTESIAN_POINT('',(-47.84748974139,-11.11393110885));
#712 = CARTESIAN_POINT('',(-49.8128916481,-8.179073751843));
#713 = CARTESIAN_POINT('',(-51.07556246499,-5.407597880998));
#714 = CARTESIAN_POINT('',(-52.3385210734,-8.907386619094E-13));
#715 = CARTESIAN_POINT('',(-51.075562465,5.407597881));
#716 = CARTESIAN_POINT('',(-49.81289164807,8.179073751836));
#717 = CARTESIAN_POINT('',(-47.84748974146,11.113931108873));
#718 = CARTESIAN_POINT('',(-45.00409864152,14.051552963544));
#719 = CARTESIAN_POINT('',(-41.50761294282,16.932675155009));
#720 = CARTESIAN_POINT('',(-37.22448307694,19.769359701473));
#721 = CARTESIAN_POINT('',(-32.28487304807,22.484538787879));
#722 = CARTESIAN_POINT('',(-26.69220788891,25.075451203008));
#723 = CARTESIAN_POINT('',(-14.31128954898,29.950977707034));
#724 = CARTESIAN_POINT('',(0.266829473134,34.141322174317));
#725 = CARTESIAN_POINT('',(8.055548123521,36.046264067086));
#726 = CARTESIAN_POINT('',(16.290307598951,37.744828888391));
#727 = CARTESIAN_POINT('',(24.913903888688,39.223406467271));
#728 = CARTESIAN_POINT('',(33.86600044238,40.470738343536));
#729 = CARTESIAN_POINT('',(43.083642901789,41.47779960893));
#730 = CARTESIAN_POINT('',(52.501835400685,42.237747442066));
#731 = CARTESIAN_POINT('',(62.054178440687,42.74593633278));
#732 = CARTESIAN_POINT('',(71.673568335733,43.000000000002));
#733 = CARTESIAN_POINT('',(81.292958230798,43.));
#734 = ( GEOMETRIC_REPRESENTATION_CONTEXT(2) 
PARAMETRIC_REPRESENTATION_CONTEXT() REPRESENTATION_CONTEXT('2D SPACE',''
  ) );
#735 = PCURVE('',#299,#736);
#736 = DEFINITIONAL_REPRESENTATION('',(#737),#741);
#737 = LINE('',#738,#739);
#738 = CARTESIAN_POINT('',(0.,0.));
#739 = VECTOR('',#740,1.);
#740 = DIRECTION('',(0.,1.));
#741 = ( GEOMETRIC_REPRESENTATION_CONTEXT(2) 
PARAMETRIC_REPRESENTATION_CONTEXT() REPRESENTATION_CONTEXT('2D SPACE',''
  ) );
#742 = ORIENTED_EDGE('',*,*,#743,.T.);
#743 = EDGE_CURVE('',#649,#744,#746,.T.);
#744 = VERTEX_POINT('',#745);
#745 = CARTESIAN_POINT('',(6.6,121.4,0.));
#746 = SURFACE_CURVE('',#747,(#751,#758),.PCURVE_S1.);
#747 = LINE('',#748,#749);
#748 = CARTESIAN_POINT('',(6.6,134.6,0.));
#749 = VECTOR('',#750,1.);
#750 = DIRECTION('',(1.110223024625E-16,-1.,0.));
#751 = PCURVE('',#68,#752);
#752 = DEFINITIONAL_REPRESENTATION('',(#753),#757);
#753 = LINE('',#754,#755);
#754 = CARTESIAN_POINT('',(-53.3070417692,-6.6));
#755 = VECTOR('',#756,1.);
#756 = DIRECTION('',(1.,-1.706254499595E-15));
#757 = ( GEOMETRIC_REPRESENTATION_CONTEXT(2) 
PARAMETRIC_REPRESENTATION_CONTEXT() REPRESENTATION_CONTEXT('2D SPACE',''
  ) );
#758 = PCURVE('',#759,#764);
#759 = PLANE('',#760);
#760 = AXIS2_PLACEMENT_3D('',#761,#762,#763);
#761 = CARTESIAN_POINT('',(6.6,134.6,0.));
#762 = DIRECTION('',(-1.,-1.110223024625E-16,0.));
#763 = DIRECTION('',(0.,0.,1.));
#764 = DEFINITIONAL_REPRESENTATION('',(#765),#769);
#765 = LINE('',#766,#767);
#766 = CARTESIAN_POINT('',(0.,0.));
#767 = VECTOR('',#768,1.);
#768 = DIRECTION('',(0.,-1.));
#769 = ( GEOMETRIC_REPRESENTATION_CONTEXT(2) 
PARAMETRIC_REPRESENTATION_CONTEXT() REPRESENTATION_CONTEXT('2D SPACE',''
  ) );
#770 = ORIENTED_EDGE('',*,*,#771,.T.);
#771 = EDGE_CURVE('',#744,#772,#774,.T.);
#772 = VERTEX_POINT('',#773);
#773 = CARTESIAN_POINT('',(-6.6,121.4,0.));
#774 = SURFACE_CURVE('',#775,(#779,#786),.PCURVE_S1.);
#775 = LINE('',#776,#777);
#776 = CARTESIAN_POINT('',(6.6,121.4,0.));
#777 = VECTOR('',#778,1.);
#778 = DIRECTION('',(-1.,-1.110223024625E-16,0.));
#779 = PCURVE('',#68,#780);
#780 = DEFINITIONAL_REPRESENTATION('',(#781),#785);
#781 = LINE('',#782,#783);
#782 = CARTESIAN_POINT('',(-40.1070417692,-6.6));
#783 = VECTOR('',#784,1.);
#784 = DIRECTION('',(1.706254499595E-15,1.));
#785 = ( GEOMETRIC_REPRESENTATION_CONTEXT(2) 
PARAMETRIC_REPRESENTATION_CONTEXT() REPRESENTATION_CONTEXT('2D SPACE',''
  ) );
#786 = PCURVE('',#787,#792);
#787 = PLANE('',#788);
#788 = AXIS2_PLACEMENT_3D('',#789,#790,#791);
#789 = CARTESIAN_POINT('',(6.6,121.4,0.));
#790 = DIRECTION('',(1.110223024625E-16,-1.,0.));
#791 = DIRECTION('',(0.,0.,1.));
#792 = DEFINITIONAL_REPRESENTATION('',(#793),#797);
#793 = LINE('',#794,#795);
#794 = CARTESIAN_POINT('',(0.,0.));
#795 = VECTOR('',#796,1.);
#796 = DIRECTION('',(0.,1.));
#797 = ( GEOMETRIC_REPRESENTATION_CONTEXT(2) 
PARAMETRIC_REPRESENTATION_CONTEXT() REPRESENTATION_CONTEXT('2D SPACE',''
  ) );
#798 = ORIENTED_EDGE('',*,*,#799,.F.);
#799 = EDGE_CURVE('',#800,#772,#802,.T.);
#800 = VERTEX_POINT('',#801);
#801 = CARTESIAN_POINT('',(-6.6,131.29498255213,0.));
#802 = SURFACE_CURVE('',#803,(#807,#814),.PCURVE_S1.);
#803 = LINE('',#804,#805);
#804 = CARTESIAN_POINT('',(-6.6,134.6,0.));
#805 = VECTOR('',#806,1.);
#806 = DIRECTION('',(1.110223024625E-16,-1.,0.));
#807 = PCURVE('',#68,#808);
#808 = DEFINITIONAL_REPRESENTATION('',(#809),#813);
#809 = LINE('',#810,#811);
#810 = CARTESIAN_POINT('',(-53.3070417692,6.6));
#811 = VECTOR('',#812,1.);
#812 = DIRECTION('',(1.,-1.706254499595E-15));
#813 = ( GEOMETRIC_REPRESENTATION_CONTEXT(2) 
PARAMETRIC_REPRESENTATION_CONTEXT() REPRESENTATION_CONTEXT('2D SPACE',''
  ) );
#814 = PCURVE('',#815,#820);
#815 = PLANE('',#816);
#816 = AXIS2_PLACEMENT_3D('',#817,#818,#819);
#817 = CARTESIAN_POINT('',(-6.6,134.6,0.));
#818 = DIRECTION('',(-1.,-1.110223024625E-16,0.));
#819 = DIRECTION('',(0.,0.,1.));
#820 = DEFINITIONAL_REPRESENTATION('',(#821),#825);
#821 = LINE('',#822,#823);
#822 = CARTESIAN_POINT('',(0.,0.));
#823 = VECTOR('',#824,1.);
#824 = DIRECTION('',(0.,-1.));
#825 = ( GEOMETRIC_REPRESENTATION_CONTEXT(2) 
PARAMETRIC_REPRESENTATION_CONTEXT() REPRESENTATION_CONTEXT('2D SPACE',''
  ) );
#826 = ORIENTED_EDGE('',*,*,#827,.T.);
#827 = EDGE_CURVE('',#800,#828,#830,.T.);
#828 = VERTEX_POINT('',#829);
#829 = CARTESIAN_POINT('',(-29.7054351312,95.275219703695,0.));
#830 = SURFACE_CURVE('',#831,(#871,#914),.PCURVE_S1.);
#831 = B_SPLINE_CURVE_WITH_KNOTS('',11,(#832,#833,#834,#835,#836,#837,
    #838,#839,#840,#841,#842,#843,#844,#845,#846,#847,#848,#849,#850,
    #851,#852,#853,#854,#855,#856,#857,#858,#859,#860,#861,#862,#863,
    #864,#865,#866,#867,#868,#869,#870),.UNSPECIFIED.,.F.,.F.,(12,9,9,9,
    12),(4.712388980385,5.497787143782,6.28318530718,7.068583470577,
    7.853981633974),.UNSPECIFIED.);
#832 = CARTESIAN_POINT('',(43.,-5.905796992078E-15,0.));
#833 = CARTESIAN_POINT('',(42.999999999997,9.619389895061,0.));
#834 = CARTESIAN_POINT('',(42.745936332799,19.238779790133,0.));
#835 = CARTESIAN_POINT('',(42.237747442017,28.791122830059,0.));
#836 = CARTESIAN_POINT('',(41.477799609016,38.209315329103,0.));
#837 = CARTESIAN_POINT('',(40.470738343426,47.4269577883,0.));
#838 = CARTESIAN_POINT('',(39.223406467374,56.379054342219,0.));
#839 = CARTESIAN_POINT('',(37.744828888322,65.002650631778,0.));
#840 = CARTESIAN_POINT('',(36.046264067117,73.237410107304,0.));
#841 = CARTESIAN_POINT('',(34.141322174311,81.026128757662,0.));
#842 = CARTESIAN_POINT('',(29.950977707037,95.604247779777,0.));
#843 = CARTESIAN_POINT('',(25.075451203008,107.98516611972,0.));
#844 = CARTESIAN_POINT('',(22.484538787872,113.57783127882,0.));
#845 = CARTESIAN_POINT('',(19.76935970149,118.51744130784,0.));
#846 = CARTESIAN_POINT('',(16.932675154986,122.80057117348,0.));
#847 = CARTESIAN_POINT('',(14.051552963567,126.29705687244,0.));
#848 = CARTESIAN_POINT('',(11.113931108857,129.14044797219,0.));
#849 = CARTESIAN_POINT('',(8.179073751843,131.1058498789,0.));
#850 = CARTESIAN_POINT('',(5.407597880998,132.36852069579,0.));
#851 = CARTESIAN_POINT('',(9.882621838202E-13,133.6314793042,0.));
#852 = CARTESIAN_POINT('',(-5.407597881,132.36852069579,0.));
#853 = CARTESIAN_POINT('',(-8.179073751836,131.10584987887,0.));
#854 = CARTESIAN_POINT('',(-11.11393110887,129.14044797226,0.));
#855 = CARTESIAN_POINT('',(-14.05155296354,126.29705687232,0.));
#856 = CARTESIAN_POINT('',(-16.932675155,122.80057117362,0.));
#857 = CARTESIAN_POINT('',(-19.76935970147,118.51744130774,0.));
#858 = CARTESIAN_POINT('',(-22.48453878787,113.57783127887,0.));
#859 = CARTESIAN_POINT('',(-25.075451203,107.9851661197,0.));
#860 = CARTESIAN_POINT('',(-29.95097770703,95.604247779781,0.));
#861 = CARTESIAN_POINT('',(-34.14132217431,81.026128757664,0.));
#862 = CARTESIAN_POINT('',(-36.04626406708,73.237410107277,0.));
#863 = CARTESIAN_POINT('',(-37.74482888839,65.002650631848,0.));
#864 = CARTESIAN_POINT('',(-39.22340646727,56.37905434211,0.));
#865 = CARTESIAN_POINT('',(-40.47073834353,47.426957788419,0.));
#866 = CARTESIAN_POINT('',(-41.47779960893,38.209315329009,0.));
#867 = CARTESIAN_POINT('',(-42.23774744206,28.791122830114,0.));
#868 = CARTESIAN_POINT('',(-42.74593633278,19.238779790112,0.));
#869 = CARTESIAN_POINT('',(-43.,9.619389895066,0.));
#870 = CARTESIAN_POINT('',(-43.,2.277432558731E-14,0.));
#871 = PCURVE('',#68,#872);
#872 = DEFINITIONAL_REPRESENTATION('',(#873),#913);
#873 = B_SPLINE_CURVE_WITH_KNOTS('',11,(#874,#875,#876,#877,#878,#879,
    #880,#881,#882,#883,#884,#885,#886,#887,#888,#889,#890,#891,#892,
    #893,#894,#895,#896,#897,#898,#899,#900,#901,#902,#903,#904,#905,
    #906,#907,#908,#909,#910,#911,#912),.UNSPECIFIED.,.F.,.F.,(12,9,9,9,
    12),(4.712388980385,5.497787143782,6.28318530718,7.068583470577,
    7.853981633974),.UNSPECIFIED.);
#874 = CARTESIAN_POINT('',(81.292958230798,-43.));
#875 = CARTESIAN_POINT('',(71.673568335738,-42.99999999999));
#876 = CARTESIAN_POINT('',(62.054178440665,-42.74593633279));
#877 = CARTESIAN_POINT('',(52.501835400739,-42.23774744201));
#878 = CARTESIAN_POINT('',(43.083642901695,-41.47779960901));
#879 = CARTESIAN_POINT('',(33.866000442498,-40.47073834342));
#880 = CARTESIAN_POINT('',(24.913903888579,-39.22340646737));
#881 = CARTESIAN_POINT('',(16.29030759902,-37.74482888832));
#882 = CARTESIAN_POINT('',(8.055548123494,-36.04626406711));
#883 = CARTESIAN_POINT('',(0.266829473136,-34.14132217431));
#884 = CARTESIAN_POINT('',(-14.31128954897,-29.95097770703));
#885 = CARTESIAN_POINT('',(-26.69220788892,-25.075451203));
#886 = CARTESIAN_POINT('',(-32.28487304802,-22.48453878787));
#887 = CARTESIAN_POINT('',(-37.22448307704,-19.76935970149));
#888 = CARTESIAN_POINT('',(-41.50761294269,-16.93267515498));
#889 = CARTESIAN_POINT('',(-45.00409864164,-14.05155296356));
#890 = CARTESIAN_POINT('',(-47.84748974139,-11.11393110885));
#891 = CARTESIAN_POINT('',(-49.8128916481,-8.179073751843));
#892 = CARTESIAN_POINT('',(-51.07556246499,-5.407597880998));
#893 = CARTESIAN_POINT('',(-52.3385210734,-8.907386619094E-13));
#894 = CARTESIAN_POINT('',(-51.075562465,5.407597881));
#895 = CARTESIAN_POINT('',(-49.81289164807,8.179073751836));
#896 = CARTESIAN_POINT('',(-47.84748974146,11.113931108873));
#897 = CARTESIAN_POINT('',(-45.00409864152,14.051552963544));
#898 = CARTESIAN_POINT('',(-41.50761294282,16.932675155009));
#899 = CARTESIAN_POINT('',(-37.22448307694,19.769359701473));
#900 = CARTESIAN_POINT('',(-32.28487304807,22.484538787879));
#901 = CARTESIAN_POINT('',(-26.69220788891,25.075451203008));
#902 = CARTESIAN_POINT('',(-14.31128954898,29.950977707034));
#903 = CARTESIAN_POINT('',(0.266829473134,34.141322174317));
#904 = CARTESIAN_POINT('',(8.055548123521,36.046264067086));
#905 = CARTESIAN_POINT('',(16.290307598951,37.744828888391));
#906 = CARTESIAN_POINT('',(24.913903888688,39.223406467271));
#907 = CARTESIAN_POINT('',(33.86600044238,40.470738343536));
#908 = CARTESIAN_POINT('',(43.083642901789,41.47779960893));
#909 = CARTESIAN_POINT('',(52.501835400685,42.237747442066));
#910 = CARTESIAN_POINT('',(62.054178440687,42.74593633278));
#911 = CARTESIAN_POINT('',(71.673568335733,43.000000000002));
#912 = CARTESIAN_POINT('',(81.292958230798,43.));
#913 = ( GEOMETRIC_REPRESENTATION_CONTEXT(2) 
PARAMETRIC_REPRESENTATION_CONTEXT() REPRESENTATION_CONTEXT('2D SPACE',''
  ) );
#914 = PCURVE('',#299,#915);
#915 = DEFINITIONAL_REPRESENTATION('',(#916),#920);
#916 = LINE('',#917,#918);
#917 = CARTESIAN_POINT('',(0.,0.));
#918 = VECTOR('',#919,1.);
#919 = DIRECTION('',(0.,1.));
#920 = ( GEOMETRIC_REPRESENTATION_CONTEXT(2) 
PARAMETRIC_REPRESENTATION_CONTEXT() REPRESENTATION_CONTEXT('2D SPACE',''
  ) );
#921 = ORIENTED_EDGE('',*,*,#922,.T.);
#922 = EDGE_CURVE('',#828,#923,#925,.T.);
#923 = VERTEX_POINT('',#924);
#924 = CARTESIAN_POINT('',(-18.69996779541,92.009289311141,0.));
#925 = SURFACE_CURVE('',#926,(#930,#937),.PCURVE_S1.);
#926 = LINE('',#927,#928);
#927 = CARTESIAN_POINT('',(-31.35451973729,95.764594245512,0.));
#928 = VECTOR('',#929,1.);
#929 = DIRECTION('',(0.958678177416,-0.284492798058,0.));
#930 = PCURVE('',#68,#931);
#931 = DEFINITIONAL_REPRESENTATION('',(#932),#936);
#932 = LINE('',#933,#934);
#933 = CARTESIAN_POINT('',(-14.47163601471,31.354519737296));
#934 = VECTOR('',#935,1.);
#935 = DIRECTION('',(0.284492798058,-0.958678177416));
#936 = ( GEOMETRIC_REPRESENTATION_CONTEXT(2) 
PARAMETRIC_REPRESENTATION_CONTEXT() REPRESENTATION_CONTEXT('2D SPACE',''
  ) );
#937 = PCURVE('',#938,#943);
#938 = PLANE('',#939);
#939 = AXIS2_PLACEMENT_3D('',#940,#941,#942);
#940 = CARTESIAN_POINT('',(-31.35451973729,95.764594245512,0.));
#941 = DIRECTION('',(-0.284492798058,-0.958678177416,0.));
#942 = DIRECTION('',(0.,0.,1.));
#943 = DEFINITIONAL_REPRESENTATION('',(#944),#948);
#944 = LINE('',#945,#946);
#945 = CARTESIAN_POINT('',(0.,0.));
#946 = VECTOR('',#947,1.);
#947 = DIRECTION('',(0.,-1.));
#948 = ( GEOMETRIC_REPRESENTATION_CONTEXT(2) 
PARAMETRIC_REPRESENTATION_CONTEXT() REPRESENTATION_CONTEXT('2D SPACE',''
  ) );
#949 = ORIENTED_EDGE('',*,*,#950,.T.);
#950 = EDGE_CURVE('',#923,#951,#953,.T.);
#951 = VERTEX_POINT('',#952);
#952 = CARTESIAN_POINT('',(-22.45527272978,79.354737369255,0.));
#953 = SURFACE_CURVE('',#954,(#958,#965),.PCURVE_S1.);
#954 = LINE('',#955,#956);
#955 = CARTESIAN_POINT('',(-18.69996779541,92.009289311141,0.));
#956 = VECTOR('',#957,1.);
#957 = DIRECTION('',(-0.284492798058,-0.958678177416,0.));
#958 = PCURVE('',#68,#959);
#959 = DEFINITIONAL_REPRESENTATION('',(#960),#964);
#960 = LINE('',#961,#962);
#961 = CARTESIAN_POINT('',(-10.71633108034,18.69996779541));
#962 = VECTOR('',#963,1.);
#963 = DIRECTION('',(0.958678177416,0.284492798058));
#964 = ( GEOMETRIC_REPRESENTATION_CONTEXT(2) 
PARAMETRIC_REPRESENTATION_CONTEXT() REPRESENTATION_CONTEXT('2D SPACE',''
  ) );
#965 = PCURVE('',#966,#971);
#966 = PLANE('',#967);
#967 = AXIS2_PLACEMENT_3D('',#968,#969,#970);
#968 = CARTESIAN_POINT('',(-18.69996779541,92.009289311141,0.));
#969 = DIRECTION('',(0.958678177416,-0.284492798058,0.));
#970 = DIRECTION('',(0.,0.,1.));
#971 = DEFINITIONAL_REPRESENTATION('',(#972),#976);
#972 = LINE('',#973,#974);
#973 = CARTESIAN_POINT('',(0.,0.));
#974 = VECTOR('',#975,1.);
#975 = DIRECTION('',(0.,1.));
#976 = ( GEOMETRIC_REPRESENTATION_CONTEXT(2) 
PARAMETRIC_REPRESENTATION_CONTEXT() REPRESENTATION_CONTEXT('2D SPACE',''
  ) );
#977 = ORIENTED_EDGE('',*,*,#978,.F.);
#978 = EDGE_CURVE('',#979,#951,#981,.T.);
#979 = VERTEX_POINT('',#980);
#980 = CARTESIAN_POINT('',(-33.47092456449,82.623690065498,0.));
#981 = SURFACE_CURVE('',#982,(#986,#993),.PCURVE_S1.);
#982 = LINE('',#983,#984);
#983 = CARTESIAN_POINT('',(-35.10982467166,83.110042303626,0.));
#984 = VECTOR('',#985,1.);
#985 = DIRECTION('',(0.958678177416,-0.284492798058,0.));
#986 = PCURVE('',#68,#987);
#987 = DEFINITIONAL_REPRESENTATION('',(#988),#992);
#988 = LINE('',#989,#990);
#989 = CARTESIAN_POINT('',(-1.817084072828,35.109824671667));
#990 = VECTOR('',#991,1.);
#991 = DIRECTION('',(0.284492798058,-0.958678177416));
#992 = ( GEOMETRIC_REPRESENTATION_CONTEXT(2) 
PARAMETRIC_REPRESENTATION_CONTEXT() REPRESENTATION_CONTEXT('2D SPACE',''
  ) );
#993 = PCURVE('',#994,#999);
#994 = PLANE('',#995);
#995 = AXIS2_PLACEMENT_3D('',#996,#997,#998);
#996 = CARTESIAN_POINT('',(-35.10982467166,83.110042303626,0.));
#997 = DIRECTION('',(-0.284492798058,-0.958678177416,0.));
#998 = DIRECTION('',(0.,0.,1.));
#999 = DEFINITIONAL_REPRESENTATION('',(#1000),#1004);
#1000 = LINE('',#1001,#1002);
#1001 = CARTESIAN_POINT('',(0.,0.));
#1002 = VECTOR('',#1003,1.);
#1003 = DIRECTION('',(0.,-1.));
#1004 = ( GEOMETRIC_REPRESENTATION_CONTEXT(2) 
PARAMETRIC_REPRESENTATION_CONTEXT() REPRESENTATION_CONTEXT('2D SPACE',''
  ) );
#1005 = ORIENTED_EDGE('',*,*,#1006,.T.);
#1006 = EDGE_CURVE('',#979,#1007,#1009,.T.);
#1007 = VERTEX_POINT('',#1008);
#1008 = CARTESIAN_POINT('',(-41.29581351873,36.601007022583,0.));
#1009 = SURFACE_CURVE('',#1010,(#1050,#1093),.PCURVE_S1.);
#1010 = B_SPLINE_CURVE_WITH_KNOTS('',11,(#1011,#1012,#1013,#1014,#1015,
    #1016,#1017,#1018,#1019,#1020,#1021,#1022,#1023,#1024,#1025,#1026,
    #1027,#1028,#1029,#1030,#1031,#1032,#1033,#1034,#1035,#1036,#1037,
    #1038,#1039,#1040,#1041,#1042,#1043,#1044,#1045,#1046,#1047,#1048,
    #1049),.UNSPECIFIED.,.F.,.F.,(12,9,9,9,12),(4.712388980385,
    5.497787143782,6.28318530718,7.068583470577,7.853981633974),
  .UNSPECIFIED.);
#1011 = CARTESIAN_POINT('',(43.,-5.905796992078E-15,0.));
#1012 = CARTESIAN_POINT('',(42.999999999997,9.619389895061,0.));
#1013 = CARTESIAN_POINT('',(42.745936332799,19.238779790133,0.));
#1014 = CARTESIAN_POINT('',(42.237747442017,28.791122830059,0.));
#1015 = CARTESIAN_POINT('',(41.477799609016,38.209315329103,0.));
#1016 = CARTESIAN_POINT('',(40.470738343426,47.4269577883,0.));
#1017 = CARTESIAN_POINT('',(39.223406467374,56.379054342219,0.));
#1018 = CARTESIAN_POINT('',(37.744828888322,65.002650631778,0.));
#1019 = CARTESIAN_POINT('',(36.046264067117,73.237410107304,0.));
#1020 = CARTESIAN_POINT('',(34.141322174311,81.026128757662,0.));
#1021 = CARTESIAN_POINT('',(29.950977707037,95.604247779777,0.));
#1022 = CARTESIAN_POINT('',(25.075451203008,107.98516611972,0.));
#1023 = CARTESIAN_POINT('',(22.484538787872,113.57783127882,0.));
#1024 = CARTESIAN_POINT('',(19.76935970149,118.51744130784,0.));
#1025 = CARTESIAN_POINT('',(16.932675154986,122.80057117348,0.));
#1026 = CARTESIAN_POINT('',(14.051552963567,126.29705687244,0.));
#1027 = CARTESIAN_POINT('',(11.113931108857,129.14044797219,0.));
#1028 = CARTESIAN_POINT('',(8.179073751843,131.1058498789,0.));
#1029 = CARTESIAN_POINT('',(5.407597880998,132.36852069579,0.));
#1030 = CARTESIAN_POINT('',(9.882621838202E-13,133.6314793042,0.));
#1031 = CARTESIAN_POINT('',(-5.407597881,132.36852069579,0.));
#1032 = CARTESIAN_POINT('',(-8.179073751836,131.10584987887,0.));
#1033 = CARTESIAN_POINT('',(-11.11393110887,129.14044797226,0.));
#1034 = CARTESIAN_POINT('',(-14.05155296354,126.29705687232,0.));
#1035 = CARTESIAN_POINT('',(-16.932675155,122.80057117362,0.));
#1036 = CARTESIAN_POINT('',(-19.76935970147,118.51744130774,0.));
#1037 = CARTESIAN_POINT('',(-22.48453878787,113.57783127887,0.));
#1038 = CARTESIAN_POINT('',(-25.075451203,107.9851661197,0.));
#1039 = CARTESIAN_POINT('',(-29.95097770703,95.604247779781,0.));
#1040 = CARTESIAN_POINT('',(-34.14132217431,81.026128757664,0.));
#1041 = CARTESIAN_POINT('',(-36.04626406708,73.237410107277,0.));
#1042 = CARTESIAN_POINT('',(-37.74482888839,65.002650631848,0.));
#1043 = CARTESIAN_POINT('',(-39.22340646727,56.37905434211,0.));
#1044 = CARTESIAN_POINT('',(-40.47073834353,47.426957788419,0.));
#1045 = CARTESIAN_POINT('',(-41.47779960893,38.209315329009,0.));
#1046 = CARTESIAN_POINT('',(-42.23774744206,28.791122830114,0.));
#1047 = CARTESIAN_POINT('',(-42.74593633278,19.238779790112,0.));
#1048 = CARTESIAN_POINT('',(-43.,9.619389895066,0.));
#1049 = CARTESIAN_POINT('',(-43.,2.277432558731E-14,0.));
#1050 = PCURVE('',#68,#1051);
#1051 = DEFINITIONAL_REPRESENTATION('',(#1052),#1092);
#1052 = B_SPLINE_CURVE_WITH_KNOTS('',11,(#1053,#1054,#1055,#1056,#1057,
    #1058,#1059,#1060,#1061,#1062,#1063,#1064,#1065,#1066,#1067,#1068,
    #1069,#1070,#1071,#1072,#1073,#1074,#1075,#1076,#1077,#1078,#1079,
    #1080,#1081,#1082,#1083,#1084,#1085,#1086,#1087,#1088,#1089,#1090,
    #1091),.UNSPECIFIED.,.F.,.F.,(12,9,9,9,12),(4.712388980385,
    5.497787143782,6.28318530718,7.068583470577,7.853981633974),
  .UNSPECIFIED.);
#1053 = CARTESIAN_POINT('',(81.292958230798,-43.));
#1054 = CARTESIAN_POINT('',(71.673568335738,-42.99999999999));
#1055 = CARTESIAN_POINT('',(62.054178440665,-42.74593633279));
#1056 = CARTESIAN_POINT('',(52.501835400739,-42.23774744201));
#1057 = CARTESIAN_POINT('',(43.083642901695,-41.47779960901));
#1058 = CARTESIAN_POINT('',(33.866000442498,-40.47073834342));
#1059 = CARTESIAN_POINT('',(24.913903888579,-39.22340646737));
#1060 = CARTESIAN_POINT('',(16.29030759902,-37.74482888832));
#1061 = CARTESIAN_POINT('',(8.055548123494,-36.04626406711));
#1062 = CARTESIAN_POINT('',(0.266829473136,-34.14132217431));
#1063 = CARTESIAN_POINT('',(-14.31128954897,-29.95097770703));
#1064 = CARTESIAN_POINT('',(-26.69220788892,-25.075451203));
#1065 = CARTESIAN_POINT('',(-32.28487304802,-22.48453878787));
#1066 = CARTESIAN_POINT('',(-37.22448307704,-19.76935970149));
#1067 = CARTESIAN_POINT('',(-41.50761294269,-16.93267515498));
#1068 = CARTESIAN_POINT('',(-45.00409864164,-14.05155296356));
#1069 = CARTESIAN_POINT('',(-47.84748974139,-11.11393110885));
#1070 = CARTESIAN_POINT('',(-49.8128916481,-8.179073751843));
#1071 = CARTESIAN_POINT('',(-51.07556246499,-5.407597880998));
#1072 = CARTESIAN_POINT('',(-52.3385210734,-8.907386619094E-13));
#1073 = CARTESIAN_POINT('',(-51.075562465,5.407597881));
#1074 = CARTESIAN_POINT('',(-49.81289164807,8.179073751836));
#1075 = CARTESIAN_POINT('',(-47.84748974146,11.113931108873));
#1076 = CARTESIAN_POINT('',(-45.00409864152,14.051552963544));
#1077 = CARTESIAN_POINT('',(-41.50761294282,16.932675155009));
#1078 = CARTESIAN_POINT('',(-37.22448307694,19.769359701473));
#1079 = CARTESIAN_POINT('',(-32.28487304807,22.484538787879));
#1080 = CARTESIAN_POINT('',(-26.69220788891,25.075451203008));
#1081 = CARTESIAN_POINT('',(-14.31128954898,29.950977707034));
#1082 = CARTESIAN_POINT('',(0.266829473134,34.141322174317));
#1083 = CARTESIAN_POINT('',(8.055548123521,36.046264067086));
#1084 = CARTESIAN_POINT('',(16.290307598951,37.744828888391));
#1085 = CARTESIAN_POINT('',(24.913903888688,39.223406467271));
#1086 = CARTESIAN_POINT('',(33.86600044238,40.470738343536));
#1087 = CARTESIAN_POINT('',(43.083642901789,41.47779960893));
#1088 = CARTESIAN_POINT('',(52.501835400685,42.237747442066));
#1089 = CARTESIAN_POINT('',(62.054178440687,42.74593633278));
#1090 = CARTESIAN_POINT('',(71.673568335733,43.000000000002));
#1091 = CARTESIAN_POINT('',(81.292958230798,43.));
#1092 = ( GEOMETRIC_REPRESENTATION_CONTEXT(2) 
PARAMETRIC_REPRESENTATION_CONTEXT() REPRESENTATION_CONTEXT('2D SPACE',''
  ) );
#1093 = PCURVE('',#299,#1094);
#1094 = DEFINITIONAL_REPRESENTATION('',(#1095),#1099);
#1095 = LINE('',#1096,#1097);
#1096 = CARTESIAN_POINT('',(0.,0.));
#1097 = VECTOR('',#1098,1.);
#1098 = DIRECTION('',(0.,1.));
#1099 = ( GEOMETRIC_REPRESENTATION_CONTEXT(2) 
PARAMETRIC_REPRESENTATION_CONTEXT() REPRESENTATION_CONTEXT('2D SPACE',''
  ) );
#1100 = ORIENTED_EDGE('',*,*,#1101,.T.);
#1101 = EDGE_CURVE('',#1007,#1102,#1104,.T.);
#1102 = VERTEX_POINT('',#1103);
#1103 = CARTESIAN_POINT('',(-29.78865185659,35.716228007736,0.));
#1104 = SURFACE_CURVE('',#1105,(#1109,#1116),.PCURVE_S1.);
#1105 = LINE('',#1106,#1107);
#1106 = CARTESIAN_POINT('',(-42.94980492904,36.728181466945,0.));
#1107 = VECTOR('',#1108,1.);
#1108 = DIRECTION('',(0.997057050943,-7.666314084913E-02,0.));
#1109 = PCURVE('',#68,#1110);
#1110 = DEFINITIONAL_REPRESENTATION('',(#1111),#1115);
#1111 = LINE('',#1112,#1113);
#1112 = CARTESIAN_POINT('',(44.564776763854,42.949804929042));
#1113 = VECTOR('',#1114,1.);
#1114 = DIRECTION('',(7.666314084913E-02,-0.997057050943));
#1115 = ( GEOMETRIC_REPRESENTATION_CONTEXT(2) 
PARAMETRIC_REPRESENTATION_CONTEXT() REPRESENTATION_CONTEXT('2D SPACE',''
  ) );
#1116 = PCURVE('',#1117,#1122);
#1117 = PLANE('',#1118);
#1118 = AXIS2_PLACEMENT_3D('',#1119,#1120,#1121);
#1119 = CARTESIAN_POINT('',(-42.94980492904,36.728181466945,0.));
#1120 = DIRECTION('',(-7.666314084913E-02,-0.997057050943,0.));
#1121 = DIRECTION('',(0.,0.,1.));
#1122 = DEFINITIONAL_REPRESENTATION('',(#1123),#1127);
#1123 = LINE('',#1124,#1125);
#1124 = CARTESIAN_POINT('',(0.,0.));
#1125 = VECTOR('',#1126,1.);
#1126 = DIRECTION('',(0.,-1.));
#1127 = ( GEOMETRIC_REPRESENTATION_CONTEXT(2) 
PARAMETRIC_REPRESENTATION_CONTEXT() REPRESENTATION_CONTEXT('2D SPACE',''
  ) );
#1128 = ORIENTED_EDGE('',*,*,#1129,.T.);
#1129 = EDGE_CURVE('',#1102,#1130,#1132,.T.);
#1130 = VERTEX_POINT('',#1131);
#1131 = CARTESIAN_POINT('',(-30.8006053158,22.555074935289,0.));
#1132 = SURFACE_CURVE('',#1133,(#1137,#1144),.PCURVE_S1.);
#1133 = LINE('',#1134,#1135);
#1134 = CARTESIAN_POINT('',(-29.78865185659,35.716228007736,0.));
#1135 = VECTOR('',#1136,1.);
#1136 = DIRECTION('',(-7.666314084913E-02,-0.997057050943,0.));
#1137 = PCURVE('',#68,#1138);
#1138 = DEFINITIONAL_REPRESENTATION('',(#1139),#1143);
#1139 = LINE('',#1140,#1141);
#1140 = CARTESIAN_POINT('',(45.576730223062,29.788651856595));
#1141 = VECTOR('',#1142,1.);
#1142 = DIRECTION('',(0.997057050943,7.666314084913E-02));
#1143 = ( GEOMETRIC_REPRESENTATION_CONTEXT(2) 
PARAMETRIC_REPRESENTATION_CONTEXT() REPRESENTATION_CONTEXT('2D SPACE',''
  ) );
#1144 = PCURVE('',#1145,#1150);
#1145 = PLANE('',#1146);
#1146 = AXIS2_PLACEMENT_3D('',#1147,#1148,#1149);
#1147 = CARTESIAN_POINT('',(-29.78865185659,35.716228007736,0.));
#1148 = DIRECTION('',(0.997057050943,-7.666314084913E-02,0.));
#1149 = DIRECTION('',(0.,0.,1.));
#1150 = DEFINITIONAL_REPRESENTATION('',(#1151),#1155);
#1151 = LINE('',#1152,#1153);
#1152 = CARTESIAN_POINT('',(0.,0.));
#1153 = VECTOR('',#1154,1.);
#1154 = DIRECTION('',(0.,1.));
#1155 = ( GEOMETRIC_REPRESENTATION_CONTEXT(2) 
PARAMETRIC_REPRESENTATION_CONTEXT() REPRESENTATION_CONTEXT('2D SPACE',''
  ) );
#1156 = ORIENTED_EDGE('',*,*,#1157,.F.);
#1157 = EDGE_CURVE('',#1158,#1130,#1160,.T.);
#1158 = VERTEX_POINT('',#1159);
#1159 = CARTESIAN_POINT('',(-42.30896107239,23.439945763368,0.));
#1160 = SURFACE_CURVE('',#1161,(#1165,#1172),.PCURVE_S1.);
#1161 = LINE('',#1162,#1163);
#1162 = CARTESIAN_POINT('',(-43.96175838825,23.567028394497,0.));
#1163 = VECTOR('',#1164,1.);
#1164 = DIRECTION('',(0.997057050943,-7.666314084913E-02,0.));
#1165 = PCURVE('',#68,#1166);
#1166 = DEFINITIONAL_REPRESENTATION('',(#1167),#1171);
#1167 = LINE('',#1168,#1169);
#1168 = CARTESIAN_POINT('',(57.725929836301,43.961758388251));
#1169 = VECTOR('',#1170,1.);
#1170 = DIRECTION('',(7.666314084913E-02,-0.997057050943));
#1171 = ( GEOMETRIC_REPRESENTATION_CONTEXT(2) 
PARAMETRIC_REPRESENTATION_CONTEXT() REPRESENTATION_CONTEXT('2D SPACE',''
  ) );
#1172 = PCURVE('',#1173,#1178);
#1173 = PLANE('',#1174);
#1174 = AXIS2_PLACEMENT_3D('',#1175,#1176,#1177);
#1175 = CARTESIAN_POINT('',(-43.96175838825,23.567028394497,0.));
#1176 = DIRECTION('',(-7.666314084913E-02,-0.997057050943,0.));
#1177 = DIRECTION('',(0.,0.,1.));
#1178 = DEFINITIONAL_REPRESENTATION('',(#1179),#1183);
#1179 = LINE('',#1180,#1181);
#1180 = CARTESIAN_POINT('',(0.,0.));
#1181 = VECTOR('',#1182,1.);
#1182 = DIRECTION('',(0.,-1.));
#1183 = ( GEOMETRIC_REPRESENTATION_CONTEXT(2) 
PARAMETRIC_REPRESENTATION_CONTEXT() REPRESENTATION_CONTEXT('2D SPACE',''
  ) );
#1184 = ORIENTED_EDGE('',*,*,#1185,.T.);
#1185 = EDGE_CURVE('',#1158,#1186,#1188,.T.);
#1186 = VERTEX_POINT('',#1187);
#1187 = CARTESIAN_POINT('',(-43.,1.566889822971E-14,0.));
#1188 = SURFACE_CURVE('',#1189,(#1229,#1272),.PCURVE_S1.);
#1189 = B_SPLINE_CURVE_WITH_KNOTS('',11,(#1190,#1191,#1192,#1193,#1194,
    #1195,#1196,#1197,#1198,#1199,#1200,#1201,#1202,#1203,#1204,#1205,
    #1206,#1207,#1208,#1209,#1210,#1211,#1212,#1213,#1214,#1215,#1216,
    #1217,#1218,#1219,#1220,#1221,#1222,#1223,#1224,#1225,#1226,#1227,
    #1228),.UNSPECIFIED.,.F.,.F.,(12,9,9,9,12),(4.712388980385,
    5.497787143782,6.28318530718,7.068583470577,7.853981633974),
  .UNSPECIFIED.);
#1190 = CARTESIAN_POINT('',(43.,-5.905796992078E-15,0.));
#1191 = CARTESIAN_POINT('',(42.999999999997,9.619389895061,0.));
#1192 = CARTESIAN_POINT('',(42.745936332799,19.238779790133,0.));
#1193 = CARTESIAN_POINT('',(42.237747442017,28.791122830059,0.));
#1194 = CARTESIAN_POINT('',(41.477799609016,38.209315329103,0.));
#1195 = CARTESIAN_POINT('',(40.470738343426,47.4269577883,0.));
#1196 = CARTESIAN_POINT('',(39.223406467374,56.379054342219,0.));
#1197 = CARTESIAN_POINT('',(37.744828888322,65.002650631778,0.));
#1198 = CARTESIAN_POINT('',(36.046264067117,73.237410107304,0.));
#1199 = CARTESIAN_POINT('',(34.141322174311,81.026128757662,0.));
#1200 = CARTESIAN_POINT('',(29.950977707037,95.604247779777,0.));
#1201 = CARTESIAN_POINT('',(25.075451203008,107.98516611972,0.));
#1202 = CARTESIAN_POINT('',(22.484538787872,113.57783127882,0.));
#1203 = CARTESIAN_POINT('',(19.76935970149,118.51744130784,0.));
#1204 = CARTESIAN_POINT('',(16.932675154986,122.80057117348,0.));
#1205 = CARTESIAN_POINT('',(14.051552963567,126.29705687244,0.));
#1206 = CARTESIAN_POINT('',(11.113931108857,129.14044797219,0.));
#1207 = CARTESIAN_POINT('',(8.179073751843,131.1058498789,0.));
#1208 = CARTESIAN_POINT('',(5.407597880998,132.36852069579,0.));
#1209 = CARTESIAN_POINT('',(9.882621838202E-13,133.6314793042,0.));
#1210 = CARTESIAN_POINT('',(-5.407597881,132.36852069579,0.));
#1211 = CARTESIAN_POINT('',(-8.179073751836,131.10584987887,0.));
#1212 = CARTESIAN_POINT('',(-11.11393110887,129.14044797226,0.));
#1213 = CARTESIAN_POINT('',(-14.05155296354,126.29705687232,0.));
#1214 = CARTESIAN_POINT('',(-16.932675155,122.80057117362,0.));
#1215 = CARTESIAN_POINT('',(-19.76935970147,118.51744130774,0.));
#1216 = CARTESIAN_POINT('',(-22.48453878787,113.57783127887,0.));
#1217 = CARTESIAN_POINT('',(-25.075451203,107.9851661197,0.));
#1218 = CARTESIAN_POINT('',(-29.95097770703,95.604247779781,0.));
#1219 = CARTESIAN_POINT('',(-34.14132217431,81.026128757664,0.));
#1220 = CARTESIAN_POINT('',(-36.04626406708,73.237410107277,0.));
#1221 = CARTESIAN_POINT('',(-37.74482888839,65.002650631848,0.));
#1222 = CARTESIAN_POINT('',(-39.22340646727,56.37905434211,0.));
#1223 = CARTESIAN_POINT('',(-40.47073834353,47.426957788419,0.));
#1224 = CARTESIAN_POINT('',(-41.47779960893,38.209315329009,0.));
#1225 = CARTESIAN_POINT('',(-42.23774744206,28.791122830114,0.));
#1226 = CARTESIAN_POINT('',(-42.74593633278,19.238779790112,0.));
#1227 = CARTESIAN_POINT('',(-43.,9.619389895066,0.));
#1228 = CARTESIAN_POINT('',(-43.,2.277432558731E-14,0.));
#1229 = PCURVE('',#68,#1230);
#1230 = DEFINITIONAL_REPRESENTATION('',(#1231),#1271);
#1231 = B_SPLINE_CURVE_WITH_KNOTS('',11,(#1232,#1233,#1234,#1235,#1236,
    #1237,#1238,#1239,#1240,#1241,#1242,#1243,#1244,#1245,#1246,#1247,
    #1248,#1249,#1250,#1251,#1252,#1253,#1254,#1255,#1256,#1257,#1258,
    #1259,#1260,#1261,#1262,#1263,#1264,#1265,#1266,#1267,#1268,#1269,
    #1270),.UNSPECIFIED.,.F.,.F.,(12,9,9,9,12),(4.712388980385,
    5.497787143782,6.28318530718,7.068583470577,7.853981633974),
  .UNSPECIFIED.);
#1232 = CARTESIAN_POINT('',(81.292958230798,-43.));
#1233 = CARTESIAN_POINT('',(71.673568335738,-42.99999999999));
#1234 = CARTESIAN_POINT('',(62.054178440665,-42.74593633279));
#1235 = CARTESIAN_POINT('',(52.501835400739,-42.23774744201));
#1236 = CARTESIAN_POINT('',(43.083642901695,-41.47779960901));
#1237 = CARTESIAN_POINT('',(33.866000442498,-40.47073834342));
#1238 = CARTESIAN_POINT('',(24.913903888579,-39.22340646737));
#1239 = CARTESIAN_POINT('',(16.29030759902,-37.74482888832));
#1240 = CARTESIAN_POINT('',(8.055548123494,-36.04626406711));
#1241 = CARTESIAN_POINT('',(0.266829473136,-34.14132217431));
#1242 = CARTESIAN_POINT('',(-14.31128954897,-29.95097770703));
#1243 = CARTESIAN_POINT('',(-26.69220788892,-25.075451203));
#1244 = CARTESIAN_POINT('',(-32.28487304802,-22.48453878787));
#1245 = CARTESIAN_POINT('',(-37.22448307704,-19.76935970149));
#1246 = CARTESIAN_POINT('',(-41.50761294269,-16.93267515498));
#1247 = CARTESIAN_POINT('',(-45.00409864164,-14.05155296356));
#1248 = CARTESIAN_POINT('',(-47.84748974139,-11.11393110885));
#1249 = CARTESIAN_POINT('',(-49.8128916481,-8.179073751843));
#1250 = CARTESIAN_POINT('',(-51.07556246499,-5.407597880998));
#1251 = CARTESIAN_POINT('',(-52.3385210734,-8.907386619094E-13));
#1252 = CARTESIAN_POINT('',(-51.075562465,5.407597881));
#1253 = CARTESIAN_POINT('',(-49.81289164807,8.179073751836));
#1254 = CARTESIAN_POINT('',(-47.84748974146,11.113931108873));
#1255 = CARTESIAN_POINT('',(-45.00409864152,14.051552963544));
#1256 = CARTESIAN_POINT('',(-41.50761294282,16.932675155009));
#1257 = CARTESIAN_POINT('',(-37.22448307694,19.769359701473));
#1258 = CARTESIAN_POINT('',(-32.28487304807,22.484538787879));
#1259 = CARTESIAN_POINT('',(-26.69220788891,25.075451203008));
#1260 = CARTESIAN_POINT('',(-14.31128954898,29.950977707034));
#1261 = CARTESIAN_POINT('',(0.266829473134,34.141322174317));
#1262 = CARTESIAN_POINT('',(8.055548123521,36.046264067086));
#1263 = CARTESIAN_POINT('',(16.290307598951,37.744828888391));
#1264 = CARTESIAN_POINT('',(24.913903888688,39.223406467271));
#1265 = CARTESIAN_POINT('',(33.86600044238,40.470738343536));
#1266 = CARTESIAN_POINT('',(43.083642901789,41.47779960893));
#1267 = CARTESIAN_POINT('',(52.501835400685,42.237747442066));
#1268 = CARTESIAN_POINT('',(62.054178440687,42.74593633278));
#1269 = CARTESIAN_POINT('',(71.673568335733,43.000000000002));
#1270 = CARTESIAN_POINT('',(81.292958230798,43.));
#1271 = ( GEOMETRIC_REPRESENTATION_CONTEXT(2) 
PARAMETRIC_REPRESENTATION_CONTEXT() REPRESENTATION_CONTEXT('2D SPACE',''
  ) );
#1272 = PCURVE('',#299,#1273);
#1273 = DEFINITIONAL_REPRESENTATION('',(#1274),#1278);
#1274 = LINE('',#1275,#1276);
#1275 = CARTESIAN_POINT('',(0.,0.));
#1276 = VECTOR('',#1277,1.);
#1277 = DIRECTION('',(0.,1.));
#1278 = ( GEOMETRIC_REPRESENTATION_CONTEXT(2) 
PARAMETRIC_REPRESENTATION_CONTEXT() REPRESENTATION_CONTEXT('2D SPACE',''
  ) );
#1279 = ORIENTED_EDGE('',*,*,#1280,.F.);
#1280 = EDGE_CURVE('',#1281,#1186,#1283,.T.);
#1281 = VERTEX_POINT('',#1282);
#1282 = CARTESIAN_POINT('',(-45.4,1.9251267247E-14,0.));
#1283 = SURFACE_CURVE('',#1284,(#1287,#1293),.PCURVE_S1.);
#1284 = B_SPLINE_CURVE_WITH_KNOTS('',1,(#1285,#1286),.UNSPECIFIED.,.F.,
  .F.,(2,2),(0.,2.4),.PIECEWISE_BEZIER_KNOTS.);
#1285 = CARTESIAN_POINT('',(-45.4,2.37445260314E-14,0.));
#1286 = CARTESIAN_POINT('',(-43.,2.277432558731E-14,0.));
#1287 = PCURVE('',#68,#1288);
#1288 = DEFINITIONAL_REPRESENTATION('',(#1289),#1292);
#1289 = B_SPLINE_CURVE_WITH_KNOTS('',1,(#1290,#1291),.UNSPECIFIED.,.F.,
  .F.,(2,2),(0.,2.4),.PIECEWISE_BEZIER_KNOTS.);
#1290 = CARTESIAN_POINT('',(81.292958230798,45.4));
#1291 = CARTESIAN_POINT('',(81.292958230798,43.));
#1292 = ( GEOMETRIC_REPRESENTATION_CONTEXT(2) 
PARAMETRIC_REPRESENTATION_CONTEXT() REPRESENTATION_CONTEXT('2D SPACE',''
  ) );
#1293 = PCURVE('',#1294,#1299);
#1294 = PLANE('',#1295);
#1295 = AXIS2_PLACEMENT_3D('',#1296,#1297,#1298);
#1296 = CARTESIAN_POINT('',(-44.2,1.879839267782E-14,4.));
#1297 = DIRECTION('',(-1.924697871091E-15,-1.,0.));
#1298 = DIRECTION('',(1.,-1.924697871091E-15,0.));
#1299 = DEFINITIONAL_REPRESENTATION('',(#1300),#1303);
#1300 = B_SPLINE_CURVE_WITH_KNOTS('',1,(#1301,#1302),.UNSPECIFIED.,.F.,
  .F.,(2,2),(0.,2.4),.PIECEWISE_BEZIER_KNOTS.);
#1301 = CARTESIAN_POINT('',(-1.2,-4.));
#1302 = CARTESIAN_POINT('',(1.2,-4.));
#1303 = ( GEOMETRIC_REPRESENTATION_CONTEXT(2) 
PARAMETRIC_REPRESENTATION_CONTEXT() REPRESENTATION_CONTEXT('2D SPACE',''
  ) );
#1304 = ORIENTED_EDGE('',*,*,#1305,.F.);
#1305 = EDGE_CURVE('',#1306,#1281,#1308,.T.);
#1306 = VERTEX_POINT('',#1307);
#1307 = CARTESIAN_POINT('',(-6.599999999999,133.9538390446,0.));
#1308 = SURFACE_CURVE('',#1309,(#1349,#1392),.PCURVE_S1.);
#1309 = B_SPLINE_CURVE_WITH_KNOTS('',11,(#1310,#1311,#1312,#1313,#1314,
    #1315,#1316,#1317,#1318,#1319,#1320,#1321,#1322,#1323,#1324,#1325,
    #1326,#1327,#1328,#1329,#1330,#1331,#1332,#1333,#1334,#1335,#1336,
    #1337,#1338,#1339,#1340,#1341,#1342,#1343,#1344,#1345,#1346,#1347,
    #1348),.UNSPECIFIED.,.F.,.F.,(12,9,9,9,12),(4.712388980385,
    5.497787143782,6.28318530718,7.068583470577,7.853981633974),
  .UNSPECIFIED.);
#1310 = CARTESIAN_POINT('',(45.4,1.650007564188E-15,0.));
#1311 = CARTESIAN_POINT('',(45.399999999999,9.677015247033,0.));
#1312 = CARTESIAN_POINT('',(45.144414353915,19.354030494077,0.));
#1313 = CARTESIAN_POINT('',(44.633236752589,28.964647581673,0.));
#1314 = CARTESIAN_POINT('',(43.868673608158,38.442431384578,0.));
#1315 = CARTESIAN_POINT('',(42.855128371775,47.7216854176,0.));
#1316 = CARTESIAN_POINT('',(41.599163773624,56.738189191862,0.));
#1317 = CARTESIAN_POINT('',(40.109441982377,65.429897318729,0.));
#1318 = CARTESIAN_POINT('',(38.396642687706,73.737600364768,0.));
#1319 = CARTESIAN_POINT('',(36.473359102187,81.605547454517,0.));
#1320 = CARTESIAN_POINT('',(32.234584668938,96.358513792314,0.));
#1321 = CARTESIAN_POINT('',(27.275475517822,108.95714863961,0.));
#1322 = CARTESIAN_POINT('',(24.631798527922,114.67084001787,0.));
#1323 = CARTESIAN_POINT('',(21.842216200272,119.7555938502,0.));
#1324 = CARTESIAN_POINT('',(18.924205795644,124.17681535747,0.));
#1325 = CARTESIAN_POINT('',(15.902048539123,127.8953045887,0.));
#1326 = CARTESIAN_POINT('',(12.794058441269,130.89763361369,0.));
#1327 = CARTESIAN_POINT('',(9.624712167969,133.14855047829,0.));
#1328 = CARTESIAN_POINT('',(6.426736550441,134.6495094468,0.));
#1329 = CARTESIAN_POINT('',(6.792762634381E-13,136.15049055319,0.));
#1330 = CARTESIAN_POINT('',(-6.426736550442,134.64950944681,0.));
#1331 = CARTESIAN_POINT('',(-9.624712167964,133.14855047826,0.));
#1332 = CARTESIAN_POINT('',(-12.79405844128,130.89763361376,0.));
#1333 = CARTESIAN_POINT('',(-15.9020485391,127.89530458859,0.));
#1334 = CARTESIAN_POINT('',(-18.92420579566,124.17681535759,0.));
#1335 = CARTESIAN_POINT('',(-21.84221620026,119.75559385011,0.));
#1336 = CARTESIAN_POINT('',(-24.63179852792,114.67084001791,0.));
#1337 = CARTESIAN_POINT('',(-27.27547551782,108.9571486396,0.));
#1338 = CARTESIAN_POINT('',(-32.23458466893,96.358513792318,0.));
#1339 = CARTESIAN_POINT('',(-36.47335910219,81.605547454519,0.));
#1340 = CARTESIAN_POINT('',(-38.39664268767,73.737600364743,0.));
#1341 = CARTESIAN_POINT('',(-40.10944198244,65.429897318794,0.));
#1342 = CARTESIAN_POINT('',(-41.59916377352,56.738189191758,0.));
#1343 = CARTESIAN_POINT('',(-42.85512837188,47.721685417714,0.));
#1344 = CARTESIAN_POINT('',(-43.86867360806,38.442431384486,0.));
#1345 = CARTESIAN_POINT('',(-44.63323675264,28.964647581725,0.));
#1346 = CARTESIAN_POINT('',(-45.14441435389,19.354030494056,0.));
#1347 = CARTESIAN_POINT('',(-45.4,9.677015247038,0.));
#1348 = CARTESIAN_POINT('',(-45.4,2.37445260314E-14,0.));
#1349 = PCURVE('',#68,#1350);
#1350 = DEFINITIONAL_REPRESENTATION('',(#1351),#1391);
#1351 = B_SPLINE_CURVE_WITH_KNOTS('',11,(#1352,#1353,#1354,#1355,#1356,
    #1357,#1358,#1359,#1360,#1361,#1362,#1363,#1364,#1365,#1366,#1367,
    #1368,#1369,#1370,#1371,#1372,#1373,#1374,#1375,#1376,#1377,#1378,
    #1379,#1380,#1381,#1382,#1383,#1384,#1385,#1386,#1387,#1388,#1389,
    #1390),.UNSPECIFIED.,.F.,.F.,(12,9,9,9,12),(4.712388980385,
    5.497787143782,6.28318530718,7.068583470577,7.853981633974),
  .UNSPECIFIED.);
#1352 = CARTESIAN_POINT('',(81.292958230798,-45.4));
#1353 = CARTESIAN_POINT('',(71.615942983765,-45.39999999999));
#1354 = CARTESIAN_POINT('',(61.938927736721,-45.14441435391));
#1355 = CARTESIAN_POINT('',(52.328310649126,-44.63323675258));
#1356 = CARTESIAN_POINT('',(42.85052684622,-43.86867360815));
#1357 = CARTESIAN_POINT('',(33.571272813199,-42.85512837177));
#1358 = CARTESIAN_POINT('',(24.554769038937,-41.59916377362));
#1359 = CARTESIAN_POINT('',(15.86306091207,-40.10944198237));
#1360 = CARTESIAN_POINT('',(7.55535786603,-38.3966426877));
#1361 = CARTESIAN_POINT('',(-0.312589223718,-36.47335910218));
#1362 = CARTESIAN_POINT('',(-15.06555556151,-32.23458466893));
#1363 = CARTESIAN_POINT('',(-27.66419040882,-27.27547551782));
#1364 = CARTESIAN_POINT('',(-33.37788178707,-24.63179852792));
#1365 = CARTESIAN_POINT('',(-38.4626356194,-21.84221620027));
#1366 = CARTESIAN_POINT('',(-42.88385712667,-18.92420579564));
#1367 = CARTESIAN_POINT('',(-46.6023463579,-15.90204853912));
#1368 = CARTESIAN_POINT('',(-49.6046753829,-12.79405844126));
#1369 = CARTESIAN_POINT('',(-51.85559224749,-9.624712167969));
#1370 = CARTESIAN_POINT('',(-53.35655121601,-6.426736550441));
#1371 = CARTESIAN_POINT('',(-54.85753232239,-5.77734333678E-13));
#1372 = CARTESIAN_POINT('',(-53.35655121601,6.426736550442));
#1373 = CARTESIAN_POINT('',(-51.85559224746,9.624712167964));
#1374 = CARTESIAN_POINT('',(-49.60467538297,12.794058441281));
#1375 = CARTESIAN_POINT('',(-46.60234635779,15.902048539106));
#1376 = CARTESIAN_POINT('',(-42.8838571268,18.924205795661));
#1377 = CARTESIAN_POINT('',(-38.46263561931,21.84221620026));
#1378 = CARTESIAN_POINT('',(-33.37788178712,24.631798527927));
#1379 = CARTESIAN_POINT('',(-27.66419040881,27.275475517822));
#1380 = CARTESIAN_POINT('',(-15.06555556152,32.234584668935));
#1381 = CARTESIAN_POINT('',(-0.31258922372,36.473359102192));
#1382 = CARTESIAN_POINT('',(7.555357866055,38.396642687677));
#1383 = CARTESIAN_POINT('',(15.863060912004,40.109441982444));
#1384 = CARTESIAN_POINT('',(24.554769039041,41.599163773521));
#1385 = CARTESIAN_POINT('',(33.571272813084,42.855128371887));
#1386 = CARTESIAN_POINT('',(42.850526846312,43.868673608069));
#1387 = CARTESIAN_POINT('',(52.328310649073,44.63323675264));
#1388 = CARTESIAN_POINT('',(61.938927736742,45.144414353895));
#1389 = CARTESIAN_POINT('',(71.61594298376,45.400000000003));
#1390 = CARTESIAN_POINT('',(81.292958230798,45.4));
#1391 = ( GEOMETRIC_REPRESENTATION_CONTEXT(2) 
PARAMETRIC_REPRESENTATION_CONTEXT() REPRESENTATION_CONTEXT('2D SPACE',''
  ) );
#1392 = PCURVE('',#116,#1393);
#1393 = DEFINITIONAL_REPRESENTATION('',(#1394),#1398);
#1394 = LINE('',#1395,#1396);
#1395 = CARTESIAN_POINT('',(8.,0.));
#1396 = VECTOR('',#1397,1.);
#1397 = DIRECTION('',(0.,1.));
#1398 = ( GEOMETRIC_REPRESENTATION_CONTEXT(2) 
PARAMETRIC_REPRESENTATION_CONTEXT() REPRESENTATION_CONTEXT('2D SPACE',''
  ) );
#1399 = ORIENTED_EDGE('',*,*,#1400,.F.);
#1400 = EDGE_CURVE('',#1401,#1306,#1403,.T.);
#1401 = VERTEX_POINT('',#1402);
#1402 = CARTESIAN_POINT('',(-6.6,134.6,0.));
#1403 = SURFACE_CURVE('',#1404,(#1408,#1415),.PCURVE_S1.);
#1404 = LINE('',#1405,#1406);
#1405 = CARTESIAN_POINT('',(-6.6,134.6,0.));
#1406 = VECTOR('',#1407,1.);
#1407 = DIRECTION('',(1.110223024625E-16,-1.,0.));
#1408 = PCURVE('',#68,#1409);
#1409 = DEFINITIONAL_REPRESENTATION('',(#1410),#1414);
#1410 = LINE('',#1411,#1412);
#1411 = CARTESIAN_POINT('',(-53.3070417692,6.6));
#1412 = VECTOR('',#1413,1.);
#1413 = DIRECTION('',(1.,-1.706254499595E-15));
#1414 = ( GEOMETRIC_REPRESENTATION_CONTEXT(2) 
PARAMETRIC_REPRESENTATION_CONTEXT() REPRESENTATION_CONTEXT('2D SPACE',''
  ) );
#1415 = PCURVE('',#1416,#1421);
#1416 = PLANE('',#1417);
#1417 = AXIS2_PLACEMENT_3D('',#1418,#1419,#1420);
#1418 = CARTESIAN_POINT('',(-6.6,134.6,0.));
#1419 = DIRECTION('',(-1.,-1.110223024625E-16,0.));
#1420 = DIRECTION('',(0.,0.,1.));
#1421 = DEFINITIONAL_REPRESENTATION('',(#1422),#1426);
#1422 = LINE('',#1423,#1424);
#1423 = CARTESIAN_POINT('',(0.,0.));
#1424 = VECTOR('',#1425,1.);
#1425 = DIRECTION('',(0.,-1.));
#1426 = ( GEOMETRIC_REPRESENTATION_CONTEXT(2) 
PARAMETRIC_REPRESENTATION_CONTEXT() REPRESENTATION_CONTEXT('2D SPACE',''
  ) );
#1427 = ORIENTED_EDGE('',*,*,#1428,.F.);
#1428 = EDGE_CURVE('',#1429,#1401,#1431,.T.);
#1429 = VERTEX_POINT('',#1430);
#1430 = CARTESIAN_POINT('',(-4.914267800982,134.6,0.));
#1431 = SURFACE_CURVE('',#1432,(#1436,#1443),.PCURVE_S1.);
#1432 = LINE('',#1433,#1434);
#1433 = CARTESIAN_POINT('',(6.6,134.6,0.));
#1434 = VECTOR('',#1435,1.);
#1435 = DIRECTION('',(-1.,-1.110223024625E-16,0.));
#1436 = PCURVE('',#68,#1437);
#1437 = DEFINITIONAL_REPRESENTATION('',(#1438),#1442);
#1438 = LINE('',#1439,#1440);
#1439 = CARTESIAN_POINT('',(-53.3070417692,-6.6));
#1440 = VECTOR('',#1441,1.);
#1441 = DIRECTION('',(1.706254499595E-15,1.));
#1442 = ( GEOMETRIC_REPRESENTATION_CONTEXT(2) 
PARAMETRIC_REPRESENTATION_CONTEXT() REPRESENTATION_CONTEXT('2D SPACE',''
  ) );
#1443 = PCURVE('',#1444,#1449);
#1444 = PLANE('',#1445);
#1445 = AXIS2_PLACEMENT_3D('',#1446,#1447,#1448);
#1446 = CARTESIAN_POINT('',(6.6,134.6,0.));
#1447 = DIRECTION('',(1.110223024625E-16,-1.,0.));
#1448 = DIRECTION('',(0.,0.,1.));
#1449 = DEFINITIONAL_REPRESENTATION('',(#1450),#1454);
#1450 = LINE('',#1451,#1452);
#1451 = CARTESIAN_POINT('',(0.,0.));
#1452 = VECTOR('',#1453,1.);
#1453 = DIRECTION('',(0.,1.));
#1454 = ( GEOMETRIC_REPRESENTATION_CONTEXT(2) 
PARAMETRIC_REPRESENTATION_CONTEXT() REPRESENTATION_CONTEXT('2D SPACE',''
  ) );
#1455 = ORIENTED_EDGE('',*,*,#1456,.F.);
#1456 = EDGE_CURVE('',#1457,#1429,#1459,.T.);
#1457 = VERTEX_POINT('',#1458);
#1458 = CARTESIAN_POINT('',(4.914267800983,134.6,0.));
#1459 = SURFACE_CURVE('',#1460,(#1500,#1543),.PCURVE_S1.);
#1460 = B_SPLINE_CURVE_WITH_KNOTS('',11,(#1461,#1462,#1463,#1464,#1465,
    #1466,#1467,#1468,#1469,#1470,#1471,#1472,#1473,#1474,#1475,#1476,
    #1477,#1478,#1479,#1480,#1481,#1482,#1483,#1484,#1485,#1486,#1487,
    #1488,#1489,#1490,#1491,#1492,#1493,#1494,#1495,#1496,#1497,#1498,
    #1499),.UNSPECIFIED.,.F.,.F.,(12,9,9,9,12),(4.712388980385,
    5.497787143782,6.28318530718,7.068583470577,7.853981633974),
  .UNSPECIFIED.);
#1461 = CARTESIAN_POINT('',(45.4,1.650007564188E-15,0.));
#1462 = CARTESIAN_POINT('',(45.399999999999,9.677015247033,0.));
#1463 = CARTESIAN_POINT('',(45.144414353915,19.354030494077,0.));
#1464 = CARTESIAN_POINT('',(44.633236752589,28.964647581673,0.));
#1465 = CARTESIAN_POINT('',(43.868673608158,38.442431384578,0.));
#1466 = CARTESIAN_POINT('',(42.855128371775,47.7216854176,0.));
#1467 = CARTESIAN_POINT('',(41.599163773624,56.738189191862,0.));
#1468 = CARTESIAN_POINT('',(40.109441982377,65.429897318729,0.));
#1469 = CARTESIAN_POINT('',(38.396642687706,73.737600364768,0.));
#1470 = CARTESIAN_POINT('',(36.473359102187,81.605547454517,0.));
#1471 = CARTESIAN_POINT('',(32.234584668938,96.358513792314,0.));
#1472 = CARTESIAN_POINT('',(27.275475517822,108.95714863961,0.));
#1473 = CARTESIAN_POINT('',(24.631798527922,114.67084001787,0.));
#1474 = CARTESIAN_POINT('',(21.842216200272,119.7555938502,0.));
#1475 = CARTESIAN_POINT('',(18.924205795644,124.17681535747,0.));
#1476 = CARTESIAN_POINT('',(15.902048539123,127.8953045887,0.));
#1477 = CARTESIAN_POINT('',(12.794058441269,130.89763361369,0.));
#1478 = CARTESIAN_POINT('',(9.624712167969,133.14855047829,0.));
#1479 = CARTESIAN_POINT('',(6.426736550441,134.6495094468,0.));
#1480 = CARTESIAN_POINT('',(6.792762634381E-13,136.15049055319,0.));
#1481 = CARTESIAN_POINT('',(-6.426736550442,134.64950944681,0.));
#1482 = CARTESIAN_POINT('',(-9.624712167964,133.14855047826,0.));
#1483 = CARTESIAN_POINT('',(-12.79405844128,130.89763361376,0.));
#1484 = CARTESIAN_POINT('',(-15.9020485391,127.89530458859,0.));
#1485 = CARTESIAN_POINT('',(-18.92420579566,124.17681535759,0.));
#1486 = CARTESIAN_POINT('',(-21.84221620026,119.75559385011,0.));
#1487 = CARTESIAN_POINT('',(-24.63179852792,114.67084001791,0.));
#1488 = CARTESIAN_POINT('',(-27.27547551782,108.9571486396,0.));
#1489 = CARTESIAN_POINT('',(-32.23458466893,96.358513792318,0.));
#1490 = CARTESIAN_POINT('',(-36.47335910219,81.605547454519,0.));
#1491 = CARTESIAN_POINT('',(-38.39664268767,73.737600364743,0.));
#1492 = CARTESIAN_POINT('',(-40.10944198244,65.429897318794,0.));
#1493 = CARTESIAN_POINT('',(-41.59916377352,56.738189191758,0.));
#1494 = CARTESIAN_POINT('',(-42.85512837188,47.721685417714,0.));
#1495 = CARTESIAN_POINT('',(-43.86867360806,38.442431384486,0.));
#1496 = CARTESIAN_POINT('',(-44.63323675264,28.964647581725,0.));
#1497 = CARTESIAN_POINT('',(-45.14441435389,19.354030494056,0.));
#1498 = CARTESIAN_POINT('',(-45.4,9.677015247038,0.));
#1499 = CARTESIAN_POINT('',(-45.4,2.37445260314E-14,0.));
#1500 = PCURVE('',#68,#1501);
#1501 = DEFINITIONAL_REPRESENTATION('',(#1502),#1542);
#1502 = B_SPLINE_CURVE_WITH_KNOTS('',11,(#1503,#1504,#1505,#1506,#1507,
    #1508,#1509,#1510,#1511,#1512,#1513,#1514,#1515,#1516,#1517,#1518,
    #1519,#1520,#1521,#1522,#1523,#1524,#1525,#1526,#1527,#1528,#1529,
    #1530,#1531,#1532,#1533,#1534,#1535,#1536,#1537,#1538,#1539,#1540,
    #1541),.UNSPECIFIED.,.F.,.F.,(12,9,9,9,12),(4.712388980385,
    5.497787143782,6.28318530718,7.068583470577,7.853981633974),
  .UNSPECIFIED.);
#1503 = CARTESIAN_POINT('',(81.292958230798,-45.4));
#1504 = CARTESIAN_POINT('',(71.615942983765,-45.39999999999));
#1505 = CARTESIAN_POINT('',(61.938927736721,-45.14441435391));
#1506 = CARTESIAN_POINT('',(52.328310649126,-44.63323675258));
#1507 = CARTESIAN_POINT('',(42.85052684622,-43.86867360815));
#1508 = CARTESIAN_POINT('',(33.571272813199,-42.85512837177));
#1509 = CARTESIAN_POINT('',(24.554769038937,-41.59916377362));
#1510 = CARTESIAN_POINT('',(15.86306091207,-40.10944198237));
#1511 = CARTESIAN_POINT('',(7.55535786603,-38.3966426877));
#1512 = CARTESIAN_POINT('',(-0.312589223718,-36.47335910218));
#1513 = CARTESIAN_POINT('',(-15.06555556151,-32.23458466893));
#1514 = CARTESIAN_POINT('',(-27.66419040882,-27.27547551782));
#1515 = CARTESIAN_POINT('',(-33.37788178707,-24.63179852792));
#1516 = CARTESIAN_POINT('',(-38.4626356194,-21.84221620027));
#1517 = CARTESIAN_POINT('',(-42.88385712667,-18.92420579564));
#1518 = CARTESIAN_POINT('',(-46.6023463579,-15.90204853912));
#1519 = CARTESIAN_POINT('',(-49.6046753829,-12.79405844126));
#1520 = CARTESIAN_POINT('',(-51.85559224749,-9.624712167969));
#1521 = CARTESIAN_POINT('',(-53.35655121601,-6.426736550441));
#1522 = CARTESIAN_POINT('',(-54.85753232239,-5.77734333678E-13));
#1523 = CARTESIAN_POINT('',(-53.35655121601,6.426736550442));
#1524 = CARTESIAN_POINT('',(-51.85559224746,9.624712167964));
#1525 = CARTESIAN_POINT('',(-49.60467538297,12.794058441281));
#1526 = CARTESIAN_POINT('',(-46.60234635779,15.902048539106));
#1527 = CARTESIAN_POINT('',(-42.8838571268,18.924205795661));
#1528 = CARTESIAN_POINT('',(-38.46263561931,21.84221620026));
#1529 = CARTESIAN_POINT('',(-33.37788178712,24.631798527927));
#1530 = CARTESIAN_POINT('',(-27.66419040881,27.275475517822));
#1531 = CARTESIAN_POINT('',(-15.06555556152,32.234584668935));
#1532 = CARTESIAN_POINT('',(-0.31258922372,36.473359102192));
#1533 = CARTESIAN_POINT('',(7.555357866055,38.396642687677));
#1534 = CARTESIAN_POINT('',(15.863060912004,40.109441982444));
#1535 = CARTESIAN_POINT('',(24.554769039041,41.599163773521));
#1536 = CARTESIAN_POINT('',(33.571272813084,42.855128371887));
#1537 = CARTESIAN_POINT('',(42.850526846312,43.868673608069));
#1538 = CARTESIAN_POINT('',(52.328310649073,44.63323675264));
#1539 = CARTESIAN_POINT('',(61.938927736742,45.144414353895));
#1540 = CARTESIAN_POINT('',(71.61594298376,45.400000000003));
#1541 = CARTESIAN_POINT('',(81.292958230798,45.4));
#1542 = ( GEOMETRIC_REPRESENTATION_CONTEXT(2) 
PARAMETRIC_REPRESENTATION_CONTEXT() REPRESENTATION_CONTEXT('2D SPACE',''
  ) );
#1543 = PCURVE('',#116,#1544);
#1544 = DEFINITIONAL_REPRESENTATION('',(#1545),#1549);
#1545 = LINE('',#1546,#1547);
#1546 = CARTESIAN_POINT('',(8.,0.));
#1547 = VECTOR('',#1548,1.);
#1548 = DIRECTION('',(0.,1.));
#1549 = ( GEOMETRIC_REPRESENTATION_CONTEXT(2) 
PARAMETRIC_REPRESENTATION_CONTEXT() REPRESENTATION_CONTEXT('2D SPACE',''
  ) );
#1550 = ORIENTED_EDGE('',*,*,#1551,.F.);
#1551 = EDGE_CURVE('',#1552,#1457,#1554,.T.);
#1552 = VERTEX_POINT('',#1553);
#1553 = CARTESIAN_POINT('',(6.6,134.6,0.));
#1554 = SURFACE_CURVE('',#1555,(#1559,#1566),.PCURVE_S1.);
#1555 = LINE('',#1556,#1557);
#1556 = CARTESIAN_POINT('',(6.6,134.6,0.));
#1557 = VECTOR('',#1558,1.);
#1558 = DIRECTION('',(-1.,-1.110223024625E-16,0.));
#1559 = PCURVE('',#68,#1560);
#1560 = DEFINITIONAL_REPRESENTATION('',(#1561),#1565);
#1561 = LINE('',#1562,#1563);
#1562 = CARTESIAN_POINT('',(-53.3070417692,-6.6));
#1563 = VECTOR('',#1564,1.);
#1564 = DIRECTION('',(1.706254499595E-15,1.));
#1565 = ( GEOMETRIC_REPRESENTATION_CONTEXT(2) 
PARAMETRIC_REPRESENTATION_CONTEXT() REPRESENTATION_CONTEXT('2D SPACE',''
  ) );
#1566 = PCURVE('',#1567,#1572);
#1567 = PLANE('',#1568);
#1568 = AXIS2_PLACEMENT_3D('',#1569,#1570,#1571);
#1569 = CARTESIAN_POINT('',(6.6,134.6,0.));
#1570 = DIRECTION('',(1.110223024625E-16,-1.,0.));
#1571 = DIRECTION('',(0.,0.,1.));
#1572 = DEFINITIONAL_REPRESENTATION('',(#1573),#1577);
#1573 = LINE('',#1574,#1575);
#1574 = CARTESIAN_POINT('',(0.,0.));
#1575 = VECTOR('',#1576,1.);
#1576 = DIRECTION('',(0.,1.));
#1577 = ( GEOMETRIC_REPRESENTATION_CONTEXT(2) 
PARAMETRIC_REPRESENTATION_CONTEXT() REPRESENTATION_CONTEXT('2D SPACE',''
  ) );
#1578 = ORIENTED_EDGE('',*,*,#1579,.T.);
#1579 = EDGE_CURVE('',#1552,#24,#1580,.T.);
#1580 = SURFACE_CURVE('',#1581,(#1585,#1592),.PCURVE_S1.);
#1581 = LINE('',#1582,#1583);
#1582 = CARTESIAN_POINT('',(6.6,134.6,0.));
#1583 = VECTOR('',#1584,1.);
#1584 = DIRECTION('',(1.110223024625E-16,-1.,0.));
#1585 = PCURVE('',#68,#1586);
#1586 = DEFINITIONAL_REPRESENTATION('',(#1587),#1591);
#1587 = LINE('',#1588,#1589);
#1588 = CARTESIAN_POINT('',(-53.3070417692,-6.6));
#1589 = VECTOR('',#1590,1.);
#1590 = DIRECTION('',(1.,-1.706254499595E-15));
#1591 = ( GEOMETRIC_REPRESENTATION_CONTEXT(2) 
PARAMETRIC_REPRESENTATION_CONTEXT() REPRESENTATION_CONTEXT('2D SPACE',''
  ) );
#1592 = PCURVE('',#1593,#1598);
#1593 = PLANE('',#1594);
#1594 = AXIS2_PLACEMENT_3D('',#1595,#1596,#1597);
#1595 = CARTESIAN_POINT('',(6.6,134.6,0.));
#1596 = DIRECTION('',(-1.,-1.110223024625E-16,0.));
#1597 = DIRECTION('',(0.,0.,1.));
#1598 = DEFINITIONAL_REPRESENTATION('',(#1599),#1603);
#1599 = LINE('',#1600,#1601);
#1600 = CARTESIAN_POINT('',(0.,0.));
#1601 = VECTOR('',#1602,1.);
#1602 = DIRECTION('',(0.,-1.));
#1603 = ( GEOMETRIC_REPRESENTATION_CONTEXT(2) 
PARAMETRIC_REPRESENTATION_CONTEXT() REPRESENTATION_CONTEXT('2D SPACE',''
  ) );
#1604 = ADVANCED_FACE('',(#1605),#1593,.F.);
#1605 = FACE_BOUND('',#1606,.F.);
#1606 = EDGE_LOOP('',(#1607,#1630,#1631,#1660));
#1607 = ORIENTED_EDGE('',*,*,#1608,.F.);
#1608 = EDGE_CURVE('',#1552,#1609,#1611,.T.);
#1609 = VERTEX_POINT('',#1610);
#1610 = CARTESIAN_POINT('',(6.6,134.6,6.5));
#1611 = SURFACE_CURVE('',#1612,(#1616,#1623),.PCURVE_S1.);
#1612 = LINE('',#1613,#1614);
#1613 = CARTESIAN_POINT('',(6.6,134.6,0.));
#1614 = VECTOR('',#1615,1.);
#1615 = DIRECTION('',(0.,0.,1.));
#1616 = PCURVE('',#1593,#1617);
#1617 = DEFINITIONAL_REPRESENTATION('',(#1618),#1622);
#1618 = LINE('',#1619,#1620);
#1619 = CARTESIAN_POINT('',(0.,0.));
#1620 = VECTOR('',#1621,1.);
#1621 = DIRECTION('',(1.,0.));
#1622 = ( GEOMETRIC_REPRESENTATION_CONTEXT(2) 
PARAMETRIC_REPRESENTATION_CONTEXT() REPRESENTATION_CONTEXT('2D SPACE',''
  ) );
#1623 = PCURVE('',#1567,#1624);
#1624 = DEFINITIONAL_REPRESENTATION('',(#1625),#1629);
#1625 = LINE('',#1626,#1627);
#1626 = CARTESIAN_POINT('',(0.,0.));
#1627 = VECTOR('',#1628,1.);
#1628 = DIRECTION('',(1.,0.));
#1629 = ( GEOMETRIC_REPRESENTATION_CONTEXT(2) 
PARAMETRIC_REPRESENTATION_CONTEXT() REPRESENTATION_CONTEXT('2D SPACE',''
  ) );
#1630 = ORIENTED_EDGE('',*,*,#1579,.T.);
#1631 = ORIENTED_EDGE('',*,*,#1632,.T.);
#1632 = EDGE_CURVE('',#24,#1633,#1635,.T.);
#1633 = VERTEX_POINT('',#1634);
#1634 = CARTESIAN_POINT('',(6.6,133.95385605061,6.5));
#1635 = SURFACE_CURVE('',#1636,(#1642,#1651),.PCURVE_S1.);
#1636 = B_SPLINE_CURVE_WITH_KNOTS('',4,(#1637,#1638,#1639,#1640,#1641),
  .UNSPECIFIED.,.F.,.F.,(5,5),(0.,1.),.PIECEWISE_BEZIER_KNOTS.);
#1637 = CARTESIAN_POINT('',(6.6,133.95385605061,0.));
#1638 = CARTESIAN_POINT('',(6.6,133.95385605061,1.625));
#1639 = CARTESIAN_POINT('',(6.6,133.95385605061,3.25));
#1640 = CARTESIAN_POINT('',(6.6,133.95385605061,4.875));
#1641 = CARTESIAN_POINT('',(6.6,133.95385605061,6.5));
#1642 = PCURVE('',#1593,#1643);
#1643 = DEFINITIONAL_REPRESENTATION('',(#1644),#1650);
#1644 = B_SPLINE_CURVE_WITH_KNOTS('',4,(#1645,#1646,#1647,#1648,#1649),
  .UNSPECIFIED.,.F.,.F.,(5,5),(0.,1.),.PIECEWISE_BEZIER_KNOTS.);
#1645 = CARTESIAN_POINT('',(0.,-0.646143949381));
#1646 = CARTESIAN_POINT('',(1.625,-0.646143949381));
#1647 = CARTESIAN_POINT('',(3.25,-0.646143949381));
#1648 = CARTESIAN_POINT('',(4.875,-0.646143949381));
#1649 = CARTESIAN_POINT('',(6.5,-0.646143949381));
#1650 = ( GEOMETRIC_REPRESENTATION_CONTEXT(2) 
PARAMETRIC_REPRESENTATION_CONTEXT() REPRESENTATION_CONTEXT('2D SPACE',''
  ) );
#1651 = PCURVE('',#116,#1652);
#1652 = DEFINITIONAL_REPRESENTATION('',(#1653),#1659);
#1653 = B_SPLINE_CURVE_WITH_KNOTS('',4,(#1654,#1655,#1656,#1657,#1658),
  .UNSPECIFIED.,.F.,.F.,(5,5),(0.,1.),.PIECEWISE_BEZIER_KNOTS.);
#1654 = CARTESIAN_POINT('',(8.,6.136151759085));
#1655 = CARTESIAN_POINT('',(6.375,6.136151759085));
#1656 = CARTESIAN_POINT('',(4.75,6.136151759085));
#1657 = CARTESIAN_POINT('',(3.125,6.136151759085));
#1658 = CARTESIAN_POINT('',(1.5,6.136151759085));
#1659 = ( GEOMETRIC_REPRESENTATION_CONTEXT(2) 
PARAMETRIC_REPRESENTATION_CONTEXT() REPRESENTATION_CONTEXT('2D SPACE',''
  ) );
#1660 = ORIENTED_EDGE('',*,*,#1661,.F.);
#1661 = EDGE_CURVE('',#1609,#1633,#1662,.T.);
#1662 = SURFACE_CURVE('',#1663,(#1667,#1674),.PCURVE_S1.);
#1663 = LINE('',#1664,#1665);
#1664 = CARTESIAN_POINT('',(6.6,134.6,6.5));
#1665 = VECTOR('',#1666,1.);
#1666 = DIRECTION('',(1.110223024625E-16,-1.,0.));
#1667 = PCURVE('',#1593,#1668);
#1668 = DEFINITIONAL_REPRESENTATION('',(#1669),#1673);
#1669 = LINE('',#1670,#1671);
#1670 = CARTESIAN_POINT('',(6.5,0.));
#1671 = VECTOR('',#1672,1.);
#1672 = DIRECTION('',(0.,-1.));
#1673 = ( GEOMETRIC_REPRESENTATION_CONTEXT(2) 
PARAMETRIC_REPRESENTATION_CONTEXT() REPRESENTATION_CONTEXT('2D SPACE',''
  ) );
#1674 = PCURVE('',#1675,#1680);
#1675 = PLANE('',#1676);
#1676 = AXIS2_PLACEMENT_3D('',#1677,#1678,#1679);
#1677 = CARTESIAN_POINT('',(6.6,134.6,6.5));
#1678 = DIRECTION('',(0.,0.,1.));
#1679 = DIRECTION('',(-1.,-1.110223024625E-16,0.));
#1680 = DEFINITIONAL_REPRESENTATION('',(#1681),#1685);
#1681 = LINE('',#1682,#1683);
#1682 = CARTESIAN_POINT('',(0.,0.));
#1683 = VECTOR('',#1684,1.);
#1684 = DIRECTION('',(0.,1.));
#1685 = ( GEOMETRIC_REPRESENTATION_CONTEXT(2) 
PARAMETRIC_REPRESENTATION_CONTEXT() REPRESENTATION_CONTEXT('2D SPACE',''
  ) );
#1686 = ADVANCED_FACE('',(#1687),#1675,.T.);
#1687 = FACE_BOUND('',#1688,.T.);
#1688 = EDGE_LOOP('',(#1689,#1690,#1713));
#1689 = ORIENTED_EDGE('',*,*,#1661,.F.);
#1690 = ORIENTED_EDGE('',*,*,#1691,.T.);
#1691 = EDGE_CURVE('',#1609,#1692,#1694,.T.);
#1692 = VERTEX_POINT('',#1693);
#1693 = CARTESIAN_POINT('',(4.914352802591,134.6,6.5));
#1694 = SURFACE_CURVE('',#1695,(#1699,#1706),.PCURVE_S1.);
#1695 = LINE('',#1696,#1697);
#1696 = CARTESIAN_POINT('',(6.6,134.6,6.5));
#1697 = VECTOR('',#1698,1.);
#1698 = DIRECTION('',(-1.,-1.110223024625E-16,0.));
#1699 = PCURVE('',#1675,#1700);
#1700 = DEFINITIONAL_REPRESENTATION('',(#1701),#1705);
#1701 = LINE('',#1702,#1703);
#1702 = CARTESIAN_POINT('',(0.,0.));
#1703 = VECTOR('',#1704,1.);
#1704 = DIRECTION('',(1.,0.));
#1705 = ( GEOMETRIC_REPRESENTATION_CONTEXT(2) 
PARAMETRIC_REPRESENTATION_CONTEXT() REPRESENTATION_CONTEXT('2D SPACE',''
  ) );
#1706 = PCURVE('',#1567,#1707);
#1707 = DEFINITIONAL_REPRESENTATION('',(#1708),#1712);
#1708 = LINE('',#1709,#1710);
#1709 = CARTESIAN_POINT('',(6.5,0.));
#1710 = VECTOR('',#1711,1.);
#1711 = DIRECTION('',(0.,1.));
#1712 = ( GEOMETRIC_REPRESENTATION_CONTEXT(2) 
PARAMETRIC_REPRESENTATION_CONTEXT() REPRESENTATION_CONTEXT('2D SPACE',''
  ) );
#1713 = ORIENTED_EDGE('',*,*,#1714,.F.);
#1714 = EDGE_CURVE('',#1633,#1692,#1715,.T.);
#1715 = SURFACE_CURVE('',#1716,(#1723,#1733),.PCURVE_S1.);
#1716 = B_SPLINE_CURVE_WITH_KNOTS('',5,(#1717,#1718,#1719,#1720,#1721,
    #1722),.UNSPECIFIED.,.F.,.F.,(6,6),(0.,1.),
  .PIECEWISE_BEZIER_KNOTS.);
#1717 = CARTESIAN_POINT('',(6.6,133.95385605061,6.5));
#1718 = CARTESIAN_POINT('',(6.26943984111,134.09944194765,6.5));
#1719 = CARTESIAN_POINT('',(5.935450468713,134.23723965967,6.5));
#1720 = CARTESIAN_POINT('',(5.598152316734,134.36685776007,6.5));
#1721 = CARTESIAN_POINT('',(5.257712095233,134.48790167256,6.5));
#1722 = CARTESIAN_POINT('',(4.914352802591,134.6,6.5));
#1723 = PCURVE('',#1675,#1724);
#1724 = DEFINITIONAL_REPRESENTATION('',(#1725),#1732);
#1725 = B_SPLINE_CURVE_WITH_KNOTS('',5,(#1726,#1727,#1728,#1729,#1730,
    #1731),.UNSPECIFIED.,.F.,.F.,(6,6),(0.,1.),
  .PIECEWISE_BEZIER_KNOTS.);
#1726 = CARTESIAN_POINT('',(0.,0.646143949381));
#1727 = CARTESIAN_POINT('',(0.33056015889,0.500558052348));
#1728 = CARTESIAN_POINT('',(0.664549531287,0.362760340327));
#1729 = CARTESIAN_POINT('',(1.001847683267,0.233142239926));
#1730 = CARTESIAN_POINT('',(1.342287904767,0.112098327438));
#1731 = CARTESIAN_POINT('',(1.685647197409,0.));
#1732 = ( GEOMETRIC_REPRESENTATION_CONTEXT(2) 
PARAMETRIC_REPRESENTATION_CONTEXT() REPRESENTATION_CONTEXT('2D SPACE',''
  ) );
#1733 = PCURVE('',#116,#1734);
#1734 = DEFINITIONAL_REPRESENTATION('',(#1735),#1742);
#1735 = B_SPLINE_CURVE_WITH_KNOTS('',5,(#1736,#1737,#1738,#1739,#1740,
    #1741),.UNSPECIFIED.,.F.,.F.,(6,6),(0.,1.),
  .PIECEWISE_BEZIER_KNOTS.);
#1736 = CARTESIAN_POINT('',(1.5,6.136151759085));
#1737 = CARTESIAN_POINT('',(1.5,6.143556463884));
#1738 = CARTESIAN_POINT('',(1.5,6.151029911167));
#1739 = CARTESIAN_POINT('',(1.5,6.158569909553));
#1740 = CARTESIAN_POINT('',(1.5,6.166173306147));
#1741 = CARTESIAN_POINT('',(1.5,6.173835753188));
#1742 = ( GEOMETRIC_REPRESENTATION_CONTEXT(2) 
PARAMETRIC_REPRESENTATION_CONTEXT() REPRESENTATION_CONTEXT('2D SPACE',''
  ) );
#1743 = ADVANCED_FACE('',(#1744),#1567,.F.);
#1744 = FACE_BOUND('',#1745,.F.);
#1745 = EDGE_LOOP('',(#1746,#1747,#1748,#1749));
#1746 = ORIENTED_EDGE('',*,*,#1551,.F.);
#1747 = ORIENTED_EDGE('',*,*,#1608,.T.);
#1748 = ORIENTED_EDGE('',*,*,#1691,.T.);
#1749 = ORIENTED_EDGE('',*,*,#1750,.F.);
#1750 = EDGE_CURVE('',#1457,#1692,#1751,.T.);
#1751 = SURFACE_CURVE('',#1752,(#1758,#1767),.PCURVE_S1.);
#1752 = B_SPLINE_CURVE_WITH_KNOTS('',4,(#1753,#1754,#1755,#1756,#1757),
  .UNSPECIFIED.,.F.,.F.,(5,5),(0.,1.),.PIECEWISE_BEZIER_KNOTS.);
#1753 = CARTESIAN_POINT('',(4.914352802591,134.6,0.));
#1754 = CARTESIAN_POINT('',(4.914352802591,134.6,1.625));
#1755 = CARTESIAN_POINT('',(4.914352802591,134.6,3.25));
#1756 = CARTESIAN_POINT('',(4.914352802591,134.6,4.875));
#1757 = CARTESIAN_POINT('',(4.914352802591,134.6,6.5));
#1758 = PCURVE('',#1567,#1759);
#1759 = DEFINITIONAL_REPRESENTATION('',(#1760),#1766);
#1760 = B_SPLINE_CURVE_WITH_KNOTS('',4,(#1761,#1762,#1763,#1764,#1765),
  .UNSPECIFIED.,.F.,.F.,(5,5),(0.,1.),.PIECEWISE_BEZIER_KNOTS.);
#1761 = CARTESIAN_POINT('',(0.,1.685647197409));
#1762 = CARTESIAN_POINT('',(1.625,1.685647197409));
#1763 = CARTESIAN_POINT('',(3.25,1.685647197409));
#1764 = CARTESIAN_POINT('',(4.875,1.685647197409));
#1765 = CARTESIAN_POINT('',(6.5,1.685647197409));
#1766 = ( GEOMETRIC_REPRESENTATION_CONTEXT(2) 
PARAMETRIC_REPRESENTATION_CONTEXT() REPRESENTATION_CONTEXT('2D SPACE',''
  ) );
#1767 = PCURVE('',#116,#1768);
#1768 = DEFINITIONAL_REPRESENTATION('',(#1769),#1775);
#1769 = B_SPLINE_CURVE_WITH_KNOTS('',4,(#1770,#1771,#1772,#1773,#1774),
  .UNSPECIFIED.,.F.,.F.,(5,5),(0.,1.),.PIECEWISE_BEZIER_KNOTS.);
#1770 = CARTESIAN_POINT('',(8.,6.173835753188));
#1771 = CARTESIAN_POINT('',(6.375,6.173835753188));
#1772 = CARTESIAN_POINT('',(4.75,6.173835753188));
#1773 = CARTESIAN_POINT('',(3.125,6.173835753188));
#1774 = CARTESIAN_POINT('',(1.5,6.173835753188));
#1775 = ( GEOMETRIC_REPRESENTATION_CONTEXT(2) 
PARAMETRIC_REPRESENTATION_CONTEXT() REPRESENTATION_CONTEXT('2D SPACE',''
  ) );
#1776 = ADVANCED_FACE('',(#1777),#1444,.F.);
#1777 = FACE_BOUND('',#1778,.F.);
#1778 = EDGE_LOOP('',(#1779,#1780,#1809,#1837));
#1779 = ORIENTED_EDGE('',*,*,#1428,.F.);
#1780 = ORIENTED_EDGE('',*,*,#1781,.T.);
#1781 = EDGE_CURVE('',#1429,#1782,#1784,.T.);
#1782 = VERTEX_POINT('',#1783);
#1783 = CARTESIAN_POINT('',(-4.914352802592,134.6,6.5));
#1784 = SURFACE_CURVE('',#1785,(#1791,#1800),.PCURVE_S1.);
#1785 = B_SPLINE_CURVE_WITH_KNOTS('',4,(#1786,#1787,#1788,#1789,#1790),
  .UNSPECIFIED.,.F.,.F.,(5,5),(0.,1.),.PIECEWISE_BEZIER_KNOTS.);
#1786 = CARTESIAN_POINT('',(-4.914352802592,134.6,0.));
#1787 = CARTESIAN_POINT('',(-4.914352802592,134.6,1.625));
#1788 = CARTESIAN_POINT('',(-4.914352802592,134.6,3.25));
#1789 = CARTESIAN_POINT('',(-4.914352802592,134.6,4.875));
#1790 = CARTESIAN_POINT('',(-4.914352802592,134.6,6.5));
#1791 = PCURVE('',#1444,#1792);
#1792 = DEFINITIONAL_REPRESENTATION('',(#1793),#1799);
#1793 = B_SPLINE_CURVE_WITH_KNOTS('',4,(#1794,#1795,#1796,#1797,#1798),
  .UNSPECIFIED.,.F.,.F.,(5,5),(0.,1.),.PIECEWISE_BEZIER_KNOTS.);
#1794 = CARTESIAN_POINT('',(0.,11.514352802592));
#1795 = CARTESIAN_POINT('',(1.625,11.514352802592));
#1796 = CARTESIAN_POINT('',(3.25,11.514352802592));
#1797 = CARTESIAN_POINT('',(4.875,11.514352802592));
#1798 = CARTESIAN_POINT('',(6.5,11.514352802592));
#1799 = ( GEOMETRIC_REPRESENTATION_CONTEXT(2) 
PARAMETRIC_REPRESENTATION_CONTEXT() REPRESENTATION_CONTEXT('2D SPACE',''
  ) );
#1800 = PCURVE('',#116,#1801);
#1801 = DEFINITIONAL_REPRESENTATION('',(#1802),#1808);
#1802 = B_SPLINE_CURVE_WITH_KNOTS('',4,(#1803,#1804,#1805,#1806,#1807),
  .UNSPECIFIED.,.F.,.F.,(5,5),(0.,1.),.PIECEWISE_BEZIER_KNOTS.);
#1803 = CARTESIAN_POINT('',(8.,6.392534861171));
#1804 = CARTESIAN_POINT('',(6.375,6.392534861171));
#1805 = CARTESIAN_POINT('',(4.75,6.392534861171));
#1806 = CARTESIAN_POINT('',(3.125,6.392534861171));
#1807 = CARTESIAN_POINT('',(1.5,6.392534861171));
#1808 = ( GEOMETRIC_REPRESENTATION_CONTEXT(2) 
PARAMETRIC_REPRESENTATION_CONTEXT() REPRESENTATION_CONTEXT('2D SPACE',''
  ) );
#1809 = ORIENTED_EDGE('',*,*,#1810,.T.);
#1810 = EDGE_CURVE('',#1782,#1811,#1813,.T.);
#1811 = VERTEX_POINT('',#1812);
#1812 = CARTESIAN_POINT('',(-6.6,134.6,6.5));
#1813 = SURFACE_CURVE('',#1814,(#1818,#1825),.PCURVE_S1.);
#1814 = LINE('',#1815,#1816);
#1815 = CARTESIAN_POINT('',(6.6,134.6,6.5));
#1816 = VECTOR('',#1817,1.);
#1817 = DIRECTION('',(-1.,-1.110223024625E-16,0.));
#1818 = PCURVE('',#1444,#1819);
#1819 = DEFINITIONAL_REPRESENTATION('',(#1820),#1824);
#1820 = LINE('',#1821,#1822);
#1821 = CARTESIAN_POINT('',(6.5,0.));
#1822 = VECTOR('',#1823,1.);
#1823 = DIRECTION('',(0.,1.));
#1824 = ( GEOMETRIC_REPRESENTATION_CONTEXT(2) 
PARAMETRIC_REPRESENTATION_CONTEXT() REPRESENTATION_CONTEXT('2D SPACE',''
  ) );
#1825 = PCURVE('',#1826,#1831);
#1826 = PLANE('',#1827);
#1827 = AXIS2_PLACEMENT_3D('',#1828,#1829,#1830);
#1828 = CARTESIAN_POINT('',(6.6,134.6,6.5));
#1829 = DIRECTION('',(0.,0.,1.));
#1830 = DIRECTION('',(-1.,-1.110223024625E-16,0.));
#1831 = DEFINITIONAL_REPRESENTATION('',(#1832),#1836);
#1832 = LINE('',#1833,#1834);
#1833 = CARTESIAN_POINT('',(0.,0.));
#1834 = VECTOR('',#1835,1.);
#1835 = DIRECTION('',(1.,0.));
#1836 = ( GEOMETRIC_REPRESENTATION_CONTEXT(2) 
PARAMETRIC_REPRESENTATION_CONTEXT() REPRESENTATION_CONTEXT('2D SPACE',''
  ) );
#1837 = ORIENTED_EDGE('',*,*,#1838,.F.);
#1838 = EDGE_CURVE('',#1401,#1811,#1839,.T.);
#1839 = SURFACE_CURVE('',#1840,(#1844,#1851),.PCURVE_S1.);
#1840 = LINE('',#1841,#1842);
#1841 = CARTESIAN_POINT('',(-6.6,134.6,0.));
#1842 = VECTOR('',#1843,1.);
#1843 = DIRECTION('',(0.,0.,1.));
#1844 = PCURVE('',#1444,#1845);
#1845 = DEFINITIONAL_REPRESENTATION('',(#1846),#1850);
#1846 = LINE('',#1847,#1848);
#1847 = CARTESIAN_POINT('',(0.,13.2));
#1848 = VECTOR('',#1849,1.);
#1849 = DIRECTION('',(1.,0.));
#1850 = ( GEOMETRIC_REPRESENTATION_CONTEXT(2) 
PARAMETRIC_REPRESENTATION_CONTEXT() REPRESENTATION_CONTEXT('2D SPACE',''
  ) );
#1851 = PCURVE('',#1416,#1852);
#1852 = DEFINITIONAL_REPRESENTATION('',(#1853),#1857);
#1853 = LINE('',#1854,#1855);
#1854 = CARTESIAN_POINT('',(0.,0.));
#1855 = VECTOR('',#1856,1.);
#1856 = DIRECTION('',(1.,0.));
#1857 = ( GEOMETRIC_REPRESENTATION_CONTEXT(2) 
PARAMETRIC_REPRESENTATION_CONTEXT() REPRESENTATION_CONTEXT('2D SPACE',''
  ) );
#1858 = ADVANCED_FACE('',(#1859),#1826,.T.);
#1859 = FACE_BOUND('',#1860,.T.);
#1860 = EDGE_LOOP('',(#1861,#1893,#1894));
#1861 = ORIENTED_EDGE('',*,*,#1862,.F.);
#1862 = EDGE_CURVE('',#1782,#1863,#1865,.T.);
#1863 = VERTEX_POINT('',#1864);
#1864 = CARTESIAN_POINT('',(-6.6,133.95385605061,6.5));
#1865 = SURFACE_CURVE('',#1866,(#1873,#1883),.PCURVE_S1.);
#1866 = B_SPLINE_CURVE_WITH_KNOTS('',5,(#1867,#1868,#1869,#1870,#1871,
    #1872),.UNSPECIFIED.,.F.,.F.,(6,6),(0.,1.),
  .PIECEWISE_BEZIER_KNOTS.);
#1867 = CARTESIAN_POINT('',(-4.914352802592,134.6,6.5));
#1868 = CARTESIAN_POINT('',(-5.257712095234,134.48790167256,6.5));
#1869 = CARTESIAN_POINT('',(-5.598152316734,134.36685776007,6.5));
#1870 = CARTESIAN_POINT('',(-5.935450468713,134.23723965967,6.5));
#1871 = CARTESIAN_POINT('',(-6.26943984111,134.09944194765,6.5));
#1872 = CARTESIAN_POINT('',(-6.6,133.95385605061,6.5));
#1873 = PCURVE('',#1826,#1874);
#1874 = DEFINITIONAL_REPRESENTATION('',(#1875),#1882);
#1875 = B_SPLINE_CURVE_WITH_KNOTS('',5,(#1876,#1877,#1878,#1879,#1880,
    #1881),.UNSPECIFIED.,.F.,.F.,(6,6),(0.,1.),
  .PIECEWISE_BEZIER_KNOTS.);
#1876 = CARTESIAN_POINT('',(11.514352802592,0.));
#1877 = CARTESIAN_POINT('',(11.857712095234,0.112098327438));
#1878 = CARTESIAN_POINT('',(12.198152316734,0.233142239926));
#1879 = CARTESIAN_POINT('',(12.535450468713,0.362760340327));
#1880 = CARTESIAN_POINT('',(12.86943984111,0.500558052348));
#1881 = CARTESIAN_POINT('',(13.2,0.646143949381));
#1882 = ( GEOMETRIC_REPRESENTATION_CONTEXT(2) 
PARAMETRIC_REPRESENTATION_CONTEXT() REPRESENTATION_CONTEXT('2D SPACE',''
  ) );
#1883 = PCURVE('',#116,#1884);
#1884 = DEFINITIONAL_REPRESENTATION('',(#1885),#1892);
#1885 = B_SPLINE_CURVE_WITH_KNOTS('',5,(#1886,#1887,#1888,#1889,#1890,
    #1891),.UNSPECIFIED.,.F.,.F.,(6,6),(0.,1.),
  .PIECEWISE_BEZIER_KNOTS.);
#1886 = CARTESIAN_POINT('',(1.5,6.392534861171));
#1887 = CARTESIAN_POINT('',(1.5,6.400197308212));
#1888 = CARTESIAN_POINT('',(1.5,6.407800704806));
#1889 = CARTESIAN_POINT('',(1.5,6.415340703192));
#1890 = CARTESIAN_POINT('',(1.5,6.422814150475));
#1891 = CARTESIAN_POINT('',(1.5,6.430218855274));
#1892 = ( GEOMETRIC_REPRESENTATION_CONTEXT(2) 
PARAMETRIC_REPRESENTATION_CONTEXT() REPRESENTATION_CONTEXT('2D SPACE',''
  ) );
#1893 = ORIENTED_EDGE('',*,*,#1810,.T.);
#1894 = ORIENTED_EDGE('',*,*,#1895,.T.);
#1895 = EDGE_CURVE('',#1811,#1863,#1896,.T.);
#1896 = SURFACE_CURVE('',#1897,(#1901,#1908),.PCURVE_S1.);
#1897 = LINE('',#1898,#1899);
#1898 = CARTESIAN_POINT('',(-6.6,134.6,6.5));
#1899 = VECTOR('',#1900,1.);
#1900 = DIRECTION('',(1.110223024625E-16,-1.,0.));
#1901 = PCURVE('',#1826,#1902);
#1902 = DEFINITIONAL_REPRESENTATION('',(#1903),#1907);
#1903 = LINE('',#1904,#1905);
#1904 = CARTESIAN_POINT('',(13.2,-1.465494392505E-15));
#1905 = VECTOR('',#1906,1.);
#1906 = DIRECTION('',(0.,1.));
#1907 = ( GEOMETRIC_REPRESENTATION_CONTEXT(2) 
PARAMETRIC_REPRESENTATION_CONTEXT() REPRESENTATION_CONTEXT('2D SPACE',''
  ) );
#1908 = PCURVE('',#1416,#1909);
#1909 = DEFINITIONAL_REPRESENTATION('',(#1910),#1914);
#1910 = LINE('',#1911,#1912);
#1911 = CARTESIAN_POINT('',(6.5,0.));
#1912 = VECTOR('',#1913,1.);
#1913 = DIRECTION('',(0.,-1.));
#1914 = ( GEOMETRIC_REPRESENTATION_CONTEXT(2) 
PARAMETRIC_REPRESENTATION_CONTEXT() REPRESENTATION_CONTEXT('2D SPACE',''
  ) );
#1915 = ADVANCED_FACE('',(#1916),#1416,.T.);
#1916 = FACE_BOUND('',#1917,.T.);
#1917 = EDGE_LOOP('',(#1918,#1919,#1920,#1947));
#1918 = ORIENTED_EDGE('',*,*,#1838,.F.);
#1919 = ORIENTED_EDGE('',*,*,#1400,.T.);
#1920 = ORIENTED_EDGE('',*,*,#1921,.T.);
#1921 = EDGE_CURVE('',#1306,#1863,#1922,.T.);
#1922 = SURFACE_CURVE('',#1923,(#1929,#1938),.PCURVE_S1.);
#1923 = B_SPLINE_CURVE_WITH_KNOTS('',4,(#1924,#1925,#1926,#1927,#1928),
  .UNSPECIFIED.,.F.,.F.,(5,5),(0.,1.),.PIECEWISE_BEZIER_KNOTS.);
#1924 = CARTESIAN_POINT('',(-6.6,133.95385605061,0.));
#1925 = CARTESIAN_POINT('',(-6.6,133.95385605061,1.625));
#1926 = CARTESIAN_POINT('',(-6.6,133.95385605061,3.25));
#1927 = CARTESIAN_POINT('',(-6.6,133.95385605061,4.875));
#1928 = CARTESIAN_POINT('',(-6.6,133.95385605061,6.5));
#1929 = PCURVE('',#1416,#1930);
#1930 = DEFINITIONAL_REPRESENTATION('',(#1931),#1937);
#1931 = B_SPLINE_CURVE_WITH_KNOTS('',4,(#1932,#1933,#1934,#1935,#1936),
  .UNSPECIFIED.,.F.,.F.,(5,5),(0.,1.),.PIECEWISE_BEZIER_KNOTS.);
#1932 = CARTESIAN_POINT('',(0.,-0.646143949381));
#1933 = CARTESIAN_POINT('',(1.625,-0.646143949381));
#1934 = CARTESIAN_POINT('',(3.25,-0.646143949381));
#1935 = CARTESIAN_POINT('',(4.875,-0.646143949381));
#1936 = CARTESIAN_POINT('',(6.5,-0.646143949381));
#1937 = ( GEOMETRIC_REPRESENTATION_CONTEXT(2) 
PARAMETRIC_REPRESENTATION_CONTEXT() REPRESENTATION_CONTEXT('2D SPACE',''
  ) );
#1938 = PCURVE('',#116,#1939);
#1939 = DEFINITIONAL_REPRESENTATION('',(#1940),#1946);
#1940 = B_SPLINE_CURVE_WITH_KNOTS('',4,(#1941,#1942,#1943,#1944,#1945),
  .UNSPECIFIED.,.F.,.F.,(5,5),(0.,1.),.PIECEWISE_BEZIER_KNOTS.);
#1941 = CARTESIAN_POINT('',(8.,6.430218855274));
#1942 = CARTESIAN_POINT('',(6.375,6.430218855274));
#1943 = CARTESIAN_POINT('',(4.75,6.430218855274));
#1944 = CARTESIAN_POINT('',(3.125,6.430218855274));
#1945 = CARTESIAN_POINT('',(1.5,6.430218855274));
#1946 = ( GEOMETRIC_REPRESENTATION_CONTEXT(2) 
PARAMETRIC_REPRESENTATION_CONTEXT() REPRESENTATION_CONTEXT('2D SPACE',''
  ) );
#1947 = ORIENTED_EDGE('',*,*,#1895,.F.);
#1948 = ADVANCED_FACE('',(#1949),#1294,.T.);
#1949 = FACE_BOUND('',#1950,.T.);
#1950 = EDGE_LOOP('',(#1951,#1952,#1973,#1998));
#1951 = ORIENTED_EDGE('',*,*,#1280,.T.);
#1952 = ORIENTED_EDGE('',*,*,#1953,.T.);
#1953 = EDGE_CURVE('',#1186,#1954,#1956,.T.);
#1954 = VERTEX_POINT('',#1955);
#1955 = CARTESIAN_POINT('',(-43.,1.566889822971E-14,8.));
#1956 = SURFACE_CURVE('',#1957,(#1960,#1966),.PCURVE_S1.);
#1957 = B_SPLINE_CURVE_WITH_KNOTS('',1,(#1958,#1959),.UNSPECIFIED.,.F.,
  .F.,(2,2),(0.,8.),.PIECEWISE_BEZIER_KNOTS.);
#1958 = CARTESIAN_POINT('',(-43.,1.566889822971E-14,0.));
#1959 = CARTESIAN_POINT('',(-43.,1.566889822971E-14,8.));
#1960 = PCURVE('',#1294,#1961);
#1961 = DEFINITIONAL_REPRESENTATION('',(#1962),#1965);
#1962 = B_SPLINE_CURVE_WITH_KNOTS('',1,(#1963,#1964),.UNSPECIFIED.,.F.,
  .F.,(2,2),(0.,8.),.PIECEWISE_BEZIER_KNOTS.);
#1963 = CARTESIAN_POINT('',(1.2,-4.));
#1964 = CARTESIAN_POINT('',(1.2,4.));
#1965 = ( GEOMETRIC_REPRESENTATION_CONTEXT(2) 
PARAMETRIC_REPRESENTATION_CONTEXT() REPRESENTATION_CONTEXT('2D SPACE',''
  ) );
#1966 = PCURVE('',#299,#1967);
#1967 = DEFINITIONAL_REPRESENTATION('',(#1968),#1972);
#1968 = LINE('',#1969,#1970);
#1969 = CARTESIAN_POINT('',(0.,7.853981633974));
#1970 = VECTOR('',#1971,1.);
#1971 = DIRECTION('',(1.,0.));
#1972 = ( GEOMETRIC_REPRESENTATION_CONTEXT(2) 
PARAMETRIC_REPRESENTATION_CONTEXT() REPRESENTATION_CONTEXT('2D SPACE',''
  ) );
#1973 = ORIENTED_EDGE('',*,*,#1974,.T.);
#1974 = EDGE_CURVE('',#1954,#1975,#1977,.T.);
#1975 = VERTEX_POINT('',#1976);
#1976 = CARTESIAN_POINT('',(-45.4,1.9251267247E-14,8.));
#1977 = SURFACE_CURVE('',#1978,(#1981,#1987),.PCURVE_S1.);
#1978 = B_SPLINE_CURVE_WITH_KNOTS('',1,(#1979,#1980),.UNSPECIFIED.,.F.,
  .F.,(2,2),(0.,2.4),.PIECEWISE_BEZIER_KNOTS.);
#1979 = CARTESIAN_POINT('',(-43.,1.566889822971E-14,8.));
#1980 = CARTESIAN_POINT('',(-45.4,3.084995338901E-14,8.));
#1981 = PCURVE('',#1294,#1982);
#1982 = DEFINITIONAL_REPRESENTATION('',(#1983),#1986);
#1983 = B_SPLINE_CURVE_WITH_KNOTS('',1,(#1984,#1985),.UNSPECIFIED.,.F.,
  .F.,(2,2),(0.,2.4),.PIECEWISE_BEZIER_KNOTS.);
#1984 = CARTESIAN_POINT('',(1.2,4.));
#1985 = CARTESIAN_POINT('',(-1.2,4.));
#1986 = ( GEOMETRIC_REPRESENTATION_CONTEXT(2) 
PARAMETRIC_REPRESENTATION_CONTEXT() REPRESENTATION_CONTEXT('2D SPACE',''
  ) );
#1987 = PCURVE('',#1988,#1993);
#1988 = PLANE('',#1989);
#1989 = AXIS2_PLACEMENT_3D('',#1990,#1991,#1992);
#1990 = CARTESIAN_POINT('',(1.616305615145E-14,81.292958230798,8.));
#1991 = DIRECTION('',(-7.01118130276E-17,6.089938009851E-18,1.));
#1992 = DIRECTION('',(1.532519102992E-15,1.,-6.089938009851E-18));
#1993 = DEFINITIONAL_REPRESENTATION('',(#1994),#1997);
#1994 = B_SPLINE_CURVE_WITH_KNOTS('',1,(#1995,#1996),.UNSPECIFIED.,.F.,
  .F.,(2,2),(0.,2.4),.PIECEWISE_BEZIER_KNOTS.);
#1995 = CARTESIAN_POINT('',(-81.29295823079,43.));
#1996 = CARTESIAN_POINT('',(-81.29295823079,45.4));
#1997 = ( GEOMETRIC_REPRESENTATION_CONTEXT(2) 
PARAMETRIC_REPRESENTATION_CONTEXT() REPRESENTATION_CONTEXT('2D SPACE',''
  ) );
#1998 = ORIENTED_EDGE('',*,*,#1999,.T.);
#1999 = EDGE_CURVE('',#1975,#1281,#2000,.T.);
#2000 = SURFACE_CURVE('',#2001,(#2004,#2010),.PCURVE_S1.);
#2001 = B_SPLINE_CURVE_WITH_KNOTS('',1,(#2002,#2003),.UNSPECIFIED.,.F.,
  .F.,(2,2),(0.,8.),.PIECEWISE_BEZIER_KNOTS.);
#2002 = CARTESIAN_POINT('',(-45.4,1.9251267247E-14,8.));
#2003 = CARTESIAN_POINT('',(-45.4,1.9251267247E-14,0.));
#2004 = PCURVE('',#1294,#2005);
#2005 = DEFINITIONAL_REPRESENTATION('',(#2006),#2009);
#2006 = B_SPLINE_CURVE_WITH_KNOTS('',1,(#2007,#2008),.UNSPECIFIED.,.F.,
  .F.,(2,2),(0.,8.),.PIECEWISE_BEZIER_KNOTS.);
#2007 = CARTESIAN_POINT('',(-1.2,4.));
#2008 = CARTESIAN_POINT('',(-1.2,-4.));
#2009 = ( GEOMETRIC_REPRESENTATION_CONTEXT(2) 
PARAMETRIC_REPRESENTATION_CONTEXT() REPRESENTATION_CONTEXT('2D SPACE',''
  ) );
#2010 = PCURVE('',#116,#2011);
#2011 = DEFINITIONAL_REPRESENTATION('',(#2012),#2016);
#2012 = LINE('',#2013,#2014);
#2013 = CARTESIAN_POINT('',(0.,7.853981633974));
#2014 = VECTOR('',#2015,1.);
#2015 = DIRECTION('',(1.,0.));
#2016 = ( GEOMETRIC_REPRESENTATION_CONTEXT(2) 
PARAMETRIC_REPRESENTATION_CONTEXT() REPRESENTATION_CONTEXT('2D SPACE',''
  ) );
#2017 = ADVANCED_FACE('',(#2018),#1988,.T.);
#2018 = FACE_BOUND('',#2019,.T.);
#2019 = EDGE_LOOP('',(#2020,#2115,#2135,#2228));
#2020 = ORIENTED_EDGE('',*,*,#2021,.F.);
#2021 = EDGE_CURVE('',#2022,#1954,#2024,.T.);
#2022 = VERTEX_POINT('',#2023);
#2023 = CARTESIAN_POINT('',(43.,-5.905796992079E-15,8.));
#2024 = SURFACE_CURVE('',#2025,(#2065,#2108),.PCURVE_S1.);
#2025 = B_SPLINE_CURVE_WITH_KNOTS('',11,(#2026,#2027,#2028,#2029,#2030,
    #2031,#2032,#2033,#2034,#2035,#2036,#2037,#2038,#2039,#2040,#2041,
    #2042,#2043,#2044,#2045,#2046,#2047,#2048,#2049,#2050,#2051,#2052,
    #2053,#2054,#2055,#2056,#2057,#2058,#2059,#2060,#2061,#2062,#2063,
    #2064),.UNSPECIFIED.,.F.,.F.,(12,9,9,9,12),(4.712388980385,
    5.497787143782,6.28318530718,7.068583470577,7.853981633974),
  .UNSPECIFIED.);
#2026 = CARTESIAN_POINT('',(43.,-5.905796992079E-15,8.));
#2027 = CARTESIAN_POINT('',(42.999999999998,9.619389895061,8.));
#2028 = CARTESIAN_POINT('',(42.745936332797,19.238779790133,
    8.000000000002));
#2029 = CARTESIAN_POINT('',(42.237747442023,28.791122830059,
    7.999999999995));
#2030 = CARTESIAN_POINT('',(41.477799609006,38.209315329103,
    8.000000000009));
#2031 = CARTESIAN_POINT('',(40.470738343439,47.4269577883,7.999999999989
    ));
#2032 = CARTESIAN_POINT('',(39.223406467361,56.379054342219,
    8.00000000001));
#2033 = CARTESIAN_POINT('',(37.744828888332,65.002650631779,
    7.999999999993));
#2034 = CARTESIAN_POINT('',(36.046264067112,73.237410107304,
    8.000000000003));
#2035 = CARTESIAN_POINT('',(34.141322174313,81.026128757662,8.));
#2036 = CARTESIAN_POINT('',(29.950977707036,95.604247779776,8.));
#2037 = CARTESIAN_POINT('',(25.075451203009,107.98516611972,8.));
#2038 = CARTESIAN_POINT('',(22.48453878787,113.57783127882,
    7.999999999997));
#2039 = CARTESIAN_POINT('',(19.769359701493,118.51744130784,
    8.000000000005));
#2040 = CARTESIAN_POINT('',(16.932675154981,122.80057117348,
    7.999999999993));
#2041 = CARTESIAN_POINT('',(14.05155296357,126.29705687244,
    8.000000000006));
#2042 = CARTESIAN_POINT('',(11.113931108855,129.14044797218,
    7.999999999996));
#2043 = CARTESIAN_POINT('',(8.179073751844,131.1058498789,8.000000000002
    ));
#2044 = CARTESIAN_POINT('',(5.407597880998,132.36852069579,8.));
#2045 = CARTESIAN_POINT('',(1.22944588501E-12,133.6314793042,8.));
#2046 = CARTESIAN_POINT('',(-5.407597881,132.3685206958,8.));
#2047 = CARTESIAN_POINT('',(-8.179073751834,131.10584987886,8.));
#2048 = CARTESIAN_POINT('',(-11.11393110887,129.14044797227,8.));
#2049 = CARTESIAN_POINT('',(-14.05155296353,126.29705687231,8.));
#2050 = CARTESIAN_POINT('',(-16.93267515501,122.80057117362,8.));
#2051 = CARTESIAN_POINT('',(-19.76935970147,118.51744130773,8.));
#2052 = CARTESIAN_POINT('',(-22.48453878788,113.57783127887,8.));
#2053 = CARTESIAN_POINT('',(-25.075451203,107.9851661197,8.));
#2054 = CARTESIAN_POINT('',(-29.95097770703,95.604247779781,8.));
#2055 = CARTESIAN_POINT('',(-34.14132217431,81.026128757664,
    8.000000000001));
#2056 = CARTESIAN_POINT('',(-36.04626406709,73.237410107277,
    7.999999999998));
#2057 = CARTESIAN_POINT('',(-37.74482888837,65.002650631848,
    8.000000000005));
#2058 = CARTESIAN_POINT('',(-39.22340646729,56.37905434211,
    7.999999999993));
#2059 = CARTESIAN_POINT('',(-40.47073834351,47.426957788419,
    8.000000000008));
#2060 = CARTESIAN_POINT('',(-41.47779960894,38.209315329009,
    7.999999999994));
#2061 = CARTESIAN_POINT('',(-42.23774744205,28.791122830114,
    8.000000000003));
#2062 = CARTESIAN_POINT('',(-42.74593633278,19.238779790112,
    7.999999999999));
#2063 = CARTESIAN_POINT('',(-43.,9.619389895066,8.));
#2064 = CARTESIAN_POINT('',(-43.,1.566889822971E-14,8.));
#2065 = PCURVE('',#1988,#2066);
#2066 = DEFINITIONAL_REPRESENTATION('',(#2067),#2107);
#2067 = B_SPLINE_CURVE_WITH_KNOTS('',11,(#2068,#2069,#2070,#2071,#2072,
    #2073,#2074,#2075,#2076,#2077,#2078,#2079,#2080,#2081,#2082,#2083,
    #2084,#2085,#2086,#2087,#2088,#2089,#2090,#2091,#2092,#2093,#2094,
    #2095,#2096,#2097,#2098,#2099,#2100,#2101,#2102,#2103,#2104,#2105,
    #2106),.UNSPECIFIED.,.F.,.F.,(12,9,9,9,12),(4.712388980385,
    5.497787143782,6.28318530718,7.068583470577,7.853981633974),
  .UNSPECIFIED.);
#2068 = CARTESIAN_POINT('',(-81.29295823079,-43.));
#2069 = CARTESIAN_POINT('',(-71.67356833573,-42.99999999999));
#2070 = CARTESIAN_POINT('',(-62.05417844066,-42.74593633279));
#2071 = CARTESIAN_POINT('',(-52.50183540073,-42.23774744202));
#2072 = CARTESIAN_POINT('',(-43.08364290169,-41.477799609));
#2073 = CARTESIAN_POINT('',(-33.86600044249,-40.47073834343));
#2074 = CARTESIAN_POINT('',(-24.91390388858,-39.22340646736));
#2075 = CARTESIAN_POINT('',(-16.29030759901,-37.74482888833));
#2076 = CARTESIAN_POINT('',(-8.055548123494,-36.04626406711));
#2077 = CARTESIAN_POINT('',(-0.266829473136,-34.14132217431));
#2078 = CARTESIAN_POINT('',(14.311289548978,-29.95097770703));
#2079 = CARTESIAN_POINT('',(26.692207888922,-25.075451203));
#2080 = CARTESIAN_POINT('',(32.284873048023,-22.48453878787));
#2081 = CARTESIAN_POINT('',(37.224483077048,-19.76935970149));
#2082 = CARTESIAN_POINT('',(41.507612942683,-16.93267515498));
#2083 = CARTESIAN_POINT('',(45.004098641651,-14.05155296357));
#2084 = CARTESIAN_POINT('',(47.84748974139,-11.11393110885));
#2085 = CARTESIAN_POINT('',(49.812891648105,-8.179073751844));
#2086 = CARTESIAN_POINT('',(51.075562464996,-5.407597880998));
#2087 = CARTESIAN_POINT('',(52.338521073405,-1.133073045491E-12));
#2088 = CARTESIAN_POINT('',(51.075562465001,5.407597881));
#2089 = CARTESIAN_POINT('',(49.812891648069,8.179073751834));
#2090 = CARTESIAN_POINT('',(47.847489741477,11.113931108876));
#2091 = CARTESIAN_POINT('',(45.004098641516,14.051552963539));
#2092 = CARTESIAN_POINT('',(41.507612942828,16.932675155014));
#2093 = CARTESIAN_POINT('',(37.22448307694,19.76935970147));
#2094 = CARTESIAN_POINT('',(32.284873048074,22.484538787881));
#2095 = CARTESIAN_POINT('',(26.692207888911,25.075451203007));
#2096 = CARTESIAN_POINT('',(14.311289548982,29.950977707035));
#2097 = CARTESIAN_POINT('',(-0.266829473134,34.141322174316));
#2098 = CARTESIAN_POINT('',(-8.055548123521,36.046264067092));
#2099 = CARTESIAN_POINT('',(-16.29030759895,37.744828888377));
#2100 = CARTESIAN_POINT('',(-24.91390388868,39.223406467292));
#2101 = CARTESIAN_POINT('',(-33.86600044237,40.470738343512));
#2102 = CARTESIAN_POINT('',(-43.08364290178,41.477799608949));
#2103 = CARTESIAN_POINT('',(-52.50183540068,42.237747442055));
#2104 = CARTESIAN_POINT('',(-62.05417844068,42.745936332784));
#2105 = CARTESIAN_POINT('',(-71.67356833573,43.000000000001));
#2106 = CARTESIAN_POINT('',(-81.29295823079,43.));
#2107 = ( GEOMETRIC_REPRESENTATION_CONTEXT(2) 
PARAMETRIC_REPRESENTATION_CONTEXT() REPRESENTATION_CONTEXT('2D SPACE',''
  ) );
#2108 = PCURVE('',#299,#2109);
#2109 = DEFINITIONAL_REPRESENTATION('',(#2110),#2114);
#2110 = LINE('',#2111,#2112);
#2111 = CARTESIAN_POINT('',(8.,0.));
#2112 = VECTOR('',#2113,1.);
#2113 = DIRECTION('',(0.,1.));
#2114 = ( GEOMETRIC_REPRESENTATION_CONTEXT(2) 
PARAMETRIC_REPRESENTATION_CONTEXT() REPRESENTATION_CONTEXT('2D SPACE',''
  ) );
#2115 = ORIENTED_EDGE('',*,*,#2116,.T.);
#2116 = EDGE_CURVE('',#2022,#2117,#2119,.T.);
#2117 = VERTEX_POINT('',#2118);
#2118 = CARTESIAN_POINT('',(45.4,1.650007564202E-15,8.));
#2119 = SURFACE_CURVE('',#2120,(#2123,#2129),.PCURVE_S1.);
#2120 = B_SPLINE_CURVE_WITH_KNOTS('',1,(#2121,#2122),.UNSPECIFIED.,.F.,
  .F.,(2,2),(0.,2.4),.PIECEWISE_BEZIER_KNOTS.);
#2121 = CARTESIAN_POINT('',(43.,-5.905796992079E-15,8.));
#2122 = CARTESIAN_POINT('',(45.4,-5.45541979342E-15,8.));
#2123 = PCURVE('',#1988,#2124);
#2124 = DEFINITIONAL_REPRESENTATION('',(#2125),#2128);
#2125 = B_SPLINE_CURVE_WITH_KNOTS('',1,(#2126,#2127),.UNSPECIFIED.,.F.,
  .F.,(2,2),(0.,2.4),.PIECEWISE_BEZIER_KNOTS.);
#2126 = CARTESIAN_POINT('',(-81.29295823079,-43.));
#2127 = CARTESIAN_POINT('',(-81.29295823079,-45.4));
#2128 = ( GEOMETRIC_REPRESENTATION_CONTEXT(2) 
PARAMETRIC_REPRESENTATION_CONTEXT() REPRESENTATION_CONTEXT('2D SPACE',''
  ) );
#2129 = PCURVE('',#200,#2130);
#2130 = DEFINITIONAL_REPRESENTATION('',(#2131),#2134);
#2131 = B_SPLINE_CURVE_WITH_KNOTS('',1,(#2132,#2133),.UNSPECIFIED.,.F.,
  .F.,(2,2),(0.,2.4),.PIECEWISE_BEZIER_KNOTS.);
#2132 = CARTESIAN_POINT('',(1.2,4.));
#2133 = CARTESIAN_POINT('',(-1.2,4.));
#2134 = ( GEOMETRIC_REPRESENTATION_CONTEXT(2) 
PARAMETRIC_REPRESENTATION_CONTEXT() REPRESENTATION_CONTEXT('2D SPACE',''
  ) );
#2135 = ORIENTED_EDGE('',*,*,#2136,.T.);
#2136 = EDGE_CURVE('',#2117,#1975,#2137,.T.);
#2137 = SURFACE_CURVE('',#2138,(#2178,#2221),.PCURVE_S1.);
#2138 = B_SPLINE_CURVE_WITH_KNOTS('',11,(#2139,#2140,#2141,#2142,#2143,
    #2144,#2145,#2146,#2147,#2148,#2149,#2150,#2151,#2152,#2153,#2154,
    #2155,#2156,#2157,#2158,#2159,#2160,#2161,#2162,#2163,#2164,#2165,
    #2166,#2167,#2168,#2169,#2170,#2171,#2172,#2173,#2174,#2175,#2176,
    #2177),.UNSPECIFIED.,.F.,.F.,(12,9,9,9,12),(4.712388980385,
    5.497787143782,6.28318530718,7.068583470577,7.853981633974),
  .UNSPECIFIED.);
#2139 = CARTESIAN_POINT('',(45.4,-5.45541979342E-15,8.));
#2140 = CARTESIAN_POINT('',(45.399999999998,9.677015247033,8.));
#2141 = CARTESIAN_POINT('',(45.144414353919,19.35403049408,
    8.000000000002));
#2142 = CARTESIAN_POINT('',(44.633236752581,28.964647581666,
    7.999999999995));
#2143 = CARTESIAN_POINT('',(43.868673608171,38.442431384588,
    8.000000000009));
#2144 = CARTESIAN_POINT('',(42.855128371759,47.721685417587,
    7.999999999989));
#2145 = CARTESIAN_POINT('',(41.59916377364,56.738189191874,8.00000000001
    ));
#2146 = CARTESIAN_POINT('',(40.109441982366,65.429897318719,
    7.999999999993));
#2147 = CARTESIAN_POINT('',(38.396642687712,73.737600364773,
    8.000000000003));
#2148 = CARTESIAN_POINT('',(36.473359102186,81.605547454516,8.));
#2149 = CARTESIAN_POINT('',(32.234584668939,96.358513792315,8.));
#2150 = CARTESIAN_POINT('',(27.275475517822,108.95714863961,8.));
#2151 = CARTESIAN_POINT('',(24.63179852792,114.67084001786,
    7.999999999997));
#2152 = CARTESIAN_POINT('',(21.842216200276,119.75559385021,
    8.000000000005));
#2153 = CARTESIAN_POINT('',(18.924205795638,124.17681535746,
    7.999999999993));
#2154 = CARTESIAN_POINT('',(15.902048539129,127.89530458871,
    8.000000000006));
#2155 = CARTESIAN_POINT('',(12.794058441265,130.89763361368,
    7.999999999996));
#2156 = CARTESIAN_POINT('',(9.624712167971,133.14855047829,
    8.000000000002));
#2157 = CARTESIAN_POINT('',(6.42673655044,134.6495094468,8.));
#2158 = CARTESIAN_POINT('',(7.292512645856E-13,136.15049055319,8.));
#2159 = CARTESIAN_POINT('',(-6.426736550442,134.64950944681,8.));
#2160 = CARTESIAN_POINT('',(-9.624712167965,133.14855047825,8.));
#2161 = CARTESIAN_POINT('',(-12.79405844127,130.89763361378,8.));
#2162 = CARTESIAN_POINT('',(-15.9020485391,127.89530458856,8.));
#2163 = CARTESIAN_POINT('',(-18.92420579565,124.17681535762,8.));
#2164 = CARTESIAN_POINT('',(-21.84221620026,119.75559385008,8.));
#2165 = CARTESIAN_POINT('',(-24.63179852792,114.67084001792,8.));
#2166 = CARTESIAN_POINT('',(-27.27547551782,108.9571486396,8.));
#2167 = CARTESIAN_POINT('',(-32.23458466893,96.358513792319,8.));
#2168 = CARTESIAN_POINT('',(-36.47335910219,81.605547454519,
    8.000000000001));
#2169 = CARTESIAN_POINT('',(-38.39664268768,73.737600364742,
    7.999999999998));
#2170 = CARTESIAN_POINT('',(-40.10944198242,65.429897318799,
    8.000000000005));
#2171 = CARTESIAN_POINT('',(-41.59916377354,56.738189191751,
    7.999999999993));
#2172 = CARTESIAN_POINT('',(-42.85512837185,47.721685417722,
    8.000000000008));
#2173 = CARTESIAN_POINT('',(-43.86867360809,38.442431384481,
    7.999999999994));
#2174 = CARTESIAN_POINT('',(-44.63323675262,28.964647581728,
    8.000000000003));
#2175 = CARTESIAN_POINT('',(-45.1444143539,19.354030494055,
    7.999999999999));
#2176 = CARTESIAN_POINT('',(-45.4,9.677015247039,8.));
#2177 = CARTESIAN_POINT('',(-45.4,3.084995338901E-14,8.));
#2178 = PCURVE('',#1988,#2179);
#2179 = DEFINITIONAL_REPRESENTATION('',(#2180),#2220);
#2180 = B_SPLINE_CURVE_WITH_KNOTS('',11,(#2181,#2182,#2183,#2184,#2185,
    #2186,#2187,#2188,#2189,#2190,#2191,#2192,#2193,#2194,#2195,#2196,
    #2197,#2198,#2199,#2200,#2201,#2202,#2203,#2204,#2205,#2206,#2207,
    #2208,#2209,#2210,#2211,#2212,#2213,#2214,#2215,#2216,#2217,#2218,
    #2219),.UNSPECIFIED.,.F.,.F.,(12,9,9,9,12),(4.712388980385,
    5.497787143782,6.28318530718,7.068583470577,7.853981633974),
  .UNSPECIFIED.);
#2181 = CARTESIAN_POINT('',(-81.29295823079,-45.4));
#2182 = CARTESIAN_POINT('',(-71.61594298376,-45.39999999999));
#2183 = CARTESIAN_POINT('',(-61.93892773671,-45.14441435391));
#2184 = CARTESIAN_POINT('',(-52.32831064913,-44.63323675258));
#2185 = CARTESIAN_POINT('',(-42.85052684621,-43.86867360817));
#2186 = CARTESIAN_POINT('',(-33.57127281321,-42.85512837175));
#2187 = CARTESIAN_POINT('',(-24.55476903892,-41.59916377364));
#2188 = CARTESIAN_POINT('',(-15.86306091207,-40.10944198236));
#2189 = CARTESIAN_POINT('',(-7.555357866025,-38.39664268771));
#2190 = CARTESIAN_POINT('',(0.312589223717,-36.47335910218));
#2191 = CARTESIAN_POINT('',(15.065555561517,-32.23458466893));
#2192 = CARTESIAN_POINT('',(27.664190408821,-27.27547551782));
#2193 = CARTESIAN_POINT('',(33.377881787071,-24.63179852792));
#2194 = CARTESIAN_POINT('',(38.462635619414,-21.84221620027));
#2195 = CARTESIAN_POINT('',(42.883857126664,-18.92420579563));
#2196 = CARTESIAN_POINT('',(46.60234635792,-15.90204853912));
#2197 = CARTESIAN_POINT('',(49.604675382891,-12.79405844126));
#2198 = CARTESIAN_POINT('',(51.855592247499,-9.624712167971));
#2199 = CARTESIAN_POINT('',(53.356551216009,-6.42673655044));
#2200 = CARTESIAN_POINT('',(54.857532322392,-6.29017992207E-13));
#2201 = CARTESIAN_POINT('',(53.356551216014,6.426736550442));
#2202 = CARTESIAN_POINT('',(51.855592247461,9.624712167965));
#2203 = CARTESIAN_POINT('',(49.604675382988,12.794058441279));
#2204 = CARTESIAN_POINT('',(46.602346357768,15.902048539109));
#2205 = CARTESIAN_POINT('',(42.883857126828,18.924205795659));
#2206 = CARTESIAN_POINT('',(38.462635619291,21.842216200261));
#2207 = CARTESIAN_POINT('',(33.37788178713,24.631798527927));
#2208 = CARTESIAN_POINT('',(27.664190408808,27.275475517822));
#2209 = CARTESIAN_POINT('',(15.065555561521,32.234584668936));
#2210 = CARTESIAN_POINT('',(0.31258922372,36.473359102191));
#2211 = CARTESIAN_POINT('',(-7.555357866057,38.396642687685));
#2212 = CARTESIAN_POINT('',(-15.86306091199,40.109441982427));
#2213 = CARTESIAN_POINT('',(-24.55476903904,41.599163773547));
#2214 = CARTESIAN_POINT('',(-33.57127281307,42.855128371859));
#2215 = CARTESIAN_POINT('',(-42.85052684631,43.868673608091));
#2216 = CARTESIAN_POINT('',(-52.32831064907,44.633236752627));
#2217 = CARTESIAN_POINT('',(-61.93892773674,45.1444143539));
#2218 = CARTESIAN_POINT('',(-71.61594298376,45.400000000002));
#2219 = CARTESIAN_POINT('',(-81.29295823079,45.4));
#2220 = ( GEOMETRIC_REPRESENTATION_CONTEXT(2) 
PARAMETRIC_REPRESENTATION_CONTEXT() REPRESENTATION_CONTEXT('2D SPACE',''
  ) );
#2221 = PCURVE('',#116,#2222);
#2222 = DEFINITIONAL_REPRESENTATION('',(#2223),#2227);
#2223 = LINE('',#2224,#2225);
#2224 = CARTESIAN_POINT('',(0.,0.));
#2225 = VECTOR('',#2226,1.);
#2226 = DIRECTION('',(0.,1.));
#2227 = ( GEOMETRIC_REPRESENTATION_CONTEXT(2) 
PARAMETRIC_REPRESENTATION_CONTEXT() REPRESENTATION_CONTEXT('2D SPACE',''
  ) );
#2228 = ORIENTED_EDGE('',*,*,#1974,.F.);
#2229 = ADVANCED_FACE('',(#2230),#1173,.T.);
#2230 = FACE_BOUND('',#2231,.T.);
#2231 = EDGE_LOOP('',(#2232,#2261,#2262,#2285));
#2232 = ORIENTED_EDGE('',*,*,#2233,.T.);
#2233 = EDGE_CURVE('',#2234,#1158,#2236,.T.);
#2234 = VERTEX_POINT('',#2235);
#2235 = CARTESIAN_POINT('',(-42.30896107239,23.439945763367,6.5));
#2236 = SURFACE_CURVE('',#2237,(#2243,#2252),.PCURVE_S1.);
#2237 = B_SPLINE_CURVE_WITH_KNOTS('',4,(#2238,#2239,#2240,#2241,#2242),
  .UNSPECIFIED.,.F.,.F.,(5,5),(0.,1.),.PIECEWISE_BEZIER_KNOTS.);
#2238 = CARTESIAN_POINT('',(-42.30896107239,23.439945763367,6.5));
#2239 = CARTESIAN_POINT('',(-42.30896107239,23.439945763367,4.875));
#2240 = CARTESIAN_POINT('',(-42.30896107239,23.439945763367,3.25));
#2241 = CARTESIAN_POINT('',(-42.30896107239,23.439945763367,1.625));
#2242 = CARTESIAN_POINT('',(-42.30896107239,23.439945763367,0.));
#2243 = PCURVE('',#1173,#2244);
#2244 = DEFINITIONAL_REPRESENTATION('',(#2245),#2251);
#2245 = B_SPLINE_CURVE_WITH_KNOTS('',4,(#2246,#2247,#2248,#2249,#2250),
  .UNSPECIFIED.,.F.,.F.,(5,5),(0.,1.),.PIECEWISE_BEZIER_KNOTS.);
#2246 = CARTESIAN_POINT('',(6.5,-1.657675771203));
#2247 = CARTESIAN_POINT('',(4.875,-1.657675771203));
#2248 = CARTESIAN_POINT('',(3.25,-1.657675771203));
#2249 = CARTESIAN_POINT('',(1.625,-1.657675771203));
#2250 = CARTESIAN_POINT('',(0.,-1.657675771203));
#2251 = ( GEOMETRIC_REPRESENTATION_CONTEXT(2) 
PARAMETRIC_REPRESENTATION_CONTEXT() REPRESENTATION_CONTEXT('2D SPACE',''
  ) );
#2252 = PCURVE('',#299,#2253);
#2253 = DEFINITIONAL_REPRESENTATION('',(#2254),#2260);
#2254 = B_SPLINE_CURVE_WITH_KNOTS('',4,(#2255,#2256,#2257,#2258,#2259),
  .UNSPECIFIED.,.F.,.F.,(5,5),(0.,1.),.PIECEWISE_BEZIER_KNOTS.);
#2255 = CARTESIAN_POINT('',(6.5,7.679093293542));
#2256 = CARTESIAN_POINT('',(4.875,7.679093293542));
#2257 = CARTESIAN_POINT('',(3.25,7.679093293542));
#2258 = CARTESIAN_POINT('',(1.625,7.679093293542));
#2259 = CARTESIAN_POINT('',(0.,7.679093293542));
#2260 = ( GEOMETRIC_REPRESENTATION_CONTEXT(2) 
PARAMETRIC_REPRESENTATION_CONTEXT() REPRESENTATION_CONTEXT('2D SPACE',''
  ) );
#2261 = ORIENTED_EDGE('',*,*,#1157,.T.);
#2262 = ORIENTED_EDGE('',*,*,#2263,.F.);
#2263 = EDGE_CURVE('',#2264,#1130,#2266,.T.);
#2264 = VERTEX_POINT('',#2265);
#2265 = CARTESIAN_POINT('',(-30.8006053158,22.555074935289,6.5));
#2266 = SURFACE_CURVE('',#2267,(#2271,#2278),.PCURVE_S1.);
#2267 = LINE('',#2268,#2269);
#2268 = CARTESIAN_POINT('',(-30.8006053158,22.555074935289,6.5));
#2269 = VECTOR('',#2270,1.);
#2270 = DIRECTION('',(-0.,0.,-1.));
#2271 = PCURVE('',#1173,#2272);
#2272 = DEFINITIONAL_REPRESENTATION('',(#2273),#2277);
#2273 = LINE('',#2274,#2275);
#2274 = CARTESIAN_POINT('',(6.5,-13.2));
#2275 = VECTOR('',#2276,1.);
#2276 = DIRECTION('',(-1.,0.));
#2277 = ( GEOMETRIC_REPRESENTATION_CONTEXT(2) 
PARAMETRIC_REPRESENTATION_CONTEXT() REPRESENTATION_CONTEXT('2D SPACE',''
  ) );
#2278 = PCURVE('',#1145,#2279);
#2279 = DEFINITIONAL_REPRESENTATION('',(#2280),#2284);
#2280 = LINE('',#2281,#2282);
#2281 = CARTESIAN_POINT('',(6.5,13.2));
#2282 = VECTOR('',#2283,1.);
#2283 = DIRECTION('',(-1.,-0.));
#2284 = ( GEOMETRIC_REPRESENTATION_CONTEXT(2) 
PARAMETRIC_REPRESENTATION_CONTEXT() REPRESENTATION_CONTEXT('2D SPACE',''
  ) );
#2285 = ORIENTED_EDGE('',*,*,#2286,.F.);
#2286 = EDGE_CURVE('',#2234,#2264,#2287,.T.);
#2287 = SURFACE_CURVE('',#2288,(#2292,#2299),.PCURVE_S1.);
#2288 = LINE('',#2289,#2290);
#2289 = CARTESIAN_POINT('',(-43.96175838825,23.567028394497,6.5));
#2290 = VECTOR('',#2291,1.);
#2291 = DIRECTION('',(0.997057050943,-7.666314084913E-02,0.));
#2292 = PCURVE('',#1173,#2293);
#2293 = DEFINITIONAL_REPRESENTATION('',(#2294),#2298);
#2294 = LINE('',#2295,#2296);
#2295 = CARTESIAN_POINT('',(6.5,0.));
#2296 = VECTOR('',#2297,1.);
#2297 = DIRECTION('',(0.,-1.));
#2298 = ( GEOMETRIC_REPRESENTATION_CONTEXT(2) 
PARAMETRIC_REPRESENTATION_CONTEXT() REPRESENTATION_CONTEXT('2D SPACE',''
  ) );
#2299 = PCURVE('',#2300,#2305);
#2300 = PLANE('',#2301);
#2301 = AXIS2_PLACEMENT_3D('',#2302,#2303,#2304);
#2302 = CARTESIAN_POINT('',(-42.94980492904,36.728181466945,6.5));
#2303 = DIRECTION('',(0.,0.,1.));
#2304 = DIRECTION('',(-7.666314084913E-02,-0.997057050943,0.));
#2305 = DEFINITIONAL_REPRESENTATION('',(#2306),#2310);
#2306 = LINE('',#2307,#2308);
#2307 = CARTESIAN_POINT('',(13.2,-9.769962616701E-15));
#2308 = VECTOR('',#2309,1.);
#2309 = DIRECTION('',(0.,1.));
#2310 = ( GEOMETRIC_REPRESENTATION_CONTEXT(2) 
PARAMETRIC_REPRESENTATION_CONTEXT() REPRESENTATION_CONTEXT('2D SPACE',''
  ) );
#2311 = ADVANCED_FACE('',(#2312),#2300,.T.);
#2312 = FACE_BOUND('',#2313,.T.);
#2313 = EDGE_LOOP('',(#2314,#2339,#2371,#2399,#2427,#2455,#2485,#2486));
#2314 = ORIENTED_EDGE('',*,*,#2315,.F.);
#2315 = EDGE_CURVE('',#2316,#2318,#2320,.T.);
#2316 = VERTEX_POINT('',#2317);
#2317 = CARTESIAN_POINT('',(-41.29581351873,36.601007022582,6.5));
#2318 = VERTEX_POINT('',#2319);
#2319 = CARTESIAN_POINT('',(-29.78865185659,35.716228007736,6.5));
#2320 = SURFACE_CURVE('',#2321,(#2325,#2332),.PCURVE_S1.);
#2321 = LINE('',#2322,#2323);
#2322 = CARTESIAN_POINT('',(-42.94980492904,36.728181466945,6.5));
#2323 = VECTOR('',#2324,1.);
#2324 = DIRECTION('',(0.997057050943,-7.666314084913E-02,0.));
#2325 = PCURVE('',#2300,#2326);
#2326 = DEFINITIONAL_REPRESENTATION('',(#2327),#2331);
#2327 = LINE('',#2328,#2329);
#2328 = CARTESIAN_POINT('',(0.,0.));
#2329 = VECTOR('',#2330,1.);
#2330 = DIRECTION('',(0.,1.));
#2331 = ( GEOMETRIC_REPRESENTATION_CONTEXT(2) 
PARAMETRIC_REPRESENTATION_CONTEXT() REPRESENTATION_CONTEXT('2D SPACE',''
  ) );
#2332 = PCURVE('',#1117,#2333);
#2333 = DEFINITIONAL_REPRESENTATION('',(#2334),#2338);
#2334 = LINE('',#2335,#2336);
#2335 = CARTESIAN_POINT('',(6.5,0.));
#2336 = VECTOR('',#2337,1.);
#2337 = DIRECTION('',(0.,-1.));
#2338 = ( GEOMETRIC_REPRESENTATION_CONTEXT(2) 
PARAMETRIC_REPRESENTATION_CONTEXT() REPRESENTATION_CONTEXT('2D SPACE',''
  ) );
#2339 = ORIENTED_EDGE('',*,*,#2340,.T.);
#2340 = EDGE_CURVE('',#2316,#2341,#2343,.T.);
#2341 = VERTEX_POINT('',#2342);
#2342 = CARTESIAN_POINT('',(-41.40728134589,35.406035756755,6.5));
#2343 = SURFACE_CURVE('',#2344,(#2351,#2361),.PCURVE_S1.);
#2344 = B_SPLINE_CURVE_WITH_KNOTS('',5,(#2345,#2346,#2347,#2348,#2349,
    #2350),.UNSPECIFIED.,.F.,.F.,(6,6),(0.,1.),
  .PIECEWISE_BEZIER_KNOTS.);
#2345 = CARTESIAN_POINT('',(-41.29581351873,36.601007022582,6.5));
#2346 = CARTESIAN_POINT('',(-41.54537361647,33.972692742281,6.5));
#2347 = CARTESIAN_POINT('',(-41.77095379473,31.342101953581,6.5));
#2348 = CARTESIAN_POINT('',(-41.97313415563,28.709579931935,6.5));
#2349 = CARTESIAN_POINT('',(-42.15235731618,26.075435919396,6.5));
#2350 = CARTESIAN_POINT('',(-42.30896107239,23.439945763367,6.5));
#2351 = PCURVE('',#2300,#2352);
#2352 = DEFINITIONAL_REPRESENTATION('',(#2353),#2360);
#2353 = B_SPLINE_CURVE_WITH_KNOTS('',5,(#2354,#2355,#2356,#2357,#2358,
    #2359),.UNSPECIFIED.,.F.,.F.,(6,6),(0.,1.),
  .PIECEWISE_BEZIER_KNOTS.);
#2354 = CARTESIAN_POINT('',(0.,1.658873390188));
#2355 = CARTESIAN_POINT('',(2.639711346191,1.611542562965));
#2356 = CARTESIAN_POINT('',(5.279854125189,1.588295607836));
#2357 = CARTESIAN_POINT('',(7.920128550119,1.588527659968));
#2358 = CARTESIAN_POINT('',(10.560260221421,1.6117736975));
#2359 = CARTESIAN_POINT('',(13.2,1.657675771203));
#2360 = ( GEOMETRIC_REPRESENTATION_CONTEXT(2) 
PARAMETRIC_REPRESENTATION_CONTEXT() REPRESENTATION_CONTEXT('2D SPACE',''
  ) );
#2361 = PCURVE('',#299,#2362);
#2362 = DEFINITIONAL_REPRESENTATION('',(#2363),#2370);
#2363 = B_SPLINE_CURVE_WITH_KNOTS('',5,(#2364,#2365,#2366,#2367,#2368,
    #2369),.UNSPECIFIED.,.F.,.F.,(6,6),(0.,1.),
  .PIECEWISE_BEZIER_KNOTS.);
#2364 = CARTESIAN_POINT('',(6.5,7.578790069236));
#2365 = CARTESIAN_POINT('',(6.5,7.59907554185));
#2366 = CARTESIAN_POINT('',(6.5,7.619230591436));
#2367 = CARTESIAN_POINT('',(6.5,7.639274103796));
#2368 = CARTESIAN_POINT('',(6.5,7.659223008604));
#2369 = CARTESIAN_POINT('',(6.5,7.679093293542));
#2370 = ( GEOMETRIC_REPRESENTATION_CONTEXT(2) 
PARAMETRIC_REPRESENTATION_CONTEXT() REPRESENTATION_CONTEXT('2D SPACE',''
  ) );
#2371 = ORIENTED_EDGE('',*,*,#2372,.T.);
#2372 = EDGE_CURVE('',#2341,#2373,#2375,.T.);
#2373 = VERTEX_POINT('',#2374);
#2374 = CARTESIAN_POINT('',(-31.07711608674,34.611755315624,6.5));
#2375 = SURFACE_CURVE('',#2376,(#2380,#2387),.PCURVE_S1.);
#2376 = LINE('',#2377,#2378);
#2377 = CARTESIAN_POINT('',(-42.44356646749,35.485715121304,6.5));
#2378 = VECTOR('',#2379,1.);
#2379 = DIRECTION('',(0.997057050943,-7.666314084913E-02,0.));
#2380 = PCURVE('',#2300,#2381);
#2381 = DEFINITIONAL_REPRESENTATION('',(#2382),#2386);
#2382 = LINE('',#2383,#2384);
#2383 = CARTESIAN_POINT('',(1.2,0.6));
#2384 = VECTOR('',#2385,1.);
#2385 = DIRECTION('',(0.,1.));
#2386 = ( GEOMETRIC_REPRESENTATION_CONTEXT(2) 
PARAMETRIC_REPRESENTATION_CONTEXT() REPRESENTATION_CONTEXT('2D SPACE',''
  ) );
#2387 = PCURVE('',#2388,#2393);
#2388 = PLANE('',#2389);
#2389 = AXIS2_PLACEMENT_3D('',#2390,#2391,#2392);
#2390 = CARTESIAN_POINT('',(-41.84533223693,35.439717236794,5.));
#2391 = DIRECTION('',(-7.666314084913E-02,-0.997057050943,0.));
#2392 = DIRECTION('',(0.,0.,1.));
#2393 = DEFINITIONAL_REPRESENTATION('',(#2394),#2398);
#2394 = LINE('',#2395,#2396);
#2395 = CARTESIAN_POINT('',(1.5,0.6));
#2396 = VECTOR('',#2397,1.);
#2397 = DIRECTION('',(0.,-1.));
#2398 = ( GEOMETRIC_REPRESENTATION_CONTEXT(2) 
PARAMETRIC_REPRESENTATION_CONTEXT() REPRESENTATION_CONTEXT('2D SPACE',''
  ) );
#2399 = ORIENTED_EDGE('',*,*,#2400,.F.);
#2400 = EDGE_CURVE('',#2401,#2373,#2403,.T.);
#2401 = VERTEX_POINT('',#2402);
#2402 = CARTESIAN_POINT('',(-31.90507800791,23.843539165439,6.5));
#2403 = SURFACE_CURVE('',#2404,(#2408,#2415),.PCURVE_S1.);
#2404 = LINE('',#2405,#2406);
#2405 = CARTESIAN_POINT('',(-31.03111820223,35.209989546189,6.5));
#2406 = VECTOR('',#2407,1.);
#2407 = DIRECTION('',(7.666314084913E-02,0.997057050943,0.));
#2408 = PCURVE('',#2300,#2409);
#2409 = DEFINITIONAL_REPRESENTATION('',(#2410),#2414);
#2410 = LINE('',#2411,#2412);
#2411 = CARTESIAN_POINT('',(0.6,12.));
#2412 = VECTOR('',#2413,1.);
#2413 = DIRECTION('',(-1.,0.));
#2414 = ( GEOMETRIC_REPRESENTATION_CONTEXT(2) 
PARAMETRIC_REPRESENTATION_CONTEXT() REPRESENTATION_CONTEXT('2D SPACE',''
  ) );
#2415 = PCURVE('',#2416,#2421);
#2416 = PLANE('',#2417);
#2417 = AXIS2_PLACEMENT_3D('',#2418,#2419,#2420);
#2418 = CARTESIAN_POINT('',(-31.07711608674,34.611755315624,5.));
#2419 = DIRECTION('',(0.997057050943,-7.666314084913E-02,0.));
#2420 = DIRECTION('',(0.,0.,1.));
#2421 = DEFINITIONAL_REPRESENTATION('',(#2422),#2426);
#2422 = LINE('',#2423,#2424);
#2423 = CARTESIAN_POINT('',(1.5,-0.6));
#2424 = VECTOR('',#2425,1.);
#2425 = DIRECTION('',(0.,-1.));
#2426 = ( GEOMETRIC_REPRESENTATION_CONTEXT(2) 
PARAMETRIC_REPRESENTATION_CONTEXT() REPRESENTATION_CONTEXT('2D SPACE',''
  ) );
#2427 = ORIENTED_EDGE('',*,*,#2428,.F.);
#2428 = EDGE_CURVE('',#2429,#2401,#2431,.T.);
#2429 = VERTEX_POINT('',#2430);
#2430 = CARTESIAN_POINT('',(-42.23590011567,24.637870111282,6.5));
#2431 = SURFACE_CURVE('',#2432,(#2436,#2443),.PCURVE_S1.);
#2432 = LINE('',#2433,#2434);
#2433 = CARTESIAN_POINT('',(-43.27152838866,24.717498971119,6.5));
#2434 = VECTOR('',#2435,1.);
#2435 = DIRECTION('',(0.997057050943,-7.666314084913E-02,0.));
#2436 = PCURVE('',#2300,#2437);
#2437 = DEFINITIONAL_REPRESENTATION('',(#2438),#2442);
#2438 = LINE('',#2439,#2440);
#2439 = CARTESIAN_POINT('',(12.,0.6));
#2440 = VECTOR('',#2441,1.);
#2441 = DIRECTION('',(0.,1.));
#2442 = ( GEOMETRIC_REPRESENTATION_CONTEXT(2) 
PARAMETRIC_REPRESENTATION_CONTEXT() REPRESENTATION_CONTEXT('2D SPACE',''
  ) );
#2443 = PCURVE('',#2444,#2449);
#2444 = PLANE('',#2445);
#2445 = AXIS2_PLACEMENT_3D('',#2446,#2447,#2448);
#2446 = CARTESIAN_POINT('',(-42.6732941581,24.67150108661,5.));
#2447 = DIRECTION('',(-7.666314084913E-02,-0.997057050943,0.));
#2448 = DIRECTION('',(0.,0.,1.));
#2449 = DEFINITIONAL_REPRESENTATION('',(#2450),#2454);
#2450 = LINE('',#2451,#2452);
#2451 = CARTESIAN_POINT('',(1.5,0.6));
#2452 = VECTOR('',#2453,1.);
#2453 = DIRECTION('',(0.,-1.));
#2454 = ( GEOMETRIC_REPRESENTATION_CONTEXT(2) 
PARAMETRIC_REPRESENTATION_CONTEXT() REPRESENTATION_CONTEXT('2D SPACE',''
  ) );
#2455 = ORIENTED_EDGE('',*,*,#2456,.T.);
#2456 = EDGE_CURVE('',#2429,#2234,#2457,.T.);
#2457 = SURFACE_CURVE('',#2458,(#2465,#2475),.PCURVE_S1.);
#2458 = B_SPLINE_CURVE_WITH_KNOTS('',5,(#2459,#2460,#2461,#2462,#2463,
    #2464),.UNSPECIFIED.,.F.,.F.,(6,6),(0.,1.),
  .PIECEWISE_BEZIER_KNOTS.);
#2459 = CARTESIAN_POINT('',(-41.29581351873,36.601007022582,6.5));
#2460 = CARTESIAN_POINT('',(-41.54537361647,33.972692742281,6.5));
#2461 = CARTESIAN_POINT('',(-41.77095379473,31.342101953581,6.5));
#2462 = CARTESIAN_POINT('',(-41.97313415563,28.709579931935,6.5));
#2463 = CARTESIAN_POINT('',(-42.15235731618,26.075435919396,6.5));
#2464 = CARTESIAN_POINT('',(-42.30896107239,23.439945763367,6.5));
#2465 = PCURVE('',#2300,#2466);
#2466 = DEFINITIONAL_REPRESENTATION('',(#2467),#2474);
#2467 = B_SPLINE_CURVE_WITH_KNOTS('',5,(#2468,#2469,#2470,#2471,#2472,
    #2473),.UNSPECIFIED.,.F.,.F.,(6,6),(0.,1.),
  .PIECEWISE_BEZIER_KNOTS.);
#2468 = CARTESIAN_POINT('',(0.,1.658873390188));
#2469 = CARTESIAN_POINT('',(2.639711346191,1.611542562965));
#2470 = CARTESIAN_POINT('',(5.279854125189,1.588295607836));
#2471 = CARTESIAN_POINT('',(7.920128550119,1.588527659968));
#2472 = CARTESIAN_POINT('',(10.560260221421,1.6117736975));
#2473 = CARTESIAN_POINT('',(13.2,1.657675771203));
#2474 = ( GEOMETRIC_REPRESENTATION_CONTEXT(2) 
PARAMETRIC_REPRESENTATION_CONTEXT() REPRESENTATION_CONTEXT('2D SPACE',''
  ) );
#2475 = PCURVE('',#299,#2476);
#2476 = DEFINITIONAL_REPRESENTATION('',(#2477),#2484);
#2477 = B_SPLINE_CURVE_WITH_KNOTS('',5,(#2478,#2479,#2480,#2481,#2482,
    #2483),.UNSPECIFIED.,.F.,.F.,(6,6),(0.,1.),
  .PIECEWISE_BEZIER_KNOTS.);
#2478 = CARTESIAN_POINT('',(6.5,7.578790069236));
#2479 = CARTESIAN_POINT('',(6.5,7.59907554185));
#2480 = CARTESIAN_POINT('',(6.5,7.619230591436));
#2481 = CARTESIAN_POINT('',(6.5,7.639274103796));
#2482 = CARTESIAN_POINT('',(6.5,7.659223008604));
#2483 = CARTESIAN_POINT('',(6.5,7.679093293542));
#2484 = ( GEOMETRIC_REPRESENTATION_CONTEXT(2) 
PARAMETRIC_REPRESENTATION_CONTEXT() REPRESENTATION_CONTEXT('2D SPACE',''
  ) );
#2485 = ORIENTED_EDGE('',*,*,#2286,.T.);
#2486 = ORIENTED_EDGE('',*,*,#2487,.F.);
#2487 = EDGE_CURVE('',#2318,#2264,#2488,.T.);
#2488 = SURFACE_CURVE('',#2489,(#2493,#2500),.PCURVE_S1.);
#2489 = LINE('',#2490,#2491);
#2490 = CARTESIAN_POINT('',(-29.78865185659,35.716228007736,6.5));
#2491 = VECTOR('',#2492,1.);
#2492 = DIRECTION('',(-7.666314084913E-02,-0.997057050943,0.));
#2493 = PCURVE('',#2300,#2494);
#2494 = DEFINITIONAL_REPRESENTATION('',(#2495),#2499);
#2495 = LINE('',#2496,#2497);
#2496 = CARTESIAN_POINT('',(1.088018564133E-14,13.2));
#2497 = VECTOR('',#2498,1.);
#2498 = DIRECTION('',(1.,0.));
#2499 = ( GEOMETRIC_REPRESENTATION_CONTEXT(2) 
PARAMETRIC_REPRESENTATION_CONTEXT() REPRESENTATION_CONTEXT('2D SPACE',''
  ) );
#2500 = PCURVE('',#1145,#2501);
#2501 = DEFINITIONAL_REPRESENTATION('',(#2502),#2506);
#2502 = LINE('',#2503,#2504);
#2503 = CARTESIAN_POINT('',(6.5,0.));
#2504 = VECTOR('',#2505,1.);
#2505 = DIRECTION('',(0.,1.));
#2506 = ( GEOMETRIC_REPRESENTATION_CONTEXT(2) 
PARAMETRIC_REPRESENTATION_CONTEXT() REPRESENTATION_CONTEXT('2D SPACE',''
  ) );
#2507 = ADVANCED_FACE('',(#2508),#2388,.T.);
#2508 = FACE_BOUND('',#2509,.T.);
#2509 = EDGE_LOOP('',(#2510,#2539,#2567,#2588));
#2510 = ORIENTED_EDGE('',*,*,#2511,.T.);
#2511 = EDGE_CURVE('',#2341,#2512,#2514,.T.);
#2512 = VERTEX_POINT('',#2513);
#2513 = CARTESIAN_POINT('',(-41.40728134589,35.406035756755,5.));
#2514 = SURFACE_CURVE('',#2515,(#2521,#2530),.PCURVE_S1.);
#2515 = B_SPLINE_CURVE_WITH_KNOTS('',4,(#2516,#2517,#2518,#2519,#2520),
  .UNSPECIFIED.,.F.,.F.,(5,5),(0.,1.),.PIECEWISE_BEZIER_KNOTS.);
#2516 = CARTESIAN_POINT('',(-41.40728134589,35.406035756755,6.5));
#2517 = CARTESIAN_POINT('',(-41.40728134589,35.406035756755,6.125));
#2518 = CARTESIAN_POINT('',(-41.40728134589,35.406035756755,5.75));
#2519 = CARTESIAN_POINT('',(-41.40728134589,35.406035756755,5.375));
#2520 = CARTESIAN_POINT('',(-41.40728134589,35.406035756755,5.));
#2521 = PCURVE('',#2388,#2522);
#2522 = DEFINITIONAL_REPRESENTATION('',(#2523),#2529);
#2523 = B_SPLINE_CURVE_WITH_KNOTS('',4,(#2524,#2525,#2526,#2527,#2528),
  .UNSPECIFIED.,.F.,.F.,(5,5),(0.,1.),.PIECEWISE_BEZIER_KNOTS.);
#2524 = CARTESIAN_POINT('',(1.5,-0.439343857631));
#2525 = CARTESIAN_POINT('',(1.125,-0.439343857631));
#2526 = CARTESIAN_POINT('',(0.75,-0.439343857631));
#2527 = CARTESIAN_POINT('',(0.375,-0.439343857631));
#2528 = CARTESIAN_POINT('',(0.,-0.439343857631));
#2529 = ( GEOMETRIC_REPRESENTATION_CONTEXT(2) 
PARAMETRIC_REPRESENTATION_CONTEXT() REPRESENTATION_CONTEXT('2D SPACE',''
  ) );
#2530 = PCURVE('',#299,#2531);
#2531 = DEFINITIONAL_REPRESENTATION('',(#2532),#2538);
#2532 = B_SPLINE_CURVE_WITH_KNOTS('',4,(#2533,#2534,#2535,#2536,#2537),
  .UNSPECIFIED.,.F.,.F.,(5,5),(0.,1.),.PIECEWISE_BEZIER_KNOTS.);
#2533 = CARTESIAN_POINT('',(6.5,7.58800085076));
#2534 = CARTESIAN_POINT('',(6.125,7.58800085076));
#2535 = CARTESIAN_POINT('',(5.75,7.58800085076));
#2536 = CARTESIAN_POINT('',(5.375,7.58800085076));
#2537 = CARTESIAN_POINT('',(5.,7.58800085076));
#2538 = ( GEOMETRIC_REPRESENTATION_CONTEXT(2) 
PARAMETRIC_REPRESENTATION_CONTEXT() REPRESENTATION_CONTEXT('2D SPACE',''
  ) );
#2539 = ORIENTED_EDGE('',*,*,#2540,.T.);
#2540 = EDGE_CURVE('',#2512,#2541,#2543,.T.);
#2541 = VERTEX_POINT('',#2542);
#2542 = CARTESIAN_POINT('',(-31.07711608674,34.611755315624,5.));
#2543 = SURFACE_CURVE('',#2544,(#2548,#2555),.PCURVE_S1.);
#2544 = LINE('',#2545,#2546);
#2545 = CARTESIAN_POINT('',(-41.84533223693,35.439717236794,5.));
#2546 = VECTOR('',#2547,1.);
#2547 = DIRECTION('',(0.997057050943,-7.666314084913E-02,0.));
#2548 = PCURVE('',#2388,#2549);
#2549 = DEFINITIONAL_REPRESENTATION('',(#2550),#2554);
#2550 = LINE('',#2551,#2552);
#2551 = CARTESIAN_POINT('',(0.,0.));
#2552 = VECTOR('',#2553,1.);
#2553 = DIRECTION('',(0.,-1.));
#2554 = ( GEOMETRIC_REPRESENTATION_CONTEXT(2) 
PARAMETRIC_REPRESENTATION_CONTEXT() REPRESENTATION_CONTEXT('2D SPACE',''
  ) );
#2555 = PCURVE('',#2556,#2561);
#2556 = PLANE('',#2557);
#2557 = AXIS2_PLACEMENT_3D('',#2558,#2559,#2560);
#2558 = CARTESIAN_POINT('',(-42.94980492904,36.728181466945,5.));
#2559 = DIRECTION('',(0.,0.,1.));
#2560 = DIRECTION('',(-7.666314084913E-02,-0.997057050943,0.));
#2561 = DEFINITIONAL_REPRESENTATION('',(#2562),#2566);
#2562 = LINE('',#2563,#2564);
#2563 = CARTESIAN_POINT('',(1.2,1.2));
#2564 = VECTOR('',#2565,1.);
#2565 = DIRECTION('',(0.,1.));
#2566 = ( GEOMETRIC_REPRESENTATION_CONTEXT(2) 
PARAMETRIC_REPRESENTATION_CONTEXT() REPRESENTATION_CONTEXT('2D SPACE',''
  ) );
#2567 = ORIENTED_EDGE('',*,*,#2568,.T.);
#2568 = EDGE_CURVE('',#2541,#2373,#2569,.T.);
#2569 = SURFACE_CURVE('',#2570,(#2574,#2581),.PCURVE_S1.);
#2570 = LINE('',#2571,#2572);
#2571 = CARTESIAN_POINT('',(-31.07711608674,34.611755315624,5.));
#2572 = VECTOR('',#2573,1.);
#2573 = DIRECTION('',(0.,0.,1.));
#2574 = PCURVE('',#2388,#2575);
#2575 = DEFINITIONAL_REPRESENTATION('',(#2576),#2580);
#2576 = LINE('',#2577,#2578);
#2577 = CARTESIAN_POINT('',(0.,-10.8));
#2578 = VECTOR('',#2579,1.);
#2579 = DIRECTION('',(1.,0.));
#2580 = ( GEOMETRIC_REPRESENTATION_CONTEXT(2) 
PARAMETRIC_REPRESENTATION_CONTEXT() REPRESENTATION_CONTEXT('2D SPACE',''
  ) );
#2581 = PCURVE('',#2416,#2582);
#2582 = DEFINITIONAL_REPRESENTATION('',(#2583),#2587);
#2583 = LINE('',#2584,#2585);
#2584 = CARTESIAN_POINT('',(0.,0.));
#2585 = VECTOR('',#2586,1.);
#2586 = DIRECTION('',(1.,0.));
#2587 = ( GEOMETRIC_REPRESENTATION_CONTEXT(2) 
PARAMETRIC_REPRESENTATION_CONTEXT() REPRESENTATION_CONTEXT('2D SPACE',''
  ) );
#2588 = ORIENTED_EDGE('',*,*,#2372,.F.);
#2589 = ADVANCED_FACE('',(#2590),#2556,.T.);
#2590 = FACE_BOUND('',#2591,.T.);
#2591 = EDGE_LOOP('',(#2592,#2617,#2638,#2639));
#2592 = ORIENTED_EDGE('',*,*,#2593,.T.);
#2593 = EDGE_CURVE('',#2594,#2596,#2598,.T.);
#2594 = VERTEX_POINT('',#2595);
#2595 = CARTESIAN_POINT('',(-42.23590011567,24.637870111282,5.));
#2596 = VERTEX_POINT('',#2597);
#2597 = CARTESIAN_POINT('',(-31.90507800791,23.843539165439,5.));
#2598 = SURFACE_CURVE('',#2599,(#2603,#2610),.PCURVE_S1.);
#2599 = LINE('',#2600,#2601);
#2600 = CARTESIAN_POINT('',(-42.6732941581,24.67150108661,5.));
#2601 = VECTOR('',#2602,1.);
#2602 = DIRECTION('',(0.997057050943,-7.666314084913E-02,0.));
#2603 = PCURVE('',#2556,#2604);
#2604 = DEFINITIONAL_REPRESENTATION('',(#2605),#2609);
#2605 = LINE('',#2606,#2607);
#2606 = CARTESIAN_POINT('',(12.,1.2));
#2607 = VECTOR('',#2608,1.);
#2608 = DIRECTION('',(0.,1.));
#2609 = ( GEOMETRIC_REPRESENTATION_CONTEXT(2) 
PARAMETRIC_REPRESENTATION_CONTEXT() REPRESENTATION_CONTEXT('2D SPACE',''
  ) );
#2610 = PCURVE('',#2444,#2611);
#2611 = DEFINITIONAL_REPRESENTATION('',(#2612),#2616);
#2612 = LINE('',#2613,#2614);
#2613 = CARTESIAN_POINT('',(0.,0.));
#2614 = VECTOR('',#2615,1.);
#2615 = DIRECTION('',(0.,-1.));
#2616 = ( GEOMETRIC_REPRESENTATION_CONTEXT(2) 
PARAMETRIC_REPRESENTATION_CONTEXT() REPRESENTATION_CONTEXT('2D SPACE',''
  ) );
#2617 = ORIENTED_EDGE('',*,*,#2618,.F.);
#2618 = EDGE_CURVE('',#2541,#2596,#2619,.T.);
#2619 = SURFACE_CURVE('',#2620,(#2624,#2631),.PCURVE_S1.);
#2620 = LINE('',#2621,#2622);
#2621 = CARTESIAN_POINT('',(-31.07711608674,34.611755315624,5.));
#2622 = VECTOR('',#2623,1.);
#2623 = DIRECTION('',(-7.666314084913E-02,-0.997057050943,0.));
#2624 = PCURVE('',#2556,#2625);
#2625 = DEFINITIONAL_REPRESENTATION('',(#2626),#2630);
#2626 = LINE('',#2627,#2628);
#2627 = CARTESIAN_POINT('',(1.2,12.));
#2628 = VECTOR('',#2629,1.);
#2629 = DIRECTION('',(1.,0.));
#2630 = ( GEOMETRIC_REPRESENTATION_CONTEXT(2) 
PARAMETRIC_REPRESENTATION_CONTEXT() REPRESENTATION_CONTEXT('2D SPACE',''
  ) );
#2631 = PCURVE('',#2416,#2632);
#2632 = DEFINITIONAL_REPRESENTATION('',(#2633),#2637);
#2633 = LINE('',#2634,#2635);
#2634 = CARTESIAN_POINT('',(0.,0.));
#2635 = VECTOR('',#2636,1.);
#2636 = DIRECTION('',(0.,1.));
#2637 = ( GEOMETRIC_REPRESENTATION_CONTEXT(2) 
PARAMETRIC_REPRESENTATION_CONTEXT() REPRESENTATION_CONTEXT('2D SPACE',''
  ) );
#2638 = ORIENTED_EDGE('',*,*,#2540,.F.);
#2639 = ORIENTED_EDGE('',*,*,#2640,.T.);
#2640 = EDGE_CURVE('',#2512,#2594,#2641,.T.);
#2641 = SURFACE_CURVE('',#2642,(#2649,#2659),.PCURVE_S1.);
#2642 = B_SPLINE_CURVE_WITH_KNOTS('',5,(#2643,#2644,#2645,#2646,#2647,
    #2648),.UNSPECIFIED.,.F.,.F.,(6,6),(0.,1.),
  .PIECEWISE_BEZIER_KNOTS.);
#2643 = CARTESIAN_POINT('',(-41.40728134589,35.406035756755,5.));
#2644 = CARTESIAN_POINT('',(-41.60435159477,33.254970209548,5.));
#2645 = CARTESIAN_POINT('',(-41.78547338846,31.102443405032,5.));
#2646 = CARTESIAN_POINT('',(-41.9509508464,28.948640707208,5.));
#2647 = CARTESIAN_POINT('',(-42.10102787245,26.793731494452,5.));
#2648 = CARTESIAN_POINT('',(-42.23590011567,24.637870111282,5.));
#2649 = PCURVE('',#2556,#2650);
#2650 = DEFINITIONAL_REPRESENTATION('',(#2651),#2658);
#2651 = B_SPLINE_CURVE_WITH_KNOTS('',5,(#2652,#2653,#2654,#2655,#2656,
    #2657),.UNSPECIFIED.,.F.,.F.,(6,6),(0.,1.),
  .PIECEWISE_BEZIER_KNOTS.);
#2652 = CARTESIAN_POINT('',(1.2,1.639343857631));
#2653 = CARTESIAN_POINT('',(3.359843095132,1.607761017468));
#2654 = CARTESIAN_POINT('',(5.519920488497,1.592191721594));
#2655 = CARTESIAN_POINT('',(7.680070676369,1.592318534964));
#2656 = CARTESIAN_POINT('',(9.840143477276,1.60788528645));
#2657 = CARTESIAN_POINT('',(12.,1.638685070235));
#2658 = ( GEOMETRIC_REPRESENTATION_CONTEXT(2) 
PARAMETRIC_REPRESENTATION_CONTEXT() REPRESENTATION_CONTEXT('2D SPACE',''
  ) );
#2659 = PCURVE('',#299,#2660);
#2660 = DEFINITIONAL_REPRESENTATION('',(#2661),#2668);
#2661 = B_SPLINE_CURVE_WITH_KNOTS('',5,(#2662,#2663,#2664,#2665,#2666,
    #2667),.UNSPECIFIED.,.F.,.F.,(6,6),(0.,1.),
  .PIECEWISE_BEZIER_KNOTS.);
#2662 = CARTESIAN_POINT('',(5.,7.58800085076));
#2663 = CARTESIAN_POINT('',(5.,7.604559726652));
#2664 = CARTESIAN_POINT('',(5.,7.621034712961));
#2665 = CARTESIAN_POINT('',(5.,7.637435962841));
#2666 = CARTESIAN_POINT('',(5.,7.653772795214));
#2667 = CARTESIAN_POINT('',(5.,7.670054066159));
#2668 = ( GEOMETRIC_REPRESENTATION_CONTEXT(2) 
PARAMETRIC_REPRESENTATION_CONTEXT() REPRESENTATION_CONTEXT('2D SPACE',''
  ) );
#2669 = ADVANCED_FACE('',(#2670),#2416,.F.);
#2670 = FACE_BOUND('',#2671,.F.);
#2671 = EDGE_LOOP('',(#2672,#2693,#2694,#2695));
#2672 = ORIENTED_EDGE('',*,*,#2673,.F.);
#2673 = EDGE_CURVE('',#2596,#2401,#2674,.T.);
#2674 = SURFACE_CURVE('',#2675,(#2679,#2686),.PCURVE_S1.);
#2675 = LINE('',#2676,#2677);
#2676 = CARTESIAN_POINT('',(-31.90507800791,23.843539165439,5.));
#2677 = VECTOR('',#2678,1.);
#2678 = DIRECTION('',(0.,0.,1.));
#2679 = PCURVE('',#2416,#2680);
#2680 = DEFINITIONAL_REPRESENTATION('',(#2681),#2685);
#2681 = LINE('',#2682,#2683);
#2682 = CARTESIAN_POINT('',(0.,10.8));
#2683 = VECTOR('',#2684,1.);
#2684 = DIRECTION('',(1.,0.));
#2685 = ( GEOMETRIC_REPRESENTATION_CONTEXT(2) 
PARAMETRIC_REPRESENTATION_CONTEXT() REPRESENTATION_CONTEXT('2D SPACE',''
  ) );
#2686 = PCURVE('',#2444,#2687);
#2687 = DEFINITIONAL_REPRESENTATION('',(#2688),#2692);
#2688 = LINE('',#2689,#2690);
#2689 = CARTESIAN_POINT('',(0.,-10.8));
#2690 = VECTOR('',#2691,1.);
#2691 = DIRECTION('',(1.,0.));
#2692 = ( GEOMETRIC_REPRESENTATION_CONTEXT(2) 
PARAMETRIC_REPRESENTATION_CONTEXT() REPRESENTATION_CONTEXT('2D SPACE',''
  ) );
#2693 = ORIENTED_EDGE('',*,*,#2618,.F.);
#2694 = ORIENTED_EDGE('',*,*,#2568,.T.);
#2695 = ORIENTED_EDGE('',*,*,#2400,.F.);
#2696 = ADVANCED_FACE('',(#2697),#2444,.F.);
#2697 = FACE_BOUND('',#2698,.F.);
#2698 = EDGE_LOOP('',(#2699,#2726,#2727,#2728));
#2699 = ORIENTED_EDGE('',*,*,#2700,.T.);
#2700 = EDGE_CURVE('',#2429,#2594,#2701,.T.);
#2701 = SURFACE_CURVE('',#2702,(#2708,#2717),.PCURVE_S1.);
#2702 = B_SPLINE_CURVE_WITH_KNOTS('',4,(#2703,#2704,#2705,#2706,#2707),
  .UNSPECIFIED.,.F.,.F.,(5,5),(0.,1.),.PIECEWISE_BEZIER_KNOTS.);
#2703 = CARTESIAN_POINT('',(-42.23590011567,24.637870111282,6.5));
#2704 = CARTESIAN_POINT('',(-42.23590011567,24.637870111282,6.125));
#2705 = CARTESIAN_POINT('',(-42.23590011567,24.637870111282,5.75));
#2706 = CARTESIAN_POINT('',(-42.23590011567,24.637870111282,5.375));
#2707 = CARTESIAN_POINT('',(-42.23590011567,24.637870111282,5.));
#2708 = PCURVE('',#2444,#2709);
#2709 = DEFINITIONAL_REPRESENTATION('',(#2710),#2716);
#2710 = B_SPLINE_CURVE_WITH_KNOTS('',4,(#2711,#2712,#2713,#2714,#2715),
  .UNSPECIFIED.,.F.,.F.,(5,5),(0.,1.),.PIECEWISE_BEZIER_KNOTS.);
#2711 = CARTESIAN_POINT('',(1.5,-0.438685070235));
#2712 = CARTESIAN_POINT('',(1.125,-0.438685070235));
#2713 = CARTESIAN_POINT('',(0.75,-0.438685070235));
#2714 = CARTESIAN_POINT('',(0.375,-0.438685070235));
#2715 = CARTESIAN_POINT('',(0.,-0.438685070235));
#2716 = ( GEOMETRIC_REPRESENTATION_CONTEXT(2) 
PARAMETRIC_REPRESENTATION_CONTEXT() REPRESENTATION_CONTEXT('2D SPACE',''
  ) );
#2717 = PCURVE('',#299,#2718);
#2718 = DEFINITIONAL_REPRESENTATION('',(#2719),#2725);
#2719 = B_SPLINE_CURVE_WITH_KNOTS('',4,(#2720,#2721,#2722,#2723,#2724),
  .UNSPECIFIED.,.F.,.F.,(5,5),(0.,1.),.PIECEWISE_BEZIER_KNOTS.);
#2720 = CARTESIAN_POINT('',(6.5,7.670054066159));
#2721 = CARTESIAN_POINT('',(6.125,7.670054066159));
#2722 = CARTESIAN_POINT('',(5.75,7.670054066159));
#2723 = CARTESIAN_POINT('',(5.375,7.670054066159));
#2724 = CARTESIAN_POINT('',(5.,7.670054066159));
#2725 = ( GEOMETRIC_REPRESENTATION_CONTEXT(2) 
PARAMETRIC_REPRESENTATION_CONTEXT() REPRESENTATION_CONTEXT('2D SPACE',''
  ) );
#2726 = ORIENTED_EDGE('',*,*,#2593,.T.);
#2727 = ORIENTED_EDGE('',*,*,#2673,.T.);
#2728 = ORIENTED_EDGE('',*,*,#2428,.F.);
#2729 = ADVANCED_FACE('',(#2730),#1145,.T.);
#2730 = FACE_BOUND('',#2731,.T.);
#2731 = EDGE_LOOP('',(#2732,#2733,#2754,#2755));
#2732 = ORIENTED_EDGE('',*,*,#1129,.F.);
#2733 = ORIENTED_EDGE('',*,*,#2734,.F.);
#2734 = EDGE_CURVE('',#2318,#1102,#2735,.T.);
#2735 = SURFACE_CURVE('',#2736,(#2740,#2747),.PCURVE_S1.);
#2736 = LINE('',#2737,#2738);
#2737 = CARTESIAN_POINT('',(-29.78865185659,35.716228007736,6.5));
#2738 = VECTOR('',#2739,1.);
#2739 = DIRECTION('',(-0.,0.,-1.));
#2740 = PCURVE('',#1145,#2741);
#2741 = DEFINITIONAL_REPRESENTATION('',(#2742),#2746);
#2742 = LINE('',#2743,#2744);
#2743 = CARTESIAN_POINT('',(6.5,0.));
#2744 = VECTOR('',#2745,1.);
#2745 = DIRECTION('',(-1.,-0.));
#2746 = ( GEOMETRIC_REPRESENTATION_CONTEXT(2) 
PARAMETRIC_REPRESENTATION_CONTEXT() REPRESENTATION_CONTEXT('2D SPACE',''
  ) );
#2747 = PCURVE('',#1117,#2748);
#2748 = DEFINITIONAL_REPRESENTATION('',(#2749),#2753);
#2749 = LINE('',#2750,#2751);
#2750 = CARTESIAN_POINT('',(6.5,-13.2));
#2751 = VECTOR('',#2752,1.);
#2752 = DIRECTION('',(-1.,0.));
#2753 = ( GEOMETRIC_REPRESENTATION_CONTEXT(2) 
PARAMETRIC_REPRESENTATION_CONTEXT() REPRESENTATION_CONTEXT('2D SPACE',''
  ) );
#2754 = ORIENTED_EDGE('',*,*,#2487,.T.);
#2755 = ORIENTED_EDGE('',*,*,#2263,.T.);
#2756 = ADVANCED_FACE('',(#2757),#1117,.F.);
#2757 = FACE_BOUND('',#2758,.F.);
#2758 = EDGE_LOOP('',(#2759,#2786,#2787,#2788));
#2759 = ORIENTED_EDGE('',*,*,#2760,.T.);
#2760 = EDGE_CURVE('',#2316,#1007,#2761,.T.);
#2761 = SURFACE_CURVE('',#2762,(#2768,#2777),.PCURVE_S1.);
#2762 = B_SPLINE_CURVE_WITH_KNOTS('',4,(#2763,#2764,#2765,#2766,#2767),
  .UNSPECIFIED.,.F.,.F.,(5,5),(0.,1.),.PIECEWISE_BEZIER_KNOTS.);
#2763 = CARTESIAN_POINT('',(-41.29581351873,36.601007022582,6.5));
#2764 = CARTESIAN_POINT('',(-41.29581351873,36.601007022582,4.875));
#2765 = CARTESIAN_POINT('',(-41.29581351873,36.601007022582,3.25));
#2766 = CARTESIAN_POINT('',(-41.29581351873,36.601007022582,1.625));
#2767 = CARTESIAN_POINT('',(-41.29581351873,36.601007022582,0.));
#2768 = PCURVE('',#1117,#2769);
#2769 = DEFINITIONAL_REPRESENTATION('',(#2770),#2776);
#2770 = B_SPLINE_CURVE_WITH_KNOTS('',4,(#2771,#2772,#2773,#2774,#2775),
  .UNSPECIFIED.,.F.,.F.,(5,5),(0.,1.),.PIECEWISE_BEZIER_KNOTS.);
#2771 = CARTESIAN_POINT('',(6.5,-1.658873390188));
#2772 = CARTESIAN_POINT('',(4.875,-1.658873390188));
#2773 = CARTESIAN_POINT('',(3.25,-1.658873390188));
#2774 = CARTESIAN_POINT('',(1.625,-1.658873390188));
#2775 = CARTESIAN_POINT('',(0.,-1.658873390188));
#2776 = ( GEOMETRIC_REPRESENTATION_CONTEXT(2) 
PARAMETRIC_REPRESENTATION_CONTEXT() REPRESENTATION_CONTEXT('2D SPACE',''
  ) );
#2777 = PCURVE('',#299,#2778);
#2778 = DEFINITIONAL_REPRESENTATION('',(#2779),#2785);
#2779 = B_SPLINE_CURVE_WITH_KNOTS('',4,(#2780,#2781,#2782,#2783,#2784),
  .UNSPECIFIED.,.F.,.F.,(5,5),(0.,1.),.PIECEWISE_BEZIER_KNOTS.);
#2780 = CARTESIAN_POINT('',(6.5,7.578790069236));
#2781 = CARTESIAN_POINT('',(4.875,7.578790069236));
#2782 = CARTESIAN_POINT('',(3.25,7.578790069236));
#2783 = CARTESIAN_POINT('',(1.625,7.578790069236));
#2784 = CARTESIAN_POINT('',(0.,7.578790069236));
#2785 = ( GEOMETRIC_REPRESENTATION_CONTEXT(2) 
PARAMETRIC_REPRESENTATION_CONTEXT() REPRESENTATION_CONTEXT('2D SPACE',''
  ) );
#2786 = ORIENTED_EDGE('',*,*,#1101,.T.);
#2787 = ORIENTED_EDGE('',*,*,#2734,.F.);
#2788 = ORIENTED_EDGE('',*,*,#2315,.F.);
#2789 = ADVANCED_FACE('',(#2790),#994,.T.);
#2790 = FACE_BOUND('',#2791,.T.);
#2791 = EDGE_LOOP('',(#2792,#2821,#2822,#2845));
#2792 = ORIENTED_EDGE('',*,*,#2793,.T.);
#2793 = EDGE_CURVE('',#2794,#979,#2796,.T.);
#2794 = VERTEX_POINT('',#2795);
#2795 = CARTESIAN_POINT('',(-33.47092456449,82.623690065501,6.5));
#2796 = SURFACE_CURVE('',#2797,(#2803,#2812),.PCURVE_S1.);
#2797 = B_SPLINE_CURVE_WITH_KNOTS('',4,(#2798,#2799,#2800,#2801,#2802),
  .UNSPECIFIED.,.F.,.F.,(5,5),(0.,1.),.PIECEWISE_BEZIER_KNOTS.);
#2798 = CARTESIAN_POINT('',(-33.47092456449,82.623690065501,6.5));
#2799 = CARTESIAN_POINT('',(-33.47092456449,82.623690065501,4.875));
#2800 = CARTESIAN_POINT('',(-33.47092456449,82.623690065501,3.25));
#2801 = CARTESIAN_POINT('',(-33.47092456449,82.623690065501,1.625));
#2802 = CARTESIAN_POINT('',(-33.47092456449,82.623690065501,0.));
#2803 = PCURVE('',#994,#2804);
#2804 = DEFINITIONAL_REPRESENTATION('',(#2805),#2811);
#2805 = B_SPLINE_CURVE_WITH_KNOTS('',4,(#2806,#2807,#2808,#2809,#2810),
  .UNSPECIFIED.,.F.,.F.,(5,5),(0.,1.),.PIECEWISE_BEZIER_KNOTS.);
#2806 = CARTESIAN_POINT('',(6.5,-1.709541476777));
#2807 = CARTESIAN_POINT('',(4.875,-1.709541476777));
#2808 = CARTESIAN_POINT('',(3.25,-1.709541476777));
#2809 = CARTESIAN_POINT('',(1.625,-1.709541476777));
#2810 = CARTESIAN_POINT('',(0.,-1.709541476777));
#2811 = ( GEOMETRIC_REPRESENTATION_CONTEXT(2) 
PARAMETRIC_REPRESENTATION_CONTEXT() REPRESENTATION_CONTEXT('2D SPACE',''
  ) );
#2812 = PCURVE('',#299,#2813);
#2813 = DEFINITIONAL_REPRESENTATION('',(#2814),#2820);
#2814 = B_SPLINE_CURVE_WITH_KNOTS('',4,(#2815,#2816,#2817,#2818,#2819),
  .UNSPECIFIED.,.F.,.F.,(5,5),(0.,1.),.PIECEWISE_BEZIER_KNOTS.);
#2815 = CARTESIAN_POINT('',(6.5,7.192642924797));
#2816 = CARTESIAN_POINT('',(4.875,7.192642924797));
#2817 = CARTESIAN_POINT('',(3.25,7.192642924797));
#2818 = CARTESIAN_POINT('',(1.625,7.192642924797));
#2819 = CARTESIAN_POINT('',(0.,7.192642924797));
#2820 = ( GEOMETRIC_REPRESENTATION_CONTEXT(2) 
PARAMETRIC_REPRESENTATION_CONTEXT() REPRESENTATION_CONTEXT('2D SPACE',''
  ) );
#2821 = ORIENTED_EDGE('',*,*,#978,.T.);
#2822 = ORIENTED_EDGE('',*,*,#2823,.F.);
#2823 = EDGE_CURVE('',#2824,#951,#2826,.T.);
#2824 = VERTEX_POINT('',#2825);
#2825 = CARTESIAN_POINT('',(-22.45527272978,79.354737369255,6.5));
#2826 = SURFACE_CURVE('',#2827,(#2831,#2838),.PCURVE_S1.);
#2827 = LINE('',#2828,#2829);
#2828 = CARTESIAN_POINT('',(-22.45527272978,79.354737369255,6.5));
#2829 = VECTOR('',#2830,1.);
#2830 = DIRECTION('',(-0.,0.,-1.));
#2831 = PCURVE('',#994,#2832);
#2832 = DEFINITIONAL_REPRESENTATION('',(#2833),#2837);
#2833 = LINE('',#2834,#2835);
#2834 = CARTESIAN_POINT('',(6.5,-13.2));
#2835 = VECTOR('',#2836,1.);
#2836 = DIRECTION('',(-1.,0.));
#2837 = ( GEOMETRIC_REPRESENTATION_CONTEXT(2) 
PARAMETRIC_REPRESENTATION_CONTEXT() REPRESENTATION_CONTEXT('2D SPACE',''
  ) );
#2838 = PCURVE('',#966,#2839);
#2839 = DEFINITIONAL_REPRESENTATION('',(#2840),#2844);
#2840 = LINE('',#2841,#2842);
#2841 = CARTESIAN_POINT('',(6.5,13.2));
#2842 = VECTOR('',#2843,1.);
#2843 = DIRECTION('',(-1.,-0.));
#2844 = ( GEOMETRIC_REPRESENTATION_CONTEXT(2) 
PARAMETRIC_REPRESENTATION_CONTEXT() REPRESENTATION_CONTEXT('2D SPACE',''
  ) );
#2845 = ORIENTED_EDGE('',*,*,#2846,.F.);
#2846 = EDGE_CURVE('',#2794,#2824,#2847,.T.);
#2847 = SURFACE_CURVE('',#2848,(#2852,#2859),.PCURVE_S1.);
#2848 = LINE('',#2849,#2850);
#2849 = CARTESIAN_POINT('',(-35.10982467166,83.110042303626,6.5));
#2850 = VECTOR('',#2851,1.);
#2851 = DIRECTION('',(0.958678177416,-0.284492798058,0.));
#2852 = PCURVE('',#994,#2853);
#2853 = DEFINITIONAL_REPRESENTATION('',(#2854),#2858);
#2854 = LINE('',#2855,#2856);
#2855 = CARTESIAN_POINT('',(6.5,0.));
#2856 = VECTOR('',#2857,1.);
#2857 = DIRECTION('',(0.,-1.));
#2858 = ( GEOMETRIC_REPRESENTATION_CONTEXT(2) 
PARAMETRIC_REPRESENTATION_CONTEXT() REPRESENTATION_CONTEXT('2D SPACE',''
  ) );
#2859 = PCURVE('',#2860,#2865);
#2860 = PLANE('',#2861);
#2861 = AXIS2_PLACEMENT_3D('',#2862,#2863,#2864);
#2862 = CARTESIAN_POINT('',(-31.35451973729,95.764594245512,6.5));
#2863 = DIRECTION('',(0.,0.,1.));
#2864 = DIRECTION('',(-0.284492798058,-0.958678177416,0.));
#2865 = DEFINITIONAL_REPRESENTATION('',(#2866),#2870);
#2866 = LINE('',#2867,#2868);
#2867 = CARTESIAN_POINT('',(13.2,-1.7763568394E-15));
#2868 = VECTOR('',#2869,1.);
#2869 = DIRECTION('',(0.,1.));
#2870 = ( GEOMETRIC_REPRESENTATION_CONTEXT(2) 
PARAMETRIC_REPRESENTATION_CONTEXT() REPRESENTATION_CONTEXT('2D SPACE',''
  ) );
#2871 = ADVANCED_FACE('',(#2872),#2860,.T.);
#2872 = FACE_BOUND('',#2873,.T.);
#2873 = EDGE_LOOP('',(#2874,#2899,#2934,#2962,#2990,#3018,#3051,#3052));
#2874 = ORIENTED_EDGE('',*,*,#2875,.F.);
#2875 = EDGE_CURVE('',#2876,#2878,#2880,.T.);
#2876 = VERTEX_POINT('',#2877);
#2877 = CARTESIAN_POINT('',(-29.7054351312,95.275219703695,6.5));
#2878 = VERTEX_POINT('',#2879);
#2879 = CARTESIAN_POINT('',(-18.69996779541,92.009289311141,6.5));
#2880 = SURFACE_CURVE('',#2881,(#2885,#2892),.PCURVE_S1.);
#2881 = LINE('',#2882,#2883);
#2882 = CARTESIAN_POINT('',(-31.35451973729,95.764594245512,6.5));
#2883 = VECTOR('',#2884,1.);
#2884 = DIRECTION('',(0.958678177416,-0.284492798058,0.));
#2885 = PCURVE('',#2860,#2886);
#2886 = DEFINITIONAL_REPRESENTATION('',(#2887),#2891);
#2887 = LINE('',#2888,#2889);
#2888 = CARTESIAN_POINT('',(0.,0.));
#2889 = VECTOR('',#2890,1.);
#2890 = DIRECTION('',(0.,1.));
#2891 = ( GEOMETRIC_REPRESENTATION_CONTEXT(2) 
PARAMETRIC_REPRESENTATION_CONTEXT() REPRESENTATION_CONTEXT('2D SPACE',''
  ) );
#2892 = PCURVE('',#938,#2893);
#2893 = DEFINITIONAL_REPRESENTATION('',(#2894),#2898);
#2894 = LINE('',#2895,#2896);
#2895 = CARTESIAN_POINT('',(6.5,0.));
#2896 = VECTOR('',#2897,1.);
#2897 = DIRECTION('',(0.,-1.));
#2898 = ( GEOMETRIC_REPRESENTATION_CONTEXT(2) 
PARAMETRIC_REPRESENTATION_CONTEXT() REPRESENTATION_CONTEXT('2D SPACE',''
  ) );
#2899 = ORIENTED_EDGE('',*,*,#2900,.T.);
#2900 = EDGE_CURVE('',#2876,#2901,#2903,.T.);
#2901 = VERTEX_POINT('',#2902);
#2902 = CARTESIAN_POINT('',(-30.08562432012,94.136319351551,6.5));
#2903 = SURFACE_CURVE('',#2904,(#2912,#2923),.PCURVE_S1.);
#2904 = B_SPLINE_CURVE_WITH_KNOTS('',6,(#2905,#2906,#2907,#2908,#2909,
    #2910,#2911),.UNSPECIFIED.,.F.,.F.,(7,7),(0.,1.),
  .PIECEWISE_BEZIER_KNOTS.);
#2905 = CARTESIAN_POINT('',(-29.7054351312,95.275219703695,6.5));
#2906 = CARTESIAN_POINT('',(-30.4097596274,93.190545167391,6.5));
#2907 = CARTESIAN_POINT('',(-31.08048966019,91.094539082158,6.5));
#2908 = CARTESIAN_POINT('',(-31.72013659421,88.988745512323,6.5));
#2909 = CARTESIAN_POINT('',(-32.33067705054,86.874390435113,6.5));
#2910 = CARTESIAN_POINT('',(-32.91379184039,84.752454493422,6.5));
#2911 = CARTESIAN_POINT('',(-33.47092456449,82.623690065501,6.5));
#2912 = PCURVE('',#2860,#2913);
#2913 = DEFINITIONAL_REPRESENTATION('',(#2914),#2922);
#2914 = B_SPLINE_CURVE_WITH_KNOTS('',6,(#2915,#2916,#2917,#2918,#2919,
    #2920,#2921),.UNSPECIFIED.,.F.,.F.,(7,7),(0.,1.),
  .PIECEWISE_BEZIER_KNOTS.);
#2915 = CARTESIAN_POINT('',(0.,1.720164957273));
#2916 = CARTESIAN_POINT('',(2.198907231634,1.638019324821));
#2917 = CARTESIAN_POINT('',(4.399120389047,1.591303715385));
#2918 = CARTESIAN_POINT('',(6.599873676619,1.577171263305));
#2919 = CARTESIAN_POINT('',(8.800554111197,1.593378243397));
#2920 = CARTESIAN_POINT('',(11.000699750523,1.638034312792));
#2921 = CARTESIAN_POINT('',(13.2,1.709541476777));
#2922 = ( GEOMETRIC_REPRESENTATION_CONTEXT(2) 
PARAMETRIC_REPRESENTATION_CONTEXT() REPRESENTATION_CONTEXT('2D SPACE',''
  ) );
#2923 = PCURVE('',#299,#2924);
#2924 = DEFINITIONAL_REPRESENTATION('',(#2925),#2933);
#2925 = B_SPLINE_CURVE_WITH_KNOTS('',6,(#2926,#2927,#2928,#2929,#2930,
    #2931,#2932),.UNSPECIFIED.,.F.,.F.,(7,7),(0.,1.),
  .PIECEWISE_BEZIER_KNOTS.);
#2926 = CARTESIAN_POINT('',(6.5,7.066247112053));
#2927 = CARTESIAN_POINT('',(6.5,7.088385527094));
#2928 = CARTESIAN_POINT('',(6.5,7.11003101818));
#2929 = CARTESIAN_POINT('',(6.5,7.131239329525));
#2930 = CARTESIAN_POINT('',(6.5,7.152053730078));
#2931 = CARTESIAN_POINT('',(6.5,7.172510960512));
#2932 = CARTESIAN_POINT('',(6.5,7.192642924797));
#2933 = ( GEOMETRIC_REPRESENTATION_CONTEXT(2) 
PARAMETRIC_REPRESENTATION_CONTEXT() REPRESENTATION_CONTEXT('2D SPACE',''
  ) );
#2934 = ORIENTED_EDGE('',*,*,#2935,.T.);
#2935 = EDGE_CURVE('',#2901,#2936,#2938,.T.);
#2936 = VERTEX_POINT('',#2937);
#2937 = CARTESIAN_POINT('',(-20.19177296597,91.200266855912,6.5));
#2938 = SURFACE_CURVE('',#2939,(#2943,#2950),.PCURVE_S1.);
#2939 = LINE('',#2940,#2941);
#2940 = CARTESIAN_POINT('',(-31.12070418851,94.443484753778,6.5));
#2941 = VECTOR('',#2942,1.);
#2942 = DIRECTION('',(0.958678177416,-0.284492798058,0.));
#2943 = PCURVE('',#2860,#2944);
#2944 = DEFINITIONAL_REPRESENTATION('',(#2945),#2949);
#2945 = LINE('',#2946,#2947);
#2946 = CARTESIAN_POINT('',(1.2,0.6));
#2947 = VECTOR('',#2948,1.);
#2948 = DIRECTION('',(0.,1.));
#2949 = ( GEOMETRIC_REPRESENTATION_CONTEXT(2) 
PARAMETRIC_REPRESENTATION_CONTEXT() REPRESENTATION_CONTEXT('2D SPACE',''
  ) );
#2950 = PCURVE('',#2951,#2956);
#2951 = PLANE('',#2952);
#2952 = AXIS2_PLACEMENT_3D('',#2953,#2954,#2955);
#2953 = CARTESIAN_POINT('',(-30.54549728206,94.272789074943,5.));
#2954 = DIRECTION('',(-0.284492798058,-0.958678177416,0.));
#2955 = DIRECTION('',(0.,0.,1.));
#2956 = DEFINITIONAL_REPRESENTATION('',(#2957),#2961);
#2957 = LINE('',#2958,#2959);
#2958 = CARTESIAN_POINT('',(1.5,0.6));
#2959 = VECTOR('',#2960,1.);
#2960 = DIRECTION('',(0.,-1.));
#2961 = ( GEOMETRIC_REPRESENTATION_CONTEXT(2) 
PARAMETRIC_REPRESENTATION_CONTEXT() REPRESENTATION_CONTEXT('2D SPACE',''
  ) );
#2962 = ORIENTED_EDGE('',*,*,#2963,.F.);
#2963 = EDGE_CURVE('',#2964,#2936,#2966,.T.);
#2964 = VERTEX_POINT('',#2965);
#2965 = CARTESIAN_POINT('',(-23.26429518501,80.846542539824,6.5));
#2966 = SURFACE_CURVE('',#2967,(#2971,#2978),.PCURVE_S1.);
#2967 = LINE('',#2968,#2969);
#2968 = CARTESIAN_POINT('',(-20.02107728714,91.775473762361,6.5));
#2969 = VECTOR('',#2970,1.);
#2970 = DIRECTION('',(0.284492798058,0.958678177416,0.));
#2971 = PCURVE('',#2860,#2972);
#2972 = DEFINITIONAL_REPRESENTATION('',(#2973),#2977);
#2973 = LINE('',#2974,#2975);
#2974 = CARTESIAN_POINT('',(0.6,12.));
#2975 = VECTOR('',#2976,1.);
#2976 = DIRECTION('',(-1.,0.));
#2977 = ( GEOMETRIC_REPRESENTATION_CONTEXT(2) 
PARAMETRIC_REPRESENTATION_CONTEXT() REPRESENTATION_CONTEXT('2D SPACE',''
  ) );
#2978 = PCURVE('',#2979,#2984);
#2979 = PLANE('',#2980);
#2980 = AXIS2_PLACEMENT_3D('',#2981,#2982,#2983);
#2981 = CARTESIAN_POINT('',(-20.19177296597,91.200266855912,5.));
#2982 = DIRECTION('',(0.958678177416,-0.284492798058,0.));
#2983 = DIRECTION('',(0.,0.,1.));
#2984 = DEFINITIONAL_REPRESENTATION('',(#2985),#2989);
#2985 = LINE('',#2986,#2987);
#2986 = CARTESIAN_POINT('',(1.5,-0.6));
#2987 = VECTOR('',#2988,1.);
#2988 = DIRECTION('',(0.,-1.));
#2989 = ( GEOMETRIC_REPRESENTATION_CONTEXT(2) 
PARAMETRIC_REPRESENTATION_CONTEXT() REPRESENTATION_CONTEXT('2D SPACE',''
  ) );
#2990 = ORIENTED_EDGE('',*,*,#2991,.F.);
#2991 = EDGE_CURVE('',#2992,#2964,#2994,.T.);
#2992 = VERTEX_POINT('',#2993);
#2993 = CARTESIAN_POINT('',(-33.16371826653,83.784248474905,6.5));
#2994 = SURFACE_CURVE('',#2995,(#2999,#3006),.PCURVE_S1.);
#2995 = LINE('',#2996,#2997);
#2996 = CARTESIAN_POINT('',(-34.19322640754,84.08976043769,6.5));
#2997 = VECTOR('',#2998,1.);
#2998 = DIRECTION('',(0.958678177416,-0.284492798058,0.));
#2999 = PCURVE('',#2860,#3000);
#3000 = DEFINITIONAL_REPRESENTATION('',(#3001),#3005);
#3001 = LINE('',#3002,#3003);
#3002 = CARTESIAN_POINT('',(12.,0.6));
#3003 = VECTOR('',#3004,1.);
#3004 = DIRECTION('',(0.,1.));
#3005 = ( GEOMETRIC_REPRESENTATION_CONTEXT(2) 
PARAMETRIC_REPRESENTATION_CONTEXT() REPRESENTATION_CONTEXT('2D SPACE',''
  ) );
#3006 = PCURVE('',#3007,#3012);
#3007 = PLANE('',#3008);
#3008 = AXIS2_PLACEMENT_3D('',#3009,#3010,#3011);
#3009 = CARTESIAN_POINT('',(-33.61801950109,83.919064758855,5.));
#3010 = DIRECTION('',(-0.284492798058,-0.958678177416,0.));
#3011 = DIRECTION('',(0.,0.,1.));
#3012 = DEFINITIONAL_REPRESENTATION('',(#3013),#3017);
#3013 = LINE('',#3014,#3015);
#3014 = CARTESIAN_POINT('',(1.5,0.6));
#3015 = VECTOR('',#3016,1.);
#3016 = DIRECTION('',(0.,-1.));
#3017 = ( GEOMETRIC_REPRESENTATION_CONTEXT(2) 
PARAMETRIC_REPRESENTATION_CONTEXT() REPRESENTATION_CONTEXT('2D SPACE',''
  ) );
#3018 = ORIENTED_EDGE('',*,*,#3019,.T.);
#3019 = EDGE_CURVE('',#2992,#2794,#3020,.T.);
#3020 = SURFACE_CURVE('',#3021,(#3029,#3040),.PCURVE_S1.);
#3021 = B_SPLINE_CURVE_WITH_KNOTS('',6,(#3022,#3023,#3024,#3025,#3026,
    #3027,#3028),.UNSPECIFIED.,.F.,.F.,(7,7),(0.,1.),
  .PIECEWISE_BEZIER_KNOTS.);
#3022 = CARTESIAN_POINT('',(-29.7054351312,95.275219703695,6.5));
#3023 = CARTESIAN_POINT('',(-30.4097596274,93.190545167391,6.5));
#3024 = CARTESIAN_POINT('',(-31.08048966019,91.094539082158,6.5));
#3025 = CARTESIAN_POINT('',(-31.72013659421,88.988745512323,6.5));
#3026 = CARTESIAN_POINT('',(-32.33067705054,86.874390435113,6.5));
#3027 = CARTESIAN_POINT('',(-32.91379184039,84.752454493422,6.5));
#3028 = CARTESIAN_POINT('',(-33.47092456449,82.623690065501,6.5));
#3029 = PCURVE('',#2860,#3030);
#3030 = DEFINITIONAL_REPRESENTATION('',(#3031),#3039);
#3031 = B_SPLINE_CURVE_WITH_KNOTS('',6,(#3032,#3033,#3034,#3035,#3036,
    #3037,#3038),.UNSPECIFIED.,.F.,.F.,(7,7),(0.,1.),
  .PIECEWISE_BEZIER_KNOTS.);
#3032 = CARTESIAN_POINT('',(0.,1.720164957273));
#3033 = CARTESIAN_POINT('',(2.198907231634,1.638019324821));
#3034 = CARTESIAN_POINT('',(4.399120389047,1.591303715385));
#3035 = CARTESIAN_POINT('',(6.599873676619,1.577171263305));
#3036 = CARTESIAN_POINT('',(8.800554111197,1.593378243397));
#3037 = CARTESIAN_POINT('',(11.000699750523,1.638034312792));
#3038 = CARTESIAN_POINT('',(13.2,1.709541476777));
#3039 = ( GEOMETRIC_REPRESENTATION_CONTEXT(2) 
PARAMETRIC_REPRESENTATION_CONTEXT() REPRESENTATION_CONTEXT('2D SPACE',''
  ) );
#3040 = PCURVE('',#299,#3041);
#3041 = DEFINITIONAL_REPRESENTATION('',(#3042),#3050);
#3042 = B_SPLINE_CURVE_WITH_KNOTS('',6,(#3043,#3044,#3045,#3046,#3047,
    #3048,#3049),.UNSPECIFIED.,.F.,.F.,(7,7),(0.,1.),
  .PIECEWISE_BEZIER_KNOTS.);
#3043 = CARTESIAN_POINT('',(6.5,7.066247112053));
#3044 = CARTESIAN_POINT('',(6.5,7.088385527094));
#3045 = CARTESIAN_POINT('',(6.5,7.11003101818));
#3046 = CARTESIAN_POINT('',(6.5,7.131239329525));
#3047 = CARTESIAN_POINT('',(6.5,7.152053730078));
#3048 = CARTESIAN_POINT('',(6.5,7.172510960512));
#3049 = CARTESIAN_POINT('',(6.5,7.192642924797));
#3050 = ( GEOMETRIC_REPRESENTATION_CONTEXT(2) 
PARAMETRIC_REPRESENTATION_CONTEXT() REPRESENTATION_CONTEXT('2D SPACE',''
  ) );
#3051 = ORIENTED_EDGE('',*,*,#2846,.T.);
#3052 = ORIENTED_EDGE('',*,*,#3053,.F.);
#3053 = EDGE_CURVE('',#2878,#2824,#3054,.T.);
#3054 = SURFACE_CURVE('',#3055,(#3059,#3066),.PCURVE_S1.);
#3055 = LINE('',#3056,#3057);
#3056 = CARTESIAN_POINT('',(-18.69996779541,92.009289311141,6.5));
#3057 = VECTOR('',#3058,1.);
#3058 = DIRECTION('',(-0.284492798058,-0.958678177416,0.));
#3059 = PCURVE('',#2860,#3060);
#3060 = DEFINITIONAL_REPRESENTATION('',(#3061),#3065);
#3061 = LINE('',#3062,#3063);
#3062 = CARTESIAN_POINT('',(3.10862446895E-15,13.2));
#3063 = VECTOR('',#3064,1.);
#3064 = DIRECTION('',(1.,0.));
#3065 = ( GEOMETRIC_REPRESENTATION_CONTEXT(2) 
PARAMETRIC_REPRESENTATION_CONTEXT() REPRESENTATION_CONTEXT('2D SPACE',''
  ) );
#3066 = PCURVE('',#966,#3067);
#3067 = DEFINITIONAL_REPRESENTATION('',(#3068),#3072);
#3068 = LINE('',#3069,#3070);
#3069 = CARTESIAN_POINT('',(6.5,0.));
#3070 = VECTOR('',#3071,1.);
#3071 = DIRECTION('',(0.,1.));
#3072 = ( GEOMETRIC_REPRESENTATION_CONTEXT(2) 
PARAMETRIC_REPRESENTATION_CONTEXT() REPRESENTATION_CONTEXT('2D SPACE',''
  ) );
#3073 = ADVANCED_FACE('',(#3074),#2951,.T.);
#3074 = FACE_BOUND('',#3075,.T.);
#3075 = EDGE_LOOP('',(#3076,#3105,#3133,#3154));
#3076 = ORIENTED_EDGE('',*,*,#3077,.T.);
#3077 = EDGE_CURVE('',#2901,#3078,#3080,.T.);
#3078 = VERTEX_POINT('',#3079);
#3079 = CARTESIAN_POINT('',(-30.08562432012,94.136319351551,5.));
#3080 = SURFACE_CURVE('',#3081,(#3087,#3096),.PCURVE_S1.);
#3081 = B_SPLINE_CURVE_WITH_KNOTS('',4,(#3082,#3083,#3084,#3085,#3086),
  .UNSPECIFIED.,.F.,.F.,(5,5),(0.,1.),.PIECEWISE_BEZIER_KNOTS.);
#3082 = CARTESIAN_POINT('',(-30.08562432012,94.136319351551,6.5));
#3083 = CARTESIAN_POINT('',(-30.08562432012,94.136319351551,6.125));
#3084 = CARTESIAN_POINT('',(-30.08562432012,94.136319351551,5.75));
#3085 = CARTESIAN_POINT('',(-30.08562432012,94.136319351551,5.375));
#3086 = CARTESIAN_POINT('',(-30.08562432012,94.136319351551,5.));
#3087 = PCURVE('',#2951,#3088);
#3088 = DEFINITIONAL_REPRESENTATION('',(#3089),#3095);
#3089 = B_SPLINE_CURVE_WITH_KNOTS('',4,(#3090,#3091,#3092,#3093,#3094),
  .UNSPECIFIED.,.F.,.F.,(5,5),(0.,1.),.PIECEWISE_BEZIER_KNOTS.);
#3090 = CARTESIAN_POINT('',(1.5,-0.479694826455));
#3091 = CARTESIAN_POINT('',(1.125,-0.479694826455));
#3092 = CARTESIAN_POINT('',(0.75,-0.479694826455));
#3093 = CARTESIAN_POINT('',(0.375,-0.479694826455));
#3094 = CARTESIAN_POINT('',(0.,-0.479694826455));
#3095 = ( GEOMETRIC_REPRESENTATION_CONTEXT(2) 
PARAMETRIC_REPRESENTATION_CONTEXT() REPRESENTATION_CONTEXT('2D SPACE',''
  ) );
#3096 = PCURVE('',#299,#3097);
#3097 = DEFINITIONAL_REPRESENTATION('',(#3098),#3104);
#3098 = B_SPLINE_CURVE_WITH_KNOTS('',4,(#3099,#3100,#3101,#3102,#3103),
  .UNSPECIFIED.,.F.,.F.,(5,5),(0.,1.),.PIECEWISE_BEZIER_KNOTS.);
#3099 = CARTESIAN_POINT('',(6.5,7.078266769755));
#3100 = CARTESIAN_POINT('',(6.125,7.078266769755));
#3101 = CARTESIAN_POINT('',(5.75,7.078266769755));
#3102 = CARTESIAN_POINT('',(5.375,7.078266769755));
#3103 = CARTESIAN_POINT('',(5.,7.078266769755));
#3104 = ( GEOMETRIC_REPRESENTATION_CONTEXT(2) 
PARAMETRIC_REPRESENTATION_CONTEXT() REPRESENTATION_CONTEXT('2D SPACE',''
  ) );
#3105 = ORIENTED_EDGE('',*,*,#3106,.T.);
#3106 = EDGE_CURVE('',#3078,#3107,#3109,.T.);
#3107 = VERTEX_POINT('',#3108);
#3108 = CARTESIAN_POINT('',(-20.19177296597,91.200266855912,5.));
#3109 = SURFACE_CURVE('',#3110,(#3114,#3121),.PCURVE_S1.);
#3110 = LINE('',#3111,#3112);
#3111 = CARTESIAN_POINT('',(-30.54549728206,94.272789074943,5.));
#3112 = VECTOR('',#3113,1.);
#3113 = DIRECTION('',(0.958678177416,-0.284492798058,0.));
#3114 = PCURVE('',#2951,#3115);
#3115 = DEFINITIONAL_REPRESENTATION('',(#3116),#3120);
#3116 = LINE('',#3117,#3118);
#3117 = CARTESIAN_POINT('',(0.,0.));
#3118 = VECTOR('',#3119,1.);
#3119 = DIRECTION('',(0.,-1.));
#3120 = ( GEOMETRIC_REPRESENTATION_CONTEXT(2) 
PARAMETRIC_REPRESENTATION_CONTEXT() REPRESENTATION_CONTEXT('2D SPACE',''
  ) );
#3121 = PCURVE('',#3122,#3127);
#3122 = PLANE('',#3123);
#3123 = AXIS2_PLACEMENT_3D('',#3124,#3125,#3126);
#3124 = CARTESIAN_POINT('',(-31.35451973729,95.764594245512,5.));
#3125 = DIRECTION('',(0.,0.,1.));
#3126 = DIRECTION('',(-0.284492798058,-0.958678177416,0.));
#3127 = DEFINITIONAL_REPRESENTATION('',(#3128),#3132);
#3128 = LINE('',#3129,#3130);
#3129 = CARTESIAN_POINT('',(1.2,1.2));
#3130 = VECTOR('',#3131,1.);
#3131 = DIRECTION('',(0.,1.));
#3132 = ( GEOMETRIC_REPRESENTATION_CONTEXT(2) 
PARAMETRIC_REPRESENTATION_CONTEXT() REPRESENTATION_CONTEXT('2D SPACE',''
  ) );
#3133 = ORIENTED_EDGE('',*,*,#3134,.T.);
#3134 = EDGE_CURVE('',#3107,#2936,#3135,.T.);
#3135 = SURFACE_CURVE('',#3136,(#3140,#3147),.PCURVE_S1.);
#3136 = LINE('',#3137,#3138);
#3137 = CARTESIAN_POINT('',(-20.19177296597,91.200266855912,5.));
#3138 = VECTOR('',#3139,1.);
#3139 = DIRECTION('',(0.,0.,1.));
#3140 = PCURVE('',#2951,#3141);
#3141 = DEFINITIONAL_REPRESENTATION('',(#3142),#3146);
#3142 = LINE('',#3143,#3144);
#3143 = CARTESIAN_POINT('',(0.,-10.8));
#3144 = VECTOR('',#3145,1.);
#3145 = DIRECTION('',(1.,0.));
#3146 = ( GEOMETRIC_REPRESENTATION_CONTEXT(2) 
PARAMETRIC_REPRESENTATION_CONTEXT() REPRESENTATION_CONTEXT('2D SPACE',''
  ) );
#3147 = PCURVE('',#2979,#3148);
#3148 = DEFINITIONAL_REPRESENTATION('',(#3149),#3153);
#3149 = LINE('',#3150,#3151);
#3150 = CARTESIAN_POINT('',(0.,0.));
#3151 = VECTOR('',#3152,1.);
#3152 = DIRECTION('',(1.,0.));
#3153 = ( GEOMETRIC_REPRESENTATION_CONTEXT(2) 
PARAMETRIC_REPRESENTATION_CONTEXT() REPRESENTATION_CONTEXT('2D SPACE',''
  ) );
#3154 = ORIENTED_EDGE('',*,*,#2935,.F.);
#3155 = ADVANCED_FACE('',(#3156),#3122,.T.);
#3156 = FACE_BOUND('',#3157,.T.);
#3157 = EDGE_LOOP('',(#3158,#3183,#3204,#3205));
#3158 = ORIENTED_EDGE('',*,*,#3159,.T.);
#3159 = EDGE_CURVE('',#3160,#3162,#3164,.T.);
#3160 = VERTEX_POINT('',#3161);
#3161 = CARTESIAN_POINT('',(-33.16371826653,83.784248474905,5.));
#3162 = VERTEX_POINT('',#3163);
#3163 = CARTESIAN_POINT('',(-23.26429518501,80.846542539824,5.));
#3164 = SURFACE_CURVE('',#3165,(#3169,#3176),.PCURVE_S1.);
#3165 = LINE('',#3166,#3167);
#3166 = CARTESIAN_POINT('',(-33.61801950109,83.919064758855,5.));
#3167 = VECTOR('',#3168,1.);
#3168 = DIRECTION('',(0.958678177416,-0.284492798058,0.));
#3169 = PCURVE('',#3122,#3170);
#3170 = DEFINITIONAL_REPRESENTATION('',(#3171),#3175);
#3171 = LINE('',#3172,#3173);
#3172 = CARTESIAN_POINT('',(12.,1.2));
#3173 = VECTOR('',#3174,1.);
#3174 = DIRECTION('',(0.,1.));
#3175 = ( GEOMETRIC_REPRESENTATION_CONTEXT(2) 
PARAMETRIC_REPRESENTATION_CONTEXT() REPRESENTATION_CONTEXT('2D SPACE',''
  ) );
#3176 = PCURVE('',#3007,#3177);
#3177 = DEFINITIONAL_REPRESENTATION('',(#3178),#3182);
#3178 = LINE('',#3179,#3180);
#3179 = CARTESIAN_POINT('',(0.,0.));
#3180 = VECTOR('',#3181,1.);
#3181 = DIRECTION('',(0.,-1.));
#3182 = ( GEOMETRIC_REPRESENTATION_CONTEXT(2) 
PARAMETRIC_REPRESENTATION_CONTEXT() REPRESENTATION_CONTEXT('2D SPACE',''
  ) );
#3183 = ORIENTED_EDGE('',*,*,#3184,.F.);
#3184 = EDGE_CURVE('',#3107,#3162,#3185,.T.);
#3185 = SURFACE_CURVE('',#3186,(#3190,#3197),.PCURVE_S1.);
#3186 = LINE('',#3187,#3188);
#3187 = CARTESIAN_POINT('',(-20.19177296597,91.200266855912,5.));
#3188 = VECTOR('',#3189,1.);
#3189 = DIRECTION('',(-0.284492798058,-0.958678177416,0.));
#3190 = PCURVE('',#3122,#3191);
#3191 = DEFINITIONAL_REPRESENTATION('',(#3192),#3196);
#3192 = LINE('',#3193,#3194);
#3193 = CARTESIAN_POINT('',(1.2,12.));
#3194 = VECTOR('',#3195,1.);
#3195 = DIRECTION('',(1.,0.));
#3196 = ( GEOMETRIC_REPRESENTATION_CONTEXT(2) 
PARAMETRIC_REPRESENTATION_CONTEXT() REPRESENTATION_CONTEXT('2D SPACE',''
  ) );
#3197 = PCURVE('',#2979,#3198);
#3198 = DEFINITIONAL_REPRESENTATION('',(#3199),#3203);
#3199 = LINE('',#3200,#3201);
#3200 = CARTESIAN_POINT('',(0.,0.));
#3201 = VECTOR('',#3202,1.);
#3202 = DIRECTION('',(0.,1.));
#3203 = ( GEOMETRIC_REPRESENTATION_CONTEXT(2) 
PARAMETRIC_REPRESENTATION_CONTEXT() REPRESENTATION_CONTEXT('2D SPACE',''
  ) );
#3204 = ORIENTED_EDGE('',*,*,#3106,.F.);
#3205 = ORIENTED_EDGE('',*,*,#3206,.T.);
#3206 = EDGE_CURVE('',#3078,#3160,#3207,.T.);
#3207 = SURFACE_CURVE('',#3208,(#3216,#3227),.PCURVE_S1.);
#3208 = B_SPLINE_CURVE_WITH_KNOTS('',6,(#3209,#3210,#3211,#3212,#3213,
    #3214,#3215),.UNSPECIFIED.,.F.,.F.,(7,7),(0.,1.),
  .PIECEWISE_BEZIER_KNOTS.);
#3209 = CARTESIAN_POINT('',(-30.08562432012,94.136319351551,5.));
#3210 = CARTESIAN_POINT('',(-30.64952083755,92.426676204312,5.));
#3211 = CARTESIAN_POINT('',(-31.19152464713,90.709817541152,5.));
#3212 = CARTESIAN_POINT('',(-31.7129348636,88.986539701006,5.));
#3213 = CARTESIAN_POINT('',(-32.21483008127,87.2575033059,5.));
#3214 = CARTESIAN_POINT('',(-32.6981490103,85.523257553452,5.));
#3215 = CARTESIAN_POINT('',(-33.16371826653,83.784248474905,5.));
#3216 = PCURVE('',#3122,#3217);
#3217 = DEFINITIONAL_REPRESENTATION('',(#3218),#3226);
#3218 = B_SPLINE_CURVE_WITH_KNOTS('',6,(#3219,#3220,#3221,#3222,#3223,
    #3224,#3225),.UNSPECIFIED.,.F.,.F.,(7,7),(0.,1.),
  .PIECEWISE_BEZIER_KNOTS.);
#3219 = CARTESIAN_POINT('',(1.2,1.679694826455));
#3220 = CARTESIAN_POINT('',(2.999422074484,1.625480703515));
#3221 = CARTESIAN_POINT('',(4.799533188908,1.594307404151));
#3222 = CARTESIAN_POINT('',(6.599939499301,1.58470294271));
#3223 = CARTESIAN_POINT('',(8.400314534053,1.59544535217));
#3224 = CARTESIAN_POINT('',(10.200398845676,1.625478468811));
#3225 = CARTESIAN_POINT('',(12.,1.673882941394));
#3226 = ( GEOMETRIC_REPRESENTATION_CONTEXT(2) 
PARAMETRIC_REPRESENTATION_CONTEXT() REPRESENTATION_CONTEXT('2D SPACE',''
  ) );
#3227 = PCURVE('',#299,#3228);
#3228 = DEFINITIONAL_REPRESENTATION('',(#3229),#3237);
#3229 = B_SPLINE_CURVE_WITH_KNOTS('',6,(#3230,#3231,#3232,#3233,#3234,
    #3235,#3236),.UNSPECIFIED.,.F.,.F.,(7,7),(0.,1.),
  .PIECEWISE_BEZIER_KNOTS.);
#3230 = CARTESIAN_POINT('',(5.,7.078266769755));
#3231 = CARTESIAN_POINT('',(5.,7.096199143975));
#3232 = CARTESIAN_POINT('',(5.,7.113814723158));
#3233 = CARTESIAN_POINT('',(5.,7.131142274672));
#3234 = CARTESIAN_POINT('',(5.,7.148205434146));
#3235 = CARTESIAN_POINT('',(5.,7.165024754738));
#3236 = CARTESIAN_POINT('',(5.,7.181618449383));
#3237 = ( GEOMETRIC_REPRESENTATION_CONTEXT(2) 
PARAMETRIC_REPRESENTATION_CONTEXT() REPRESENTATION_CONTEXT('2D SPACE',''
  ) );
#3238 = ADVANCED_FACE('',(#3239),#2979,.F.);
#3239 = FACE_BOUND('',#3240,.F.);
#3240 = EDGE_LOOP('',(#3241,#3262,#3263,#3264));
#3241 = ORIENTED_EDGE('',*,*,#3242,.F.);
#3242 = EDGE_CURVE('',#3162,#2964,#3243,.T.);
#3243 = SURFACE_CURVE('',#3244,(#3248,#3255),.PCURVE_S1.);
#3244 = LINE('',#3245,#3246);
#3245 = CARTESIAN_POINT('',(-23.26429518501,80.846542539824,5.));
#3246 = VECTOR('',#3247,1.);
#3247 = DIRECTION('',(0.,0.,1.));
#3248 = PCURVE('',#2979,#3249);
#3249 = DEFINITIONAL_REPRESENTATION('',(#3250),#3254);
#3250 = LINE('',#3251,#3252);
#3251 = CARTESIAN_POINT('',(0.,10.8));
#3252 = VECTOR('',#3253,1.);
#3253 = DIRECTION('',(1.,0.));
#3254 = ( GEOMETRIC_REPRESENTATION_CONTEXT(2) 
PARAMETRIC_REPRESENTATION_CONTEXT() REPRESENTATION_CONTEXT('2D SPACE',''
  ) );
#3255 = PCURVE('',#3007,#3256);
#3256 = DEFINITIONAL_REPRESENTATION('',(#3257),#3261);
#3257 = LINE('',#3258,#3259);
#3258 = CARTESIAN_POINT('',(0.,-10.8));
#3259 = VECTOR('',#3260,1.);
#3260 = DIRECTION('',(1.,0.));
#3261 = ( GEOMETRIC_REPRESENTATION_CONTEXT(2) 
PARAMETRIC_REPRESENTATION_CONTEXT() REPRESENTATION_CONTEXT('2D SPACE',''
  ) );
#3262 = ORIENTED_EDGE('',*,*,#3184,.F.);
#3263 = ORIENTED_EDGE('',*,*,#3134,.T.);
#3264 = ORIENTED_EDGE('',*,*,#2963,.F.);
#3265 = ADVANCED_FACE('',(#3266),#3007,.F.);
#3266 = FACE_BOUND('',#3267,.F.);
#3267 = EDGE_LOOP('',(#3268,#3295,#3296,#3297));
#3268 = ORIENTED_EDGE('',*,*,#3269,.T.);
#3269 = EDGE_CURVE('',#2992,#3160,#3270,.T.);
#3270 = SURFACE_CURVE('',#3271,(#3277,#3286),.PCURVE_S1.);
#3271 = B_SPLINE_CURVE_WITH_KNOTS('',4,(#3272,#3273,#3274,#3275,#3276),
  .UNSPECIFIED.,.F.,.F.,(5,5),(0.,1.),.PIECEWISE_BEZIER_KNOTS.);
#3272 = CARTESIAN_POINT('',(-33.16371826653,83.784248474905,6.5));
#3273 = CARTESIAN_POINT('',(-33.16371826653,83.784248474905,6.125));
#3274 = CARTESIAN_POINT('',(-33.16371826653,83.784248474905,5.75));
#3275 = CARTESIAN_POINT('',(-33.16371826653,83.784248474905,5.375));
#3276 = CARTESIAN_POINT('',(-33.16371826653,83.784248474905,5.));
#3277 = PCURVE('',#3007,#3278);
#3278 = DEFINITIONAL_REPRESENTATION('',(#3279),#3285);
#3279 = B_SPLINE_CURVE_WITH_KNOTS('',4,(#3280,#3281,#3282,#3283,#3284),
  .UNSPECIFIED.,.F.,.F.,(5,5),(0.,1.),.PIECEWISE_BEZIER_KNOTS.);
#3280 = CARTESIAN_POINT('',(1.5,-0.473882941394));
#3281 = CARTESIAN_POINT('',(1.125,-0.473882941394));
#3282 = CARTESIAN_POINT('',(0.75,-0.473882941394));
#3283 = CARTESIAN_POINT('',(0.375,-0.473882941394));
#3284 = CARTESIAN_POINT('',(0.,-0.473882941394));
#3285 = ( GEOMETRIC_REPRESENTATION_CONTEXT(2) 
PARAMETRIC_REPRESENTATION_CONTEXT() REPRESENTATION_CONTEXT('2D SPACE',''
  ) );
#3286 = PCURVE('',#299,#3287);
#3287 = DEFINITIONAL_REPRESENTATION('',(#3288),#3294);
#3288 = B_SPLINE_CURVE_WITH_KNOTS('',4,(#3289,#3290,#3291,#3292,#3293),
  .UNSPECIFIED.,.F.,.F.,(5,5),(0.,1.),.PIECEWISE_BEZIER_KNOTS.);
#3289 = CARTESIAN_POINT('',(6.5,7.181618449383));
#3290 = CARTESIAN_POINT('',(6.125,7.181618449383));
#3291 = CARTESIAN_POINT('',(5.75,7.181618449383));
#3292 = CARTESIAN_POINT('',(5.375,7.181618449383));
#3293 = CARTESIAN_POINT('',(5.,7.181618449383));
#3294 = ( GEOMETRIC_REPRESENTATION_CONTEXT(2) 
PARAMETRIC_REPRESENTATION_CONTEXT() REPRESENTATION_CONTEXT('2D SPACE',''
  ) );
#3295 = ORIENTED_EDGE('',*,*,#3159,.T.);
#3296 = ORIENTED_EDGE('',*,*,#3242,.T.);
#3297 = ORIENTED_EDGE('',*,*,#2991,.F.);
#3298 = ADVANCED_FACE('',(#3299),#966,.T.);
#3299 = FACE_BOUND('',#3300,.T.);
#3300 = EDGE_LOOP('',(#3301,#3302,#3323,#3324));
#3301 = ORIENTED_EDGE('',*,*,#950,.F.);
#3302 = ORIENTED_EDGE('',*,*,#3303,.F.);
#3303 = EDGE_CURVE('',#2878,#923,#3304,.T.);
#3304 = SURFACE_CURVE('',#3305,(#3309,#3316),.PCURVE_S1.);
#3305 = LINE('',#3306,#3307);
#3306 = CARTESIAN_POINT('',(-18.69996779541,92.009289311141,6.5));
#3307 = VECTOR('',#3308,1.);
#3308 = DIRECTION('',(-0.,0.,-1.));
#3309 = PCURVE('',#966,#3310);
#3310 = DEFINITIONAL_REPRESENTATION('',(#3311),#3315);
#3311 = LINE('',#3312,#3313);
#3312 = CARTESIAN_POINT('',(6.5,0.));
#3313 = VECTOR('',#3314,1.);
#3314 = DIRECTION('',(-1.,-0.));
#3315 = ( GEOMETRIC_REPRESENTATION_CONTEXT(2) 
PARAMETRIC_REPRESENTATION_CONTEXT() REPRESENTATION_CONTEXT('2D SPACE',''
  ) );
#3316 = PCURVE('',#938,#3317);
#3317 = DEFINITIONAL_REPRESENTATION('',(#3318),#3322);
#3318 = LINE('',#3319,#3320);
#3319 = CARTESIAN_POINT('',(6.5,-13.2));
#3320 = VECTOR('',#3321,1.);
#3321 = DIRECTION('',(-1.,0.));
#3322 = ( GEOMETRIC_REPRESENTATION_CONTEXT(2) 
PARAMETRIC_REPRESENTATION_CONTEXT() REPRESENTATION_CONTEXT('2D SPACE',''
  ) );
#3323 = ORIENTED_EDGE('',*,*,#3053,.T.);
#3324 = ORIENTED_EDGE('',*,*,#2823,.T.);
#3325 = ADVANCED_FACE('',(#3326),#938,.F.);
#3326 = FACE_BOUND('',#3327,.F.);
#3327 = EDGE_LOOP('',(#3328,#3355,#3356,#3357));
#3328 = ORIENTED_EDGE('',*,*,#3329,.T.);
#3329 = EDGE_CURVE('',#2876,#828,#3330,.T.);
#3330 = SURFACE_CURVE('',#3331,(#3337,#3346),.PCURVE_S1.);
#3331 = B_SPLINE_CURVE_WITH_KNOTS('',4,(#3332,#3333,#3334,#3335,#3336),
  .UNSPECIFIED.,.F.,.F.,(5,5),(0.,1.),.PIECEWISE_BEZIER_KNOTS.);
#3332 = CARTESIAN_POINT('',(-29.7054351312,95.275219703695,6.5));
#3333 = CARTESIAN_POINT('',(-29.7054351312,95.275219703695,4.875));
#3334 = CARTESIAN_POINT('',(-29.7054351312,95.275219703695,3.25));
#3335 = CARTESIAN_POINT('',(-29.7054351312,95.275219703695,1.625));
#3336 = CARTESIAN_POINT('',(-29.7054351312,95.275219703695,0.));
#3337 = PCURVE('',#938,#3338);
#3338 = DEFINITIONAL_REPRESENTATION('',(#3339),#3345);
#3339 = B_SPLINE_CURVE_WITH_KNOTS('',4,(#3340,#3341,#3342,#3343,#3344),
  .UNSPECIFIED.,.F.,.F.,(5,5),(0.,1.),.PIECEWISE_BEZIER_KNOTS.);
#3340 = CARTESIAN_POINT('',(6.5,-1.720164957273));
#3341 = CARTESIAN_POINT('',(4.875,-1.720164957273));
#3342 = CARTESIAN_POINT('',(3.25,-1.720164957273));
#3343 = CARTESIAN_POINT('',(1.625,-1.720164957273));
#3344 = CARTESIAN_POINT('',(0.,-1.720164957273));
#3345 = ( GEOMETRIC_REPRESENTATION_CONTEXT(2) 
PARAMETRIC_REPRESENTATION_CONTEXT() REPRESENTATION_CONTEXT('2D SPACE',''
  ) );
#3346 = PCURVE('',#299,#3347);
#3347 = DEFINITIONAL_REPRESENTATION('',(#3348),#3354);
#3348 = B_SPLINE_CURVE_WITH_KNOTS('',4,(#3349,#3350,#3351,#3352,#3353),
  .UNSPECIFIED.,.F.,.F.,(5,5),(0.,1.),.PIECEWISE_BEZIER_KNOTS.);
#3349 = CARTESIAN_POINT('',(6.5,7.066247112053));
#3350 = CARTESIAN_POINT('',(4.875,7.066247112053));
#3351 = CARTESIAN_POINT('',(3.25,7.066247112053));
#3352 = CARTESIAN_POINT('',(1.625,7.066247112053));
#3353 = CARTESIAN_POINT('',(0.,7.066247112053));
#3354 = ( GEOMETRIC_REPRESENTATION_CONTEXT(2) 
PARAMETRIC_REPRESENTATION_CONTEXT() REPRESENTATION_CONTEXT('2D SPACE',''
  ) );
#3355 = ORIENTED_EDGE('',*,*,#922,.T.);
#3356 = ORIENTED_EDGE('',*,*,#3303,.F.);
#3357 = ORIENTED_EDGE('',*,*,#2875,.F.);
#3358 = ADVANCED_FACE('',(#3359),#815,.T.);
#3359 = FACE_BOUND('',#3360,.T.);
#3360 = EDGE_LOOP('',(#3361,#3390,#3391,#3414));
#3361 = ORIENTED_EDGE('',*,*,#3362,.T.);
#3362 = EDGE_CURVE('',#3363,#800,#3365,.T.);
#3363 = VERTEX_POINT('',#3364);
#3364 = CARTESIAN_POINT('',(-6.6,131.29498255213,6.5));
#3365 = SURFACE_CURVE('',#3366,(#3372,#3381),.PCURVE_S1.);
#3366 = B_SPLINE_CURVE_WITH_KNOTS('',4,(#3367,#3368,#3369,#3370,#3371),
  .UNSPECIFIED.,.F.,.F.,(5,5),(0.,1.),.PIECEWISE_BEZIER_KNOTS.);
#3367 = CARTESIAN_POINT('',(-6.6,131.29498255213,6.5));
#3368 = CARTESIAN_POINT('',(-6.6,131.29498255213,4.875));
#3369 = CARTESIAN_POINT('',(-6.6,131.29498255213,3.25));
#3370 = CARTESIAN_POINT('',(-6.6,131.29498255213,1.625));
#3371 = CARTESIAN_POINT('',(-6.6,131.29498255213,0.));
#3372 = PCURVE('',#815,#3373);
#3373 = DEFINITIONAL_REPRESENTATION('',(#3374),#3380);
#3374 = B_SPLINE_CURVE_WITH_KNOTS('',4,(#3375,#3376,#3377,#3378,#3379),
  .UNSPECIFIED.,.F.,.F.,(5,5),(0.,1.),.PIECEWISE_BEZIER_KNOTS.);
#3375 = CARTESIAN_POINT('',(6.5,-3.305017447861));
#3376 = CARTESIAN_POINT('',(4.875,-3.305017447861));
#3377 = CARTESIAN_POINT('',(3.25,-3.305017447861));
#3378 = CARTESIAN_POINT('',(1.625,-3.305017447861));
#3379 = CARTESIAN_POINT('',(0.,-3.305017447861));
#3380 = ( GEOMETRIC_REPRESENTATION_CONTEXT(2) 
PARAMETRIC_REPRESENTATION_CONTEXT() REPRESENTATION_CONTEXT('2D SPACE',''
  ) );
#3381 = PCURVE('',#299,#3382);
#3382 = DEFINITIONAL_REPRESENTATION('',(#3383),#3389);
#3383 = B_SPLINE_CURVE_WITH_KNOTS('',4,(#3384,#3385,#3386,#3387,#3388),
  .UNSPECIFIED.,.F.,.F.,(5,5),(0.,1.),.PIECEWISE_BEZIER_KNOTS.);
#3384 = CARTESIAN_POINT('',(6.5,6.45489759253));
#3385 = CARTESIAN_POINT('',(4.875,6.45489759253));
#3386 = CARTESIAN_POINT('',(3.25,6.45489759253));
#3387 = CARTESIAN_POINT('',(1.625,6.45489759253));
#3388 = CARTESIAN_POINT('',(0.,6.45489759253));
#3389 = ( GEOMETRIC_REPRESENTATION_CONTEXT(2) 
PARAMETRIC_REPRESENTATION_CONTEXT() REPRESENTATION_CONTEXT('2D SPACE',''
  ) );
#3390 = ORIENTED_EDGE('',*,*,#799,.T.);
#3391 = ORIENTED_EDGE('',*,*,#3392,.F.);
#3392 = EDGE_CURVE('',#3393,#772,#3395,.T.);
#3393 = VERTEX_POINT('',#3394);
#3394 = CARTESIAN_POINT('',(-6.6,121.4,6.5));
#3395 = SURFACE_CURVE('',#3396,(#3400,#3407),.PCURVE_S1.);
#3396 = LINE('',#3397,#3398);
#3397 = CARTESIAN_POINT('',(-6.6,121.4,6.5));
#3398 = VECTOR('',#3399,1.);
#3399 = DIRECTION('',(-0.,0.,-1.));
#3400 = PCURVE('',#815,#3401);
#3401 = DEFINITIONAL_REPRESENTATION('',(#3402),#3406);
#3402 = LINE('',#3403,#3404);
#3403 = CARTESIAN_POINT('',(6.5,-13.2));
#3404 = VECTOR('',#3405,1.);
#3405 = DIRECTION('',(-1.,0.));
#3406 = ( GEOMETRIC_REPRESENTATION_CONTEXT(2) 
PARAMETRIC_REPRESENTATION_CONTEXT() REPRESENTATION_CONTEXT('2D SPACE',''
  ) );
#3407 = PCURVE('',#787,#3408);
#3408 = DEFINITIONAL_REPRESENTATION('',(#3409),#3413);
#3409 = LINE('',#3410,#3411);
#3410 = CARTESIAN_POINT('',(6.5,13.2));
#3411 = VECTOR('',#3412,1.);
#3412 = DIRECTION('',(-1.,-0.));
#3413 = ( GEOMETRIC_REPRESENTATION_CONTEXT(2) 
PARAMETRIC_REPRESENTATION_CONTEXT() REPRESENTATION_CONTEXT('2D SPACE',''
  ) );
#3414 = ORIENTED_EDGE('',*,*,#3415,.F.);
#3415 = EDGE_CURVE('',#3363,#3393,#3416,.T.);
#3416 = SURFACE_CURVE('',#3417,(#3421,#3428),.PCURVE_S1.);
#3417 = LINE('',#3418,#3419);
#3418 = CARTESIAN_POINT('',(-6.6,134.6,6.5));
#3419 = VECTOR('',#3420,1.);
#3420 = DIRECTION('',(1.110223024625E-16,-1.,0.));
#3421 = PCURVE('',#815,#3422);
#3422 = DEFINITIONAL_REPRESENTATION('',(#3423),#3427);
#3423 = LINE('',#3424,#3425);
#3424 = CARTESIAN_POINT('',(6.5,0.));
#3425 = VECTOR('',#3426,1.);
#3426 = DIRECTION('',(0.,-1.));
#3427 = ( GEOMETRIC_REPRESENTATION_CONTEXT(2) 
PARAMETRIC_REPRESENTATION_CONTEXT() REPRESENTATION_CONTEXT('2D SPACE',''
  ) );
#3428 = PCURVE('',#3429,#3434);
#3429 = PLANE('',#3430);
#3430 = AXIS2_PLACEMENT_3D('',#3431,#3432,#3433);
#3431 = CARTESIAN_POINT('',(6.6,134.6,6.5));
#3432 = DIRECTION('',(0.,0.,1.));
#3433 = DIRECTION('',(-1.,-1.110223024625E-16,0.));
#3434 = DEFINITIONAL_REPRESENTATION('',(#3435),#3439);
#3435 = LINE('',#3436,#3437);
#3436 = CARTESIAN_POINT('',(13.2,-1.465494392505E-15));
#3437 = VECTOR('',#3438,1.);
#3438 = DIRECTION('',(0.,1.));
#3439 = ( GEOMETRIC_REPRESENTATION_CONTEXT(2) 
PARAMETRIC_REPRESENTATION_CONTEXT() REPRESENTATION_CONTEXT('2D SPACE',''
  ) );
#3440 = ADVANCED_FACE('',(#3441),#3429,.T.);
#3441 = FACE_BOUND('',#3442,.T.);
#3442 = EDGE_LOOP('',(#3443,#3468,#3551,#3579,#3607,#3635,#3716,#3717));
#3443 = ORIENTED_EDGE('',*,*,#3444,.F.);
#3444 = EDGE_CURVE('',#3445,#3447,#3449,.T.);
#3445 = VERTEX_POINT('',#3446);
#3446 = CARTESIAN_POINT('',(6.6,131.29498255213,6.5));
#3447 = VERTEX_POINT('',#3448);
#3448 = CARTESIAN_POINT('',(6.6,121.4,6.5));
#3449 = SURFACE_CURVE('',#3450,(#3454,#3461),.PCURVE_S1.);
#3450 = LINE('',#3451,#3452);
#3451 = CARTESIAN_POINT('',(6.6,134.6,6.5));
#3452 = VECTOR('',#3453,1.);
#3453 = DIRECTION('',(1.110223024625E-16,-1.,0.));
#3454 = PCURVE('',#3429,#3455);
#3455 = DEFINITIONAL_REPRESENTATION('',(#3456),#3460);
#3456 = LINE('',#3457,#3458);
#3457 = CARTESIAN_POINT('',(0.,0.));
#3458 = VECTOR('',#3459,1.);
#3459 = DIRECTION('',(0.,1.));
#3460 = ( GEOMETRIC_REPRESENTATION_CONTEXT(2) 
PARAMETRIC_REPRESENTATION_CONTEXT() REPRESENTATION_CONTEXT('2D SPACE',''
  ) );
#3461 = PCURVE('',#759,#3462);
#3462 = DEFINITIONAL_REPRESENTATION('',(#3463),#3467);
#3463 = LINE('',#3464,#3465);
#3464 = CARTESIAN_POINT('',(6.5,0.));
#3465 = VECTOR('',#3466,1.);
#3466 = DIRECTION('',(0.,-1.));
#3467 = ( GEOMETRIC_REPRESENTATION_CONTEXT(2) 
PARAMETRIC_REPRESENTATION_CONTEXT() REPRESENTATION_CONTEXT('2D SPACE',''
  ) );
#3468 = ORIENTED_EDGE('',*,*,#3469,.T.);
#3469 = EDGE_CURVE('',#3445,#3470,#3472,.T.);
#3470 = VERTEX_POINT('',#3471);
#3471 = CARTESIAN_POINT('',(5.4,131.85778406903,6.5));
#3472 = SURFACE_CURVE('',#3473,(#3497,#3524),.PCURVE_S1.);
#3473 = B_SPLINE_CURVE_WITH_KNOTS('',8,(#3474,#3475,#3476,#3477,#3478,
    #3479,#3480,#3481,#3482,#3483,#3484,#3485,#3486,#3487,#3488,#3489,
    #3490,#3491,#3492,#3493,#3494,#3495,#3496),.UNSPECIFIED.,.F.,.F.,(9,
    7,7,9),(0.,0.190000266486,0.49997113596,1.),.UNSPECIFIED.);
#3474 = CARTESIAN_POINT('',(6.6,131.29498255213,6.5));
#3475 = CARTESIAN_POINT('',(6.30942572667,131.44483250635,6.5));
#3476 = CARTESIAN_POINT('',(6.015792813292,131.58874577265,6.5));
#3477 = CARTESIAN_POINT('',(5.719130467086,131.72643603173,6.5));
#3478 = CARTESIAN_POINT('',(5.419487388556,131.85760289346,6.5));
#3479 = CARTESIAN_POINT('',(5.116933928587,131.98193720929,6.5));
#3480 = CARTESIAN_POINT('',(4.81156424554,132.09912638476,6.5));
#3481 = CARTESIAN_POINT('',(4.503498462343,132.20885969196,6.5));
#3482 = CARTESIAN_POINT('',(3.686142483405,132.47719616639,6.5));
#3483 = CARTESIAN_POINT('',(3.172504459593,132.62294463237,6.5));
#3484 = CARTESIAN_POINT('',(2.652758218611,132.74670255593,6.5));
#3485 = CARTESIAN_POINT('',(2.127825003688,132.84720861148,6.5));
#3486 = CARTESIAN_POINT('',(1.598770941915,132.92339517628,6.5));
#3487 = CARTESIAN_POINT('',(1.066819885147,132.97446986584,6.5));
#3488 = CARTESIAN_POINT('',(0.533367984724,133.,6.5));
#3489 = CARTESIAN_POINT('',(-0.860401456326,133.,6.5));
#3490 = CARTESIAN_POINT('',(-1.721020928355,132.93356288246,6.5));
#3491 = CARTESIAN_POINT('',(-2.574903003571,132.80063905593,6.5));
#3492 = CARTESIAN_POINT('',(-3.416745585245,132.6042887026,6.5));
#3493 = CARTESIAN_POINT('',(-4.242610218165,132.34963549803,6.5));
#3494 = CARTESIAN_POINT('',(-5.049612677765,132.04254995293,6.5));
#3495 = CARTESIAN_POINT('',(-5.835791786265,131.68908683579,6.5));
#3496 = CARTESIAN_POINT('',(-6.6,131.29498255213,6.5));
#3497 = PCURVE('',#3429,#3498);
#3498 = DEFINITIONAL_REPRESENTATION('',(#3499),#3523);
#3499 = B_SPLINE_CURVE_WITH_KNOTS('',8,(#3500,#3501,#3502,#3503,#3504,
    #3505,#3506,#3507,#3508,#3509,#3510,#3511,#3512,#3513,#3514,#3515,
    #3516,#3517,#3518,#3519,#3520,#3521,#3522),.UNSPECIFIED.,.F.,.F.,(9,
    7,7,9),(0.,0.190000266486,0.49997113596,1.),.UNSPECIFIED.);
#3500 = CARTESIAN_POINT('',(8.881784197001E-16,3.305017447861));
#3501 = CARTESIAN_POINT('',(0.29057427333,3.155167493644));
#3502 = CARTESIAN_POINT('',(0.584207186708,3.011254227348));
#3503 = CARTESIAN_POINT('',(0.880869532914,2.873563968261));
#3504 = CARTESIAN_POINT('',(1.180512611444,2.742397106532));
#3505 = CARTESIAN_POINT('',(1.483066071413,2.618062790704));
#3506 = CARTESIAN_POINT('',(1.78843575446,2.500873615238));
#3507 = CARTESIAN_POINT('',(2.096501537657,2.391140308037));
#3508 = CARTESIAN_POINT('',(2.913857516595,2.122803833601));
#3509 = CARTESIAN_POINT('',(3.427495540407,1.977055367626));
#3510 = CARTESIAN_POINT('',(3.947241781389,1.853297444063));
#3511 = CARTESIAN_POINT('',(4.472174996312,1.752791388518));
#3512 = CARTESIAN_POINT('',(5.001229058085,1.676604823713));
#3513 = CARTESIAN_POINT('',(5.533180114853,1.62553013416));
#3514 = CARTESIAN_POINT('',(6.066632015276,1.6));
#3515 = CARTESIAN_POINT('',(7.460401456326,1.599999999999));
#3516 = CARTESIAN_POINT('',(8.321020928355,1.66643711754));
#3517 = CARTESIAN_POINT('',(9.174903003571,1.799360944066));
#3518 = CARTESIAN_POINT('',(10.016745585245,1.995711297396));
#3519 = CARTESIAN_POINT('',(10.842610218165,2.25036450197));
#3520 = CARTESIAN_POINT('',(11.649612677765,2.557450047066));
#3521 = CARTESIAN_POINT('',(12.435791786265,2.910913164201));
#3522 = CARTESIAN_POINT('',(13.2,3.305017447861));
#3523 = ( GEOMETRIC_REPRESENTATION_CONTEXT(2) 
PARAMETRIC_REPRESENTATION_CONTEXT() REPRESENTATION_CONTEXT('2D SPACE',''
  ) );
#3524 = PCURVE('',#299,#3525);
#3525 = DEFINITIONAL_REPRESENTATION('',(#3526),#3550);
#3526 = B_SPLINE_CURVE_WITH_KNOTS('',8,(#3527,#3528,#3529,#3530,#3531,
    #3532,#3533,#3534,#3535,#3536,#3537,#3538,#3539,#3540,#3541,#3542,
    #3543,#3544,#3545,#3546,#3547,#3548,#3549),.UNSPECIFIED.,.F.,.F.,(9,
    7,7,9),(0.,0.190000266486,0.49997113596,1.),.UNSPECIFIED.);
#3527 = CARTESIAN_POINT('',(6.5,6.111473021829));
#3528 = CARTESIAN_POINT('',(6.5,6.118859647468));
#3529 = CARTESIAN_POINT('',(6.5,6.126341744833));
#3530 = CARTESIAN_POINT('',(6.5,6.133920001994));
#3531 = CARTESIAN_POINT('',(6.5,6.141594548141));
#3532 = CARTESIAN_POINT('',(6.5,6.149364791417));
#3533 = CARTESIAN_POINT('',(6.5,6.157229256756));
#3534 = CARTESIAN_POINT('',(6.5,6.165185423714));
#3535 = CARTESIAN_POINT('',(6.5,6.186352963017));
#3536 = CARTESIAN_POINT('',(6.5,6.199713516706));
#3537 = CARTESIAN_POINT('',(6.5,6.213291066867));
#3538 = CARTESIAN_POINT('',(6.5,6.227059096177));
#3539 = CARTESIAN_POINT('',(6.5,6.240981797388));
#3540 = CARTESIAN_POINT('',(6.5,6.255013511843));
#3541 = CARTESIAN_POINT('',(6.5,6.269100537604));
#3542 = CARTESIAN_POINT('',(6.5,6.305906123955));
#3543 = CARTESIAN_POINT('',(6.5,6.328632629632));
#3544 = CARTESIAN_POINT('',(6.5,6.351116455742));
#3545 = CARTESIAN_POINT('',(6.5,6.373139694553));
#3546 = CARTESIAN_POINT('',(6.5,6.394576396999));
#3547 = CARTESIAN_POINT('',(6.5,6.415363045312));
#3548 = CARTESIAN_POINT('',(6.5,6.435470821123));
#3549 = CARTESIAN_POINT('',(6.5,6.45489759253));
#3550 = ( GEOMETRIC_REPRESENTATION_CONTEXT(2) 
PARAMETRIC_REPRESENTATION_CONTEXT() REPRESENTATION_CONTEXT('2D SPACE',''
  ) );
#3551 = ORIENTED_EDGE('',*,*,#3552,.T.);
#3552 = EDGE_CURVE('',#3470,#3553,#3555,.T.);
#3553 = VERTEX_POINT('',#3554);
#3554 = CARTESIAN_POINT('',(5.4,122.6,6.5));
#3555 = SURFACE_CURVE('',#3556,(#3560,#3567),.PCURVE_S1.);
#3556 = LINE('',#3557,#3558);
#3557 = CARTESIAN_POINT('',(5.4,134.,6.5));
#3558 = VECTOR('',#3559,1.);
#3559 = DIRECTION('',(1.110223024625E-16,-1.,0.));
#3560 = PCURVE('',#3429,#3561);
#3561 = DEFINITIONAL_REPRESENTATION('',(#3562),#3566);
#3562 = LINE('',#3563,#3564);
#3563 = CARTESIAN_POINT('',(1.2,0.6));
#3564 = VECTOR('',#3565,1.);
#3565 = DIRECTION('',(0.,1.));
#3566 = ( GEOMETRIC_REPRESENTATION_CONTEXT(2) 
PARAMETRIC_REPRESENTATION_CONTEXT() REPRESENTATION_CONTEXT('2D SPACE',''
  ) );
#3567 = PCURVE('',#3568,#3573);
#3568 = PLANE('',#3569);
#3569 = AXIS2_PLACEMENT_3D('',#3570,#3571,#3572);
#3570 = CARTESIAN_POINT('',(5.4,133.4,5.));
#3571 = DIRECTION('',(-1.,-1.110223024625E-16,0.));
#3572 = DIRECTION('',(0.,0.,1.));
#3573 = DEFINITIONAL_REPRESENTATION('',(#3574),#3578);
#3574 = LINE('',#3575,#3576);
#3575 = CARTESIAN_POINT('',(1.5,0.6));
#3576 = VECTOR('',#3577,1.);
#3577 = DIRECTION('',(0.,-1.));
#3578 = ( GEOMETRIC_REPRESENTATION_CONTEXT(2) 
PARAMETRIC_REPRESENTATION_CONTEXT() REPRESENTATION_CONTEXT('2D SPACE',''
  ) );
#3579 = ORIENTED_EDGE('',*,*,#3580,.F.);
#3580 = EDGE_CURVE('',#3581,#3553,#3583,.T.);
#3581 = VERTEX_POINT('',#3582);
#3582 = CARTESIAN_POINT('',(-5.4,122.6,6.5));
#3583 = SURFACE_CURVE('',#3584,(#3588,#3595),.PCURVE_S1.);
#3584 = LINE('',#3585,#3586);
#3585 = CARTESIAN_POINT('',(6.,122.6,6.5));
#3586 = VECTOR('',#3587,1.);
#3587 = DIRECTION('',(1.,1.110223024625E-16,0.));
#3588 = PCURVE('',#3429,#3589);
#3589 = DEFINITIONAL_REPRESENTATION('',(#3590),#3594);
#3590 = LINE('',#3591,#3592);
#3591 = CARTESIAN_POINT('',(0.6,12.));
#3592 = VECTOR('',#3593,1.);
#3593 = DIRECTION('',(-1.,0.));
#3594 = ( GEOMETRIC_REPRESENTATION_CONTEXT(2) 
PARAMETRIC_REPRESENTATION_CONTEXT() REPRESENTATION_CONTEXT('2D SPACE',''
  ) );
#3595 = PCURVE('',#3596,#3601);
#3596 = PLANE('',#3597);
#3597 = AXIS2_PLACEMENT_3D('',#3598,#3599,#3600);
#3598 = CARTESIAN_POINT('',(5.4,122.6,5.));
#3599 = DIRECTION('',(1.110223024625E-16,-1.,0.));
#3600 = DIRECTION('',(0.,0.,1.));
#3601 = DEFINITIONAL_REPRESENTATION('',(#3602),#3606);
#3602 = LINE('',#3603,#3604);
#3603 = CARTESIAN_POINT('',(1.5,-0.6));
#3604 = VECTOR('',#3605,1.);
#3605 = DIRECTION('',(0.,-1.));
#3606 = ( GEOMETRIC_REPRESENTATION_CONTEXT(2) 
PARAMETRIC_REPRESENTATION_CONTEXT() REPRESENTATION_CONTEXT('2D SPACE',''
  ) );
#3607 = ORIENTED_EDGE('',*,*,#3608,.F.);
#3608 = EDGE_CURVE('',#3609,#3581,#3611,.T.);
#3609 = VERTEX_POINT('',#3610);
#3610 = CARTESIAN_POINT('',(-5.4,131.85778406903,6.5));
#3611 = SURFACE_CURVE('',#3612,(#3616,#3623),.PCURVE_S1.);
#3612 = LINE('',#3613,#3614);
#3613 = CARTESIAN_POINT('',(-5.4,134.,6.5));
#3614 = VECTOR('',#3615,1.);
#3615 = DIRECTION('',(1.110223024625E-16,-1.,0.));
#3616 = PCURVE('',#3429,#3617);
#3617 = DEFINITIONAL_REPRESENTATION('',(#3618),#3622);
#3618 = LINE('',#3619,#3620);
#3619 = CARTESIAN_POINT('',(12.,0.6));
#3620 = VECTOR('',#3621,1.);
#3621 = DIRECTION('',(0.,1.));
#3622 = ( GEOMETRIC_REPRESENTATION_CONTEXT(2) 
PARAMETRIC_REPRESENTATION_CONTEXT() REPRESENTATION_CONTEXT('2D SPACE',''
  ) );
#3623 = PCURVE('',#3624,#3629);
#3624 = PLANE('',#3625);
#3625 = AXIS2_PLACEMENT_3D('',#3626,#3627,#3628);
#3626 = CARTESIAN_POINT('',(-5.4,133.4,5.));
#3627 = DIRECTION('',(-1.,-1.110223024625E-16,0.));
#3628 = DIRECTION('',(0.,0.,1.));
#3629 = DEFINITIONAL_REPRESENTATION('',(#3630),#3634);
#3630 = LINE('',#3631,#3632);
#3631 = CARTESIAN_POINT('',(1.5,0.6));
#3632 = VECTOR('',#3633,1.);
#3633 = DIRECTION('',(0.,-1.));
#3634 = ( GEOMETRIC_REPRESENTATION_CONTEXT(2) 
PARAMETRIC_REPRESENTATION_CONTEXT() REPRESENTATION_CONTEXT('2D SPACE',''
  ) );
#3635 = ORIENTED_EDGE('',*,*,#3636,.T.);
#3636 = EDGE_CURVE('',#3609,#3363,#3637,.T.);
#3637 = SURFACE_CURVE('',#3638,(#3662,#3689),.PCURVE_S1.);
#3638 = B_SPLINE_CURVE_WITH_KNOTS('',8,(#3639,#3640,#3641,#3642,#3643,
    #3644,#3645,#3646,#3647,#3648,#3649,#3650,#3651,#3652,#3653,#3654,
    #3655,#3656,#3657,#3658,#3659,#3660,#3661),.UNSPECIFIED.,.F.,.F.,(9,
    7,7,9),(0.,0.190000266486,0.49997113596,1.),.UNSPECIFIED.);
#3639 = CARTESIAN_POINT('',(6.6,131.29498255213,6.5));
#3640 = CARTESIAN_POINT('',(6.30942572667,131.44483250635,6.5));
#3641 = CARTESIAN_POINT('',(6.015792813292,131.58874577265,6.5));
#3642 = CARTESIAN_POINT('',(5.719130467086,131.72643603173,6.5));
#3643 = CARTESIAN_POINT('',(5.419487388556,131.85760289346,6.5));
#3644 = CARTESIAN_POINT('',(5.116933928587,131.98193720929,6.5));
#3645 = CARTESIAN_POINT('',(4.81156424554,132.09912638476,6.5));
#3646 = CARTESIAN_POINT('',(4.503498462343,132.20885969196,6.5));
#3647 = CARTESIAN_POINT('',(3.686142483405,132.47719616639,6.5));
#3648 = CARTESIAN_POINT('',(3.172504459593,132.62294463237,6.5));
#3649 = CARTESIAN_POINT('',(2.652758218611,132.74670255593,6.5));
#3650 = CARTESIAN_POINT('',(2.127825003688,132.84720861148,6.5));
#3651 = CARTESIAN_POINT('',(1.598770941915,132.92339517628,6.5));
#3652 = CARTESIAN_POINT('',(1.066819885147,132.97446986584,6.5));
#3653 = CARTESIAN_POINT('',(0.533367984724,133.,6.5));
#3654 = CARTESIAN_POINT('',(-0.860401456326,133.,6.5));
#3655 = CARTESIAN_POINT('',(-1.721020928355,132.93356288246,6.5));
#3656 = CARTESIAN_POINT('',(-2.574903003571,132.80063905593,6.5));
#3657 = CARTESIAN_POINT('',(-3.416745585245,132.6042887026,6.5));
#3658 = CARTESIAN_POINT('',(-4.242610218165,132.34963549803,6.5));
#3659 = CARTESIAN_POINT('',(-5.049612677765,132.04254995293,6.5));
#3660 = CARTESIAN_POINT('',(-5.835791786265,131.68908683579,6.5));
#3661 = CARTESIAN_POINT('',(-6.6,131.29498255213,6.5));
#3662 = PCURVE('',#3429,#3663);
#3663 = DEFINITIONAL_REPRESENTATION('',(#3664),#3688);
#3664 = B_SPLINE_CURVE_WITH_KNOTS('',8,(#3665,#3666,#3667,#3668,#3669,
    #3670,#3671,#3672,#3673,#3674,#3675,#3676,#3677,#3678,#3679,#3680,
    #3681,#3682,#3683,#3684,#3685,#3686,#3687),.UNSPECIFIED.,.F.,.F.,(9,
    7,7,9),(0.,0.190000266486,0.49997113596,1.),.UNSPECIFIED.);
#3665 = CARTESIAN_POINT('',(8.881784197001E-16,3.305017447861));
#3666 = CARTESIAN_POINT('',(0.29057427333,3.155167493644));
#3667 = CARTESIAN_POINT('',(0.584207186708,3.011254227348));
#3668 = CARTESIAN_POINT('',(0.880869532914,2.873563968261));
#3669 = CARTESIAN_POINT('',(1.180512611444,2.742397106532));
#3670 = CARTESIAN_POINT('',(1.483066071413,2.618062790704));
#3671 = CARTESIAN_POINT('',(1.78843575446,2.500873615238));
#3672 = CARTESIAN_POINT('',(2.096501537657,2.391140308037));
#3673 = CARTESIAN_POINT('',(2.913857516595,2.122803833601));
#3674 = CARTESIAN_POINT('',(3.427495540407,1.977055367626));
#3675 = CARTESIAN_POINT('',(3.947241781389,1.853297444063));
#3676 = CARTESIAN_POINT('',(4.472174996312,1.752791388518));
#3677 = CARTESIAN_POINT('',(5.001229058085,1.676604823713));
#3678 = CARTESIAN_POINT('',(5.533180114853,1.62553013416));
#3679 = CARTESIAN_POINT('',(6.066632015276,1.6));
#3680 = CARTESIAN_POINT('',(7.460401456326,1.599999999999));
#3681 = CARTESIAN_POINT('',(8.321020928355,1.66643711754));
#3682 = CARTESIAN_POINT('',(9.174903003571,1.799360944066));
#3683 = CARTESIAN_POINT('',(10.016745585245,1.995711297396));
#3684 = CARTESIAN_POINT('',(10.842610218165,2.25036450197));
#3685 = CARTESIAN_POINT('',(11.649612677765,2.557450047066));
#3686 = CARTESIAN_POINT('',(12.435791786265,2.910913164201));
#3687 = CARTESIAN_POINT('',(13.2,3.305017447861));
#3688 = ( GEOMETRIC_REPRESENTATION_CONTEXT(2) 
PARAMETRIC_REPRESENTATION_CONTEXT() REPRESENTATION_CONTEXT('2D SPACE',''
  ) );
#3689 = PCURVE('',#299,#3690);
#3690 = DEFINITIONAL_REPRESENTATION('',(#3691),#3715);
#3691 = B_SPLINE_CURVE_WITH_KNOTS('',8,(#3692,#3693,#3694,#3695,#3696,
    #3697,#3698,#3699,#3700,#3701,#3702,#3703,#3704,#3705,#3706,#3707,
    #3708,#3709,#3710,#3711,#3712,#3713,#3714),.UNSPECIFIED.,.F.,.F.,(9,
    7,7,9),(0.,0.190000266486,0.49997113596,1.),.UNSPECIFIED.);
#3692 = CARTESIAN_POINT('',(6.5,6.111473021829));
#3693 = CARTESIAN_POINT('',(6.5,6.118859647468));
#3694 = CARTESIAN_POINT('',(6.5,6.126341744833));
#3695 = CARTESIAN_POINT('',(6.5,6.133920001994));
#3696 = CARTESIAN_POINT('',(6.5,6.141594548141));
#3697 = CARTESIAN_POINT('',(6.5,6.149364791417));
#3698 = CARTESIAN_POINT('',(6.5,6.157229256756));
#3699 = CARTESIAN_POINT('',(6.5,6.165185423714));
#3700 = CARTESIAN_POINT('',(6.5,6.186352963017));
#3701 = CARTESIAN_POINT('',(6.5,6.199713516706));
#3702 = CARTESIAN_POINT('',(6.5,6.213291066867));
#3703 = CARTESIAN_POINT('',(6.5,6.227059096177));
#3704 = CARTESIAN_POINT('',(6.5,6.240981797388));
#3705 = CARTESIAN_POINT('',(6.5,6.255013511843));
#3706 = CARTESIAN_POINT('',(6.5,6.269100537604));
#3707 = CARTESIAN_POINT('',(6.5,6.305906123955));
#3708 = CARTESIAN_POINT('',(6.5,6.328632629632));
#3709 = CARTESIAN_POINT('',(6.5,6.351116455742));
#3710 = CARTESIAN_POINT('',(6.5,6.373139694553));
#3711 = CARTESIAN_POINT('',(6.5,6.394576396999));
#3712 = CARTESIAN_POINT('',(6.5,6.415363045312));
#3713 = CARTESIAN_POINT('',(6.5,6.435470821123));
#3714 = CARTESIAN_POINT('',(6.5,6.45489759253));
#3715 = ( GEOMETRIC_REPRESENTATION_CONTEXT(2) 
PARAMETRIC_REPRESENTATION_CONTEXT() REPRESENTATION_CONTEXT('2D SPACE',''
  ) );
#3716 = ORIENTED_EDGE('',*,*,#3415,.T.);
#3717 = ORIENTED_EDGE('',*,*,#3718,.F.);
#3718 = EDGE_CURVE('',#3447,#3393,#3719,.T.);
#3719 = SURFACE_CURVE('',#3720,(#3724,#3731),.PCURVE_S1.);
#3720 = LINE('',#3721,#3722);
#3721 = CARTESIAN_POINT('',(6.6,121.4,6.5));
#3722 = VECTOR('',#3723,1.);
#3723 = DIRECTION('',(-1.,-1.110223024625E-16,0.));
#3724 = PCURVE('',#3429,#3725);
#3725 = DEFINITIONAL_REPRESENTATION('',(#3726),#3730);
#3726 = LINE('',#3727,#3728);
#3727 = CARTESIAN_POINT('',(5.773159728051E-16,13.2));
#3728 = VECTOR('',#3729,1.);
#3729 = DIRECTION('',(1.,0.));
#3730 = ( GEOMETRIC_REPRESENTATION_CONTEXT(2) 
PARAMETRIC_REPRESENTATION_CONTEXT() REPRESENTATION_CONTEXT('2D SPACE',''
  ) );
#3731 = PCURVE('',#787,#3732);
#3732 = DEFINITIONAL_REPRESENTATION('',(#3733),#3737);
#3733 = LINE('',#3734,#3735);
#3734 = CARTESIAN_POINT('',(6.5,0.));
#3735 = VECTOR('',#3736,1.);
#3736 = DIRECTION('',(0.,1.));
#3737 = ( GEOMETRIC_REPRESENTATION_CONTEXT(2) 
PARAMETRIC_REPRESENTATION_CONTEXT() REPRESENTATION_CONTEXT('2D SPACE',''
  ) );
#3738 = ADVANCED_FACE('',(#3739),#3568,.T.);
#3739 = FACE_BOUND('',#3740,.T.);
#3740 = EDGE_LOOP('',(#3741,#3770,#3798,#3819));
#3741 = ORIENTED_EDGE('',*,*,#3742,.T.);
#3742 = EDGE_CURVE('',#3470,#3743,#3745,.T.);
#3743 = VERTEX_POINT('',#3744);
#3744 = CARTESIAN_POINT('',(5.4,131.85778406903,5.));
#3745 = SURFACE_CURVE('',#3746,(#3752,#3761),.PCURVE_S1.);
#3746 = B_SPLINE_CURVE_WITH_KNOTS('',4,(#3747,#3748,#3749,#3750,#3751),
  .UNSPECIFIED.,.F.,.F.,(5,5),(0.,1.),.PIECEWISE_BEZIER_KNOTS.);
#3747 = CARTESIAN_POINT('',(5.4,131.85778406903,6.5));
#3748 = CARTESIAN_POINT('',(5.4,131.85778406903,6.125));
#3749 = CARTESIAN_POINT('',(5.4,131.85778406903,5.75));
#3750 = CARTESIAN_POINT('',(5.4,131.85778406903,5.375));
#3751 = CARTESIAN_POINT('',(5.4,131.85778406903,5.));
#3752 = PCURVE('',#3568,#3753);
#3753 = DEFINITIONAL_REPRESENTATION('',(#3754),#3760);
#3754 = B_SPLINE_CURVE_WITH_KNOTS('',4,(#3755,#3756,#3757,#3758,#3759),
  .UNSPECIFIED.,.F.,.F.,(5,5),(0.,1.),.PIECEWISE_BEZIER_KNOTS.);
#3755 = CARTESIAN_POINT('',(1.5,-1.542215930969));
#3756 = CARTESIAN_POINT('',(1.125,-1.542215930969));
#3757 = CARTESIAN_POINT('',(0.75,-1.542215930969));
#3758 = CARTESIAN_POINT('',(0.375,-1.542215930969));
#3759 = CARTESIAN_POINT('',(0.,-1.542215930969));
#3760 = ( GEOMETRIC_REPRESENTATION_CONTEXT(2) 
PARAMETRIC_REPRESENTATION_CONTEXT() REPRESENTATION_CONTEXT('2D SPACE',''
  ) );
#3761 = PCURVE('',#299,#3762);
#3762 = DEFINITIONAL_REPRESENTATION('',(#3763),#3769);
#3763 = B_SPLINE_CURVE_WITH_KNOTS('',4,(#3764,#3765,#3766,#3767,#3768),
  .UNSPECIFIED.,.F.,.F.,(5,5),(0.,1.),.PIECEWISE_BEZIER_KNOTS.);
#3764 = CARTESIAN_POINT('',(6.5,6.142115372285));
#3765 = CARTESIAN_POINT('',(6.125,6.142115372285));
#3766 = CARTESIAN_POINT('',(5.75,6.142115372285));
#3767 = CARTESIAN_POINT('',(5.375,6.142115372285));
#3768 = CARTESIAN_POINT('',(5.,6.142115372285));
#3769 = ( GEOMETRIC_REPRESENTATION_CONTEXT(2) 
PARAMETRIC_REPRESENTATION_CONTEXT() REPRESENTATION_CONTEXT('2D SPACE',''
  ) );
#3770 = ORIENTED_EDGE('',*,*,#3771,.T.);
#3771 = EDGE_CURVE('',#3743,#3772,#3774,.T.);
#3772 = VERTEX_POINT('',#3773);
#3773 = CARTESIAN_POINT('',(5.4,122.6,5.));
#3774 = SURFACE_CURVE('',#3775,(#3779,#3786),.PCURVE_S1.);
#3775 = LINE('',#3776,#3777);
#3776 = CARTESIAN_POINT('',(5.4,133.4,5.));
#3777 = VECTOR('',#3778,1.);
#3778 = DIRECTION('',(1.110223024625E-16,-1.,0.));
#3779 = PCURVE('',#3568,#3780);
#3780 = DEFINITIONAL_REPRESENTATION('',(#3781),#3785);
#3781 = LINE('',#3782,#3783);
#3782 = CARTESIAN_POINT('',(0.,0.));
#3783 = VECTOR('',#3784,1.);
#3784 = DIRECTION('',(0.,-1.));
#3785 = ( GEOMETRIC_REPRESENTATION_CONTEXT(2) 
PARAMETRIC_REPRESENTATION_CONTEXT() REPRESENTATION_CONTEXT('2D SPACE',''
  ) );
#3786 = PCURVE('',#3787,#3792);
#3787 = PLANE('',#3788);
#3788 = AXIS2_PLACEMENT_3D('',#3789,#3790,#3791);
#3789 = CARTESIAN_POINT('',(6.6,134.6,5.));
#3790 = DIRECTION('',(0.,0.,1.));
#3791 = DIRECTION('',(-1.,-1.110223024625E-16,0.));
#3792 = DEFINITIONAL_REPRESENTATION('',(#3793),#3797);
#3793 = LINE('',#3794,#3795);
#3794 = CARTESIAN_POINT('',(1.2,1.2));
#3795 = VECTOR('',#3796,1.);
#3796 = DIRECTION('',(0.,1.));
#3797 = ( GEOMETRIC_REPRESENTATION_CONTEXT(2) 
PARAMETRIC_REPRESENTATION_CONTEXT() REPRESENTATION_CONTEXT('2D SPACE',''
  ) );
#3798 = ORIENTED_EDGE('',*,*,#3799,.T.);
#3799 = EDGE_CURVE('',#3772,#3553,#3800,.T.);
#3800 = SURFACE_CURVE('',#3801,(#3805,#3812),.PCURVE_S1.);
#3801 = LINE('',#3802,#3803);
#3802 = CARTESIAN_POINT('',(5.4,122.6,5.));
#3803 = VECTOR('',#3804,1.);
#3804 = DIRECTION('',(0.,0.,1.));
#3805 = PCURVE('',#3568,#3806);
#3806 = DEFINITIONAL_REPRESENTATION('',(#3807),#3811);
#3807 = LINE('',#3808,#3809);
#3808 = CARTESIAN_POINT('',(0.,-10.8));
#3809 = VECTOR('',#3810,1.);
#3810 = DIRECTION('',(1.,0.));
#3811 = ( GEOMETRIC_REPRESENTATION_CONTEXT(2) 
PARAMETRIC_REPRESENTATION_CONTEXT() REPRESENTATION_CONTEXT('2D SPACE',''
  ) );
#3812 = PCURVE('',#3596,#3813);
#3813 = DEFINITIONAL_REPRESENTATION('',(#3814),#3818);
#3814 = LINE('',#3815,#3816);
#3815 = CARTESIAN_POINT('',(0.,0.));
#3816 = VECTOR('',#3817,1.);
#3817 = DIRECTION('',(1.,0.));
#3818 = ( GEOMETRIC_REPRESENTATION_CONTEXT(2) 
PARAMETRIC_REPRESENTATION_CONTEXT() REPRESENTATION_CONTEXT('2D SPACE',''
  ) );
#3819 = ORIENTED_EDGE('',*,*,#3552,.F.);
#3820 = ADVANCED_FACE('',(#3821),#3787,.T.);
#3821 = FACE_BOUND('',#3822,.T.);
#3822 = EDGE_LOOP('',(#3823,#3848,#3869,#3870));
#3823 = ORIENTED_EDGE('',*,*,#3824,.T.);
#3824 = EDGE_CURVE('',#3825,#3827,#3829,.T.);
#3825 = VERTEX_POINT('',#3826);
#3826 = CARTESIAN_POINT('',(-5.4,131.85778406903,5.));
#3827 = VERTEX_POINT('',#3828);
#3828 = CARTESIAN_POINT('',(-5.4,122.6,5.));
#3829 = SURFACE_CURVE('',#3830,(#3834,#3841),.PCURVE_S1.);
#3830 = LINE('',#3831,#3832);
#3831 = CARTESIAN_POINT('',(-5.4,133.4,5.));
#3832 = VECTOR('',#3833,1.);
#3833 = DIRECTION('',(1.110223024625E-16,-1.,0.));
#3834 = PCURVE('',#3787,#3835);
#3835 = DEFINITIONAL_REPRESENTATION('',(#3836),#3840);
#3836 = LINE('',#3837,#3838);
#3837 = CARTESIAN_POINT('',(12.,1.2));
#3838 = VECTOR('',#3839,1.);
#3839 = DIRECTION('',(0.,1.));
#3840 = ( GEOMETRIC_REPRESENTATION_CONTEXT(2) 
PARAMETRIC_REPRESENTATION_CONTEXT() REPRESENTATION_CONTEXT('2D SPACE',''
  ) );
#3841 = PCURVE('',#3624,#3842);
#3842 = DEFINITIONAL_REPRESENTATION('',(#3843),#3847);
#3843 = LINE('',#3844,#3845);
#3844 = CARTESIAN_POINT('',(0.,0.));
#3845 = VECTOR('',#3846,1.);
#3846 = DIRECTION('',(0.,-1.));
#3847 = ( GEOMETRIC_REPRESENTATION_CONTEXT(2) 
PARAMETRIC_REPRESENTATION_CONTEXT() REPRESENTATION_CONTEXT('2D SPACE',''
  ) );
#3848 = ORIENTED_EDGE('',*,*,#3849,.F.);
#3849 = EDGE_CURVE('',#3772,#3827,#3850,.T.);
#3850 = SURFACE_CURVE('',#3851,(#3855,#3862),.PCURVE_S1.);
#3851 = LINE('',#3852,#3853);
#3852 = CARTESIAN_POINT('',(5.4,122.6,5.));
#3853 = VECTOR('',#3854,1.);
#3854 = DIRECTION('',(-1.,-1.110223024625E-16,0.));
#3855 = PCURVE('',#3787,#3856);
#3856 = DEFINITIONAL_REPRESENTATION('',(#3857),#3861);
#3857 = LINE('',#3858,#3859);
#3858 = CARTESIAN_POINT('',(1.2,12.));
#3859 = VECTOR('',#3860,1.);
#3860 = DIRECTION('',(1.,0.));
#3861 = ( GEOMETRIC_REPRESENTATION_CONTEXT(2) 
PARAMETRIC_REPRESENTATION_CONTEXT() REPRESENTATION_CONTEXT('2D SPACE',''
  ) );
#3862 = PCURVE('',#3596,#3863);
#3863 = DEFINITIONAL_REPRESENTATION('',(#3864),#3868);
#3864 = LINE('',#3865,#3866);
#3865 = CARTESIAN_POINT('',(0.,0.));
#3866 = VECTOR('',#3867,1.);
#3867 = DIRECTION('',(0.,1.));
#3868 = ( GEOMETRIC_REPRESENTATION_CONTEXT(2) 
PARAMETRIC_REPRESENTATION_CONTEXT() REPRESENTATION_CONTEXT('2D SPACE',''
  ) );
#3869 = ORIENTED_EDGE('',*,*,#3771,.F.);
#3870 = ORIENTED_EDGE('',*,*,#3871,.T.);
#3871 = EDGE_CURVE('',#3743,#3825,#3872,.T.);
#3872 = SURFACE_CURVE('',#3873,(#3894,#3918),.PCURVE_S1.);
#3873 = B_SPLINE_CURVE_WITH_KNOTS('',7,(#3874,#3875,#3876,#3877,#3878,
    #3879,#3880,#3881,#3882,#3883,#3884,#3885,#3886,#3887,#3888,#3889,
    #3890,#3891,#3892,#3893),.UNSPECIFIED.,.F.,.F.,(8,6,6,8),(0.,
    0.184243303427,0.500003535104,1.),.UNSPECIFIED.);
#3874 = CARTESIAN_POINT('',(5.4,131.85778406903,5.));
#3875 = CARTESIAN_POINT('',(5.130525019889,131.97158538618,5.));
#3876 = CARTESIAN_POINT('',(4.858687992214,132.07979070044,5.));
#3877 = CARTESIAN_POINT('',(4.584553847073,132.18216348481,5.));
#3878 = CARTESIAN_POINT('',(4.308205844621,132.27846343527,5.));
#3879 = CARTESIAN_POINT('',(4.029747484294,132.36845211777,5.));
#3880 = CARTESIAN_POINT('',(3.749304414023,132.45189861531,5.));
#3881 = CARTESIAN_POINT('',(2.983251957626,132.66001228998,5.));
#3882 = CARTESIAN_POINT('',(2.494020990908,132.77160277797,5.));
#3883 = CARTESIAN_POINT('',(2.000182138452,132.86222623401,5.));
#3884 = CARTESIAN_POINT('',(1.502699814249,132.93092227468,5.));
#3885 = CARTESIAN_POINT('',(1.002665010295,132.97697709074,5.));
#3886 = CARTESIAN_POINT('',(0.501306159731,133.,5.));
#3887 = CARTESIAN_POINT('',(-0.793802646905,133.,5.));
#3888 = CARTESIAN_POINT('',(-1.587851814351,132.94227222536,5.));
#3889 = CARTESIAN_POINT('',(-2.376374551086,132.82675640269,5.));
#3890 = CARTESIAN_POINT('',(-3.154872649255,132.65601476366,5.));
#3891 = CARTESIAN_POINT('',(-3.919904384678,132.43430690328,5.));
#3892 = CARTESIAN_POINT('',(-4.668887810758,132.16653826241,5.));
#3893 = CARTESIAN_POINT('',(-5.4,131.85778406903,5.));
#3894 = PCURVE('',#3787,#3895);
#3895 = DEFINITIONAL_REPRESENTATION('',(#3896),#3917);
#3896 = B_SPLINE_CURVE_WITH_KNOTS('',7,(#3897,#3898,#3899,#3900,#3901,
    #3902,#3903,#3904,#3905,#3906,#3907,#3908,#3909,#3910,#3911,#3912,
    #3913,#3914,#3915,#3916),.UNSPECIFIED.,.F.,.F.,(8,6,6,8),(0.,
    0.184243303427,0.500003535104,1.),.UNSPECIFIED.);
#3897 = CARTESIAN_POINT('',(1.2,2.742215930969));
#3898 = CARTESIAN_POINT('',(1.469474980111,2.628414613816));
#3899 = CARTESIAN_POINT('',(1.741312007786,2.520209299556));
#3900 = CARTESIAN_POINT('',(2.015446152927,2.417836515183));
#3901 = CARTESIAN_POINT('',(2.291794155379,2.321536564729));
#3902 = CARTESIAN_POINT('',(2.570252515706,2.231547882227));
#3903 = CARTESIAN_POINT('',(2.850695585977,2.148101384686));
#3904 = CARTESIAN_POINT('',(3.616748042374,1.939987710011));
#3905 = CARTESIAN_POINT('',(4.105979009092,1.82839722203));
#3906 = CARTESIAN_POINT('',(4.599817861548,1.737773765987));
#3907 = CARTESIAN_POINT('',(5.097300185751,1.66907772532));
#3908 = CARTESIAN_POINT('',(5.597334989706,1.623022909252));
#3909 = CARTESIAN_POINT('',(6.09869384027,1.6));
#3910 = CARTESIAN_POINT('',(7.393802646905,1.599999999999));
#3911 = CARTESIAN_POINT('',(8.187851814351,1.657727774631));
#3912 = CARTESIAN_POINT('',(8.976374551086,1.773243597303));
#3913 = CARTESIAN_POINT('',(9.754872649255,1.943985236337));
#3914 = CARTESIAN_POINT('',(10.519904384678,2.16569309672));
#3915 = CARTESIAN_POINT('',(11.268887810758,2.433461737582));
#3916 = CARTESIAN_POINT('',(12.,2.742215930969));
#3917 = ( GEOMETRIC_REPRESENTATION_CONTEXT(2) 
PARAMETRIC_REPRESENTATION_CONTEXT() REPRESENTATION_CONTEXT('2D SPACE',''
  ) );
#3918 = PCURVE('',#299,#3919);
#3919 = DEFINITIONAL_REPRESENTATION('',(#3920),#3941);
#3920 = B_SPLINE_CURVE_WITH_KNOTS('',7,(#3921,#3922,#3923,#3924,#3925,
    #3926,#3927,#3928,#3929,#3930,#3931,#3932,#3933,#3934,#3935,#3936,
    #3937,#3938,#3939,#3940),.UNSPECIFIED.,.F.,.F.,(8,6,6,8),(0.,
    0.184243303427,0.500003535104,1.),.UNSPECIFIED.);
#3921 = CARTESIAN_POINT('',(5.,6.142115372285));
#3922 = CARTESIAN_POINT('',(5.,6.149028315272));
#3923 = CARTESIAN_POINT('',(5.,6.156018910485));
#3924 = CARTESIAN_POINT('',(5.,6.163086271476));
#3925 = CARTESIAN_POINT('',(5.,6.170228838007));
#3926 = CARTESIAN_POINT('',(5.,6.17744423598));
#3927 = CARTESIAN_POINT('',(5.,6.184729137383));
#3928 = CARTESIAN_POINT('',(5.,6.204675682716));
#3929 = CARTESIAN_POINT('',(5.,6.217464903442));
#3930 = CARTESIAN_POINT('',(5.,6.230422985257));
#3931 = CARTESIAN_POINT('',(5.,6.243517238921));
#3932 = CARTESIAN_POINT('',(5.,6.256707442622));
#3933 = CARTESIAN_POINT('',(5.,6.269947201502));
#3934 = CARTESIAN_POINT('',(5.,6.304147434061));
#3935 = CARTESIAN_POINT('',(5.,6.325116036337));
#3936 = CARTESIAN_POINT('',(5.,6.345884029519));
#3937 = CARTESIAN_POINT('',(5.,6.366267568758));
#3938 = CARTESIAN_POINT('',(5.,6.386160232828));
#3939 = CARTESIAN_POINT('',(5.,6.405499746188));
#3940 = CARTESIAN_POINT('',(5.,6.424255242074));
#3941 = ( GEOMETRIC_REPRESENTATION_CONTEXT(2) 
PARAMETRIC_REPRESENTATION_CONTEXT() REPRESENTATION_CONTEXT('2D SPACE',''
  ) );
#3942 = ADVANCED_FACE('',(#3943),#3596,.F.);
#3943 = FACE_BOUND('',#3944,.F.);
#3944 = EDGE_LOOP('',(#3945,#3966,#3967,#3968));
#3945 = ORIENTED_EDGE('',*,*,#3946,.F.);
#3946 = EDGE_CURVE('',#3827,#3581,#3947,.T.);
#3947 = SURFACE_CURVE('',#3948,(#3952,#3959),.PCURVE_S1.);
#3948 = LINE('',#3949,#3950);
#3949 = CARTESIAN_POINT('',(-5.4,122.6,5.));
#3950 = VECTOR('',#3951,1.);
#3951 = DIRECTION('',(0.,0.,1.));
#3952 = PCURVE('',#3596,#3953);
#3953 = DEFINITIONAL_REPRESENTATION('',(#3954),#3958);
#3954 = LINE('',#3955,#3956);
#3955 = CARTESIAN_POINT('',(0.,10.8));
#3956 = VECTOR('',#3957,1.);
#3957 = DIRECTION('',(1.,0.));
#3958 = ( GEOMETRIC_REPRESENTATION_CONTEXT(2) 
PARAMETRIC_REPRESENTATION_CONTEXT() REPRESENTATION_CONTEXT('2D SPACE',''
  ) );
#3959 = PCURVE('',#3624,#3960);
#3960 = DEFINITIONAL_REPRESENTATION('',(#3961),#3965);
#3961 = LINE('',#3962,#3963);
#3962 = CARTESIAN_POINT('',(0.,-10.8));
#3963 = VECTOR('',#3964,1.);
#3964 = DIRECTION('',(1.,0.));
#3965 = ( GEOMETRIC_REPRESENTATION_CONTEXT(2) 
PARAMETRIC_REPRESENTATION_CONTEXT() REPRESENTATION_CONTEXT('2D SPACE',''
  ) );
#3966 = ORIENTED_EDGE('',*,*,#3849,.F.);
#3967 = ORIENTED_EDGE('',*,*,#3799,.T.);
#3968 = ORIENTED_EDGE('',*,*,#3580,.F.);
#3969 = ADVANCED_FACE('',(#3970),#3624,.F.);
#3970 = FACE_BOUND('',#3971,.F.);
#3971 = EDGE_LOOP('',(#3972,#3999,#4000,#4001));
#3972 = ORIENTED_EDGE('',*,*,#3973,.T.);
#3973 = EDGE_CURVE('',#3609,#3825,#3974,.T.);
#3974 = SURFACE_CURVE('',#3975,(#3981,#3990),.PCURVE_S1.);
#3975 = B_SPLINE_CURVE_WITH_KNOTS('',4,(#3976,#3977,#3978,#3979,#3980),
  .UNSPECIFIED.,.F.,.F.,(5,5),(0.,1.),.PIECEWISE_BEZIER_KNOTS.);
#3976 = CARTESIAN_POINT('',(-5.4,131.85778406903,6.5));
#3977 = CARTESIAN_POINT('',(-5.4,131.85778406903,6.125));
#3978 = CARTESIAN_POINT('',(-5.4,131.85778406903,5.75));
#3979 = CARTESIAN_POINT('',(-5.4,131.85778406903,5.375));
#3980 = CARTESIAN_POINT('',(-5.4,131.85778406903,5.));
#3981 = PCURVE('',#3624,#3982);
#3982 = DEFINITIONAL_REPRESENTATION('',(#3983),#3989);
#3983 = B_SPLINE_CURVE_WITH_KNOTS('',4,(#3984,#3985,#3986,#3987,#3988),
  .UNSPECIFIED.,.F.,.F.,(5,5),(0.,1.),.PIECEWISE_BEZIER_KNOTS.);
#3984 = CARTESIAN_POINT('',(1.5,-1.542215930969));
#3985 = CARTESIAN_POINT('',(1.125,-1.542215930969));
#3986 = CARTESIAN_POINT('',(0.75,-1.542215930969));
#3987 = CARTESIAN_POINT('',(0.375,-1.542215930969));
#3988 = CARTESIAN_POINT('',(0.,-1.542215930969));
#3989 = ( GEOMETRIC_REPRESENTATION_CONTEXT(2) 
PARAMETRIC_REPRESENTATION_CONTEXT() REPRESENTATION_CONTEXT('2D SPACE',''
  ) );
#3990 = PCURVE('',#299,#3991);
#3991 = DEFINITIONAL_REPRESENTATION('',(#3992),#3998);
#3992 = B_SPLINE_CURVE_WITH_KNOTS('',4,(#3993,#3994,#3995,#3996,#3997),
  .UNSPECIFIED.,.F.,.F.,(5,5),(0.,1.),.PIECEWISE_BEZIER_KNOTS.);
#3993 = CARTESIAN_POINT('',(6.5,6.424255242074));
#3994 = CARTESIAN_POINT('',(6.125,6.424255242074));
#3995 = CARTESIAN_POINT('',(5.75,6.424255242074));
#3996 = CARTESIAN_POINT('',(5.375,6.424255242074));
#3997 = CARTESIAN_POINT('',(5.,6.424255242074));
#3998 = ( GEOMETRIC_REPRESENTATION_CONTEXT(2) 
PARAMETRIC_REPRESENTATION_CONTEXT() REPRESENTATION_CONTEXT('2D SPACE',''
  ) );
#3999 = ORIENTED_EDGE('',*,*,#3824,.T.);
#4000 = ORIENTED_EDGE('',*,*,#3946,.T.);
#4001 = ORIENTED_EDGE('',*,*,#3608,.F.);
#4002 = ADVANCED_FACE('',(#4003),#787,.T.);
#4003 = FACE_BOUND('',#4004,.T.);
#4004 = EDGE_LOOP('',(#4005,#4006,#4027,#4028));
#4005 = ORIENTED_EDGE('',*,*,#771,.F.);
#4006 = ORIENTED_EDGE('',*,*,#4007,.F.);
#4007 = EDGE_CURVE('',#3447,#744,#4008,.T.);
#4008 = SURFACE_CURVE('',#4009,(#4013,#4020),.PCURVE_S1.);
#4009 = LINE('',#4010,#4011);
#4010 = CARTESIAN_POINT('',(6.6,121.4,6.5));
#4011 = VECTOR('',#4012,1.);
#4012 = DIRECTION('',(-0.,0.,-1.));
#4013 = PCURVE('',#787,#4014);
#4014 = DEFINITIONAL_REPRESENTATION('',(#4015),#4019);
#4015 = LINE('',#4016,#4017);
#4016 = CARTESIAN_POINT('',(6.5,0.));
#4017 = VECTOR('',#4018,1.);
#4018 = DIRECTION('',(-1.,-0.));
#4019 = ( GEOMETRIC_REPRESENTATION_CONTEXT(2) 
PARAMETRIC_REPRESENTATION_CONTEXT() REPRESENTATION_CONTEXT('2D SPACE',''
  ) );
#4020 = PCURVE('',#759,#4021);
#4021 = DEFINITIONAL_REPRESENTATION('',(#4022),#4026);
#4022 = LINE('',#4023,#4024);
#4023 = CARTESIAN_POINT('',(6.5,-13.2));
#4024 = VECTOR('',#4025,1.);
#4025 = DIRECTION('',(-1.,0.));
#4026 = ( GEOMETRIC_REPRESENTATION_CONTEXT(2) 
PARAMETRIC_REPRESENTATION_CONTEXT() REPRESENTATION_CONTEXT('2D SPACE',''
  ) );
#4027 = ORIENTED_EDGE('',*,*,#3718,.T.);
#4028 = ORIENTED_EDGE('',*,*,#3392,.T.);
#4029 = ADVANCED_FACE('',(#4030),#759,.F.);
#4030 = FACE_BOUND('',#4031,.F.);
#4031 = EDGE_LOOP('',(#4032,#4059,#4060,#4061));
#4032 = ORIENTED_EDGE('',*,*,#4033,.T.);
#4033 = EDGE_CURVE('',#3445,#649,#4034,.T.);
#4034 = SURFACE_CURVE('',#4035,(#4041,#4050),.PCURVE_S1.);
#4035 = B_SPLINE_CURVE_WITH_KNOTS('',4,(#4036,#4037,#4038,#4039,#4040),
  .UNSPECIFIED.,.F.,.F.,(5,5),(0.,1.),.PIECEWISE_BEZIER_KNOTS.);
#4036 = CARTESIAN_POINT('',(6.6,131.29498255213,6.5));
#4037 = CARTESIAN_POINT('',(6.6,131.29498255213,4.875));
#4038 = CARTESIAN_POINT('',(6.6,131.29498255213,3.25));
#4039 = CARTESIAN_POINT('',(6.6,131.29498255213,1.625));
#4040 = CARTESIAN_POINT('',(6.6,131.29498255213,0.));
#4041 = PCURVE('',#759,#4042);
#4042 = DEFINITIONAL_REPRESENTATION('',(#4043),#4049);
#4043 = B_SPLINE_CURVE_WITH_KNOTS('',4,(#4044,#4045,#4046,#4047,#4048),
  .UNSPECIFIED.,.F.,.F.,(5,5),(0.,1.),.PIECEWISE_BEZIER_KNOTS.);
#4044 = CARTESIAN_POINT('',(6.5,-3.305017447861));
#4045 = CARTESIAN_POINT('',(4.875,-3.305017447861));
#4046 = CARTESIAN_POINT('',(3.25,-3.305017447861));
#4047 = CARTESIAN_POINT('',(1.625,-3.305017447861));
#4048 = CARTESIAN_POINT('',(0.,-3.305017447861));
#4049 = ( GEOMETRIC_REPRESENTATION_CONTEXT(2) 
PARAMETRIC_REPRESENTATION_CONTEXT() REPRESENTATION_CONTEXT('2D SPACE',''
  ) );
#4050 = PCURVE('',#299,#4051);
#4051 = DEFINITIONAL_REPRESENTATION('',(#4052),#4058);
#4052 = B_SPLINE_CURVE_WITH_KNOTS('',4,(#4053,#4054,#4055,#4056,#4057),
  .UNSPECIFIED.,.F.,.F.,(5,5),(0.,1.),.PIECEWISE_BEZIER_KNOTS.);
#4053 = CARTESIAN_POINT('',(6.5,6.111473021829));
#4054 = CARTESIAN_POINT('',(4.875,6.111473021829));
#4055 = CARTESIAN_POINT('',(3.25,6.111473021829));
#4056 = CARTESIAN_POINT('',(1.625,6.111473021829));
#4057 = CARTESIAN_POINT('',(0.,6.111473021829));
#4058 = ( GEOMETRIC_REPRESENTATION_CONTEXT(2) 
PARAMETRIC_REPRESENTATION_CONTEXT() REPRESENTATION_CONTEXT('2D SPACE',''
  ) );
#4059 = ORIENTED_EDGE('',*,*,#743,.T.);
#4060 = ORIENTED_EDGE('',*,*,#4007,.F.);
#4061 = ORIENTED_EDGE('',*,*,#3444,.F.);
#4062 = ADVANCED_FACE('',(#4063),#636,.T.);
#4063 = FACE_BOUND('',#4064,.T.);
#4064 = EDGE_LOOP('',(#4065,#4094,#4095,#4118));
#4065 = ORIENTED_EDGE('',*,*,#4066,.T.);
#4066 = EDGE_CURVE('',#4067,#621,#4069,.T.);
#4067 = VERTEX_POINT('',#4068);
#4068 = CARTESIAN_POINT('',(29.705435131203,95.275219703695,6.5));
#4069 = SURFACE_CURVE('',#4070,(#4076,#4085),.PCURVE_S1.);
#4070 = B_SPLINE_CURVE_WITH_KNOTS('',4,(#4071,#4072,#4073,#4074,#4075),
  .UNSPECIFIED.,.F.,.F.,(5,5),(0.,1.),.PIECEWISE_BEZIER_KNOTS.);
#4071 = CARTESIAN_POINT('',(29.705435131203,95.275219703695,6.5));
#4072 = CARTESIAN_POINT('',(29.705435131203,95.275219703695,4.875));
#4073 = CARTESIAN_POINT('',(29.705435131203,95.275219703695,3.25));
#4074 = CARTESIAN_POINT('',(29.705435131203,95.275219703695,1.625));
#4075 = CARTESIAN_POINT('',(29.705435131203,95.275219703695,0.));
#4076 = PCURVE('',#636,#4077);
#4077 = DEFINITIONAL_REPRESENTATION('',(#4078),#4084);
#4078 = B_SPLINE_CURVE_WITH_KNOTS('',4,(#4079,#4080,#4081,#4082,#4083),
  .UNSPECIFIED.,.F.,.F.,(5,5),(0.,1.),.PIECEWISE_BEZIER_KNOTS.);
#4079 = CARTESIAN_POINT('',(6.5,-1.720164957273));
#4080 = CARTESIAN_POINT('',(4.875,-1.720164957273));
#4081 = CARTESIAN_POINT('',(3.25,-1.720164957273));
#4082 = CARTESIAN_POINT('',(1.625,-1.720164957273));
#4083 = CARTESIAN_POINT('',(0.,-1.720164957273));
#4084 = ( GEOMETRIC_REPRESENTATION_CONTEXT(2) 
PARAMETRIC_REPRESENTATION_CONTEXT() REPRESENTATION_CONTEXT('2D SPACE',''
  ) );
#4085 = PCURVE('',#299,#4086);
#4086 = DEFINITIONAL_REPRESENTATION('',(#4087),#4093);
#4087 = B_SPLINE_CURVE_WITH_KNOTS('',4,(#4088,#4089,#4090,#4091,#4092),
  .UNSPECIFIED.,.F.,.F.,(5,5),(0.,1.),.PIECEWISE_BEZIER_KNOTS.);
#4088 = CARTESIAN_POINT('',(6.5,5.500123502307));
#4089 = CARTESIAN_POINT('',(4.875,5.500123502307));
#4090 = CARTESIAN_POINT('',(3.25,5.500123502307));
#4091 = CARTESIAN_POINT('',(1.625,5.500123502307));
#4092 = CARTESIAN_POINT('',(0.,5.500123502307));
#4093 = ( GEOMETRIC_REPRESENTATION_CONTEXT(2) 
PARAMETRIC_REPRESENTATION_CONTEXT() REPRESENTATION_CONTEXT('2D SPACE',''
  ) );
#4094 = ORIENTED_EDGE('',*,*,#620,.T.);
#4095 = ORIENTED_EDGE('',*,*,#4096,.F.);
#4096 = EDGE_CURVE('',#4097,#593,#4099,.T.);
#4097 = VERTEX_POINT('',#4098);
#4098 = CARTESIAN_POINT('',(18.69996779541,92.009289311141,6.5));
#4099 = SURFACE_CURVE('',#4100,(#4104,#4111),.PCURVE_S1.);
#4100 = LINE('',#4101,#4102);
#4101 = CARTESIAN_POINT('',(18.69996779541,92.009289311141,6.5));
#4102 = VECTOR('',#4103,1.);
#4103 = DIRECTION('',(0.,0.,-1.));
#4104 = PCURVE('',#636,#4105);
#4105 = DEFINITIONAL_REPRESENTATION('',(#4106),#4110);
#4106 = LINE('',#4107,#4108);
#4107 = CARTESIAN_POINT('',(6.5,-13.2));
#4108 = VECTOR('',#4109,1.);
#4109 = DIRECTION('',(-1.,0.));
#4110 = ( GEOMETRIC_REPRESENTATION_CONTEXT(2) 
PARAMETRIC_REPRESENTATION_CONTEXT() REPRESENTATION_CONTEXT('2D SPACE',''
  ) );
#4111 = PCURVE('',#608,#4112);
#4112 = DEFINITIONAL_REPRESENTATION('',(#4113),#4117);
#4113 = LINE('',#4114,#4115);
#4114 = CARTESIAN_POINT('',(6.5,13.2));
#4115 = VECTOR('',#4116,1.);
#4116 = DIRECTION('',(-1.,0.));
#4117 = ( GEOMETRIC_REPRESENTATION_CONTEXT(2) 
PARAMETRIC_REPRESENTATION_CONTEXT() REPRESENTATION_CONTEXT('2D SPACE',''
  ) );
#4118 = ORIENTED_EDGE('',*,*,#4119,.F.);
#4119 = EDGE_CURVE('',#4067,#4097,#4120,.T.);
#4120 = SURFACE_CURVE('',#4121,(#4125,#4132),.PCURVE_S1.);
#4121 = LINE('',#4122,#4123);
#4122 = CARTESIAN_POINT('',(31.354519737296,95.764594245512,6.5));
#4123 = VECTOR('',#4124,1.);
#4124 = DIRECTION('',(-0.958678177416,-0.284492798058,0.));
#4125 = PCURVE('',#636,#4126);
#4126 = DEFINITIONAL_REPRESENTATION('',(#4127),#4131);
#4127 = LINE('',#4128,#4129);
#4128 = CARTESIAN_POINT('',(6.5,0.));
#4129 = VECTOR('',#4130,1.);
#4130 = DIRECTION('',(0.,-1.));
#4131 = ( GEOMETRIC_REPRESENTATION_CONTEXT(2) 
PARAMETRIC_REPRESENTATION_CONTEXT() REPRESENTATION_CONTEXT('2D SPACE',''
  ) );
#4132 = PCURVE('',#4133,#4138);
#4133 = PLANE('',#4134);
#4134 = AXIS2_PLACEMENT_3D('',#4135,#4136,#4137);
#4135 = CARTESIAN_POINT('',(35.109824671667,83.110042303626,6.5));
#4136 = DIRECTION('',(0.,0.,1.));
#4137 = DIRECTION('',(-0.284492798058,0.958678177416,0.));
#4138 = DEFINITIONAL_REPRESENTATION('',(#4139),#4143);
#4139 = LINE('',#4140,#4141);
#4140 = CARTESIAN_POINT('',(13.2,-4.440892098501E-16));
#4141 = VECTOR('',#4142,1.);
#4142 = DIRECTION('',(0.,1.));
#4143 = ( GEOMETRIC_REPRESENTATION_CONTEXT(2) 
PARAMETRIC_REPRESENTATION_CONTEXT() REPRESENTATION_CONTEXT('2D SPACE',''
  ) );
#4144 = ADVANCED_FACE('',(#4145),#4133,.T.);
#4145 = FACE_BOUND('',#4146,.T.);
#4146 = EDGE_LOOP('',(#4147,#4172,#4207,#4235,#4263,#4291,#4324,#4325));
#4147 = ORIENTED_EDGE('',*,*,#4148,.F.);
#4148 = EDGE_CURVE('',#4149,#4151,#4153,.T.);
#4149 = VERTEX_POINT('',#4150);
#4150 = CARTESIAN_POINT('',(33.470924564494,82.623690065501,6.5));
#4151 = VERTEX_POINT('',#4152);
#4152 = CARTESIAN_POINT('',(22.455272729781,79.354737369255,6.5));
#4153 = SURFACE_CURVE('',#4154,(#4158,#4165),.PCURVE_S1.);
#4154 = LINE('',#4155,#4156);
#4155 = CARTESIAN_POINT('',(35.109824671667,83.110042303626,6.5));
#4156 = VECTOR('',#4157,1.);
#4157 = DIRECTION('',(-0.958678177416,-0.284492798058,0.));
#4158 = PCURVE('',#4133,#4159);
#4159 = DEFINITIONAL_REPRESENTATION('',(#4160),#4164);
#4160 = LINE('',#4161,#4162);
#4161 = CARTESIAN_POINT('',(0.,0.));
#4162 = VECTOR('',#4163,1.);
#4163 = DIRECTION('',(0.,1.));
#4164 = ( GEOMETRIC_REPRESENTATION_CONTEXT(2) 
PARAMETRIC_REPRESENTATION_CONTEXT() REPRESENTATION_CONTEXT('2D SPACE',''
  ) );
#4165 = PCURVE('',#580,#4166);
#4166 = DEFINITIONAL_REPRESENTATION('',(#4167),#4171);
#4167 = LINE('',#4168,#4169);
#4168 = CARTESIAN_POINT('',(6.5,0.));
#4169 = VECTOR('',#4170,1.);
#4170 = DIRECTION('',(0.,-1.));
#4171 = ( GEOMETRIC_REPRESENTATION_CONTEXT(2) 
PARAMETRIC_REPRESENTATION_CONTEXT() REPRESENTATION_CONTEXT('2D SPACE',''
  ) );
#4172 = ORIENTED_EDGE('',*,*,#4173,.T.);
#4173 = EDGE_CURVE('',#4149,#4174,#4176,.T.);
#4174 = VERTEX_POINT('',#4175);
#4175 = CARTESIAN_POINT('',(33.163718266534,83.784248474905,6.5));
#4176 = SURFACE_CURVE('',#4177,(#4185,#4196),.PCURVE_S1.);
#4177 = B_SPLINE_CURVE_WITH_KNOTS('',6,(#4178,#4179,#4180,#4181,#4182,
    #4183,#4184),.UNSPECIFIED.,.F.,.F.,(7,7),(0.,1.),
  .PIECEWISE_BEZIER_KNOTS.);
#4178 = CARTESIAN_POINT('',(33.470924564494,82.623690065501,6.5));
#4179 = CARTESIAN_POINT('',(32.913791840391,84.752454493422,6.5));
#4180 = CARTESIAN_POINT('',(32.330677050541,86.874390435113,6.5));
#4181 = CARTESIAN_POINT('',(31.720136594211,88.988745512323,6.5));
#4182 = CARTESIAN_POINT('',(31.08048966019,91.094539082158,6.5));
#4183 = CARTESIAN_POINT('',(30.409759627403,93.190545167391,6.5));
#4184 = CARTESIAN_POINT('',(29.705435131203,95.275219703695,6.5));
#4185 = PCURVE('',#4133,#4186);
#4186 = DEFINITIONAL_REPRESENTATION('',(#4187),#4195);
#4187 = B_SPLINE_CURVE_WITH_KNOTS('',6,(#4188,#4189,#4190,#4191,#4192,
    #4193,#4194),.UNSPECIFIED.,.F.,.F.,(7,7),(0.,1.),
  .PIECEWISE_BEZIER_KNOTS.);
#4188 = CARTESIAN_POINT('',(0.,1.709541476777));
#4189 = CARTESIAN_POINT('',(2.199300249477,1.638034312792));
#4190 = CARTESIAN_POINT('',(4.399445888803,1.593378243398));
#4191 = CARTESIAN_POINT('',(6.600126323382,1.577171263306));
#4192 = CARTESIAN_POINT('',(8.800879610953,1.591303715387));
#4193 = CARTESIAN_POINT('',(11.001092768366,1.638019324821));
#4194 = CARTESIAN_POINT('',(13.2,1.720164957273));
#4195 = ( GEOMETRIC_REPRESENTATION_CONTEXT(2) 
PARAMETRIC_REPRESENTATION_CONTEXT() REPRESENTATION_CONTEXT('2D SPACE',''
  ) );
#4196 = PCURVE('',#299,#4197);
#4197 = DEFINITIONAL_REPRESENTATION('',(#4198),#4206);
#4198 = B_SPLINE_CURVE_WITH_KNOTS('',6,(#4199,#4200,#4201,#4202,#4203,
    #4204,#4205),.UNSPECIFIED.,.F.,.F.,(7,7),(0.,1.),
  .PIECEWISE_BEZIER_KNOTS.);
#4199 = CARTESIAN_POINT('',(6.5,5.373727689562));
#4200 = CARTESIAN_POINT('',(6.5,5.393859653847));
#4201 = CARTESIAN_POINT('',(6.5,5.414316884281));
#4202 = CARTESIAN_POINT('',(6.5,5.435131284835));
#4203 = CARTESIAN_POINT('',(6.5,5.456339596179));
#4204 = CARTESIAN_POINT('',(6.5,5.477985087265));
#4205 = CARTESIAN_POINT('',(6.5,5.500123502307));
#4206 = ( GEOMETRIC_REPRESENTATION_CONTEXT(2) 
PARAMETRIC_REPRESENTATION_CONTEXT() REPRESENTATION_CONTEXT('2D SPACE',''
  ) );
#4207 = ORIENTED_EDGE('',*,*,#4208,.T.);
#4208 = EDGE_CURVE('',#4174,#4209,#4211,.T.);
#4209 = VERTEX_POINT('',#4210);
#4210 = CARTESIAN_POINT('',(23.26429518501,80.846542539824,6.5));
#4211 = SURFACE_CURVE('',#4212,(#4216,#4223),.PCURVE_S1.);
#4212 = LINE('',#4213,#4214);
#4213 = CARTESIAN_POINT('',(34.193226407548,84.08976043769,6.5));
#4214 = VECTOR('',#4215,1.);
#4215 = DIRECTION('',(-0.958678177416,-0.284492798058,0.));
#4216 = PCURVE('',#4133,#4217);
#4217 = DEFINITIONAL_REPRESENTATION('',(#4218),#4222);
#4218 = LINE('',#4219,#4220);
#4219 = CARTESIAN_POINT('',(1.2,0.6));
#4220 = VECTOR('',#4221,1.);
#4221 = DIRECTION('',(0.,1.));
#4222 = ( GEOMETRIC_REPRESENTATION_CONTEXT(2) 
PARAMETRIC_REPRESENTATION_CONTEXT() REPRESENTATION_CONTEXT('2D SPACE',''
  ) );
#4223 = PCURVE('',#4224,#4229);
#4224 = PLANE('',#4225);
#4225 = AXIS2_PLACEMENT_3D('',#4226,#4227,#4228);
#4226 = CARTESIAN_POINT('',(33.618019501098,83.919064758855,5.));
#4227 = DIRECTION('',(-0.284492798058,0.958678177416,0.));
#4228 = DIRECTION('',(0.,0.,1.));
#4229 = DEFINITIONAL_REPRESENTATION('',(#4230),#4234);
#4230 = LINE('',#4231,#4232);
#4231 = CARTESIAN_POINT('',(1.5,0.6));
#4232 = VECTOR('',#4233,1.);
#4233 = DIRECTION('',(0.,-1.));
#4234 = ( GEOMETRIC_REPRESENTATION_CONTEXT(2) 
PARAMETRIC_REPRESENTATION_CONTEXT() REPRESENTATION_CONTEXT('2D SPACE',''
  ) );
#4235 = ORIENTED_EDGE('',*,*,#4236,.F.);
#4236 = EDGE_CURVE('',#4237,#4209,#4239,.T.);
#4237 = VERTEX_POINT('',#4238);
#4238 = CARTESIAN_POINT('',(20.191772965979,91.200266855912,6.5));
#4239 = SURFACE_CURVE('',#4240,(#4244,#4251),.PCURVE_S1.);
#4240 = LINE('',#4241,#4242);
#4241 = CARTESIAN_POINT('',(23.434990863845,80.271335633374,6.5));
#4242 = VECTOR('',#4243,1.);
#4243 = DIRECTION('',(0.284492798058,-0.958678177416,0.));
#4244 = PCURVE('',#4133,#4245);
#4245 = DEFINITIONAL_REPRESENTATION('',(#4246),#4250);
#4246 = LINE('',#4247,#4248);
#4247 = CARTESIAN_POINT('',(0.6,12.));
#4248 = VECTOR('',#4249,1.);
#4249 = DIRECTION('',(-1.,0.));
#4250 = ( GEOMETRIC_REPRESENTATION_CONTEXT(2) 
PARAMETRIC_REPRESENTATION_CONTEXT() REPRESENTATION_CONTEXT('2D SPACE',''
  ) );
#4251 = PCURVE('',#4252,#4257);
#4252 = PLANE('',#4253);
#4253 = AXIS2_PLACEMENT_3D('',#4254,#4255,#4256);
#4254 = CARTESIAN_POINT('',(23.26429518501,80.846542539824,5.));
#4255 = DIRECTION('',(-0.958678177416,-0.284492798058,0.));
#4256 = DIRECTION('',(0.,0.,1.));
#4257 = DEFINITIONAL_REPRESENTATION('',(#4258),#4262);
#4258 = LINE('',#4259,#4260);
#4259 = CARTESIAN_POINT('',(1.5,-0.6));
#4260 = VECTOR('',#4261,1.);
#4261 = DIRECTION('',(0.,-1.));
#4262 = ( GEOMETRIC_REPRESENTATION_CONTEXT(2) 
PARAMETRIC_REPRESENTATION_CONTEXT() REPRESENTATION_CONTEXT('2D SPACE',''
  ) );
#4263 = ORIENTED_EDGE('',*,*,#4264,.F.);
#4264 = EDGE_CURVE('',#4265,#4237,#4267,.T.);
#4265 = VERTEX_POINT('',#4266);
#4266 = CARTESIAN_POINT('',(30.085624320125,94.136319351551,6.5));
#4267 = SURFACE_CURVE('',#4268,(#4272,#4279),.PCURVE_S1.);
#4268 = LINE('',#4269,#4270);
#4269 = CARTESIAN_POINT('',(31.120704188517,94.443484753778,6.5));
#4270 = VECTOR('',#4271,1.);
#4271 = DIRECTION('',(-0.958678177416,-0.284492798058,0.));
#4272 = PCURVE('',#4133,#4273);
#4273 = DEFINITIONAL_REPRESENTATION('',(#4274),#4278);
#4274 = LINE('',#4275,#4276);
#4275 = CARTESIAN_POINT('',(12.,0.6));
#4276 = VECTOR('',#4277,1.);
#4277 = DIRECTION('',(0.,1.));
#4278 = ( GEOMETRIC_REPRESENTATION_CONTEXT(2) 
PARAMETRIC_REPRESENTATION_CONTEXT() REPRESENTATION_CONTEXT('2D SPACE',''
  ) );
#4279 = PCURVE('',#4280,#4285);
#4280 = PLANE('',#4281);
#4281 = AXIS2_PLACEMENT_3D('',#4282,#4283,#4284);
#4282 = CARTESIAN_POINT('',(30.545497282067,94.272789074943,5.));
#4283 = DIRECTION('',(-0.284492798058,0.958678177416,0.));
#4284 = DIRECTION('',(0.,0.,1.));
#4285 = DEFINITIONAL_REPRESENTATION('',(#4286),#4290);
#4286 = LINE('',#4287,#4288);
#4287 = CARTESIAN_POINT('',(1.5,0.6));
#4288 = VECTOR('',#4289,1.);
#4289 = DIRECTION('',(0.,-1.));
#4290 = ( GEOMETRIC_REPRESENTATION_CONTEXT(2) 
PARAMETRIC_REPRESENTATION_CONTEXT() REPRESENTATION_CONTEXT('2D SPACE',''
  ) );
#4291 = ORIENTED_EDGE('',*,*,#4292,.T.);
#4292 = EDGE_CURVE('',#4265,#4067,#4293,.T.);
#4293 = SURFACE_CURVE('',#4294,(#4302,#4313),.PCURVE_S1.);
#4294 = B_SPLINE_CURVE_WITH_KNOTS('',6,(#4295,#4296,#4297,#4298,#4299,
    #4300,#4301),.UNSPECIFIED.,.F.,.F.,(7,7),(0.,1.),
  .PIECEWISE_BEZIER_KNOTS.);
#4295 = CARTESIAN_POINT('',(33.470924564494,82.623690065501,6.5));
#4296 = CARTESIAN_POINT('',(32.913791840391,84.752454493422,6.5));
#4297 = CARTESIAN_POINT('',(32.330677050541,86.874390435113,6.5));
#4298 = CARTESIAN_POINT('',(31.720136594211,88.988745512323,6.5));
#4299 = CARTESIAN_POINT('',(31.08048966019,91.094539082158,6.5));
#4300 = CARTESIAN_POINT('',(30.409759627403,93.190545167391,6.5));
#4301 = CARTESIAN_POINT('',(29.705435131203,95.275219703695,6.5));
#4302 = PCURVE('',#4133,#4303);
#4303 = DEFINITIONAL_REPRESENTATION('',(#4304),#4312);
#4304 = B_SPLINE_CURVE_WITH_KNOTS('',6,(#4305,#4306,#4307,#4308,#4309,
    #4310,#4311),.UNSPECIFIED.,.F.,.F.,(7,7),(0.,1.),
  .PIECEWISE_BEZIER_KNOTS.);
#4305 = CARTESIAN_POINT('',(0.,1.709541476777));
#4306 = CARTESIAN_POINT('',(2.199300249477,1.638034312792));
#4307 = CARTESIAN_POINT('',(4.399445888803,1.593378243398));
#4308 = CARTESIAN_POINT('',(6.600126323382,1.577171263306));
#4309 = CARTESIAN_POINT('',(8.800879610953,1.591303715387));
#4310 = CARTESIAN_POINT('',(11.001092768366,1.638019324821));
#4311 = CARTESIAN_POINT('',(13.2,1.720164957273));
#4312 = ( GEOMETRIC_REPRESENTATION_CONTEXT(2) 
PARAMETRIC_REPRESENTATION_CONTEXT() REPRESENTATION_CONTEXT('2D SPACE',''
  ) );
#4313 = PCURVE('',#299,#4314);
#4314 = DEFINITIONAL_REPRESENTATION('',(#4315),#4323);
#4315 = B_SPLINE_CURVE_WITH_KNOTS('',6,(#4316,#4317,#4318,#4319,#4320,
    #4321,#4322),.UNSPECIFIED.,.F.,.F.,(7,7),(0.,1.),
  .PIECEWISE_BEZIER_KNOTS.);
#4316 = CARTESIAN_POINT('',(6.5,5.373727689562));
#4317 = CARTESIAN_POINT('',(6.5,5.393859653847));
#4318 = CARTESIAN_POINT('',(6.5,5.414316884281));
#4319 = CARTESIAN_POINT('',(6.5,5.435131284835));
#4320 = CARTESIAN_POINT('',(6.5,5.456339596179));
#4321 = CARTESIAN_POINT('',(6.5,5.477985087265));
#4322 = CARTESIAN_POINT('',(6.5,5.500123502307));
#4323 = ( GEOMETRIC_REPRESENTATION_CONTEXT(2) 
PARAMETRIC_REPRESENTATION_CONTEXT() REPRESENTATION_CONTEXT('2D SPACE',''
  ) );
#4324 = ORIENTED_EDGE('',*,*,#4119,.T.);
#4325 = ORIENTED_EDGE('',*,*,#4326,.F.);
#4326 = EDGE_CURVE('',#4151,#4097,#4327,.T.);
#4327 = SURFACE_CURVE('',#4328,(#4332,#4339),.PCURVE_S1.);
#4328 = LINE('',#4329,#4330);
#4329 = CARTESIAN_POINT('',(22.455272729781,79.354737369255,6.5));
#4330 = VECTOR('',#4331,1.);
#4331 = DIRECTION('',(-0.284492798058,0.958678177416,0.));
#4332 = PCURVE('',#4133,#4333);
#4333 = DEFINITIONAL_REPRESENTATION('',(#4334),#4338);
#4334 = LINE('',#4335,#4336);
#4335 = CARTESIAN_POINT('',(-3.552713678801E-15,13.2));
#4336 = VECTOR('',#4337,1.);
#4337 = DIRECTION('',(1.,0.));
#4338 = ( GEOMETRIC_REPRESENTATION_CONTEXT(2) 
PARAMETRIC_REPRESENTATION_CONTEXT() REPRESENTATION_CONTEXT('2D SPACE',''
  ) );
#4339 = PCURVE('',#608,#4340);
#4340 = DEFINITIONAL_REPRESENTATION('',(#4341),#4345);
#4341 = LINE('',#4342,#4343);
#4342 = CARTESIAN_POINT('',(6.5,0.));
#4343 = VECTOR('',#4344,1.);
#4344 = DIRECTION('',(0.,1.));
#4345 = ( GEOMETRIC_REPRESENTATION_CONTEXT(2) 
PARAMETRIC_REPRESENTATION_CONTEXT() REPRESENTATION_CONTEXT('2D SPACE',''
  ) );
#4346 = ADVANCED_FACE('',(#4347),#4224,.T.);
#4347 = FACE_BOUND('',#4348,.T.);
#4348 = EDGE_LOOP('',(#4349,#4378,#4406,#4427));
#4349 = ORIENTED_EDGE('',*,*,#4350,.T.);
#4350 = EDGE_CURVE('',#4174,#4351,#4353,.T.);
#4351 = VERTEX_POINT('',#4352);
#4352 = CARTESIAN_POINT('',(33.163718266534,83.784248474905,5.));
#4353 = SURFACE_CURVE('',#4354,(#4360,#4369),.PCURVE_S1.);
#4354 = B_SPLINE_CURVE_WITH_KNOTS('',4,(#4355,#4356,#4357,#4358,#4359),
  .UNSPECIFIED.,.F.,.F.,(5,5),(0.,1.),.PIECEWISE_BEZIER_KNOTS.);
#4355 = CARTESIAN_POINT('',(33.163718266534,83.784248474905,6.5));
#4356 = CARTESIAN_POINT('',(33.163718266534,83.784248474905,6.125));
#4357 = CARTESIAN_POINT('',(33.163718266534,83.784248474905,5.75));
#4358 = CARTESIAN_POINT('',(33.163718266534,83.784248474905,5.375));
#4359 = CARTESIAN_POINT('',(33.163718266534,83.784248474905,5.));
#4360 = PCURVE('',#4224,#4361);
#4361 = DEFINITIONAL_REPRESENTATION('',(#4362),#4368);
#4362 = B_SPLINE_CURVE_WITH_KNOTS('',4,(#4363,#4364,#4365,#4366,#4367),
  .UNSPECIFIED.,.F.,.F.,(5,5),(0.,1.),.PIECEWISE_BEZIER_KNOTS.);
#4363 = CARTESIAN_POINT('',(1.5,-0.473882941394));
#4364 = CARTESIAN_POINT('',(1.125,-0.473882941394));
#4365 = CARTESIAN_POINT('',(0.75,-0.473882941394));
#4366 = CARTESIAN_POINT('',(0.375,-0.473882941394));
#4367 = CARTESIAN_POINT('',(0.,-0.473882941394));
#4368 = ( GEOMETRIC_REPRESENTATION_CONTEXT(2) 
PARAMETRIC_REPRESENTATION_CONTEXT() REPRESENTATION_CONTEXT('2D SPACE',''
  ) );
#4369 = PCURVE('',#299,#4370);
#4370 = DEFINITIONAL_REPRESENTATION('',(#4371),#4377);
#4371 = B_SPLINE_CURVE_WITH_KNOTS('',4,(#4372,#4373,#4374,#4375,#4376),
  .UNSPECIFIED.,.F.,.F.,(5,5),(0.,1.),.PIECEWISE_BEZIER_KNOTS.);
#4372 = CARTESIAN_POINT('',(6.5,5.384752164977));
#4373 = CARTESIAN_POINT('',(6.125,5.384752164977));
#4374 = CARTESIAN_POINT('',(5.75,5.384752164977));
#4375 = CARTESIAN_POINT('',(5.375,5.384752164977));
#4376 = CARTESIAN_POINT('',(5.,5.384752164977));
#4377 = ( GEOMETRIC_REPRESENTATION_CONTEXT(2) 
PARAMETRIC_REPRESENTATION_CONTEXT() REPRESENTATION_CONTEXT('2D SPACE',''
  ) );
#4378 = ORIENTED_EDGE('',*,*,#4379,.T.);
#4379 = EDGE_CURVE('',#4351,#4380,#4382,.T.);
#4380 = VERTEX_POINT('',#4381);
#4381 = CARTESIAN_POINT('',(23.26429518501,80.846542539824,5.));
#4382 = SURFACE_CURVE('',#4383,(#4387,#4394),.PCURVE_S1.);
#4383 = LINE('',#4384,#4385);
#4384 = CARTESIAN_POINT('',(33.618019501098,83.919064758855,5.));
#4385 = VECTOR('',#4386,1.);
#4386 = DIRECTION('',(-0.958678177416,-0.284492798058,0.));
#4387 = PCURVE('',#4224,#4388);
#4388 = DEFINITIONAL_REPRESENTATION('',(#4389),#4393);
#4389 = LINE('',#4390,#4391);
#4390 = CARTESIAN_POINT('',(0.,0.));
#4391 = VECTOR('',#4392,1.);
#4392 = DIRECTION('',(0.,-1.));
#4393 = ( GEOMETRIC_REPRESENTATION_CONTEXT(2) 
PARAMETRIC_REPRESENTATION_CONTEXT() REPRESENTATION_CONTEXT('2D SPACE',''
  ) );
#4394 = PCURVE('',#4395,#4400);
#4395 = PLANE('',#4396);
#4396 = AXIS2_PLACEMENT_3D('',#4397,#4398,#4399);
#4397 = CARTESIAN_POINT('',(35.109824671667,83.110042303626,5.));
#4398 = DIRECTION('',(0.,0.,1.));
#4399 = DIRECTION('',(-0.284492798058,0.958678177416,0.));
#4400 = DEFINITIONAL_REPRESENTATION('',(#4401),#4405);
#4401 = LINE('',#4402,#4403);
#4402 = CARTESIAN_POINT('',(1.2,1.2));
#4403 = VECTOR('',#4404,1.);
#4404 = DIRECTION('',(0.,1.));
#4405 = ( GEOMETRIC_REPRESENTATION_CONTEXT(2) 
PARAMETRIC_REPRESENTATION_CONTEXT() REPRESENTATION_CONTEXT('2D SPACE',''
  ) );
#4406 = ORIENTED_EDGE('',*,*,#4407,.T.);
#4407 = EDGE_CURVE('',#4380,#4209,#4408,.T.);
#4408 = SURFACE_CURVE('',#4409,(#4413,#4420),.PCURVE_S1.);
#4409 = LINE('',#4410,#4411);
#4410 = CARTESIAN_POINT('',(23.26429518501,80.846542539824,5.));
#4411 = VECTOR('',#4412,1.);
#4412 = DIRECTION('',(0.,0.,1.));
#4413 = PCURVE('',#4224,#4414);
#4414 = DEFINITIONAL_REPRESENTATION('',(#4415),#4419);
#4415 = LINE('',#4416,#4417);
#4416 = CARTESIAN_POINT('',(0.,-10.8));
#4417 = VECTOR('',#4418,1.);
#4418 = DIRECTION('',(1.,0.));
#4419 = ( GEOMETRIC_REPRESENTATION_CONTEXT(2) 
PARAMETRIC_REPRESENTATION_CONTEXT() REPRESENTATION_CONTEXT('2D SPACE',''
  ) );
#4420 = PCURVE('',#4252,#4421);
#4421 = DEFINITIONAL_REPRESENTATION('',(#4422),#4426);
#4422 = LINE('',#4423,#4424);
#4423 = CARTESIAN_POINT('',(0.,0.));
#4424 = VECTOR('',#4425,1.);
#4425 = DIRECTION('',(1.,0.));
#4426 = ( GEOMETRIC_REPRESENTATION_CONTEXT(2) 
PARAMETRIC_REPRESENTATION_CONTEXT() REPRESENTATION_CONTEXT('2D SPACE',''
  ) );
#4427 = ORIENTED_EDGE('',*,*,#4208,.F.);
#4428 = ADVANCED_FACE('',(#4429),#4395,.T.);
#4429 = FACE_BOUND('',#4430,.T.);
#4430 = EDGE_LOOP('',(#4431,#4456,#4477,#4478));
#4431 = ORIENTED_EDGE('',*,*,#4432,.T.);
#4432 = EDGE_CURVE('',#4433,#4435,#4437,.T.);
#4433 = VERTEX_POINT('',#4434);
#4434 = CARTESIAN_POINT('',(30.085624320125,94.136319351551,5.));
#4435 = VERTEX_POINT('',#4436);
#4436 = CARTESIAN_POINT('',(20.191772965979,91.200266855912,5.));
#4437 = SURFACE_CURVE('',#4438,(#4442,#4449),.PCURVE_S1.);
#4438 = LINE('',#4439,#4440);
#4439 = CARTESIAN_POINT('',(30.545497282067,94.272789074943,5.));
#4440 = VECTOR('',#4441,1.);
#4441 = DIRECTION('',(-0.958678177416,-0.284492798058,0.));
#4442 = PCURVE('',#4395,#4443);
#4443 = DEFINITIONAL_REPRESENTATION('',(#4444),#4448);
#4444 = LINE('',#4445,#4446);
#4445 = CARTESIAN_POINT('',(12.,1.2));
#4446 = VECTOR('',#4447,1.);
#4447 = DIRECTION('',(0.,1.));
#4448 = ( GEOMETRIC_REPRESENTATION_CONTEXT(2) 
PARAMETRIC_REPRESENTATION_CONTEXT() REPRESENTATION_CONTEXT('2D SPACE',''
  ) );
#4449 = PCURVE('',#4280,#4450);
#4450 = DEFINITIONAL_REPRESENTATION('',(#4451),#4455);
#4451 = LINE('',#4452,#4453);
#4452 = CARTESIAN_POINT('',(0.,0.));
#4453 = VECTOR('',#4454,1.);
#4454 = DIRECTION('',(0.,-1.));
#4455 = ( GEOMETRIC_REPRESENTATION_CONTEXT(2) 
PARAMETRIC_REPRESENTATION_CONTEXT() REPRESENTATION_CONTEXT('2D SPACE',''
  ) );
#4456 = ORIENTED_EDGE('',*,*,#4457,.F.);
#4457 = EDGE_CURVE('',#4380,#4435,#4458,.T.);
#4458 = SURFACE_CURVE('',#4459,(#4463,#4470),.PCURVE_S1.);
#4459 = LINE('',#4460,#4461);
#4460 = CARTESIAN_POINT('',(23.26429518501,80.846542539824,5.));
#4461 = VECTOR('',#4462,1.);
#4462 = DIRECTION('',(-0.284492798058,0.958678177416,0.));
#4463 = PCURVE('',#4395,#4464);
#4464 = DEFINITIONAL_REPRESENTATION('',(#4465),#4469);
#4465 = LINE('',#4466,#4467);
#4466 = CARTESIAN_POINT('',(1.2,12.));
#4467 = VECTOR('',#4468,1.);
#4468 = DIRECTION('',(1.,0.));
#4469 = ( GEOMETRIC_REPRESENTATION_CONTEXT(2) 
PARAMETRIC_REPRESENTATION_CONTEXT() REPRESENTATION_CONTEXT('2D SPACE',''
  ) );
#4470 = PCURVE('',#4252,#4471);
#4471 = DEFINITIONAL_REPRESENTATION('',(#4472),#4476);
#4472 = LINE('',#4473,#4474);
#4473 = CARTESIAN_POINT('',(0.,0.));
#4474 = VECTOR('',#4475,1.);
#4475 = DIRECTION('',(0.,1.));
#4476 = ( GEOMETRIC_REPRESENTATION_CONTEXT(2) 
PARAMETRIC_REPRESENTATION_CONTEXT() REPRESENTATION_CONTEXT('2D SPACE',''
  ) );
#4477 = ORIENTED_EDGE('',*,*,#4379,.F.);
#4478 = ORIENTED_EDGE('',*,*,#4479,.T.);
#4479 = EDGE_CURVE('',#4351,#4433,#4480,.T.);
#4480 = SURFACE_CURVE('',#4481,(#4489,#4500),.PCURVE_S1.);
#4481 = B_SPLINE_CURVE_WITH_KNOTS('',6,(#4482,#4483,#4484,#4485,#4486,
    #4487,#4488),.UNSPECIFIED.,.F.,.F.,(7,7),(0.,1.),
  .PIECEWISE_BEZIER_KNOTS.);
#4482 = CARTESIAN_POINT('',(33.163718266534,83.784248474905,5.));
#4483 = CARTESIAN_POINT('',(32.698149010306,85.523257553451,5.));
#4484 = CARTESIAN_POINT('',(32.214830081274,87.2575033059,5.));
#4485 = CARTESIAN_POINT('',(31.712934863606,88.986539701006,5.));
#4486 = CARTESIAN_POINT('',(31.19152464713,90.709817541152,5.));
#4487 = CARTESIAN_POINT('',(30.649520837553,92.426676204312,5.));
#4488 = CARTESIAN_POINT('',(30.085624320125,94.136319351551,5.));
#4489 = PCURVE('',#4395,#4490);
#4490 = DEFINITIONAL_REPRESENTATION('',(#4491),#4499);
#4491 = B_SPLINE_CURVE_WITH_KNOTS('',6,(#4492,#4493,#4494,#4495,#4496,
    #4497,#4498),.UNSPECIFIED.,.F.,.F.,(7,7),(0.,1.),
  .PIECEWISE_BEZIER_KNOTS.);
#4492 = CARTESIAN_POINT('',(1.2,1.673882941394));
#4493 = CARTESIAN_POINT('',(2.999601154324,1.625478468811));
#4494 = CARTESIAN_POINT('',(4.799685465947,1.595445352171));
#4495 = CARTESIAN_POINT('',(6.600060500699,1.58470294271));
#4496 = CARTESIAN_POINT('',(8.400466811092,1.594307404152));
#4497 = CARTESIAN_POINT('',(10.200577925516,1.625480703516));
#4498 = CARTESIAN_POINT('',(12.,1.679694826455));
#4499 = ( GEOMETRIC_REPRESENTATION_CONTEXT(2) 
PARAMETRIC_REPRESENTATION_CONTEXT() REPRESENTATION_CONTEXT('2D SPACE',''
  ) );
#4500 = PCURVE('',#299,#4501);
#4501 = DEFINITIONAL_REPRESENTATION('',(#4502),#4510);
#4502 = B_SPLINE_CURVE_WITH_KNOTS('',6,(#4503,#4504,#4505,#4506,#4507,
    #4508,#4509),.UNSPECIFIED.,.F.,.F.,(7,7),(0.,1.),
  .PIECEWISE_BEZIER_KNOTS.);
#4503 = CARTESIAN_POINT('',(5.,5.384752164977));
#4504 = CARTESIAN_POINT('',(5.,5.401345859621));
#4505 = CARTESIAN_POINT('',(5.,5.418165180213));
#4506 = CARTESIAN_POINT('',(5.,5.435228339688));
#4507 = CARTESIAN_POINT('',(5.,5.452555891201));
#4508 = CARTESIAN_POINT('',(5.,5.470171470384));
#4509 = CARTESIAN_POINT('',(5.,5.488103844604));
#4510 = ( GEOMETRIC_REPRESENTATION_CONTEXT(2) 
PARAMETRIC_REPRESENTATION_CONTEXT() REPRESENTATION_CONTEXT('2D SPACE',''
  ) );
#4511 = ADVANCED_FACE('',(#4512),#4252,.F.);
#4512 = FACE_BOUND('',#4513,.F.);
#4513 = EDGE_LOOP('',(#4514,#4535,#4536,#4537));
#4514 = ORIENTED_EDGE('',*,*,#4515,.F.);
#4515 = EDGE_CURVE('',#4435,#4237,#4516,.T.);
#4516 = SURFACE_CURVE('',#4517,(#4521,#4528),.PCURVE_S1.);
#4517 = LINE('',#4518,#4519);
#4518 = CARTESIAN_POINT('',(20.191772965979,91.200266855912,5.));
#4519 = VECTOR('',#4520,1.);
#4520 = DIRECTION('',(0.,0.,1.));
#4521 = PCURVE('',#4252,#4522);
#4522 = DEFINITIONAL_REPRESENTATION('',(#4523),#4527);
#4523 = LINE('',#4524,#4525);
#4524 = CARTESIAN_POINT('',(0.,10.8));
#4525 = VECTOR('',#4526,1.);
#4526 = DIRECTION('',(1.,0.));
#4527 = ( GEOMETRIC_REPRESENTATION_CONTEXT(2) 
PARAMETRIC_REPRESENTATION_CONTEXT() REPRESENTATION_CONTEXT('2D SPACE',''
  ) );
#4528 = PCURVE('',#4280,#4529);
#4529 = DEFINITIONAL_REPRESENTATION('',(#4530),#4534);
#4530 = LINE('',#4531,#4532);
#4531 = CARTESIAN_POINT('',(0.,-10.8));
#4532 = VECTOR('',#4533,1.);
#4533 = DIRECTION('',(1.,0.));
#4534 = ( GEOMETRIC_REPRESENTATION_CONTEXT(2) 
PARAMETRIC_REPRESENTATION_CONTEXT() REPRESENTATION_CONTEXT('2D SPACE',''
  ) );
#4535 = ORIENTED_EDGE('',*,*,#4457,.F.);
#4536 = ORIENTED_EDGE('',*,*,#4407,.T.);
#4537 = ORIENTED_EDGE('',*,*,#4236,.F.);
#4538 = ADVANCED_FACE('',(#4539),#4280,.F.);
#4539 = FACE_BOUND('',#4540,.F.);
#4540 = EDGE_LOOP('',(#4541,#4568,#4569,#4570));
#4541 = ORIENTED_EDGE('',*,*,#4542,.T.);
#4542 = EDGE_CURVE('',#4265,#4433,#4543,.T.);
#4543 = SURFACE_CURVE('',#4544,(#4550,#4559),.PCURVE_S1.);
#4544 = B_SPLINE_CURVE_WITH_KNOTS('',4,(#4545,#4546,#4547,#4548,#4549),
  .UNSPECIFIED.,.F.,.F.,(5,5),(0.,1.),.PIECEWISE_BEZIER_KNOTS.);
#4545 = CARTESIAN_POINT('',(30.085624320125,94.136319351551,6.5));
#4546 = CARTESIAN_POINT('',(30.085624320125,94.136319351551,6.125));
#4547 = CARTESIAN_POINT('',(30.085624320125,94.136319351551,5.75));
#4548 = CARTESIAN_POINT('',(30.085624320125,94.136319351551,5.375));
#4549 = CARTESIAN_POINT('',(30.085624320125,94.136319351551,5.));
#4550 = PCURVE('',#4280,#4551);
#4551 = DEFINITIONAL_REPRESENTATION('',(#4552),#4558);
#4552 = B_SPLINE_CURVE_WITH_KNOTS('',4,(#4553,#4554,#4555,#4556,#4557),
  .UNSPECIFIED.,.F.,.F.,(5,5),(0.,1.),.PIECEWISE_BEZIER_KNOTS.);
#4553 = CARTESIAN_POINT('',(1.5,-0.479694826455));
#4554 = CARTESIAN_POINT('',(1.125,-0.479694826455));
#4555 = CARTESIAN_POINT('',(0.75,-0.479694826455));
#4556 = CARTESIAN_POINT('',(0.375,-0.479694826455));
#4557 = CARTESIAN_POINT('',(0.,-0.479694826455));
#4558 = ( GEOMETRIC_REPRESENTATION_CONTEXT(2) 
PARAMETRIC_REPRESENTATION_CONTEXT() REPRESENTATION_CONTEXT('2D SPACE',''
  ) );
#4559 = PCURVE('',#299,#4560);
#4560 = DEFINITIONAL_REPRESENTATION('',(#4561),#4567);
#4561 = B_SPLINE_CURVE_WITH_KNOTS('',4,(#4562,#4563,#4564,#4565,#4566),
  .UNSPECIFIED.,.F.,.F.,(5,5),(0.,1.),.PIECEWISE_BEZIER_KNOTS.);
#4562 = CARTESIAN_POINT('',(6.5,5.488103844604));
#4563 = CARTESIAN_POINT('',(6.125,5.488103844604));
#4564 = CARTESIAN_POINT('',(5.75,5.488103844604));
#4565 = CARTESIAN_POINT('',(5.375,5.488103844604));
#4566 = CARTESIAN_POINT('',(5.,5.488103844604));
#4567 = ( GEOMETRIC_REPRESENTATION_CONTEXT(2) 
PARAMETRIC_REPRESENTATION_CONTEXT() REPRESENTATION_CONTEXT('2D SPACE',''
  ) );
#4568 = ORIENTED_EDGE('',*,*,#4432,.T.);
#4569 = ORIENTED_EDGE('',*,*,#4515,.T.);
#4570 = ORIENTED_EDGE('',*,*,#4264,.F.);
#4571 = ADVANCED_FACE('',(#4572),#608,.T.);
#4572 = FACE_BOUND('',#4573,.T.);
#4573 = EDGE_LOOP('',(#4574,#4575,#4596,#4597));
#4574 = ORIENTED_EDGE('',*,*,#592,.F.);
#4575 = ORIENTED_EDGE('',*,*,#4576,.F.);
#4576 = EDGE_CURVE('',#4151,#565,#4577,.T.);
#4577 = SURFACE_CURVE('',#4578,(#4582,#4589),.PCURVE_S1.);
#4578 = LINE('',#4579,#4580);
#4579 = CARTESIAN_POINT('',(22.455272729781,79.354737369255,6.5));
#4580 = VECTOR('',#4581,1.);
#4581 = DIRECTION('',(0.,0.,-1.));
#4582 = PCURVE('',#608,#4583);
#4583 = DEFINITIONAL_REPRESENTATION('',(#4584),#4588);
#4584 = LINE('',#4585,#4586);
#4585 = CARTESIAN_POINT('',(6.5,0.));
#4586 = VECTOR('',#4587,1.);
#4587 = DIRECTION('',(-1.,0.));
#4588 = ( GEOMETRIC_REPRESENTATION_CONTEXT(2) 
PARAMETRIC_REPRESENTATION_CONTEXT() REPRESENTATION_CONTEXT('2D SPACE',''
  ) );
#4589 = PCURVE('',#580,#4590);
#4590 = DEFINITIONAL_REPRESENTATION('',(#4591),#4595);
#4591 = LINE('',#4592,#4593);
#4592 = CARTESIAN_POINT('',(6.5,-13.2));
#4593 = VECTOR('',#4594,1.);
#4594 = DIRECTION('',(-1.,0.));
#4595 = ( GEOMETRIC_REPRESENTATION_CONTEXT(2) 
PARAMETRIC_REPRESENTATION_CONTEXT() REPRESENTATION_CONTEXT('2D SPACE',''
  ) );
#4596 = ORIENTED_EDGE('',*,*,#4326,.T.);
#4597 = ORIENTED_EDGE('',*,*,#4096,.T.);
#4598 = ADVANCED_FACE('',(#4599),#580,.F.);
#4599 = FACE_BOUND('',#4600,.F.);
#4600 = EDGE_LOOP('',(#4601,#4628,#4629,#4630));
#4601 = ORIENTED_EDGE('',*,*,#4602,.T.);
#4602 = EDGE_CURVE('',#4149,#470,#4603,.T.);
#4603 = SURFACE_CURVE('',#4604,(#4610,#4619),.PCURVE_S1.);
#4604 = B_SPLINE_CURVE_WITH_KNOTS('',4,(#4605,#4606,#4607,#4608,#4609),
  .UNSPECIFIED.,.F.,.F.,(5,5),(0.,1.),.PIECEWISE_BEZIER_KNOTS.);
#4605 = CARTESIAN_POINT('',(33.470924564494,82.623690065501,6.5));
#4606 = CARTESIAN_POINT('',(33.470924564494,82.623690065501,4.875));
#4607 = CARTESIAN_POINT('',(33.470924564494,82.623690065501,3.25));
#4608 = CARTESIAN_POINT('',(33.470924564494,82.623690065501,1.625));
#4609 = CARTESIAN_POINT('',(33.470924564494,82.623690065501,0.));
#4610 = PCURVE('',#580,#4611);
#4611 = DEFINITIONAL_REPRESENTATION('',(#4612),#4618);
#4612 = B_SPLINE_CURVE_WITH_KNOTS('',4,(#4613,#4614,#4615,#4616,#4617),
  .UNSPECIFIED.,.F.,.F.,(5,5),(0.,1.),.PIECEWISE_BEZIER_KNOTS.);
#4613 = CARTESIAN_POINT('',(6.5,-1.709541476777));
#4614 = CARTESIAN_POINT('',(4.875,-1.709541476777));
#4615 = CARTESIAN_POINT('',(3.25,-1.709541476777));
#4616 = CARTESIAN_POINT('',(1.625,-1.709541476777));
#4617 = CARTESIAN_POINT('',(0.,-1.709541476777));
#4618 = ( GEOMETRIC_REPRESENTATION_CONTEXT(2) 
PARAMETRIC_REPRESENTATION_CONTEXT() REPRESENTATION_CONTEXT('2D SPACE',''
  ) );
#4619 = PCURVE('',#299,#4620);
#4620 = DEFINITIONAL_REPRESENTATION('',(#4621),#4627);
#4621 = B_SPLINE_CURVE_WITH_KNOTS('',4,(#4622,#4623,#4624,#4625,#4626),
  .UNSPECIFIED.,.F.,.F.,(5,5),(0.,1.),.PIECEWISE_BEZIER_KNOTS.);
#4622 = CARTESIAN_POINT('',(6.5,5.373727689562));
#4623 = CARTESIAN_POINT('',(4.875,5.373727689562));
#4624 = CARTESIAN_POINT('',(3.25,5.373727689562));
#4625 = CARTESIAN_POINT('',(1.625,5.373727689562));
#4626 = CARTESIAN_POINT('',(0.,5.373727689562));
#4627 = ( GEOMETRIC_REPRESENTATION_CONTEXT(2) 
PARAMETRIC_REPRESENTATION_CONTEXT() REPRESENTATION_CONTEXT('2D SPACE',''
  ) );
#4628 = ORIENTED_EDGE('',*,*,#564,.T.);
#4629 = ORIENTED_EDGE('',*,*,#4576,.F.);
#4630 = ORIENTED_EDGE('',*,*,#4148,.F.);
#4631 = ADVANCED_FACE('',(#4632),#457,.T.);
#4632 = FACE_BOUND('',#4633,.T.);
#4633 = EDGE_LOOP('',(#4634,#4663,#4664,#4687));
#4634 = ORIENTED_EDGE('',*,*,#4635,.T.);
#4635 = EDGE_CURVE('',#4636,#442,#4638,.T.);
#4636 = VERTEX_POINT('',#4637);
#4637 = CARTESIAN_POINT('',(41.295813518734,36.601007022582,6.5));
#4638 = SURFACE_CURVE('',#4639,(#4645,#4654),.PCURVE_S1.);
#4639 = B_SPLINE_CURVE_WITH_KNOTS('',4,(#4640,#4641,#4642,#4643,#4644),
  .UNSPECIFIED.,.F.,.F.,(5,5),(0.,1.),.PIECEWISE_BEZIER_KNOTS.);
#4640 = CARTESIAN_POINT('',(41.295813518734,36.601007022582,6.5));
#4641 = CARTESIAN_POINT('',(41.295813518734,36.601007022582,4.875));
#4642 = CARTESIAN_POINT('',(41.295813518734,36.601007022582,3.25));
#4643 = CARTESIAN_POINT('',(41.295813518734,36.601007022582,1.625));
#4644 = CARTESIAN_POINT('',(41.295813518734,36.601007022582,0.));
#4645 = PCURVE('',#457,#4646);
#4646 = DEFINITIONAL_REPRESENTATION('',(#4647),#4653);
#4647 = B_SPLINE_CURVE_WITH_KNOTS('',4,(#4648,#4649,#4650,#4651,#4652),
  .UNSPECIFIED.,.F.,.F.,(5,5),(0.,1.),.PIECEWISE_BEZIER_KNOTS.);
#4648 = CARTESIAN_POINT('',(6.5,-1.658873390188));
#4649 = CARTESIAN_POINT('',(4.875,-1.658873390188));
#4650 = CARTESIAN_POINT('',(3.25,-1.658873390188));
#4651 = CARTESIAN_POINT('',(1.625,-1.658873390188));
#4652 = CARTESIAN_POINT('',(0.,-1.658873390188));
#4653 = ( GEOMETRIC_REPRESENTATION_CONTEXT(2) 
PARAMETRIC_REPRESENTATION_CONTEXT() REPRESENTATION_CONTEXT('2D SPACE',''
  ) );
#4654 = PCURVE('',#299,#4655);
#4655 = DEFINITIONAL_REPRESENTATION('',(#4656),#4662);
#4656 = B_SPLINE_CURVE_WITH_KNOTS('',4,(#4657,#4658,#4659,#4660,#4661),
  .UNSPECIFIED.,.F.,.F.,(5,5),(0.,1.),.PIECEWISE_BEZIER_KNOTS.);
#4657 = CARTESIAN_POINT('',(6.5,4.987580545124));
#4658 = CARTESIAN_POINT('',(4.875,4.987580545124));
#4659 = CARTESIAN_POINT('',(3.25,4.987580545124));
#4660 = CARTESIAN_POINT('',(1.625,4.987580545124));
#4661 = CARTESIAN_POINT('',(0.,4.987580545124));
#4662 = ( GEOMETRIC_REPRESENTATION_CONTEXT(2) 
PARAMETRIC_REPRESENTATION_CONTEXT() REPRESENTATION_CONTEXT('2D SPACE',''
  ) );
#4663 = ORIENTED_EDGE('',*,*,#441,.T.);
#4664 = ORIENTED_EDGE('',*,*,#4665,.F.);
#4665 = EDGE_CURVE('',#4666,#414,#4668,.T.);
#4666 = VERTEX_POINT('',#4667);
#4667 = CARTESIAN_POINT('',(29.788651856595,35.716228007736,6.5));
#4668 = SURFACE_CURVE('',#4669,(#4673,#4680),.PCURVE_S1.);
#4669 = LINE('',#4670,#4671);
#4670 = CARTESIAN_POINT('',(29.788651856595,35.716228007736,6.5));
#4671 = VECTOR('',#4672,1.);
#4672 = DIRECTION('',(0.,0.,-1.));
#4673 = PCURVE('',#457,#4674);
#4674 = DEFINITIONAL_REPRESENTATION('',(#4675),#4679);
#4675 = LINE('',#4676,#4677);
#4676 = CARTESIAN_POINT('',(6.5,-13.2));
#4677 = VECTOR('',#4678,1.);
#4678 = DIRECTION('',(-1.,0.));
#4679 = ( GEOMETRIC_REPRESENTATION_CONTEXT(2) 
PARAMETRIC_REPRESENTATION_CONTEXT() REPRESENTATION_CONTEXT('2D SPACE',''
  ) );
#4680 = PCURVE('',#429,#4681);
#4681 = DEFINITIONAL_REPRESENTATION('',(#4682),#4686);
#4682 = LINE('',#4683,#4684);
#4683 = CARTESIAN_POINT('',(6.5,13.2));
#4684 = VECTOR('',#4685,1.);
#4685 = DIRECTION('',(-1.,0.));
#4686 = ( GEOMETRIC_REPRESENTATION_CONTEXT(2) 
PARAMETRIC_REPRESENTATION_CONTEXT() REPRESENTATION_CONTEXT('2D SPACE',''
  ) );
#4687 = ORIENTED_EDGE('',*,*,#4688,.F.);
#4688 = EDGE_CURVE('',#4636,#4666,#4689,.T.);
#4689 = SURFACE_CURVE('',#4690,(#4694,#4701),.PCURVE_S1.);
#4690 = LINE('',#4691,#4692);
#4691 = CARTESIAN_POINT('',(42.949804929042,36.728181466945,6.5));
#4692 = VECTOR('',#4693,1.);
#4693 = DIRECTION('',(-0.997057050943,-7.666314084913E-02,0.));
#4694 = PCURVE('',#457,#4695);
#4695 = DEFINITIONAL_REPRESENTATION('',(#4696),#4700);
#4696 = LINE('',#4697,#4698);
#4697 = CARTESIAN_POINT('',(6.5,0.));
#4698 = VECTOR('',#4699,1.);
#4699 = DIRECTION('',(0.,-1.));
#4700 = ( GEOMETRIC_REPRESENTATION_CONTEXT(2) 
PARAMETRIC_REPRESENTATION_CONTEXT() REPRESENTATION_CONTEXT('2D SPACE',''
  ) );
#4701 = PCURVE('',#4702,#4707);
#4702 = PLANE('',#4703);
#4703 = AXIS2_PLACEMENT_3D('',#4704,#4705,#4706);
#4704 = CARTESIAN_POINT('',(43.961758388251,23.567028394497,6.5));
#4705 = DIRECTION('',(0.,0.,1.));
#4706 = DIRECTION('',(-7.666314084913E-02,0.997057050943,0.));
#4707 = DEFINITIONAL_REPRESENTATION('',(#4708),#4712);
#4708 = LINE('',#4709,#4710);
#4709 = CARTESIAN_POINT('',(13.2,-2.886579864025E-15));
#4710 = VECTOR('',#4711,1.);
#4711 = DIRECTION('',(0.,1.));
#4712 = ( GEOMETRIC_REPRESENTATION_CONTEXT(2) 
PARAMETRIC_REPRESENTATION_CONTEXT() REPRESENTATION_CONTEXT('2D SPACE',''
  ) );
#4713 = ADVANCED_FACE('',(#4714),#4702,.T.);
#4714 = FACE_BOUND('',#4715,.T.);
#4715 = EDGE_LOOP('',(#4716,#4741,#4773,#4801,#4829,#4857,#4887,#4888));
#4716 = ORIENTED_EDGE('',*,*,#4717,.F.);
#4717 = EDGE_CURVE('',#4718,#4720,#4722,.T.);
#4718 = VERTEX_POINT('',#4719);
#4719 = CARTESIAN_POINT('',(42.308961072395,23.439945763367,6.5));
#4720 = VERTEX_POINT('',#4721);
#4721 = CARTESIAN_POINT('',(30.800605315803,22.555074935289,6.5));
#4722 = SURFACE_CURVE('',#4723,(#4727,#4734),.PCURVE_S1.);
#4723 = LINE('',#4724,#4725);
#4724 = CARTESIAN_POINT('',(43.961758388251,23.567028394497,6.5));
#4725 = VECTOR('',#4726,1.);
#4726 = DIRECTION('',(-0.997057050943,-7.666314084913E-02,0.));
#4727 = PCURVE('',#4702,#4728);
#4728 = DEFINITIONAL_REPRESENTATION('',(#4729),#4733);
#4729 = LINE('',#4730,#4731);
#4730 = CARTESIAN_POINT('',(0.,0.));
#4731 = VECTOR('',#4732,1.);
#4732 = DIRECTION('',(0.,1.));
#4733 = ( GEOMETRIC_REPRESENTATION_CONTEXT(2) 
PARAMETRIC_REPRESENTATION_CONTEXT() REPRESENTATION_CONTEXT('2D SPACE',''
  ) );
#4734 = PCURVE('',#401,#4735);
#4735 = DEFINITIONAL_REPRESENTATION('',(#4736),#4740);
#4736 = LINE('',#4737,#4738);
#4737 = CARTESIAN_POINT('',(6.5,0.));
#4738 = VECTOR('',#4739,1.);
#4739 = DIRECTION('',(0.,-1.));
#4740 = ( GEOMETRIC_REPRESENTATION_CONTEXT(2) 
PARAMETRIC_REPRESENTATION_CONTEXT() REPRESENTATION_CONTEXT('2D SPACE',''
  ) );
#4741 = ORIENTED_EDGE('',*,*,#4742,.T.);
#4742 = EDGE_CURVE('',#4718,#4743,#4745,.T.);
#4743 = VERTEX_POINT('',#4744);
#4744 = CARTESIAN_POINT('',(42.235900115679,24.637870111282,6.5));
#4745 = SURFACE_CURVE('',#4746,(#4753,#4763),.PCURVE_S1.);
#4746 = B_SPLINE_CURVE_WITH_KNOTS('',5,(#4747,#4748,#4749,#4750,#4751,
    #4752),.UNSPECIFIED.,.F.,.F.,(6,6),(0.,1.),
  .PIECEWISE_BEZIER_KNOTS.);
#4747 = CARTESIAN_POINT('',(42.308961072395,23.439945763367,6.5));
#4748 = CARTESIAN_POINT('',(42.152357316184,26.075435919396,6.5));
#4749 = CARTESIAN_POINT('',(41.973134155635,28.709579931935,6.5));
#4750 = CARTESIAN_POINT('',(41.77095379473,31.342101953581,6.5));
#4751 = CARTESIAN_POINT('',(41.545373616477,33.972692742281,6.5));
#4752 = CARTESIAN_POINT('',(41.295813518734,36.601007022582,6.5));
#4753 = PCURVE('',#4702,#4754);
#4754 = DEFINITIONAL_REPRESENTATION('',(#4755),#4762);
#4755 = B_SPLINE_CURVE_WITH_KNOTS('',5,(#4756,#4757,#4758,#4759,#4760,
    #4761),.UNSPECIFIED.,.F.,.F.,(6,6),(0.,1.),
  .PIECEWISE_BEZIER_KNOTS.);
#4756 = CARTESIAN_POINT('',(0.,1.657675771203));
#4757 = CARTESIAN_POINT('',(2.639739778579,1.6117736975));
#4758 = CARTESIAN_POINT('',(5.279871449882,1.588527659968));
#4759 = CARTESIAN_POINT('',(7.920145874811,1.588295607836));
#4760 = CARTESIAN_POINT('',(10.560288653809,1.611542562965));
#4761 = CARTESIAN_POINT('',(13.2,1.658873390188));
#4762 = ( GEOMETRIC_REPRESENTATION_CONTEXT(2) 
PARAMETRIC_REPRESENTATION_CONTEXT() REPRESENTATION_CONTEXT('2D SPACE',''
  ) );
#4763 = PCURVE('',#299,#4764);
#4764 = DEFINITIONAL_REPRESENTATION('',(#4765),#4772);
#4765 = B_SPLINE_CURVE_WITH_KNOTS('',5,(#4766,#4767,#4768,#4769,#4770,
    #4771),.UNSPECIFIED.,.F.,.F.,(6,6),(0.,1.),
  .PIECEWISE_BEZIER_KNOTS.);
#4766 = CARTESIAN_POINT('',(6.5,4.887277320817));
#4767 = CARTESIAN_POINT('',(6.5,4.907147605755));
#4768 = CARTESIAN_POINT('',(6.5,4.927096510563));
#4769 = CARTESIAN_POINT('',(6.5,4.947140022923));
#4770 = CARTESIAN_POINT('',(6.5,4.967295072509));
#4771 = CARTESIAN_POINT('',(6.5,4.987580545124));
#4772 = ( GEOMETRIC_REPRESENTATION_CONTEXT(2) 
PARAMETRIC_REPRESENTATION_CONTEXT() REPRESENTATION_CONTEXT('2D SPACE',''
  ) );
#4773 = ORIENTED_EDGE('',*,*,#4774,.T.);
#4774 = EDGE_CURVE('',#4743,#4775,#4777,.T.);
#4775 = VERTEX_POINT('',#4776);
#4776 = CARTESIAN_POINT('',(31.905078007916,23.843539165439,6.5));
#4777 = SURFACE_CURVE('',#4778,(#4782,#4789),.PCURVE_S1.);
#4778 = LINE('',#4779,#4780);
#4779 = CARTESIAN_POINT('',(43.271528388666,24.717498971119,6.5));
#4780 = VECTOR('',#4781,1.);
#4781 = DIRECTION('',(-0.997057050943,-7.666314084913E-02,0.));
#4782 = PCURVE('',#4702,#4783);
#4783 = DEFINITIONAL_REPRESENTATION('',(#4784),#4788);
#4784 = LINE('',#4785,#4786);
#4785 = CARTESIAN_POINT('',(1.2,0.6));
#4786 = VECTOR('',#4787,1.);
#4787 = DIRECTION('',(0.,1.));
#4788 = ( GEOMETRIC_REPRESENTATION_CONTEXT(2) 
PARAMETRIC_REPRESENTATION_CONTEXT() REPRESENTATION_CONTEXT('2D SPACE',''
  ) );
#4789 = PCURVE('',#4790,#4795);
#4790 = PLANE('',#4791);
#4791 = AXIS2_PLACEMENT_3D('',#4792,#4793,#4794);
#4792 = CARTESIAN_POINT('',(42.6732941581,24.67150108661,5.));
#4793 = DIRECTION('',(-7.666314084913E-02,0.997057050943,0.));
#4794 = DIRECTION('',(0.,0.,1.));
#4795 = DEFINITIONAL_REPRESENTATION('',(#4796),#4800);
#4796 = LINE('',#4797,#4798);
#4797 = CARTESIAN_POINT('',(1.5,0.6));
#4798 = VECTOR('',#4799,1.);
#4799 = DIRECTION('',(0.,-1.));
#4800 = ( GEOMETRIC_REPRESENTATION_CONTEXT(2) 
PARAMETRIC_REPRESENTATION_CONTEXT() REPRESENTATION_CONTEXT('2D SPACE',''
  ) );
#4801 = ORIENTED_EDGE('',*,*,#4802,.F.);
#4802 = EDGE_CURVE('',#4803,#4775,#4805,.T.);
#4803 = VERTEX_POINT('',#4804);
#4804 = CARTESIAN_POINT('',(31.077116086745,34.611755315623,6.5));
#4805 = SURFACE_CURVE('',#4806,(#4810,#4817),.PCURVE_S1.);
#4806 = LINE('',#4807,#4808);
#4807 = CARTESIAN_POINT('',(31.951075892426,23.245304934873,6.5));
#4808 = VECTOR('',#4809,1.);
#4809 = DIRECTION('',(7.666314084913E-02,-0.997057050943,0.));
#4810 = PCURVE('',#4702,#4811);
#4811 = DEFINITIONAL_REPRESENTATION('',(#4812),#4816);
#4812 = LINE('',#4813,#4814);
#4813 = CARTESIAN_POINT('',(0.6,12.));
#4814 = VECTOR('',#4815,1.);
#4815 = DIRECTION('',(-1.,0.));
#4816 = ( GEOMETRIC_REPRESENTATION_CONTEXT(2) 
PARAMETRIC_REPRESENTATION_CONTEXT() REPRESENTATION_CONTEXT('2D SPACE',''
  ) );
#4817 = PCURVE('',#4818,#4823);
#4818 = PLANE('',#4819);
#4819 = AXIS2_PLACEMENT_3D('',#4820,#4821,#4822);
#4820 = CARTESIAN_POINT('',(31.905078007916,23.843539165439,5.));
#4821 = DIRECTION('',(-0.997057050943,-7.666314084913E-02,0.));
#4822 = DIRECTION('',(0.,0.,1.));
#4823 = DEFINITIONAL_REPRESENTATION('',(#4824),#4828);
#4824 = LINE('',#4825,#4826);
#4825 = CARTESIAN_POINT('',(1.5,-0.6));
#4826 = VECTOR('',#4827,1.);
#4827 = DIRECTION('',(0.,-1.));
#4828 = ( GEOMETRIC_REPRESENTATION_CONTEXT(2) 
PARAMETRIC_REPRESENTATION_CONTEXT() REPRESENTATION_CONTEXT('2D SPACE',''
  ) );
#4829 = ORIENTED_EDGE('',*,*,#4830,.F.);
#4830 = EDGE_CURVE('',#4831,#4803,#4833,.T.);
#4831 = VERTEX_POINT('',#4832);
#4832 = CARTESIAN_POINT('',(41.407281345891,35.406035756755,6.5));
#4833 = SURFACE_CURVE('',#4834,(#4838,#4845),.PCURVE_S1.);
#4834 = LINE('',#4835,#4836);
#4835 = CARTESIAN_POINT('',(42.443566467496,35.485715121304,6.5));
#4836 = VECTOR('',#4837,1.);
#4837 = DIRECTION('',(-0.997057050943,-7.666314084913E-02,0.));
#4838 = PCURVE('',#4702,#4839);
#4839 = DEFINITIONAL_REPRESENTATION('',(#4840),#4844);
#4840 = LINE('',#4841,#4842);
#4841 = CARTESIAN_POINT('',(12.,0.6));
#4842 = VECTOR('',#4843,1.);
#4843 = DIRECTION('',(0.,1.));
#4844 = ( GEOMETRIC_REPRESENTATION_CONTEXT(2) 
PARAMETRIC_REPRESENTATION_CONTEXT() REPRESENTATION_CONTEXT('2D SPACE',''
  ) );
#4845 = PCURVE('',#4846,#4851);
#4846 = PLANE('',#4847);
#4847 = AXIS2_PLACEMENT_3D('',#4848,#4849,#4850);
#4848 = CARTESIAN_POINT('',(41.84533223693,35.439717236794,5.));
#4849 = DIRECTION('',(-7.666314084913E-02,0.997057050943,0.));
#4850 = DIRECTION('',(0.,0.,1.));
#4851 = DEFINITIONAL_REPRESENTATION('',(#4852),#4856);
#4852 = LINE('',#4853,#4854);
#4853 = CARTESIAN_POINT('',(1.5,0.6));
#4854 = VECTOR('',#4855,1.);
#4855 = DIRECTION('',(0.,-1.));
#4856 = ( GEOMETRIC_REPRESENTATION_CONTEXT(2) 
PARAMETRIC_REPRESENTATION_CONTEXT() REPRESENTATION_CONTEXT('2D SPACE',''
  ) );
#4857 = ORIENTED_EDGE('',*,*,#4858,.T.);
#4858 = EDGE_CURVE('',#4831,#4636,#4859,.T.);
#4859 = SURFACE_CURVE('',#4860,(#4867,#4877),.PCURVE_S1.);
#4860 = B_SPLINE_CURVE_WITH_KNOTS('',5,(#4861,#4862,#4863,#4864,#4865,
    #4866),.UNSPECIFIED.,.F.,.F.,(6,6),(0.,1.),
  .PIECEWISE_BEZIER_KNOTS.);
#4861 = CARTESIAN_POINT('',(42.308961072395,23.439945763367,6.5));
#4862 = CARTESIAN_POINT('',(42.152357316184,26.075435919396,6.5));
#4863 = CARTESIAN_POINT('',(41.973134155635,28.709579931935,6.5));
#4864 = CARTESIAN_POINT('',(41.77095379473,31.342101953581,6.5));
#4865 = CARTESIAN_POINT('',(41.545373616477,33.972692742281,6.5));
#4866 = CARTESIAN_POINT('',(41.295813518734,36.601007022582,6.5));
#4867 = PCURVE('',#4702,#4868);
#4868 = DEFINITIONAL_REPRESENTATION('',(#4869),#4876);
#4869 = B_SPLINE_CURVE_WITH_KNOTS('',5,(#4870,#4871,#4872,#4873,#4874,
    #4875),.UNSPECIFIED.,.F.,.F.,(6,6),(0.,1.),
  .PIECEWISE_BEZIER_KNOTS.);
#4870 = CARTESIAN_POINT('',(0.,1.657675771203));
#4871 = CARTESIAN_POINT('',(2.639739778579,1.6117736975));
#4872 = CARTESIAN_POINT('',(5.279871449882,1.588527659968));
#4873 = CARTESIAN_POINT('',(7.920145874811,1.588295607836));
#4874 = CARTESIAN_POINT('',(10.560288653809,1.611542562965));
#4875 = CARTESIAN_POINT('',(13.2,1.658873390188));
#4876 = ( GEOMETRIC_REPRESENTATION_CONTEXT(2) 
PARAMETRIC_REPRESENTATION_CONTEXT() REPRESENTATION_CONTEXT('2D SPACE',''
  ) );
#4877 = PCURVE('',#299,#4878);
#4878 = DEFINITIONAL_REPRESENTATION('',(#4879),#4886);
#4879 = B_SPLINE_CURVE_WITH_KNOTS('',5,(#4880,#4881,#4882,#4883,#4884,
    #4885),.UNSPECIFIED.,.F.,.F.,(6,6),(0.,1.),
  .PIECEWISE_BEZIER_KNOTS.);
#4880 = CARTESIAN_POINT('',(6.5,4.887277320817));
#4881 = CARTESIAN_POINT('',(6.5,4.907147605755));
#4882 = CARTESIAN_POINT('',(6.5,4.927096510563));
#4883 = CARTESIAN_POINT('',(6.5,4.947140022923));
#4884 = CARTESIAN_POINT('',(6.5,4.967295072509));
#4885 = CARTESIAN_POINT('',(6.5,4.987580545124));
#4886 = ( GEOMETRIC_REPRESENTATION_CONTEXT(2) 
PARAMETRIC_REPRESENTATION_CONTEXT() REPRESENTATION_CONTEXT('2D SPACE',''
  ) );
#4887 = ORIENTED_EDGE('',*,*,#4688,.T.);
#4888 = ORIENTED_EDGE('',*,*,#4889,.F.);
#4889 = EDGE_CURVE('',#4720,#4666,#4890,.T.);
#4890 = SURFACE_CURVE('',#4891,(#4895,#4902),.PCURVE_S1.);
#4891 = LINE('',#4892,#4893);
#4892 = CARTESIAN_POINT('',(30.800605315803,22.555074935289,6.5));
#4893 = VECTOR('',#4894,1.);
#4894 = DIRECTION('',(-7.666314084913E-02,0.997057050943,0.));
#4895 = PCURVE('',#4702,#4896);
#4896 = DEFINITIONAL_REPRESENTATION('',(#4897),#4901);
#4897 = LINE('',#4898,#4899);
#4898 = CARTESIAN_POINT('',(-6.661338147751E-16,13.2));
#4899 = VECTOR('',#4900,1.);
#4900 = DIRECTION('',(1.,0.));
#4901 = ( GEOMETRIC_REPRESENTATION_CONTEXT(2) 
PARAMETRIC_REPRESENTATION_CONTEXT() REPRESENTATION_CONTEXT('2D SPACE',''
  ) );
#4902 = PCURVE('',#429,#4903);
#4903 = DEFINITIONAL_REPRESENTATION('',(#4904),#4908);
#4904 = LINE('',#4905,#4906);
#4905 = CARTESIAN_POINT('',(6.5,0.));
#4906 = VECTOR('',#4907,1.);
#4907 = DIRECTION('',(0.,1.));
#4908 = ( GEOMETRIC_REPRESENTATION_CONTEXT(2) 
PARAMETRIC_REPRESENTATION_CONTEXT() REPRESENTATION_CONTEXT('2D SPACE',''
  ) );
#4909 = ADVANCED_FACE('',(#4910),#4790,.T.);
#4910 = FACE_BOUND('',#4911,.T.);
#4911 = EDGE_LOOP('',(#4912,#4941,#4969,#4990));
#4912 = ORIENTED_EDGE('',*,*,#4913,.T.);
#4913 = EDGE_CURVE('',#4743,#4914,#4916,.T.);
#4914 = VERTEX_POINT('',#4915);
#4915 = CARTESIAN_POINT('',(42.235900115679,24.637870111282,5.));
#4916 = SURFACE_CURVE('',#4917,(#4923,#4932),.PCURVE_S1.);
#4917 = B_SPLINE_CURVE_WITH_KNOTS('',4,(#4918,#4919,#4920,#4921,#4922),
  .UNSPECIFIED.,.F.,.F.,(5,5),(0.,1.),.PIECEWISE_BEZIER_KNOTS.);
#4918 = CARTESIAN_POINT('',(42.235900115679,24.637870111282,6.5));
#4919 = CARTESIAN_POINT('',(42.235900115679,24.637870111282,6.125));
#4920 = CARTESIAN_POINT('',(42.235900115679,24.637870111282,5.75));
#4921 = CARTESIAN_POINT('',(42.235900115679,24.637870111282,5.375));
#4922 = CARTESIAN_POINT('',(42.235900115679,24.637870111282,5.));
#4923 = PCURVE('',#4790,#4924);
#4924 = DEFINITIONAL_REPRESENTATION('',(#4925),#4931);
#4925 = B_SPLINE_CURVE_WITH_KNOTS('',4,(#4926,#4927,#4928,#4929,#4930),
  .UNSPECIFIED.,.F.,.F.,(5,5),(0.,1.),.PIECEWISE_BEZIER_KNOTS.);
#4926 = CARTESIAN_POINT('',(1.5,-0.438685070235));
#4927 = CARTESIAN_POINT('',(1.125,-0.438685070235));
#4928 = CARTESIAN_POINT('',(0.75,-0.438685070235));
#4929 = CARTESIAN_POINT('',(0.375,-0.438685070235));
#4930 = CARTESIAN_POINT('',(0.,-0.438685070235));
#4931 = ( GEOMETRIC_REPRESENTATION_CONTEXT(2) 
PARAMETRIC_REPRESENTATION_CONTEXT() REPRESENTATION_CONTEXT('2D SPACE',''
  ) );
#4932 = PCURVE('',#299,#4933);
#4933 = DEFINITIONAL_REPRESENTATION('',(#4934),#4940);
#4934 = B_SPLINE_CURVE_WITH_KNOTS('',4,(#4935,#4936,#4937,#4938,#4939),
  .UNSPECIFIED.,.F.,.F.,(5,5),(0.,1.),.PIECEWISE_BEZIER_KNOTS.);
#4935 = CARTESIAN_POINT('',(6.5,4.8963165482));
#4936 = CARTESIAN_POINT('',(6.125,4.8963165482));
#4937 = CARTESIAN_POINT('',(5.75,4.8963165482));
#4938 = CARTESIAN_POINT('',(5.375,4.8963165482));
#4939 = CARTESIAN_POINT('',(5.,4.8963165482));
#4940 = ( GEOMETRIC_REPRESENTATION_CONTEXT(2) 
PARAMETRIC_REPRESENTATION_CONTEXT() REPRESENTATION_CONTEXT('2D SPACE',''
  ) );
#4941 = ORIENTED_EDGE('',*,*,#4942,.T.);
#4942 = EDGE_CURVE('',#4914,#4943,#4945,.T.);
#4943 = VERTEX_POINT('',#4944);
#4944 = CARTESIAN_POINT('',(31.905078007916,23.843539165439,5.));
#4945 = SURFACE_CURVE('',#4946,(#4950,#4957),.PCURVE_S1.);
#4946 = LINE('',#4947,#4948);
#4947 = CARTESIAN_POINT('',(42.6732941581,24.67150108661,5.));
#4948 = VECTOR('',#4949,1.);
#4949 = DIRECTION('',(-0.997057050943,-7.666314084913E-02,0.));
#4950 = PCURVE('',#4790,#4951);
#4951 = DEFINITIONAL_REPRESENTATION('',(#4952),#4956);
#4952 = LINE('',#4953,#4954);
#4953 = CARTESIAN_POINT('',(0.,0.));
#4954 = VECTOR('',#4955,1.);
#4955 = DIRECTION('',(0.,-1.));
#4956 = ( GEOMETRIC_REPRESENTATION_CONTEXT(2) 
PARAMETRIC_REPRESENTATION_CONTEXT() REPRESENTATION_CONTEXT('2D SPACE',''
  ) );
#4957 = PCURVE('',#4958,#4963);
#4958 = PLANE('',#4959);
#4959 = AXIS2_PLACEMENT_3D('',#4960,#4961,#4962);
#4960 = CARTESIAN_POINT('',(43.961758388251,23.567028394497,5.));
#4961 = DIRECTION('',(0.,0.,1.));
#4962 = DIRECTION('',(-7.666314084913E-02,0.997057050943,0.));
#4963 = DEFINITIONAL_REPRESENTATION('',(#4964),#4968);
#4964 = LINE('',#4965,#4966);
#4965 = CARTESIAN_POINT('',(1.2,1.2));
#4966 = VECTOR('',#4967,1.);
#4967 = DIRECTION('',(0.,1.));
#4968 = ( GEOMETRIC_REPRESENTATION_CONTEXT(2) 
PARAMETRIC_REPRESENTATION_CONTEXT() REPRESENTATION_CONTEXT('2D SPACE',''
  ) );
#4969 = ORIENTED_EDGE('',*,*,#4970,.T.);
#4970 = EDGE_CURVE('',#4943,#4775,#4971,.T.);
#4971 = SURFACE_CURVE('',#4972,(#4976,#4983),.PCURVE_S1.);
#4972 = LINE('',#4973,#4974);
#4973 = CARTESIAN_POINT('',(31.905078007916,23.843539165439,5.));
#4974 = VECTOR('',#4975,1.);
#4975 = DIRECTION('',(0.,0.,1.));
#4976 = PCURVE('',#4790,#4977);
#4977 = DEFINITIONAL_REPRESENTATION('',(#4978),#4982);
#4978 = LINE('',#4979,#4980);
#4979 = CARTESIAN_POINT('',(0.,-10.8));
#4980 = VECTOR('',#4981,1.);
#4981 = DIRECTION('',(1.,0.));
#4982 = ( GEOMETRIC_REPRESENTATION_CONTEXT(2) 
PARAMETRIC_REPRESENTATION_CONTEXT() REPRESENTATION_CONTEXT('2D SPACE',''
  ) );
#4983 = PCURVE('',#4818,#4984);
#4984 = DEFINITIONAL_REPRESENTATION('',(#4985),#4989);
#4985 = LINE('',#4986,#4987);
#4986 = CARTESIAN_POINT('',(0.,0.));
#4987 = VECTOR('',#4988,1.);
#4988 = DIRECTION('',(1.,0.));
#4989 = ( GEOMETRIC_REPRESENTATION_CONTEXT(2) 
PARAMETRIC_REPRESENTATION_CONTEXT() REPRESENTATION_CONTEXT('2D SPACE',''
  ) );
#4990 = ORIENTED_EDGE('',*,*,#4774,.F.);
#4991 = ADVANCED_FACE('',(#4992),#4958,.T.);
#4992 = FACE_BOUND('',#4993,.T.);
#4993 = EDGE_LOOP('',(#4994,#5019,#5040,#5041));
#4994 = ORIENTED_EDGE('',*,*,#4995,.T.);
#4995 = EDGE_CURVE('',#4996,#4998,#5000,.T.);
#4996 = VERTEX_POINT('',#4997);
#4997 = CARTESIAN_POINT('',(41.407281345891,35.406035756755,5.));
#4998 = VERTEX_POINT('',#4999);
#4999 = CARTESIAN_POINT('',(31.077116086745,34.611755315623,5.));
#5000 = SURFACE_CURVE('',#5001,(#5005,#5012),.PCURVE_S1.);
#5001 = LINE('',#5002,#5003);
#5002 = CARTESIAN_POINT('',(41.84533223693,35.439717236794,5.));
#5003 = VECTOR('',#5004,1.);
#5004 = DIRECTION('',(-0.997057050943,-7.666314084913E-02,0.));
#5005 = PCURVE('',#4958,#5006);
#5006 = DEFINITIONAL_REPRESENTATION('',(#5007),#5011);
#5007 = LINE('',#5008,#5009);
#5008 = CARTESIAN_POINT('',(12.,1.2));
#5009 = VECTOR('',#5010,1.);
#5010 = DIRECTION('',(0.,1.));
#5011 = ( GEOMETRIC_REPRESENTATION_CONTEXT(2) 
PARAMETRIC_REPRESENTATION_CONTEXT() REPRESENTATION_CONTEXT('2D SPACE',''
  ) );
#5012 = PCURVE('',#4846,#5013);
#5013 = DEFINITIONAL_REPRESENTATION('',(#5014),#5018);
#5014 = LINE('',#5015,#5016);
#5015 = CARTESIAN_POINT('',(0.,0.));
#5016 = VECTOR('',#5017,1.);
#5017 = DIRECTION('',(0.,-1.));
#5018 = ( GEOMETRIC_REPRESENTATION_CONTEXT(2) 
PARAMETRIC_REPRESENTATION_CONTEXT() REPRESENTATION_CONTEXT('2D SPACE',''
  ) );
#5019 = ORIENTED_EDGE('',*,*,#5020,.F.);
#5020 = EDGE_CURVE('',#4943,#4998,#5021,.T.);
#5021 = SURFACE_CURVE('',#5022,(#5026,#5033),.PCURVE_S1.);
#5022 = LINE('',#5023,#5024);
#5023 = CARTESIAN_POINT('',(31.905078007916,23.843539165439,5.));
#5024 = VECTOR('',#5025,1.);
#5025 = DIRECTION('',(-7.666314084913E-02,0.997057050943,0.));
#5026 = PCURVE('',#4958,#5027);
#5027 = DEFINITIONAL_REPRESENTATION('',(#5028),#5032);
#5028 = LINE('',#5029,#5030);
#5029 = CARTESIAN_POINT('',(1.2,12.));
#5030 = VECTOR('',#5031,1.);
#5031 = DIRECTION('',(1.,0.));
#5032 = ( GEOMETRIC_REPRESENTATION_CONTEXT(2) 
PARAMETRIC_REPRESENTATION_CONTEXT() REPRESENTATION_CONTEXT('2D SPACE',''
  ) );
#5033 = PCURVE('',#4818,#5034);
#5034 = DEFINITIONAL_REPRESENTATION('',(#5035),#5039);
#5035 = LINE('',#5036,#5037);
#5036 = CARTESIAN_POINT('',(0.,0.));
#5037 = VECTOR('',#5038,1.);
#5038 = DIRECTION('',(0.,1.));
#5039 = ( GEOMETRIC_REPRESENTATION_CONTEXT(2) 
PARAMETRIC_REPRESENTATION_CONTEXT() REPRESENTATION_CONTEXT('2D SPACE',''
  ) );
#5040 = ORIENTED_EDGE('',*,*,#4942,.F.);
#5041 = ORIENTED_EDGE('',*,*,#5042,.T.);
#5042 = EDGE_CURVE('',#4914,#4996,#5043,.T.);
#5043 = SURFACE_CURVE('',#5044,(#5051,#5061),.PCURVE_S1.);
#5044 = B_SPLINE_CURVE_WITH_KNOTS('',5,(#5045,#5046,#5047,#5048,#5049,
    #5050),.UNSPECIFIED.,.F.,.F.,(6,6),(0.,1.),
  .PIECEWISE_BEZIER_KNOTS.);
#5045 = CARTESIAN_POINT('',(42.235900115679,24.637870111282,5.));
#5046 = CARTESIAN_POINT('',(42.101027872454,26.793731494452,5.));
#5047 = CARTESIAN_POINT('',(41.950950846403,28.948640707208,5.));
#5048 = CARTESIAN_POINT('',(41.78547338846,31.102443405032,5.));
#5049 = CARTESIAN_POINT('',(41.604351594778,33.254970209548,5.));
#5050 = CARTESIAN_POINT('',(41.407281345891,35.406035756755,5.));
#5051 = PCURVE('',#4958,#5052);
#5052 = DEFINITIONAL_REPRESENTATION('',(#5053),#5060);
#5053 = B_SPLINE_CURVE_WITH_KNOTS('',5,(#5054,#5055,#5056,#5057,#5058,
    #5059),.UNSPECIFIED.,.F.,.F.,(6,6),(0.,1.),
  .PIECEWISE_BEZIER_KNOTS.);
#5054 = CARTESIAN_POINT('',(1.2,1.638685070236));
#5055 = CARTESIAN_POINT('',(3.359856522724,1.60788528645));
#5056 = CARTESIAN_POINT('',(5.519929323631,1.592318534964));
#5057 = CARTESIAN_POINT('',(7.680079511503,1.592191721594));
#5058 = CARTESIAN_POINT('',(9.840156904868,1.607761017468));
#5059 = CARTESIAN_POINT('',(12.,1.639343857631));
#5060 = ( GEOMETRIC_REPRESENTATION_CONTEXT(2) 
PARAMETRIC_REPRESENTATION_CONTEXT() REPRESENTATION_CONTEXT('2D SPACE',''
  ) );
#5061 = PCURVE('',#299,#5062);
#5062 = DEFINITIONAL_REPRESENTATION('',(#5063),#5070);
#5063 = B_SPLINE_CURVE_WITH_KNOTS('',5,(#5064,#5065,#5066,#5067,#5068,
    #5069),.UNSPECIFIED.,.F.,.F.,(6,6),(0.,1.),
  .PIECEWISE_BEZIER_KNOTS.);
#5064 = CARTESIAN_POINT('',(5.,4.8963165482));
#5065 = CARTESIAN_POINT('',(5.,4.912597819145));
#5066 = CARTESIAN_POINT('',(5.,4.928934651518));
#5067 = CARTESIAN_POINT('',(5.,4.945335901398));
#5068 = CARTESIAN_POINT('',(5.,4.961810887707));
#5069 = CARTESIAN_POINT('',(5.,4.978369763599));
#5070 = ( GEOMETRIC_REPRESENTATION_CONTEXT(2) 
PARAMETRIC_REPRESENTATION_CONTEXT() REPRESENTATION_CONTEXT('2D SPACE',''
  ) );
#5071 = ADVANCED_FACE('',(#5072),#4818,.F.);
#5072 = FACE_BOUND('',#5073,.F.);
#5073 = EDGE_LOOP('',(#5074,#5095,#5096,#5097));
#5074 = ORIENTED_EDGE('',*,*,#5075,.F.);
#5075 = EDGE_CURVE('',#4998,#4803,#5076,.T.);
#5076 = SURFACE_CURVE('',#5077,(#5081,#5088),.PCURVE_S1.);
#5077 = LINE('',#5078,#5079);
#5078 = CARTESIAN_POINT('',(31.077116086745,34.611755315623,5.));
#5079 = VECTOR('',#5080,1.);
#5080 = DIRECTION('',(0.,0.,1.));
#5081 = PCURVE('',#4818,#5082);
#5082 = DEFINITIONAL_REPRESENTATION('',(#5083),#5087);
#5083 = LINE('',#5084,#5085);
#5084 = CARTESIAN_POINT('',(0.,10.8));
#5085 = VECTOR('',#5086,1.);
#5086 = DIRECTION('',(1.,0.));
#5087 = ( GEOMETRIC_REPRESENTATION_CONTEXT(2) 
PARAMETRIC_REPRESENTATION_CONTEXT() REPRESENTATION_CONTEXT('2D SPACE',''
  ) );
#5088 = PCURVE('',#4846,#5089);
#5089 = DEFINITIONAL_REPRESENTATION('',(#5090),#5094);
#5090 = LINE('',#5091,#5092);
#5091 = CARTESIAN_POINT('',(0.,-10.8));
#5092 = VECTOR('',#5093,1.);
#5093 = DIRECTION('',(1.,0.));
#5094 = ( GEOMETRIC_REPRESENTATION_CONTEXT(2) 
PARAMETRIC_REPRESENTATION_CONTEXT() REPRESENTATION_CONTEXT('2D SPACE',''
  ) );
#5095 = ORIENTED_EDGE('',*,*,#5020,.F.);
#5096 = ORIENTED_EDGE('',*,*,#4970,.T.);
#5097 = ORIENTED_EDGE('',*,*,#4802,.F.);
#5098 = ADVANCED_FACE('',(#5099),#4846,.F.);
#5099 = FACE_BOUND('',#5100,.F.);
#5100 = EDGE_LOOP('',(#5101,#5128,#5129,#5130));
#5101 = ORIENTED_EDGE('',*,*,#5102,.T.);
#5102 = EDGE_CURVE('',#4831,#4996,#5103,.T.);
#5103 = SURFACE_CURVE('',#5104,(#5110,#5119),.PCURVE_S1.);
#5104 = B_SPLINE_CURVE_WITH_KNOTS('',4,(#5105,#5106,#5107,#5108,#5109),
  .UNSPECIFIED.,.F.,.F.,(5,5),(0.,1.),.PIECEWISE_BEZIER_KNOTS.);
#5105 = CARTESIAN_POINT('',(41.407281345891,35.406035756755,6.5));
#5106 = CARTESIAN_POINT('',(41.407281345891,35.406035756755,6.125));
#5107 = CARTESIAN_POINT('',(41.407281345891,35.406035756755,5.75));
#5108 = CARTESIAN_POINT('',(41.407281345891,35.406035756755,5.375));
#5109 = CARTESIAN_POINT('',(41.407281345891,35.406035756755,5.));
#5110 = PCURVE('',#4846,#5111);
#5111 = DEFINITIONAL_REPRESENTATION('',(#5112),#5118);
#5112 = B_SPLINE_CURVE_WITH_KNOTS('',4,(#5113,#5114,#5115,#5116,#5117),
  .UNSPECIFIED.,.F.,.F.,(5,5),(0.,1.),.PIECEWISE_BEZIER_KNOTS.);
#5113 = CARTESIAN_POINT('',(1.5,-0.439343857631));
#5114 = CARTESIAN_POINT('',(1.125,-0.439343857631));
#5115 = CARTESIAN_POINT('',(0.75,-0.439343857631));
#5116 = CARTESIAN_POINT('',(0.375,-0.439343857631));
#5117 = CARTESIAN_POINT('',(0.,-0.439343857631));
#5118 = ( GEOMETRIC_REPRESENTATION_CONTEXT(2) 
PARAMETRIC_REPRESENTATION_CONTEXT() REPRESENTATION_CONTEXT('2D SPACE',''
  ) );
#5119 = PCURVE('',#299,#5120);
#5120 = DEFINITIONAL_REPRESENTATION('',(#5121),#5127);
#5121 = B_SPLINE_CURVE_WITH_KNOTS('',4,(#5122,#5123,#5124,#5125,#5126),
  .UNSPECIFIED.,.F.,.F.,(5,5),(0.,1.),.PIECEWISE_BEZIER_KNOTS.);
#5122 = CARTESIAN_POINT('',(6.5,4.978369763599));
#5123 = CARTESIAN_POINT('',(6.125,4.978369763599));
#5124 = CARTESIAN_POINT('',(5.75,4.978369763599));
#5125 = CARTESIAN_POINT('',(5.375,4.978369763599));
#5126 = CARTESIAN_POINT('',(5.,4.978369763599));
#5127 = ( GEOMETRIC_REPRESENTATION_CONTEXT(2) 
PARAMETRIC_REPRESENTATION_CONTEXT() REPRESENTATION_CONTEXT('2D SPACE',''
  ) );
#5128 = ORIENTED_EDGE('',*,*,#4995,.T.);
#5129 = ORIENTED_EDGE('',*,*,#5075,.T.);
#5130 = ORIENTED_EDGE('',*,*,#4830,.F.);
#5131 = ADVANCED_FACE('',(#5132),#429,.T.);
#5132 = FACE_BOUND('',#5133,.T.);
#5133 = EDGE_LOOP('',(#5134,#5135,#5156,#5157));
#5134 = ORIENTED_EDGE('',*,*,#413,.F.);
#5135 = ORIENTED_EDGE('',*,*,#5136,.F.);
#5136 = EDGE_CURVE('',#4720,#386,#5137,.T.);
#5137 = SURFACE_CURVE('',#5138,(#5142,#5149),.PCURVE_S1.);
#5138 = LINE('',#5139,#5140);
#5139 = CARTESIAN_POINT('',(30.800605315803,22.555074935289,6.5));
#5140 = VECTOR('',#5141,1.);
#5141 = DIRECTION('',(0.,0.,-1.));
#5142 = PCURVE('',#429,#5143);
#5143 = DEFINITIONAL_REPRESENTATION('',(#5144),#5148);
#5144 = LINE('',#5145,#5146);
#5145 = CARTESIAN_POINT('',(6.5,0.));
#5146 = VECTOR('',#5147,1.);
#5147 = DIRECTION('',(-1.,0.));
#5148 = ( GEOMETRIC_REPRESENTATION_CONTEXT(2) 
PARAMETRIC_REPRESENTATION_CONTEXT() REPRESENTATION_CONTEXT('2D SPACE',''
  ) );
#5149 = PCURVE('',#401,#5150);
#5150 = DEFINITIONAL_REPRESENTATION('',(#5151),#5155);
#5151 = LINE('',#5152,#5153);
#5152 = CARTESIAN_POINT('',(6.5,-13.2));
#5153 = VECTOR('',#5154,1.);
#5154 = DIRECTION('',(-1.,0.));
#5155 = ( GEOMETRIC_REPRESENTATION_CONTEXT(2) 
PARAMETRIC_REPRESENTATION_CONTEXT() REPRESENTATION_CONTEXT('2D SPACE',''
  ) );
#5156 = ORIENTED_EDGE('',*,*,#4889,.T.);
#5157 = ORIENTED_EDGE('',*,*,#4665,.T.);
#5158 = ADVANCED_FACE('',(#5159),#401,.F.);
#5159 = FACE_BOUND('',#5160,.F.);
#5160 = EDGE_LOOP('',(#5161,#5188,#5189,#5190));
#5161 = ORIENTED_EDGE('',*,*,#5162,.T.);
#5162 = EDGE_CURVE('',#4718,#212,#5163,.T.);
#5163 = SURFACE_CURVE('',#5164,(#5170,#5179),.PCURVE_S1.);
#5164 = B_SPLINE_CURVE_WITH_KNOTS('',4,(#5165,#5166,#5167,#5168,#5169),
  .UNSPECIFIED.,.F.,.F.,(5,5),(0.,1.),.PIECEWISE_BEZIER_KNOTS.);
#5165 = CARTESIAN_POINT('',(42.308961072395,23.439945763367,6.5));
#5166 = CARTESIAN_POINT('',(42.308961072395,23.439945763367,4.875));
#5167 = CARTESIAN_POINT('',(42.308961072395,23.439945763367,3.25));
#5168 = CARTESIAN_POINT('',(42.308961072395,23.439945763367,1.625));
#5169 = CARTESIAN_POINT('',(42.308961072395,23.439945763367,0.));
#5170 = PCURVE('',#401,#5171);
#5171 = DEFINITIONAL_REPRESENTATION('',(#5172),#5178);
#5172 = B_SPLINE_CURVE_WITH_KNOTS('',4,(#5173,#5174,#5175,#5176,#5177),
  .UNSPECIFIED.,.F.,.F.,(5,5),(0.,1.),.PIECEWISE_BEZIER_KNOTS.);
#5173 = CARTESIAN_POINT('',(6.5,-1.657675771203));
#5174 = CARTESIAN_POINT('',(4.875,-1.657675771203));
#5175 = CARTESIAN_POINT('',(3.25,-1.657675771203));
#5176 = CARTESIAN_POINT('',(1.625,-1.657675771203));
#5177 = CARTESIAN_POINT('',(0.,-1.657675771203));
#5178 = ( GEOMETRIC_REPRESENTATION_CONTEXT(2) 
PARAMETRIC_REPRESENTATION_CONTEXT() REPRESENTATION_CONTEXT('2D SPACE',''
  ) );
#5179 = PCURVE('',#299,#5180);
#5180 = DEFINITIONAL_REPRESENTATION('',(#5181),#5187);
#5181 = B_SPLINE_CURVE_WITH_KNOTS('',4,(#5182,#5183,#5184,#5185,#5186),
  .UNSPECIFIED.,.F.,.F.,(5,5),(0.,1.),.PIECEWISE_BEZIER_KNOTS.);
#5182 = CARTESIAN_POINT('',(6.5,4.887277320817));
#5183 = CARTESIAN_POINT('',(4.875,4.887277320817));
#5184 = CARTESIAN_POINT('',(3.25,4.887277320817));
#5185 = CARTESIAN_POINT('',(1.625,4.887277320817));
#5186 = CARTESIAN_POINT('',(0.,4.887277320817));
#5187 = ( GEOMETRIC_REPRESENTATION_CONTEXT(2) 
PARAMETRIC_REPRESENTATION_CONTEXT() REPRESENTATION_CONTEXT('2D SPACE',''
  ) );
#5188 = ORIENTED_EDGE('',*,*,#385,.T.);
#5189 = ORIENTED_EDGE('',*,*,#5136,.F.);
#5190 = ORIENTED_EDGE('',*,*,#4717,.F.);
#5191 = ADVANCED_FACE('',(#5192,#5256,#5707,#6158,#6609,#7060,#7505),
  #299,.T.);
#5192 = FACE_BOUND('',#5193,.T.);
#5193 = EDGE_LOOP('',(#5194,#5195,#5214,#5215,#5216,#5217,#5218,#5219,
    #5220,#5221,#5222,#5223,#5224,#5225,#5226,#5227,#5228,#5229,#5230,
    #5231,#5232,#5233,#5234,#5235,#5236,#5237,#5238,#5239,#5240,#5241,
    #5242,#5243,#5244,#5245,#5246,#5247,#5248,#5249,#5250,#5251,#5252,
    #5253,#5254,#5255));
#5194 = ORIENTED_EDGE('',*,*,#211,.F.);
#5195 = ORIENTED_EDGE('',*,*,#5196,.T.);
#5196 = EDGE_CURVE('',#187,#2022,#5197,.T.);
#5197 = SURFACE_CURVE('',#5198,(#5201,#5208),.PCURVE_S1.);
#5198 = B_SPLINE_CURVE_WITH_KNOTS('',1,(#5199,#5200),.UNSPECIFIED.,.F.,
  .F.,(2,2),(0.,8.),.PIECEWISE_BEZIER_KNOTS.);
#5199 = CARTESIAN_POINT('',(43.,-5.905796992079E-15,0.));
#5200 = CARTESIAN_POINT('',(43.,-5.905796992079E-15,8.));
#5201 = PCURVE('',#299,#5202);
#5202 = DEFINITIONAL_REPRESENTATION('',(#5203),#5207);
#5203 = LINE('',#5204,#5205);
#5204 = CARTESIAN_POINT('',(0.,4.712388980385));
#5205 = VECTOR('',#5206,1.);
#5206 = DIRECTION('',(1.,0.));
#5207 = ( GEOMETRIC_REPRESENTATION_CONTEXT(2) 
PARAMETRIC_REPRESENTATION_CONTEXT() REPRESENTATION_CONTEXT('2D SPACE',''
  ) );
#5208 = PCURVE('',#200,#5209);
#5209 = DEFINITIONAL_REPRESENTATION('',(#5210),#5213);
#5210 = B_SPLINE_CURVE_WITH_KNOTS('',1,(#5211,#5212),.UNSPECIFIED.,.F.,
  .F.,(2,2),(0.,8.),.PIECEWISE_BEZIER_KNOTS.);
#5211 = CARTESIAN_POINT('',(1.2,-4.));
#5212 = CARTESIAN_POINT('',(1.2,4.));
#5213 = ( GEOMETRIC_REPRESENTATION_CONTEXT(2) 
PARAMETRIC_REPRESENTATION_CONTEXT() REPRESENTATION_CONTEXT('2D SPACE',''
  ) );
#5214 = ORIENTED_EDGE('',*,*,#2021,.T.);
#5215 = ORIENTED_EDGE('',*,*,#1953,.F.);
#5216 = ORIENTED_EDGE('',*,*,#1185,.F.);
#5217 = ORIENTED_EDGE('',*,*,#2233,.F.);
#5218 = ORIENTED_EDGE('',*,*,#2456,.F.);
#5219 = ORIENTED_EDGE('',*,*,#2700,.T.);
#5220 = ORIENTED_EDGE('',*,*,#2640,.F.);
#5221 = ORIENTED_EDGE('',*,*,#2511,.F.);
#5222 = ORIENTED_EDGE('',*,*,#2340,.F.);
#5223 = ORIENTED_EDGE('',*,*,#2760,.T.);
#5224 = ORIENTED_EDGE('',*,*,#1006,.F.);
#5225 = ORIENTED_EDGE('',*,*,#2793,.F.);
#5226 = ORIENTED_EDGE('',*,*,#3019,.F.);
#5227 = ORIENTED_EDGE('',*,*,#3269,.T.);
#5228 = ORIENTED_EDGE('',*,*,#3206,.F.);
#5229 = ORIENTED_EDGE('',*,*,#3077,.F.);
#5230 = ORIENTED_EDGE('',*,*,#2900,.F.);
#5231 = ORIENTED_EDGE('',*,*,#3329,.T.);
#5232 = ORIENTED_EDGE('',*,*,#827,.F.);
#5233 = ORIENTED_EDGE('',*,*,#3362,.F.);
#5234 = ORIENTED_EDGE('',*,*,#3636,.F.);
#5235 = ORIENTED_EDGE('',*,*,#3973,.T.);
#5236 = ORIENTED_EDGE('',*,*,#3871,.F.);
#5237 = ORIENTED_EDGE('',*,*,#3742,.F.);
#5238 = ORIENTED_EDGE('',*,*,#3469,.F.);
#5239 = ORIENTED_EDGE('',*,*,#4033,.T.);
#5240 = ORIENTED_EDGE('',*,*,#648,.F.);
#5241 = ORIENTED_EDGE('',*,*,#4066,.F.);
#5242 = ORIENTED_EDGE('',*,*,#4292,.F.);
#5243 = ORIENTED_EDGE('',*,*,#4542,.T.);
#5244 = ORIENTED_EDGE('',*,*,#4479,.F.);
#5245 = ORIENTED_EDGE('',*,*,#4350,.F.);
#5246 = ORIENTED_EDGE('',*,*,#4173,.F.);
#5247 = ORIENTED_EDGE('',*,*,#4602,.T.);
#5248 = ORIENTED_EDGE('',*,*,#469,.F.);
#5249 = ORIENTED_EDGE('',*,*,#4635,.F.);
#5250 = ORIENTED_EDGE('',*,*,#4858,.F.);
#5251 = ORIENTED_EDGE('',*,*,#5102,.T.);
#5252 = ORIENTED_EDGE('',*,*,#5042,.F.);
#5253 = ORIENTED_EDGE('',*,*,#4913,.F.);
#5254 = ORIENTED_EDGE('',*,*,#4742,.F.);
#5255 = ORIENTED_EDGE('',*,*,#5162,.T.);
#5256 = FACE_BOUND('',#5257,.T.);
#5257 = EDGE_LOOP('',(#5258));
#5258 = ORIENTED_EDGE('',*,*,#5259,.T.);
#5259 = EDGE_CURVE('',#5260,#5260,#5262,.T.);
#5260 = VERTEX_POINT('',#5261);
#5261 = CARTESIAN_POINT('',(42.709955321632,15.219802255814,4.));
#5262 = SURFACE_CURVE('',#5263,(#5380,#5541),.PCURVE_S1.);
#5263 = B_SPLINE_CURVE_WITH_KNOTS('',7,(#5264,#5265,#5266,#5267,#5268,
    #5269,#5270,#5271,#5272,#5273,#5274,#5275,#5276,#5277,#5278,#5279,
    #5280,#5281,#5282,#5283,#5284,#5285,#5286,#5287,#5288,#5289,#5290,
    #5291,#5292,#5293,#5294,#5295,#5296,#5297,#5298,#5299,#5300,#5301,
    #5302,#5303,#5304,#5305,#5306,#5307,#5308,#5309,#5310,#5311,#5312,
    #5313,#5314,#5315,#5316,#5317,#5318,#5319,#5320,#5321,#5322,#5323,
    #5324,#5325,#5326,#5327,#5328,#5329,#5330,#5331,#5332,#5333,#5334,
    #5335,#5336,#5337,#5338,#5339,#5340,#5341,#5342,#5343,#5344,#5345,
    #5346,#5347,#5348,#5349,#5350,#5351,#5352,#5353,#5354,#5355,#5356,
    #5357,#5358,#5359,#5360,#5361,#5362,#5363,#5364,#5365,#5366,#5367,
    #5368,#5369,#5370,#5371,#5372,#5373,#5374,#5375,#5376,#5377,#5378,
    #5379),.UNSPECIFIED.,.T.,.F.,(8,6,6,6,6,6,6,6,6,6,6,6,6,6,6,6,6,6,6,
    8),(0.,0.160407807559,0.217602797551,0.26236291751,0.333442219636,
    0.405647778062,0.450165881564,0.507247240876,0.550439599888,
    0.582746975155,0.667516405401,0.783674247056,0.826852762855,
    0.883893145469,0.928322227155,1.,1.073310676707,1.117641108485,
    1.174638137975,1.334245598971),.UNSPECIFIED.);
#5264 = CARTESIAN_POINT('',(42.709955321632,15.219802255814,4.));
#5265 = CARTESIAN_POINT('',(42.709955321632,15.219802255814,
    4.161960076823));
#5266 = CARTESIAN_POINT('',(42.710643140279,15.201814460313,
    4.323728689148));
#5267 = CARTESIAN_POINT('',(42.712016069224,15.165908675249,
    4.484250881569));
#5268 = CARTESIAN_POINT('',(42.714084250462,15.111687625647,
    4.642128265087));
#5269 = CARTESIAN_POINT('',(42.716858835515,15.03858234661,
    4.795558435706));
#5270 = CARTESIAN_POINT('',(42.720344497169,14.946033870011,
    4.942392765059));
#5271 = CARTESIAN_POINT('',(42.726054838609,14.792752373502,
    5.128889173455));
#5272 = CARTESIAN_POINT('',(42.727646870378,14.749888510873,
    5.176688992438));
#5273 = CARTESIAN_POINT('',(42.729329977017,14.704421109972,
    5.223132752928));
#5274 = CARTESIAN_POINT('',(42.731103641511,14.656330737944,
    5.268060944786));
#5275 = CARTESIAN_POINT('',(42.732966716652,14.605611779994,
    5.311293942781));
#5276 = CARTESIAN_POINT('',(42.734917268218,14.552277315444,
    5.352634472114));
#5277 = CARTESIAN_POINT('',(42.738545102308,14.452606892238,
    5.422575390027));
#5278 = CARTESIAN_POINT('',(42.740189506677,14.407272903417,
    5.451989729138));
#5279 = CARTESIAN_POINT('',(42.741884151928,14.360382578258,
    5.480010192255));
#5280 = CARTESIAN_POINT('',(42.743627042753,14.311969750235,
    5.506525372458));
#5281 = CARTESIAN_POINT('',(42.745415588785,14.262084637433,
    5.531418787882));
#5282 = CARTESIAN_POINT('',(42.747246525533,14.210796944623,
    5.554572314647));
#5283 = CARTESIAN_POINT('',(42.752084308913,14.074673102051,
    5.609689850575));
#5284 = CARTESIAN_POINT('',(42.755150886909,13.987805449578,
    5.638844746249));
#5285 = CARTESIAN_POINT('',(42.758297309757,13.898026367326,
    5.662835158596));
#5286 = CARTESIAN_POINT('',(42.761501729088,13.805879690773,
    5.681221402206));
#5287 = CARTESIAN_POINT('',(42.76473885048,13.712031507666,5.69365003288
    ));
#5288 = CARTESIAN_POINT('',(42.767980116846,13.617277841588,
    5.699907289686));
#5289 = CARTESIAN_POINT('',(42.774458671182,13.426323694946,
    5.700092568048));
#5290 = CARTESIAN_POINT('',(42.777697853748,13.330042384633,
    5.693823786764));
#5291 = CARTESIAN_POINT('',(42.780878427606,13.234679930414,
    5.681181701609));
#5292 = CARTESIAN_POINT('',(42.783973690589,13.141071500303,
    5.66238794029));
#5293 = CARTESIAN_POINT('',(42.786962705288,13.049918448818,
    5.637814112628));
#5294 = CARTESIAN_POINT('',(42.789829640423,12.961793718523,
    5.607925795368));
#5295 = CARTESIAN_POINT('',(42.794248307357,12.824961582553,
    5.551876089385));
#5296 = CARTESIAN_POINT('',(42.795883421621,12.774078194174,
    5.528672392588));
#5297 = CARTESIAN_POINT('',(42.797466228767,12.724588089406,
    5.503756852598));
#5298 = CARTESIAN_POINT('',(42.798995328924,12.676558609878,
    5.477245623574));
#5299 = CARTESIAN_POINT('',(42.800469948609,12.630038198167,
    5.449253078888));
#5300 = CARTESIAN_POINT('',(42.801889813778,12.585059405507,
    5.419888516532));
#5301 = CARTESIAN_POINT('',(42.805005501555,12.485971732356,
    5.349971661537));
#5302 = CARTESIAN_POINT('',(42.806665994102,12.432872489606,
    5.308603701589));
#5303 = CARTESIAN_POINT('',(42.808236916628,12.382379563942,
    5.265359555649));
#5304 = CARTESIAN_POINT('',(42.809719324191,12.334505252784,
    5.220434665864));
#5305 = CARTESIAN_POINT('',(42.811114740843,12.289243538551,
    5.174006950016));
#5306 = CARTESIAN_POINT('',(42.812424989666,12.246574868958,
    5.126234405988));
#5307 = CARTESIAN_POINT('',(42.814580495045,12.176125068981,
    5.040189220281));
#5308 = CARTESIAN_POINT('',(42.815461273245,12.147249289514,
    5.002435226515));
#5309 = CARTESIAN_POINT('',(42.816295200078,12.119831492276,
    4.964050636744));
#5310 = CARTESIAN_POINT('',(42.817083093412,12.093859102412,
    4.925091019072));
#5311 = CARTESIAN_POINT('',(42.817825746322,12.069319076833,
    4.885607607893));
#5312 = CARTESIAN_POINT('',(42.818523927096,12.046197904223,
    4.845647303888));
#5313 = CARTESIAN_POINT('',(42.819667901711,12.008238069299,
    4.775037967171));
#5314 = CARTESIAN_POINT('',(42.820132950699,11.992780823839,
    4.744580601004));
#5315 = CARTESIAN_POINT('',(42.820573830551,11.978104248908,
    4.713898555387));
#5316 = CARTESIAN_POINT('',(42.820990827033,11.96420298513,
    4.683008938227));
#5317 = CARTESIAN_POINT('',(42.82138420732,11.95107193349,4.651927985472
    ));
#5318 = CARTESIAN_POINT('',(42.821754219997,11.938706255347,
    4.620671061109));
#5319 = CARTESIAN_POINT('',(42.823011240232,11.896651999624,
    4.506815746735));
#5320 = CARTESIAN_POINT('',(42.823762013888,11.871443073074,
    4.423274383736));
#5321 = CARTESIAN_POINT('',(42.824357713463,11.851387443621,
    4.338881436963));
#5322 = CARTESIAN_POINT('',(42.824801377703,11.836423949216,
    4.253871010815));
#5323 = CARTESIAN_POINT('',(42.825095067756,11.826509901818,
    4.16846157176));
#5324 = CARTESIAN_POINT('',(42.825239895453,11.821621103294,
    4.082858010836));
#5325 = CARTESIAN_POINT('',(42.825230185209,11.821948882204,
    3.879949331052));
#5326 = CARTESIAN_POINT('',(42.824944939958,11.831577595138,
    3.762688850957));
#5327 = CARTESIAN_POINT('',(42.824380320751,11.850636271086,
    3.645936157735));
#5328 = CARTESIAN_POINT('',(42.823532005725,11.879222228876,
    3.53022329883));
#5329 = CARTESIAN_POINT('',(42.822392688819,11.917485656222,
    3.416149892589));
#5330 = CARTESIAN_POINT('',(42.82095194595,11.965627779999,
    3.304394265515));
#5331 = CARTESIAN_POINT('',(42.818541041721,12.045630952502,
    3.155344215268));
#5332 = CARTESIAN_POINT('',(42.817844022785,12.068714753385,
    3.115386479248));
#5333 = CARTESIAN_POINT('',(42.817102573193,12.093216274446,
    3.075904519433));
#5334 = CARTESIAN_POINT('',(42.816315925949,12.119149013367,
    3.03694513718));
#5335 = CARTESIAN_POINT('',(42.815483289065,12.146526008437,
    2.998559455219));
#5336 = CARTESIAN_POINT('',(42.814603845555,12.175359838555,
    2.960802917647));
#5337 = CARTESIAN_POINT('',(42.812452031194,12.24569369888,
    2.874767611706));
#5338 = CARTESIAN_POINT('',(42.811144238341,12.288285505684,
    2.827005339481));
#5339 = CARTESIAN_POINT('',(42.809751426445,12.333466349339,
    2.780583689277));
#5340 = CARTESIAN_POINT('',(42.80827177435,12.38125585522,2.735660093442
    ));
#5341 = CARTESIAN_POINT('',(42.806703756769,12.431660223512,
    2.692411831028));
#5342 = CARTESIAN_POINT('',(42.80504631286,12.484667484329,
    2.651033658165));
#5343 = CARTESIAN_POINT('',(42.801938034328,12.583530648742,
    2.581125829346));
#5344 = CARTESIAN_POINT('',(42.800522617789,12.628374064642,
    2.551779922364));
#5345 = CARTESIAN_POINT('',(42.799052660635,12.674753676625,
    2.523797915622));
#5346 = CARTESIAN_POINT('',(42.797528426176,12.722637425629,
    2.497288325663));
#5347 = CARTESIAN_POINT('',(42.795950670983,12.77197754392,
    2.472364743441));
#5348 = CARTESIAN_POINT('',(42.794320770265,12.822707581561,
    2.449142590319));
#5349 = CARTESIAN_POINT('',(42.789930604328,12.958682811369,
    2.393200257163));
#5350 = CARTESIAN_POINT('',(42.787088874269,13.046054334229,
    2.363372967591));
#5351 = CARTESIAN_POINT('',(42.78412650056,13.136423338275,
    2.338767295749));
#5352 = CARTESIAN_POINT('',(42.781058660041,13.229238319789,
    2.319839599513));
#5353 = CARTESIAN_POINT('',(42.777905620385,13.323818457817,
    2.306958978676));
#5354 = CARTESIAN_POINT('',(42.774693434708,13.419347043684,
    2.300350322595));
#5355 = CARTESIAN_POINT('',(42.768141918691,13.612562642365,
    2.299663403245));
#5356 = CARTESIAN_POINT('',(42.764798202607,13.710342341852,
    2.305873723178));
#5357 = CARTESIAN_POINT('',(42.761457888835,13.807186323545,
    2.318659212161));
#5358 = CARTESIAN_POINT('',(42.758152322636,13.902220067669,
    2.337789066261));
#5359 = CARTESIAN_POINT('',(42.754909351255,13.994710720396,
    2.362873211839));
#5360 = CARTESIAN_POINT('',(42.751753001522,14.08406157584,2.39342241863
    ));
#5361 = CARTESIAN_POINT('',(42.746859024153,14.221652534436,
    2.450320091093));
#5362 = CARTESIAN_POINT('',(42.745053103355,14.272200959433,
    2.473563554019));
#5363 = CARTESIAN_POINT('',(42.743289254821,14.321362970941,
    2.498496573463));
#5364 = CARTESIAN_POINT('',(42.74157056937,14.369073190453,
    2.525004562963));
#5365 = CARTESIAN_POINT('',(42.739899497407,14.415284674559,
    2.552974822107));
#5366 = CARTESIAN_POINT('',(42.738277924363,14.459965978542,
    2.582299723349));
#5367 = CARTESIAN_POINT('',(42.734687775794,14.558554698501,2.6521977916
    ));
#5368 = CARTESIAN_POINT('',(42.732752587901,14.611446345531,2.6935878088
    ));
#5369 = CARTESIAN_POINT('',(42.730904450608,14.661738967314,
    2.736840900617));
#5370 = CARTESIAN_POINT('',(42.729145218699,14.709421068456,
    2.781763099768));
#5371 = CARTESIAN_POINT('',(42.727475985477,14.754499147144,
    2.828177861478));
#5372 = CARTESIAN_POINT('',(42.725897234632,14.796992990367,
    2.875928403459));
#5373 = CARTESIAN_POINT('',(42.720241501075,14.948768365667,
    3.061958195933));
#5374 = CARTESIAN_POINT('',(42.716790553085,15.040381376217,
    3.208228873589));
#5375 = CARTESIAN_POINT('',(42.714043568254,15.112754158798,
    3.36098703121));
#5376 = CARTESIAN_POINT('',(42.711995809846,15.166438525653,3.5181234013
    ));
#5377 = CARTESIAN_POINT('',(42.710636360406,15.201991762864,
    3.677867026379));
#5378 = CARTESIAN_POINT('',(42.709955321632,15.219802255814,
    3.838840239193));
#5379 = CARTESIAN_POINT('',(42.709955321632,15.219802255814,4.));
#5380 = PCURVE('',#299,#5381);
#5381 = DEFINITIONAL_REPRESENTATION('',(#5382),#5540);
#5382 = B_SPLINE_CURVE_WITH_KNOTS('',3,(#5383,#5384,#5385,#5386,#5387,
    #5388,#5389,#5390,#5391,#5392,#5393,#5394,#5395,#5396,#5397,#5398,
    #5399,#5400,#5401,#5402,#5403,#5404,#5405,#5406,#5407,#5408,#5409,
    #5410,#5411,#5412,#5413,#5414,#5415,#5416,#5417,#5418,#5419,#5420,
    #5421,#5422,#5423,#5424,#5425,#5426,#5427,#5428,#5429,#5430,#5431,
    #5432,#5433,#5434,#5435,#5436,#5437,#5438,#5439,#5440,#5441,#5442,
    #5443,#5444,#5445,#5446,#5447,#5448,#5449,#5450,#5451,#5452,#5453,
    #5454,#5455,#5456,#5457,#5458,#5459,#5460,#5461,#5462,#5463,#5464,
    #5465,#5466,#5467,#5468,#5469,#5470,#5471,#5472,#5473,#5474,#5475,
    #5476,#5477,#5478,#5479,#5480,#5481,#5482,#5483,#5484,#5485,#5486,
    #5487,#5488,#5489,#5490,#5491,#5492,#5493,#5494,#5495,#5496,#5497,
    #5498,#5499,#5500,#5501,#5502,#5503,#5504,#5505,#5506,#5507,#5508,
    #5509,#5510,#5511,#5512,#5513,#5514,#5515,#5516,#5517,#5518,#5519,
    #5520,#5521,#5522,#5523,#5524,#5525,#5526,#5527,#5528,#5529,#5530,
    #5531,#5532,#5533,#5534,#5535,#5536,#5537,#5538,#5539),
  .UNSPECIFIED.,.T.,.F.,(4,1,1,1,1,1,1,1,1,1,1,1,1,1,1,1,1,1,1,1,1,1,1,1
    ,1,1,1,1,1,1,1,1,1,1,1,1,1,1,1,1,1,1,1,1,1,1,1,1,1,1,1,1,1,1,1,1,1,1
    ,1,1,1,1,1,1,1,1,1,1,1,1,1,1,1,1,1,1,1,1,1,1,1,1,1,1,1,1,1,1,1,1,1,1
    ,1,1,1,1,1,1,1,1,1,1,1,1,1,1,1,1,1,1,1,1,1,1,1,1,1,1,1,1,1,1,1,1,1,1
    ,1,1,1,1,1,1,1,1,1,1,1,1,1,1,1,1,1,1,1,1,1,1,1,1,1,1,1,1,4),(0.,
    8.663932460852E-03,1.73278649217E-02,2.599179738255E-02,
    3.465572984341E-02,4.331966230426E-02,5.198359476511E-02,
    6.064752722596E-02,6.931145968681E-02,7.797539214766E-02,
    8.663932460852E-02,9.530325706937E-02,0.10396718953,0.112631121991,
    0.121295054452,0.129958986913,0.138622919374,0.147286851834,
    0.155950784295,0.164614716756,0.173278649217,0.181942581678,
    0.190606514139,0.1992704466,0.20793437906,0.216598311521,
    0.225262243982,0.233926176443,0.242590108904,0.251254041365,
    0.259917973826,0.268581906286,0.277245838747,0.285909771208,
    0.294573703669,0.30323763613,0.311901568591,0.320565501052,
    0.329229433512,0.337893365973,0.346557298434,0.355221230895,
    0.363885163356,0.372549095817,0.381213028277,0.389876960738,
    0.398540893199,0.40720482566,0.415868758121,0.424532690582,
    0.433196623043,0.441860555503,0.450524487964,0.459188420425,
    0.467852352886,0.476516285347,0.485180217808,0.493844150269,
    0.502508082729,0.51117201519,0.519835947651,0.528499880112,
    0.537163812573,0.545827745034,0.554491677495,0.563155609955,
    0.571819542416,0.580483474877,0.589147407338,0.597811339799,
    0.60647527226,0.61513920472,0.623803137181,0.632467069642,
    0.641131002103,0.649794934564,0.658458867025,0.667122799486,
    0.675786731946,0.684450664407,0.693114596868,0.701778529329,
    0.71044246179,0.719106394251,0.727770326712,0.736434259172,
    0.745098191633,0.753762124094,0.762426056555,0.771089989016,
    0.779753921477,0.788417853937,0.797081786398,0.805745718859,
    0.81440965132,0.823073583781,0.831737516242,0.840401448703,
    0.849065381163,0.857729313624,0.866393246085,0.875057178546,
    0.883721111007,0.892385043468,0.901048975929,0.909712908389,
    0.91837684085,0.927040773311,0.935704705772,0.944368638233,
    0.953032570694,0.961696503155,0.970360435615,0.979024368076,
    0.987688300537,0.996352232998,1.005016165459,1.01368009792,
    1.02234403038,1.031007962841,1.039671895302,1.048335827763,
    1.056999760224,1.065663692685,1.074327625146,1.082991557606,
    1.091655490067,1.100319422528,1.108983354989,1.11764728745,
    1.126311219911,1.134975152372,1.143639084832,1.152303017293,
    1.160966949754,1.169630882215,1.178294814676,1.186958747137,
    1.195622679598,1.204286612058,1.212950544519,1.22161447698,
    1.230278409441,1.238942341902,1.247606274363,1.256270206823,
    1.264934139284,1.273598071745,1.282262004206,1.290925936667,
    1.299589869128,1.308253801589,1.316917734049,1.32558166651,
    1.334245598971),.QUASI_UNIFORM_KNOTS.);
#5383 = CARTESIAN_POINT('',(4.,4.825603674475));
#5384 = CARTESIAN_POINT('',(4.02041126079,4.825603672651));
#5385 = CARTESIAN_POINT('',(4.061226761095,4.82559818726));
#5386 = CARTESIAN_POINT('',(4.12239002856,4.825573495016));
#5387 = CARTESIAN_POINT('',(4.183455397771,4.825532327727));
#5388 = CARTESIAN_POINT('',(4.244381439784,4.825474646376));
#5389 = CARTESIAN_POINT('',(4.305124366058,4.825400396348));
#5390 = CARTESIAN_POINT('',(4.365637671031,4.825309506687));
#5391 = CARTESIAN_POINT('',(4.425872184127,4.825201892655));
#5392 = CARTESIAN_POINT('',(4.485776012673,4.825077457103));
#5393 = CARTESIAN_POINT('',(4.545294510912,4.824936091839));
#5394 = CARTESIAN_POINT('',(4.604370235003,4.824777678633));
#5395 = CARTESIAN_POINT('',(4.662942891262,4.824602089927));
#5396 = CARTESIAN_POINT('',(4.720949270828,4.824409189204));
#5397 = CARTESIAN_POINT('',(4.778323172822,4.824198830959));
#5398 = CARTESIAN_POINT('',(4.834995296615,4.823970860369));
#5399 = CARTESIAN_POINT('',(4.890893160726,4.823725112213));
#5400 = CARTESIAN_POINT('',(4.945940819694,4.823461410579));
#5401 = CARTESIAN_POINT('',(5.000059218146,4.823179563464));
#5402 = CARTESIAN_POINT('',(5.05316403581,4.822879374179));
#5403 = CARTESIAN_POINT('',(5.105172751401,4.822560587664));
#5404 = CARTESIAN_POINT('',(5.155955942082,4.822223210859));
#5405 = CARTESIAN_POINT('',(5.205406194516,4.821867114182));
#5406 = CARTESIAN_POINT('',(5.253404100316,4.821492220461));
#5407 = CARTESIAN_POINT('',(5.299822251262,4.821098497004));
#5408 = CARTESIAN_POINT('',(5.344524700822,4.820685967829));
#5409 = CARTESIAN_POINT('',(5.387368096212,4.820254716509));
#5410 = CARTESIAN_POINT('',(5.428200662011,4.819804906373));
#5411 = CARTESIAN_POINT('',(5.466859786708,4.819336839715));
#5412 = CARTESIAN_POINT('',(5.50317752568,4.818850924738));
#5413 = CARTESIAN_POINT('',(5.536979844596,4.818347719636));
#5414 = CARTESIAN_POINT('',(5.56808889384,4.817827956323));
#5415 = CARTESIAN_POINT('',(5.596328657708,4.81729249739));
#5416 = CARTESIAN_POINT('',(5.621525150075,4.816742369833));
#5417 = CARTESIAN_POINT('',(5.643500441799,4.816179041639));
#5418 = CARTESIAN_POINT('',(5.662095084862,4.815604081823));
#5419 = CARTESIAN_POINT('',(5.677166235433,4.815019244817));
#5420 = CARTESIAN_POINT('',(5.688592122491,4.814426451598));
#5421 = CARTESIAN_POINT('',(5.696275453761,4.813827804421));
#5422 = CARTESIAN_POINT('',(5.700147371281,4.81322556961));
#5423 = CARTESIAN_POINT('',(5.700172915539,4.812622253701));
#5424 = CARTESIAN_POINT('',(5.696351727815,4.812020037279));
#5425 = CARTESIAN_POINT('',(5.688717886802,4.81142142131));
#5426 = CARTESIAN_POINT('',(5.677339324435,4.810828667751));
#5427 = CARTESIAN_POINT('',(5.662312561178,4.810243881572));
#5428 = CARTESIAN_POINT('',(5.643758871917,4.809668990063));
#5429 = CARTESIAN_POINT('',(5.62182103331,4.809105757822));
#5430 = CARTESIAN_POINT('',(5.596658732088,4.808555762881));
#5431 = CARTESIAN_POINT('',(5.568451165541,4.808020493817));
#5432 = CARTESIAN_POINT('',(5.537373326675,4.807500980176));
#5433 = CARTESIAN_POINT('',(5.503599127641,4.806998041589));
#5434 = CARTESIAN_POINT('',(5.467307047618,4.806512416902));
#5435 = CARTESIAN_POINT('',(5.428671023543,4.806044657925));
#5436 = CARTESIAN_POINT('',(5.387859225095,4.805595170666));
#5437 = CARTESIAN_POINT('',(5.34503417135,4.805164251753));
#5438 = CARTESIAN_POINT('',(5.30034816864,4.804752065042));
#5439 = CARTESIAN_POINT('',(5.253944514334,4.804358688422));
#5440 = CARTESIAN_POINT('',(5.205959254409,4.803984142495));
#5441 = CARTESIAN_POINT('',(5.156520024304,4.803628391705));
#5442 = CARTESIAN_POINT('',(5.105746010124,4.803291354601));
#5443 = CARTESIAN_POINT('',(5.053746345135,4.802972905091));
#5444 = CARTESIAN_POINT('',(5.000625754767,4.802672913498));
#5445 = CARTESIAN_POINT('',(4.946480051003,4.802391219145));
#5446 = CARTESIAN_POINT('',(4.891399262924,4.802127658722));
#5447 = CARTESIAN_POINT('',(4.835467567365,4.80188206428));
#5448 = CARTESIAN_POINT('',(4.778762972155,4.801654261269));
#5449 = CARTESIAN_POINT('',(4.721359420558,4.801444083425));
#5450 = CARTESIAN_POINT('',(4.663326056704,4.801251368352));
#5451 = CARTESIAN_POINT('',(4.604728095255,4.801075961635));
#5452 = CARTESIAN_POINT('',(4.545627724881,4.800917719614));
#5453 = CARTESIAN_POINT('',(4.486085003266,4.800776511012));
#5454 = CARTESIAN_POINT('',(4.426153730245,4.800652208129));
#5455 = CARTESIAN_POINT('',(4.365887176476,4.800544701858));
#5456 = CARTESIAN_POINT('',(4.30533683227,4.80045389702));
#5457 = CARTESIAN_POINT('',(4.244552819006,4.800379712849));
#5458 = CARTESIAN_POINT('',(4.183583903087,4.800322082515));
#5459 = CARTESIAN_POINT('',(4.122477400459,4.800280953302));
#5460 = CARTESIAN_POINT('',(4.061279879647,4.800256287042));
#5461 = CARTESIAN_POINT('',(4.000034743526,4.800248060816));
#5462 = CARTESIAN_POINT('',(3.938791460921,4.800256268281));
#5463 = CARTESIAN_POINT('',(3.877599146687,4.800280912816));
#5464 = CARTESIAN_POINT('',(3.816498787896,4.800322016306));
#5465 = CARTESIAN_POINT('',(3.755535768072,4.800379617487));
#5466 = CARTESIAN_POINT('',(3.69475655917,4.800453770391));
#5467 = CARTESIAN_POINT('',(3.634209649484,4.800544543192));
#5468 = CARTESIAN_POINT('',(3.573945348484,4.80065201737));
#5469 = CARTESIAN_POINT('',(3.514015903487,4.800776287219));
#5470 = CARTESIAN_POINT('',(3.454475547581,4.800917459674));
#5471 = CARTESIAN_POINT('',(3.395380566178,4.801075654531));
#5472 = CARTESIAN_POINT('',(3.336789413297,4.801251004794));
#5473 = CARTESIAN_POINT('',(3.278762665796,4.801443658138));
#5474 = CARTESIAN_POINT('',(3.221363631583,4.801653775794));
#5475 = CARTESIAN_POINT('',(3.164656559441,4.801881542643));
#5476 = CARTESIAN_POINT('',(3.108722839097,4.80212709896));
#5477 = CARTESIAN_POINT('',(3.053639692839,4.802390621614));
#5478 = CARTESIAN_POINT('',(2.999491503972,4.802672277871));
#5479 = CARTESIAN_POINT('',(2.946368216506,4.802972231362));
#5480 = CARTESIAN_POINT('',(2.894365676018,4.803290642577));
#5481 = CARTESIAN_POINT('',(2.843588552741,4.803627641418));
#5482 = CARTESIAN_POINT('',(2.794145975354,4.803983354046));
#5483 = CARTESIAN_POINT('',(2.746157133045,4.804357861842));
#5484 = CARTESIAN_POINT('',(2.699749639099,4.804751200505));
#5485 = CARTESIAN_POINT('',(2.655059521708,4.805163349545));
#5486 = CARTESIAN_POINT('',(2.612230000517,4.805594231936));
#5487 = CARTESIAN_POINT('',(2.571413492976,4.806043682722));
#5488 = CARTESIAN_POINT('',(2.532772426229,4.806511406269));
#5489 = CARTESIAN_POINT('',(2.496474976582,4.806996996739));
#5490 = CARTESIAN_POINT('',(2.462695080753,4.807499902395));
#5491 = CARTESIAN_POINT('',(2.431611119168,4.808019386264));
#5492 = CARTESIAN_POINT('',(2.403397343372,4.808554624352));
#5493 = CARTESIAN_POINT('',(2.378229985633,4.809104555279));
#5494 = CARTESIAN_POINT('',(2.356286352514,4.80966772238));
#5495 = CARTESIAN_POINT('',(2.337725852219,4.810242558254));
#5496 = CARTESIAN_POINT('',(2.322691243733,4.810827306972));
#5497 = CARTESIAN_POINT('',(2.311304155594,4.811420041269));
#5498 = CARTESIAN_POINT('',(2.303661513048,4.812018650955));
#5499 = CARTESIAN_POINT('',(2.299831550839,4.812620852793));
#5500 = CARTESIAN_POINT('',(2.299848063869,4.813224144638));
#5501 = CARTESIAN_POINT('',(2.303710856659,4.813826384707));
#5502 = CARTESIAN_POINT('',(2.311385424137,4.81442505614));
#5503 = CARTESIAN_POINT('',(2.322803494651,4.815017905374));
#5504 = CARTESIAN_POINT('',(2.337868309157,4.815602826941));
#5505 = CARTESIAN_POINT('',(2.356458412138,4.816177893348));
#5506 = CARTESIAN_POINT('',(2.37843090898,4.816741338248));
#5507 = CARTESIAN_POINT('',(2.403625961243,4.81729158011));
#5508 = CARTESIAN_POINT('',(2.431864479353,4.817827129303));
#5509 = CARTESIAN_POINT('',(2.46296997734,4.818346929761));
#5510 = CARTESIAN_POINT('',(2.496769924235,4.818850184655));
#5511 = CARTESIAN_POINT('',(2.533085544812,4.8193361452));
#5512 = CARTESIAN_POINT('',(2.57174311189,4.81980425808));
#5513 = CARTESIAN_POINT('',(2.61257447734,4.820254112742));
#5514 = CARTESIAN_POINT('',(2.655417395379,4.820685410596));
#5515 = CARTESIAN_POINT('',(2.700119418584,4.821097981564));
#5516 = CARTESIAN_POINT('',(2.746537496697,4.821491745654));
#5517 = CARTESIAN_POINT('',(2.794535632557,4.82186667845));
#5518 = CARTESIAN_POINT('',(2.843986548193,4.822222813512));
#5519 = CARTESIAN_POINT('',(2.894770235825,4.822560224267));
#5520 = CARTESIAN_POINT('',(2.946780959069,4.822879051009));
#5521 = CARTESIAN_POINT('',(2.999889216704,4.823179284226));
#5522 = CARTESIAN_POINT('',(3.054010318371,4.82346116695));
#5523 = CARTESIAN_POINT('',(3.109060634812,4.823724900581));
#5524 = CARTESIAN_POINT('',(3.164961026438,4.823970677036));
#5525 = CARTESIAN_POINT('',(3.221635661014,4.824198673158));
#5526 = CARTESIAN_POINT('',(3.279012105778,4.824409054588));
#5527 = CARTESIAN_POINT('',(3.337021113227,4.824601976497));
#5528 = CARTESIAN_POINT('',(3.395596520371,4.824777584587));
#5529 = CARTESIAN_POINT('',(3.454675145171,4.824936015475));
#5530 = CARTESIAN_POINT('',(3.514196707586,4.825077396735));
#5531 = CARTESIAN_POINT('',(3.574103763922,4.825201846556));
#5532 = CARTESIAN_POINT('',(3.634341654381,4.825309473059));
#5533 = CARTESIAN_POINT('',(3.69485845762,4.825400373307));
#5534 = CARTESIAN_POINT('',(3.755604959338,4.825474631964));
#5535 = CARTESIAN_POINT('',(3.81653459507,4.825532319934));
#5536 = CARTESIAN_POINT('',(3.877603501545,4.82557349183));
#5537 = CARTESIAN_POINT('',(3.938770161165,4.825598186715));
#5538 = CARTESIAN_POINT('',(3.979587753109,4.825603672658));
#5539 = CARTESIAN_POINT('',(4.,4.825603674475));
#5540 = ( GEOMETRIC_REPRESENTATION_CONTEXT(2) 
PARAMETRIC_REPRESENTATION_CONTEXT() REPRESENTATION_CONTEXT('2D SPACE',''
  ) );
#5541 = PCURVE('',#5542,#5547);
#5542 = CYLINDRICAL_SURFACE('',#5543,1.7);
#5543 = AXIS2_PLACEMENT_3D('',#5544,#5545,#5546);
#5544 = CARTESIAN_POINT('',(47.368616716893,13.676851985826,4.));
#5545 = DIRECTION('',(-0.999425171273,-3.390172600055E-02,0.));
#5546 = DIRECTION('',(-3.390172600055E-02,0.999425171273,0.));
#5547 = DEFINITIONAL_REPRESENTATION('',(#5548),#5706);
#5548 = B_SPLINE_CURVE_WITH_KNOTS('',3,(#5549,#5550,#5551,#5552,#5553,
    #5554,#5555,#5556,#5557,#5558,#5559,#5560,#5561,#5562,#5563,#5564,
    #5565,#5566,#5567,#5568,#5569,#5570,#5571,#5572,#5573,#5574,#5575,
    #5576,#5577,#5578,#5579,#5580,#5581,#5582,#5583,#5584,#5585,#5586,
    #5587,#5588,#5589,#5590,#5591,#5592,#5593,#5594,#5595,#5596,#5597,
    #5598,#5599,#5600,#5601,#5602,#5603,#5604,#5605,#5606,#5607,#5608,
    #5609,#5610,#5611,#5612,#5613,#5614,#5615,#5616,#5617,#5618,#5619,
    #5620,#5621,#5622,#5623,#5624,#5625,#5626,#5627,#5628,#5629,#5630,
    #5631,#5632,#5633,#5634,#5635,#5636,#5637,#5638,#5639,#5640,#5641,
    #5642,#5643,#5644,#5645,#5646,#5647,#5648,#5649,#5650,#5651,#5652,
    #5653,#5654,#5655,#5656,#5657,#5658,#5659,#5660,#5661,#5662,#5663,
    #5664,#5665,#5666,#5667,#5668,#5669,#5670,#5671,#5672,#5673,#5674,
    #5675,#5676,#5677,#5678,#5679,#5680,#5681,#5682,#5683,#5684,#5685,
    #5686,#5687,#5688,#5689,#5690,#5691,#5692,#5693,#5694,#5695,#5696,
    #5697,#5698,#5699,#5700,#5701,#5702,#5703,#5704,#5705),
  .UNSPECIFIED.,.F.,.F.,(4,1,1,1,1,1,1,1,1,1,1,1,1,1,1,1,1,1,1,1,1,1,1,1
    ,1,1,1,1,1,1,1,1,1,1,1,1,1,1,1,1,1,1,1,1,1,1,1,1,1,1,1,1,1,1,1,1,1,1
    ,1,1,1,1,1,1,1,1,1,1,1,1,1,1,1,1,1,1,1,1,1,1,1,1,1,1,1,1,1,1,1,1,1,1
    ,1,1,1,1,1,1,1,1,1,1,1,1,1,1,1,1,1,1,1,1,1,1,1,1,1,1,1,1,1,1,1,1,1,1
    ,1,1,1,1,1,1,1,1,1,1,1,1,1,1,1,1,1,1,1,1,1,1,1,1,1,1,1,1,4),(0.,
    8.663932460852E-03,1.73278649217E-02,2.599179738255E-02,
    3.465572984341E-02,4.331966230426E-02,5.198359476511E-02,
    6.064752722596E-02,6.931145968681E-02,7.797539214766E-02,
    8.663932460852E-02,9.530325706937E-02,0.10396718953,0.112631121991,
    0.121295054452,0.129958986913,0.138622919374,0.147286851834,
    0.155950784295,0.164614716756,0.173278649217,0.181942581678,
    0.190606514139,0.1992704466,0.20793437906,0.216598311521,
    0.225262243982,0.233926176443,0.242590108904,0.251254041365,
    0.259917973826,0.268581906286,0.277245838747,0.285909771208,
    0.294573703669,0.30323763613,0.311901568591,0.320565501052,
    0.329229433512,0.337893365973,0.346557298434,0.355221230895,
    0.363885163356,0.372549095817,0.381213028277,0.389876960738,
    0.398540893199,0.40720482566,0.415868758121,0.424532690582,
    0.433196623043,0.441860555503,0.450524487964,0.459188420425,
    0.467852352886,0.476516285347,0.485180217808,0.493844150269,
    0.502508082729,0.51117201519,0.519835947651,0.528499880112,
    0.537163812573,0.545827745034,0.554491677495,0.563155609955,
    0.571819542416,0.580483474877,0.589147407338,0.597811339799,
    0.60647527226,0.61513920472,0.623803137181,0.632467069642,
    0.641131002103,0.649794934564,0.658458867025,0.667122799486,
    0.675786731946,0.684450664407,0.693114596868,0.701778529329,
    0.71044246179,0.719106394251,0.727770326712,0.736434259172,
    0.745098191633,0.753762124094,0.762426056555,0.771089989016,
    0.779753921477,0.788417853937,0.797081786398,0.805745718859,
    0.81440965132,0.823073583781,0.831737516242,0.840401448703,
    0.849065381163,0.857729313624,0.866393246085,0.875057178546,
    0.883721111007,0.892385043468,0.901048975929,0.909712908389,
    0.91837684085,0.927040773311,0.935704705772,0.944368638233,
    0.953032570694,0.961696503155,0.970360435615,0.979024368076,
    0.987688300537,0.996352232998,1.005016165459,1.01368009792,
    1.02234403038,1.031007962841,1.039671895302,1.048335827763,
    1.056999760224,1.065663692685,1.074327625146,1.082991557606,
    1.091655490067,1.100319422528,1.108983354989,1.11764728745,
    1.126311219911,1.134975152372,1.143639084832,1.152303017293,
    1.160966949754,1.169630882215,1.178294814676,1.186958747137,
    1.195622679598,1.204286612058,1.212950544519,1.22161447698,
    1.230278409441,1.238942341902,1.247606274363,1.256270206823,
    1.264934139284,1.273598071745,1.282262004206,1.290925936667,
    1.299589869128,1.308253801589,1.316917734049,1.32558166651,
    1.334245598971),.QUASI_UNIFORM_KNOTS.);
#5549 = CARTESIAN_POINT('',(6.28318530718,4.603674785576));
#5550 = CARTESIAN_POINT('',(6.271178665906,4.603674787565));
#5551 = CARTESIAN_POINT('',(6.247169572579,4.603671614462));
#5552 = CARTESIAN_POINT('',(6.211144455354,4.603657371952));
#5553 = CARTESIAN_POINT('',(6.1750833613,4.603633685146));
#5554 = CARTESIAN_POINT('',(6.138963382261,4.603600627003));
#5555 = CARTESIAN_POINT('',(6.10276240139,4.603558295526));
#5556 = CARTESIAN_POINT('',(6.06645906577,4.603506818687));
#5557 = CARTESIAN_POINT('',(6.030032561323,4.603446355438));
#5558 = CARTESIAN_POINT('',(5.99346244834,4.603377097703));
#5559 = CARTESIAN_POINT('',(5.956728485742,4.603299272022));
#5560 = CARTESIAN_POINT('',(5.919810459749,4.603213141217));
#5561 = CARTESIAN_POINT('',(5.882688007939,4.603119005967));
#5562 = CARTESIAN_POINT('',(5.845340436499,4.603017206336));
#5563 = CARTESIAN_POINT('',(5.807746521625,4.602908123226));
#5564 = CARTESIAN_POINT('',(5.769884302418,4.602792179807));
#5565 = CARTESIAN_POINT('',(5.731730810334,4.602669842749));
#5566 = CARTESIAN_POINT('',(5.693261909791,4.602541623909));
#5567 = CARTESIAN_POINT('',(5.654451566067,4.602408080004));
#5568 = CARTESIAN_POINT('',(5.615273059324,4.602269819554));
#5569 = CARTESIAN_POINT('',(5.575692710655,4.602127482376));
#5570 = CARTESIAN_POINT('',(5.535707621151,4.601981881354));
#5571 = CARTESIAN_POINT('',(5.495294148337,4.601833818334));
#5572 = CARTESIAN_POINT('',(5.454432503267,4.601684174745));
#5573 = CARTESIAN_POINT('',(5.413104242006,4.60153390095));
#5574 = CARTESIAN_POINT('',(5.371292882391,4.601384017281));
#5575 = CARTESIAN_POINT('',(5.328983330545,4.601235610213));
#5576 = CARTESIAN_POINT('',(5.286163200711,4.601089836306));
#5577 = CARTESIAN_POINT('',(5.242827190522,4.60094792268));
#5578 = CARTESIAN_POINT('',(5.198972971341,4.60081114849));
#5579 = CARTESIAN_POINT('',(5.154604317767,4.60068083797));
#5580 = CARTESIAN_POINT('',(5.109732172217,4.600558342895));
#5581 = CARTESIAN_POINT('',(5.064370333118,4.600445012674));
#5582 = CARTESIAN_POINT('',(5.018538100691,4.600342176732));
#5583 = CARTESIAN_POINT('',(4.97228242848,4.600251158201));
#5584 = CARTESIAN_POINT('',(4.925649200007,4.600173166371));
#5585 = CARTESIAN_POINT('',(4.878691087142,4.600109284724));
#5586 = CARTESIAN_POINT('',(4.831466730454,4.600060436159));
#5587 = CARTESIAN_POINT('',(4.784043000346,4.600027353812));
#5588 = CARTESIAN_POINT('',(4.736494976834,4.600010551988));
#5589 = CARTESIAN_POINT('',(4.688913646405,4.600010290674));
#5590 = CARTESIAN_POINT('',(4.641363273927,4.600026570172));
#5591 = CARTESIAN_POINT('',(4.59393444158,4.600059131408));
#5592 = CARTESIAN_POINT('',(4.546701945833,4.600107461602));
#5593 = CARTESIAN_POINT('',(4.499732959373,4.600170828656));
#5594 = CARTESIAN_POINT('',(4.453086745783,4.600248309735));
#5595 = CARTESIAN_POINT('',(4.406816967284,4.600338819885));
#5596 = CARTESIAN_POINT('',(4.360970473089,4.600441147482));
#5597 = CARTESIAN_POINT('',(4.315596265662,4.6005539635));
#5598 = CARTESIAN_POINT('',(4.270714329419,4.600675934987));
#5599 = CARTESIAN_POINT('',(4.226335152221,4.600805721001));
#5600 = CARTESIAN_POINT('',(4.18247061899,4.600941968065));
#5601 = CARTESIAN_POINT('',(4.139124304403,4.601083353664));
#5602 = CARTESIAN_POINT('',(4.096294053349,4.601228599221));
#5603 = CARTESIAN_POINT('',(4.053974394877,4.6013764798));
#5604 = CARTESIAN_POINT('',(4.01215336982,4.601525839165));
#5605 = CARTESIAN_POINT('',(3.970815701187,4.601675593183));
#5606 = CARTESIAN_POINT('',(3.929944908451,4.601824723644));
#5607 = CARTESIAN_POINT('',(3.889522623924,4.601972282167));
#5608 = CARTESIAN_POINT('',(3.849528848897,4.60211739026));
#5609 = CARTESIAN_POINT('',(3.809940998232,4.602259244676));
#5610 = CARTESIAN_POINT('',(3.770738182931,4.602397097622));
#5611 = CARTESIAN_POINT('',(3.731897465022,4.602530270835));
#5612 = CARTESIAN_POINT('',(3.693396345956,4.602658140391));
#5613 = CARTESIAN_POINT('',(3.655212288803,4.602780137514));
#5614 = CARTESIAN_POINT('',(3.617322187151,4.602895750184));
#5615 = CARTESIAN_POINT('',(3.579703732633,4.603004511984));
#5616 = CARTESIAN_POINT('',(3.542334563237,4.603106003738));
#5617 = CARTESIAN_POINT('',(3.505192590526,4.603199848625));
#5618 = CARTESIAN_POINT('',(3.4682563076,4.603285711316));
#5619 = CARTESIAN_POINT('',(3.431505077699,4.603363293452));
#5620 = CARTESIAN_POINT('',(3.394916369013,4.603432338073));
#5621 = CARTESIAN_POINT('',(3.358469084283,4.603492619799));
#5622 = CARTESIAN_POINT('',(3.322142517564,4.603543946176));
#5623 = CARTESIAN_POINT('',(3.285916379895,4.603586156322));
#5624 = CARTESIAN_POINT('',(3.249770587893,4.60361912028));
#5625 = CARTESIAN_POINT('',(3.213685003864,4.603642738166));
#5626 = CARTESIAN_POINT('',(3.17763964961,4.603656939342));
#5627 = CARTESIAN_POINT('',(3.141613086651,4.603661681585));
#5628 = CARTESIAN_POINT('',(3.105587639839,4.60365695018));
#5629 = CARTESIAN_POINT('',(3.069545434718,4.603642761523));
#5630 = CARTESIAN_POINT('',(3.033463630506,4.603619158289));
#5631 = CARTESIAN_POINT('',(2.997321567086,4.603586210737));
#5632 = CARTESIAN_POINT('',(2.961098616164,4.60354401796));
#5633 = CARTESIAN_POINT('',(2.924774528506,4.603492709105));
#5634 = CARTESIAN_POINT('',(2.8883291219,4.603432444577));
#5635 = CARTESIAN_POINT('',(2.851742147816,4.603363417204));
#5636 = CARTESIAN_POINT('',(2.81499310802,4.603285853396));
#5637 = CARTESIAN_POINT('',(2.778061065486,4.603200014234));
#5638 = CARTESIAN_POINT('',(2.74092446836,4.603106196649));
#5639 = CARTESIAN_POINT('',(2.703560835613,4.603004734188));
#5640 = CARTESIAN_POINT('',(2.665946860606,4.602895999151));
#5641 = CARTESIAN_POINT('',(2.628056830602,4.602780399534));
#5642 = CARTESIAN_POINT('',(2.58987327585,4.602658415328));
#5643 = CARTESIAN_POINT('',(2.551372600074,4.602530557142));
#5644 = CARTESIAN_POINT('',(2.512532404913,4.602397394046));
#5645 = CARTESIAN_POINT('',(2.47333014145,4.602259549678));
#5646 = CARTESIAN_POINT('',(2.433742902713,4.602117702284));
#5647 = CARTESIAN_POINT('',(2.393749770149,4.601972599435));
#5648 = CARTESIAN_POINT('',(2.353328160622,4.601825044287));
#5649 = CARTESIAN_POINT('',(2.312458088359,4.601675915259));
#5650 = CARTESIAN_POINT('',(2.271121177081,4.60152616056));
#5651 = CARTESIAN_POINT('',(2.229300941929,4.601376798249));
#5652 = CARTESIAN_POINT('',(2.186982033595,4.601228912163));
#5653 = CARTESIAN_POINT('',(2.144152611686,4.601083658813));
#5654 = CARTESIAN_POINT('',(2.100807120434,4.60094226277));
#5655 = CARTESIAN_POINT('',(2.05694340628,4.600806002609));
#5656 = CARTESIAN_POINT('',(2.012565049359,4.600676200783));
#5657 = CARTESIAN_POINT('',(1.967683788793,4.600554210383));
#5658 = CARTESIAN_POINT('',(1.92231051627,4.600441373749));
#5659 = CARTESIAN_POINT('',(1.876467836715,4.600339028932));
#5660 = CARTESIAN_POINT('',(1.830202035844,4.60024849752));
#5661 = CARTESIAN_POINT('',(1.783559145611,4.600170989936));
#5662 = CARTESIAN_POINT('',(1.736592186449,4.600107591071));
#5663 = CARTESIAN_POINT('',(1.689360478342,4.600059225332));
#5664 = CARTESIAN_POINT('',(1.64193164344,4.600026626726));
#5665 = CARTESIAN_POINT('',(1.59438216915,4.600010309596));
#5666 = CARTESIAN_POINT('',(1.546802731044,4.60001053193));
#5667 = CARTESIAN_POINT('',(1.499254543337,4.600027294788));
#5668 = CARTESIAN_POINT('',(1.451829395524,4.600060339929));
#5669 = CARTESIAN_POINT('',(1.404601316537,4.60010915585));
#5670 = CARTESIAN_POINT('',(1.357637356701,4.600173011907));
#5671 = CARTESIAN_POINT('',(1.31099658307,4.600250986602));
#5672 = CARTESIAN_POINT('',(1.264732534975,4.600341996071));
#5673 = CARTESIAN_POINT('',(1.218892049784,4.600444829133));
#5674 = CARTESIAN_POINT('',(1.173523856613,4.600558157428));
#5675 = CARTESIAN_POINT('',(1.12864988778,4.600680642415));
#5676 = CARTESIAN_POINT('',(1.08427834773,4.600810948245));
#5677 = CARTESIAN_POINT('',(1.040421597603,4.600947719321));
#5678 = CARTESIAN_POINT('',(0.997082965319,4.601089632718));
#5679 = CARTESIAN_POINT('',(0.954260325147,4.601235408233));
#5680 = CARTESIAN_POINT('',(0.911947993638,4.601383819879));
#5681 = CARTESIAN_POINT('',(0.870134230353,4.601533708803));
#5682 = CARTESIAN_POINT('',(0.828803592761,4.601683989209));
#5683 = CARTESIAN_POINT('',(0.787939627842,4.60183364056));
#5684 = CARTESIAN_POINT('',(0.747523773943,4.601981712806));
#5685 = CARTESIAN_POINT('',(0.707536687591,4.602127322731));
#5686 = CARTESIAN_POINT('',(0.667953415217,4.602269672815));
#5687 = CARTESIAN_POINT('',(0.628771206363,4.602407949415));
#5688 = CARTESIAN_POINT('',(0.589957954111,4.60254150684));
#5689 = CARTESIAN_POINT('',(0.55148637723,4.602669738504));
#5690 = CARTESIAN_POINT('',(0.513330473504,4.602792087454));
#5691 = CARTESIAN_POINT('',(0.475466000716,4.602908042106));
#5692 = CARTESIAN_POINT('',(0.437869938898,4.603017135857));
#5693 = CARTESIAN_POINT('',(0.400520277023,4.603118945593));
#5694 = CARTESIAN_POINT('',(0.363395755329,4.603213090412));
#5695 = CARTESIAN_POINT('',(0.326475653463,4.603299230215));
#5696 = CARTESIAN_POINT('',(0.289739592151,4.603377064257));
#5697 = CARTESIAN_POINT('',(0.253167349634,4.60344632963));
#5698 = CARTESIAN_POINT('',(0.21673868547,4.603506799691));
#5699 = CARTESIAN_POINT('',(0.180433169041,4.603558282417));
#5700 = CARTESIAN_POINT('',(0.144230003838,4.603600618759));
#5701 = CARTESIAN_POINT('',(0.108107863053,4.603633680677));
#5702 = CARTESIAN_POINT('',(7.204466503627E-02,4.603657370128));
#5703 = CARTESIAN_POINT('',(3.601754497722E-02,4.603671614153));
#5704 = CARTESIAN_POINT('',(1.200722139276E-02,4.603674787571));
#5705 = CARTESIAN_POINT('',(-8.881784197001E-16,4.603674785576));
#5706 = ( GEOMETRIC_REPRESENTATION_CONTEXT(2) 
PARAMETRIC_REPRESENTATION_CONTEXT() REPRESENTATION_CONTEXT('2D SPACE',''
  ) );
#5707 = FACE_BOUND('',#5708,.T.);
#5708 = EDGE_LOOP('',(#5709));
#5709 = ORIENTED_EDGE('',*,*,#5710,.T.);
#5710 = EDGE_CURVE('',#5711,#5711,#5713,.T.);
#5711 = VERTEX_POINT('',#5712);
#5712 = CARTESIAN_POINT('',(38.002891003724,61.496338274743,4.));
#5713 = SURFACE_CURVE('',#5714,(#5831,#5992),.PCURVE_S1.);
#5714 = B_SPLINE_CURVE_WITH_KNOTS('',7,(#5715,#5716,#5717,#5718,#5719,
    #5720,#5721,#5722,#5723,#5724,#5725,#5726,#5727,#5728,#5729,#5730,
    #5731,#5732,#5733,#5734,#5735,#5736,#5737,#5738,#5739,#5740,#5741,
    #5742,#5743,#5744,#5745,#5746,#5747,#5748,#5749,#5750,#5751,#5752,
    #5753,#5754,#5755,#5756,#5757,#5758,#5759,#5760,#5761,#5762,#5763,
    #5764,#5765,#5766,#5767,#5768,#5769,#5770,#5771,#5772,#5773,#5774,
    #5775,#5776,#5777,#5778,#5779,#5780,#5781,#5782,#5783,#5784,#5785,
    #5786,#5787,#5788,#5789,#5790,#5791,#5792,#5793,#5794,#5795,#5796,
    #5797,#5798,#5799,#5800,#5801,#5802,#5803,#5804,#5805,#5806,#5807,
    #5808,#5809,#5810,#5811,#5812,#5813,#5814,#5815,#5816,#5817,#5818,
    #5819,#5820,#5821,#5822,#5823,#5824,#5825,#5826,#5827,#5828,#5829,
    #5830),.UNSPECIFIED.,.T.,.F.,(8,6,6,6,6,6,6,6,6,6,6,6,6,6,6,6,6,6,6,
    8),(0.,0.159459518033,0.216385583512,0.260715835284,0.332846026142,
    0.405670692051,0.449859317565,0.506720852489,0.549794723599,
    0.665502112076,0.750563658752,0.78283050193,0.825988445811,
    0.883101415484,0.927839926341,1.,1.070645253329,1.115080773255,
    1.172056961074,1.331716311179),.UNSPECIFIED.);
#5715 = CARTESIAN_POINT('',(38.002891003724,61.496338274743,4.));
#5716 = CARTESIAN_POINT('',(38.002891003724,61.496338274743,
    4.161323737645));
#5717 = CARTESIAN_POINT('',(38.005929893484,61.478738791047,
    4.32245995597));
#5718 = CARTESIAN_POINT('',(38.011996018072,61.44360702622,4.48236309934
    ));
#5719 = CARTESIAN_POINT('',(38.021149217248,61.390557307434,
    4.639651223901));
#5720 = CARTESIAN_POINT('',(38.03347094766,61.319035821302,
    4.792546961652));
#5721 = CARTESIAN_POINT('',(38.049033651761,61.22849396344,
    4.938933033839));
#5722 = CARTESIAN_POINT('',(38.074733290349,61.078490787082,
    5.125058357777));
#5723 = CARTESIAN_POINT('',(38.081920559538,61.036502747712,
    5.17281887312));
#5724 = CARTESIAN_POINT('',(38.089537475916,60.991960866913,
    5.219239482063));
#5725 = CARTESIAN_POINT('',(38.097585756993,60.944845472288,
    5.26416285209));
#5726 = CARTESIAN_POINT('',(38.106064707687,60.895150082273,
    5.307411817089));
#5727 = CARTESIAN_POINT('',(38.114970451481,60.842886084921,
    5.348791742373));
#5728 = CARTESIAN_POINT('',(38.131556628587,60.745413841081,
    5.418698021808));
#5729 = CARTESIAN_POINT('',(38.139071752865,60.701205613704,
    5.448040722412));
#5730 = CARTESIAN_POINT('',(38.146836373776,60.655481556277,
    5.476020920256));
#5731 = CARTESIAN_POINT('',(38.154844156944,60.608273018147,
    5.502530234467));
#5732 = CARTESIAN_POINT('',(38.163086137932,60.559626811407,
    5.527455209825));
#5733 = CARTESIAN_POINT('',(38.171550265914,60.509608146008,
    5.550680552035));
#5734 = CARTESIAN_POINT('',(38.194329098806,60.374825373787,
    5.606931732319));
#5735 = CARTESIAN_POINT('',(38.208991271364,60.287900305086,
    5.636987940018));
#5736 = CARTESIAN_POINT('',(38.224129283977,60.197966177626,
    5.661732743794));
#5737 = CARTESIAN_POINT('',(38.239645248939,60.105581095463,
    5.680699477785));
#5738 = CARTESIAN_POINT('',(38.255420635471,60.011432924453,
    5.693511806418));
#5739 = CARTESIAN_POINT('',(38.271315479118,59.91634789617,5.69994213781
    ));
#5740 = CARTESIAN_POINT('',(38.303172621558,59.725333637625,
    5.700057809832));
#5741 = CARTESIAN_POINT('',(38.31914947098,59.629312907139,
    5.693619933149));
#5742 = CARTESIAN_POINT('',(38.334932823005,59.534228092091,
    5.680675206739));
#5743 = CARTESIAN_POINT('',(38.35038340367,59.440928242894,5.66145587048
    ));
#5744 = CARTESIAN_POINT('',(38.365386728803,59.350123870247,
    5.636349258348));
#5745 = CARTESIAN_POINT('',(38.379851416945,59.262393001582,
    5.605838541164));
#5746 = CARTESIAN_POINT('',(38.402114648209,59.127095512592,
    5.549012603852));
#5747 = CARTESIAN_POINT('',(38.410300973006,59.077281911725,
    5.525757226784));
#5748 = CARTESIAN_POINT('',(38.418253144726,59.028833253306,
    5.500818964718));
#5749 = CARTESIAN_POINT('',(38.425961620056,58.981813720401,
    5.474311933781));
#5750 = CARTESIAN_POINT('',(38.433419845468,58.936269433628,
    5.446348333236));
#5751 = CARTESIAN_POINT('',(38.440623746978,58.892231321855,
    5.417035290594));
#5752 = CARTESIAN_POINT('',(38.456511167042,58.795012214891,
    5.347142755627));
#5753 = CARTESIAN_POINT('',(38.465025855951,58.742835231486,
    5.305746093825));
#5754 = CARTESIAN_POINT('',(38.473111777134,58.693220866454,
    5.262490309201));
#5755 = CARTESIAN_POINT('',(38.480768949447,58.646180620848,
    5.217568921612));
#5756 = CARTESIAN_POINT('',(38.488000140898,58.601708291927,
    5.171158059638));
#5757 = CARTESIAN_POINT('',(38.49481008942,58.559784592073,
    5.123414137355));
#5758 = CARTESIAN_POINT('',(38.506048800604,58.490533256228,
    5.037396423688));
#5759 = CARTESIAN_POINT('',(38.510654300969,58.462132894005,
    4.999635269131));
#5760 = CARTESIAN_POINT('',(38.515023778034,58.435168775882,
    4.961247586083));
#5761 = CARTESIAN_POINT('',(38.519159805509,58.40962855166,
    4.922288594313));
#5762 = CARTESIAN_POINT('',(38.523064977536,58.385499426096,
    4.882809214696));
#5763 = CARTESIAN_POINT('',(38.526741908678,58.36276815891,
    4.842856069212));
#5764 = CARTESIAN_POINT('',(38.539464372589,58.284077332958,
    4.693988191135));
#5765 = CARTESIAN_POINT('',(38.547104106892,58.236743075953,
    4.582430364159));
#5766 = CARTESIAN_POINT('',(38.553168375741,58.199123264669,
    4.468570790563));
#5767 = CARTESIAN_POINT('',(38.557694632442,58.171021482081,
    4.353082895938));
#5768 = CARTESIAN_POINT('',(38.560710201438,58.152291169224,
    4.236562260338));
#5769 = CARTESIAN_POINT('',(38.562232237908,58.142837431069,
    4.119537633128));
#5770 = CARTESIAN_POINT('',(38.562279177614,58.142545876988,
    3.916410982391));
#5771 = CARTESIAN_POINT('',(38.561491124797,58.147440666384,
    3.830352894142));
#5772 = CARTESIAN_POINT('',(38.559895433538,58.157351953417,
    3.744492485541));
#5773 = CARTESIAN_POINT('',(38.557487641524,58.172304148154,
    3.659037984186));
#5774 = CARTESIAN_POINT('',(38.554259762867,58.192340191817,
    3.574211562914));
#5775 = CARTESIAN_POINT('',(38.550200250471,58.217521542251,
    3.490251459588));
#5776 = CARTESIAN_POINT('',(38.543431065924,58.259473056397,
    3.375992475599));
#5777 = CARTESIAN_POINT('',(38.54144748446,58.271762867288,
    3.344732551468));
#5778 = CARTESIAN_POINT('',(38.539341080388,58.284809807928,
    3.313649979704));
#5779 = CARTESIAN_POINT('',(38.537110943067,58.298618665371,
    3.282760200248));
#5780 = CARTESIAN_POINT('',(38.534756106717,58.313194479274,
    3.25207953287));
#5781 = CARTESIAN_POINT('',(38.532275550428,58.328542541898,
    3.221625177167));
#5782 = CARTESIAN_POINT('',(38.526180780358,58.366237251121,
    3.151008410139));
#5783 = CARTESIAN_POINT('',(38.522466606057,58.389197063505,
    3.111039433398));
#5784 = CARTESIAN_POINT('',(38.518523011469,58.413561656966,
    3.071551144882));
#5785 = CARTESIAN_POINT('',(38.51434736152,58.439344353813,
    3.032590782569));
#5786 = CARTESIAN_POINT('',(38.509937049835,58.466557976964,
    2.994209959865));
#5787 = CARTESIAN_POINT('',(38.505289498748,58.495214849941,
    2.956464665609));
#5788 = CARTESIAN_POINT('',(38.493934509425,58.565175375316,
    2.870386020411));
#5789 = CARTESIAN_POINT('',(38.487047384083,58.607569331551,
    2.822578666387));
#5790 = CARTESIAN_POINT('',(38.479734824363,58.652536418244,
    2.776130474114));
#5791 = CARTESIAN_POINT('',(38.47199213209,58.700095466152,
    2.731201368964));
#5792 = CARTESIAN_POINT('',(38.463816686717,58.750251547868,
    2.687971444681));
#5793 = CARTESIAN_POINT('',(38.455208762222,58.802991141566,
    2.646638478502));
#5794 = CARTESIAN_POINT('',(38.439093813564,58.901584798774,
    2.576690725362));
#5795 = CARTESIAN_POINT('',(38.431752762476,58.946452405323,
    2.547262514638));
#5796 = CARTESIAN_POINT('',(38.424151604495,58.992859377119,
    2.519234261991));
#5797 = CARTESIAN_POINT('',(38.416294871872,59.040771739721,
    2.492717961509));
#5798 = CARTESIAN_POINT('',(38.40818976402,59.090139200866,
    2.467830681551));
#5799 = CARTESIAN_POINT('',(38.399846696167,59.140892069827,
    2.444691092821));
#5800 = CARTESIAN_POINT('',(38.377462124067,59.276884889279,
    2.389100761274));
#5801 = CARTESIAN_POINT('',(38.363055921174,59.364234333523,
    2.359619989758));
#5802 = CARTESIAN_POINT('',(38.348130726114,59.454539005549,
    2.335497747616));
#5803 = CARTESIAN_POINT('',(38.332776953695,59.547227950841,
    2.317196420089));
#5804 = CARTESIAN_POINT('',(38.317107982867,59.641598568169,
    2.305083925345));
#5805 = CARTESIAN_POINT('',(38.301261621059,59.736811767002,
    2.299374153914));
#5806 = CARTESIAN_POINT('',(38.269873326561,59.924973250075,
    2.300693123284));
#5807 = CARTESIAN_POINT('',(38.254316998984,60.01801696255,
    2.307457590576));
#5808 = CARTESIAN_POINT('',(38.238882507589,60.110119384592,
    2.320328822071));
#5809 = CARTESIAN_POINT('',(38.223700527793,60.20050953431,
    2.339088513312));
#5810 = CARTESIAN_POINT('',(38.20888228607,60.288542042215,
    2.363382068057));
#5811 = CARTESIAN_POINT('',(38.19452007972,60.373690563408,
    2.392770479079));
#5812 = CARTESIAN_POINT('',(38.171987603273,60.507023285839,
    2.448134830065));
#5813 = CARTESIAN_POINT('',(38.163494159186,60.557217851505,
    2.471338735017));
#5814 = CARTESIAN_POINT('',(38.155223434021,60.606036084688,
    2.496254372632));
#5815 = CARTESIAN_POINT('',(38.147187657401,60.653411755054,
    2.522765597157));
#5816 = CARTESIAN_POINT('',(38.13939593173,60.699297278802,
    2.550758044368));
#5817 = CARTESIAN_POINT('',(38.131854694427,60.743660744259,
    2.580122425581));
#5818 = CARTESIAN_POINT('',(38.115225253482,60.84139048279,2.65003919127
    ));
#5819 = CARTESIAN_POINT('',(38.106301801104,60.893760000457,
    2.691407247449));
#5820 = CARTESIAN_POINT('',(38.097805755262,60.943556973228,
    2.734651429683));
#5821 = CARTESIAN_POINT('',(38.089741063144,60.990769639035,
    2.779576305896));
#5822 = CARTESIAN_POINT('',(38.082108462243,61.035404271533,
    2.826003967577));
#5823 = CARTESIAN_POINT('',(38.074906255701,61.077480460642,
    2.873776424897));
#5824 = CARTESIAN_POINT('',(38.049145631299,61.227842474614,
    3.060014758349));
#5825 = CARTESIAN_POINT('',(38.033544779356,61.318607265959,
    3.206537275403));
#5826 = CARTESIAN_POINT('',(38.02119305574,61.390303230526,
    3.359595548399));
#5827 = CARTESIAN_POINT('',(38.012017811985,61.443480806595,
    3.517062858124));
#5828 = CARTESIAN_POINT('',(38.005937189065,61.478696539573,
    3.677154208119));
#5829 = CARTESIAN_POINT('',(38.002891003724,61.496338274743,
    3.838482705647));
#5830 = CARTESIAN_POINT('',(38.002891003724,61.496338274743,4.));
#5831 = PCURVE('',#299,#5832);
#5832 = DEFINITIONAL_REPRESENTATION('',(#5833),#5991);
#5833 = B_SPLINE_CURVE_WITH_KNOTS('',3,(#5834,#5835,#5836,#5837,#5838,
    #5839,#5840,#5841,#5842,#5843,#5844,#5845,#5846,#5847,#5848,#5849,
    #5850,#5851,#5852,#5853,#5854,#5855,#5856,#5857,#5858,#5859,#5860,
    #5861,#5862,#5863,#5864,#5865,#5866,#5867,#5868,#5869,#5870,#5871,
    #5872,#5873,#5874,#5875,#5876,#5877,#5878,#5879,#5880,#5881,#5882,
    #5883,#5884,#5885,#5886,#5887,#5888,#5889,#5890,#5891,#5892,#5893,
    #5894,#5895,#5896,#5897,#5898,#5899,#5900,#5901,#5902,#5903,#5904,
    #5905,#5906,#5907,#5908,#5909,#5910,#5911,#5912,#5913,#5914,#5915,
    #5916,#5917,#5918,#5919,#5920,#5921,#5922,#5923,#5924,#5925,#5926,
    #5927,#5928,#5929,#5930,#5931,#5932,#5933,#5934,#5935,#5936,#5937,
    #5938,#5939,#5940,#5941,#5942,#5943,#5944,#5945,#5946,#5947,#5948,
    #5949,#5950,#5951,#5952,#5953,#5954,#5955,#5956,#5957,#5958,#5959,
    #5960,#5961,#5962,#5963,#5964,#5965,#5966,#5967,#5968,#5969,#5970,
    #5971,#5972,#5973,#5974,#5975,#5976,#5977,#5978,#5979,#5980,#5981,
    #5982,#5983,#5984,#5985,#5986,#5987,#5988,#5989,#5990),
  .UNSPECIFIED.,.T.,.F.,(4,1,1,1,1,1,1,1,1,1,1,1,1,1,1,1,1,1,1,1,1,1,1,1
    ,1,1,1,1,1,1,1,1,1,1,1,1,1,1,1,1,1,1,1,1,1,1,1,1,1,1,1,1,1,1,1,1,1,1
    ,1,1,1,1,1,1,1,1,1,1,1,1,1,1,1,1,1,1,1,1,1,1,1,1,1,1,1,1,1,1,1,1,1,1
    ,1,1,1,1,1,1,1,1,1,1,1,1,1,1,1,1,1,1,1,1,1,1,1,1,1,1,1,1,1,1,1,1,1,1
    ,1,1,1,1,1,1,1,1,1,1,1,1,1,1,1,1,1,1,1,1,1,1,1,1,1,1,1,1,4),(0.,
    8.647508514149E-03,1.72950170283E-02,2.594252554245E-02,
    3.459003405659E-02,4.323754257074E-02,5.188505108489E-02,
    6.053255959904E-02,6.918006811319E-02,7.782757662734E-02,
    8.647508514149E-02,9.512259365563E-02,0.10377010217,0.112417610684,
    0.121065119198,0.129712627712,0.138360136226,0.147007644741,
    0.155655153255,0.164302661769,0.172950170283,0.181597678797,
    0.190245187311,0.198892695825,0.20754020434,0.216187712854,
    0.224835221368,0.233482729882,0.242130238396,0.25077774691,
    0.259425255424,0.268072763939,0.276720272453,0.285367780967,
    0.294015289481,0.302662797995,0.311310306509,0.319957815023,
    0.328605323538,0.337252832052,0.345900340566,0.35454784908,
    0.363195357594,0.371842866108,0.380490374623,0.389137883137,
    0.397785391651,0.406432900165,0.415080408679,0.423727917193,
    0.432375425707,0.441022934222,0.449670442736,0.45831795125,
    0.466965459764,0.475612968278,0.484260476792,0.492907985306,
    0.501555493821,0.510203002335,0.518850510849,0.527498019363,
    0.536145527877,0.544793036391,0.553440544906,0.56208805342,
    0.570735561934,0.579383070448,0.588030578962,0.596678087476,
    0.60532559599,0.613973104505,0.622620613019,0.631268121533,
    0.639915630047,0.648563138561,0.657210647075,0.665858155589,
    0.674505664104,0.683153172618,0.691800681132,0.700448189646,
    0.70909569816,0.717743206674,0.726390715188,0.735038223703,
    0.743685732217,0.752333240731,0.760980749245,0.769628257759,
    0.778275766273,0.786923274788,0.795570783302,0.804218291816,
    0.81286580033,0.821513308844,0.830160817358,0.838808325872,
    0.847455834387,0.856103342901,0.864750851415,0.873398359929,
    0.882045868443,0.890693376957,0.899340885471,0.907988393986,
    0.9166359025,0.925283411014,0.933930919528,0.942578428042,
    0.951225936556,0.95987344507,0.968520953585,0.977168462099,
    0.985815970613,0.994463479127,1.003110987641,1.011758496155,
    1.02040600467,1.029053513184,1.037701021698,1.046348530212,
    1.054996038726,1.06364354724,1.072291055754,1.080938564269,
    1.089586072783,1.098233581297,1.106881089811,1.115528598325,
    1.124176106839,1.132823615353,1.141471123868,1.150118632382,
    1.158766140896,1.16741364941,1.176061157924,1.184708666438,
    1.193356174952,1.202003683467,1.210651191981,1.219298700495,
    1.227946209009,1.236593717523,1.245241226037,1.253888734552,
    1.262536243066,1.27118375158,1.279831260094,1.288478768608,
    1.297126277122,1.305773785636,1.314421294151,1.323068802665,
    1.331716311179),.QUASI_UNIFORM_KNOTS.);
#5834 = CARTESIAN_POINT('',(4.,5.186755972664));
#5835 = CARTESIAN_POINT('',(4.020413202794,5.186755970686));
#5836 = CARTESIAN_POINT('',(4.061232682553,5.186749914117));
#5837 = CARTESIAN_POINT('',(4.122402114026,5.18672265099));
#5838 = CARTESIAN_POINT('',(4.183473745946,5.186677197871));
#5839 = CARTESIAN_POINT('',(4.244406069403,5.186613512565));
#5840 = CARTESIAN_POINT('',(4.305155226641,5.186531536035));
#5841 = CARTESIAN_POINT('',(4.365674655094,5.186431191626));
#5842 = CARTESIAN_POINT('',(4.425915138874,5.186312387864));
#5843 = CARTESIAN_POINT('',(4.485824751586,5.186175019969));
#5844 = CARTESIAN_POINT('',(4.545348824977,5.186018971353));
#5845 = CARTESIAN_POINT('',(4.604429903572,5.185844114728));
#5846 = CARTESIAN_POINT('',(4.663007692343,5.185650312873));
#5847 = CARTESIAN_POINT('',(4.721018991096,5.185437419031));
#5848 = CARTESIAN_POINT('',(4.778397615934,5.185205276881));
#5849 = CARTESIAN_POINT('',(4.835074294754,5.184953720135));
#5850 = CARTESIAN_POINT('',(4.890976570698,5.184682571435));
#5851 = CARTESIAN_POINT('',(4.94602857298,5.184391641663));
#5852 = CARTESIAN_POINT('',(5.000151165622,5.18408072532));
#5853 = CARTESIAN_POINT('',(5.053260554625,5.183749608109));
#5854 = CARTESIAN_POINT('',(5.105272503003,5.183398026348));
#5855 = CARTESIAN_POINT('',(5.156057413611,5.183025998357));
#5856 = CARTESIAN_POINT('',(5.205509254313,5.182633379651));
#5857 = CARTESIAN_POINT('',(5.253508091631,5.182220097371));
#5858 = CARTESIAN_POINT('',(5.299926596924,5.181786123974));
#5859 = CARTESIAN_POINT('',(5.34462875214,5.181331496042));
#5860 = CARTESIAN_POINT('',(5.387471413207,5.180856312736));
#5861 = CARTESIAN_POINT('',(5.428302243281,5.180360770431));
#5862 = CARTESIAN_POINT('',(5.466958871602,5.179845210062));
#5863 = CARTESIAN_POINT('',(5.503273178294,5.179310094092));
#5864 = CARTESIAN_POINT('',(5.537071284987,5.178756045323));
#5865 = CARTESIAN_POINT('',(5.568174776728,5.178183891766));
#5866 = CARTESIAN_POINT('',(5.596409636341,5.177594551034));
#5867 = CARTESIAN_POINT('',(5.6215996666,5.176989202093));
#5868 = CARTESIAN_POINT('',(5.643567085629,5.176369470145));
#5869 = CARTESIAN_POINT('',(5.662152408782,5.175737092804));
#5870 = CARTESIAN_POINT('',(5.677212814365,5.17509401142));
#5871 = CARTESIAN_POINT('',(5.688626604739,5.174442350261));
#5872 = CARTESIAN_POINT('',(5.696296687209,5.173784433335));
#5873 = CARTESIAN_POINT('',(5.70015454347,5.17312276214));
#5874 = CARTESIAN_POINT('',(5.700165888191,5.172460111447));
#5875 = CARTESIAN_POINT('',(5.696330812519,5.171798828084));
#5876 = CARTESIAN_POINT('',(5.688683443848,5.171141663116));
#5877 = CARTESIAN_POINT('',(5.677291882035,5.170491095835));
#5878 = CARTESIAN_POINT('',(5.662252764389,5.169849430595));
#5879 = CARTESIAN_POINT('',(5.643687442802,5.169218773227));
#5880 = CARTESIAN_POINT('',(5.621738630774,5.168601047525));
#5881 = CARTESIAN_POINT('',(5.596565995816,5.167997973079));
#5882 = CARTESIAN_POINT('',(5.568347937507,5.167411158851));
#5883 = CARTESIAN_POINT('',(5.537261803838,5.166841767595));
#5884 = CARTESIAN_POINT('',(5.50347978422,5.166290649629));
#5885 = CARTESIAN_POINT('',(5.467180767222,5.165758611977));
#5886 = CARTESIAN_POINT('',(5.428538478489,5.165246244692));
#5887 = CARTESIAN_POINT('',(5.387721158522,5.164753982656));
#5888 = CARTESIAN_POINT('',(5.344891022543,5.164282136839));
#5889 = CARTESIAN_POINT('',(5.300200717914,5.163830880459));
#5890 = CARTESIAN_POINT('',(5.253793311701,5.163400286335));
#5891 = CARTESIAN_POINT('',(5.205804801512,5.162990367442));
#5892 = CARTESIAN_POINT('',(5.156362762614,5.162601075612));
#5893 = CARTESIAN_POINT('',(5.10558639514,5.162232313582));
#5894 = CARTESIAN_POINT('',(5.053584830504,5.161883935332));
#5895 = CARTESIAN_POINT('',(5.000462637018,5.16155579083));
#5896 = CARTESIAN_POINT('',(4.946315712692,5.161247697939));
#5897 = CARTESIAN_POINT('',(4.891233937041,5.160959470838));
#5898 = CARTESIAN_POINT('',(4.835301740197,5.160690920892));
#5899 = CARTESIAN_POINT('',(4.77859617212,5.160441848551));
#5900 = CARTESIAN_POINT('',(4.721198615801,5.160212095395));
#5901 = CARTESIAN_POINT('',(4.663173546375,5.160001455617));
#5902 = CARTESIAN_POINT('',(4.604584167694,5.159809748278));
#5903 = CARTESIAN_POINT('',(4.545491047393,5.159636808127));
#5904 = CARTESIAN_POINT('',(4.485952611157,5.159482486294));
#5905 = CARTESIAN_POINT('',(4.426025127504,5.159346648805));
#5906 = CARTESIAN_POINT('',(4.365762815952,5.159229176142));
#5907 = CARTESIAN_POINT('',(4.305217915772,5.159129963));
#5908 = CARTESIAN_POINT('',(4.24444073366,5.159048918453));
#5909 = CARTESIAN_POINT('',(4.183479759809,5.158985966475));
#5910 = CARTESIAN_POINT('',(4.122381476094,5.158941046842));
#5911 = CARTESIAN_POINT('',(4.061191272054,5.15891411638));
#5912 = CARTESIAN_POINT('',(3.999950182228,5.15890515064));
#5913 = CARTESIAN_POINT('',(3.938707229926,5.158914145735));
#5914 = CARTESIAN_POINT('',(3.877511934548,5.15894110876));
#5915 = CARTESIAN_POINT('',(3.8164076587,5.158986065271));
#5916 = CARTESIAN_POINT('',(3.755440962892,5.159049057843));
#5917 = CARTESIAN_POINT('',(3.694659154198,5.159130145301));
#5918 = CARTESIAN_POINT('',(3.63411099805,5.159229402236));
#5919 = CARTESIAN_POINT('',(3.573846620118,5.15934691881));
#5920 = CARTESIAN_POINT('',(3.51391752124,5.159482801276));
#5921 = CARTESIAN_POINT('',(3.454376986633,5.15963717146));
#5922 = CARTESIAN_POINT('',(3.395278841515,5.159810171817));
#5923 = CARTESIAN_POINT('',(3.336682890061,5.160001950027));
#5924 = CARTESIAN_POINT('',(3.278651546912,5.160212666306));
#5925 = CARTESIAN_POINT('',(3.221249956467,5.160442493832));
#5926 = CARTESIAN_POINT('',(3.164547253945,5.16069161495));
#5927 = CARTESIAN_POINT('',(3.108617405173,5.160960216171));
#5928 = CARTESIAN_POINT('',(3.053538396405,5.161248494162));
#5929 = CARTESIAN_POINT('',(2.999394358958,5.161556638862));
#5930 = CARTESIAN_POINT('',(2.946275370345,5.161884834899));
#5931 = CARTESIAN_POINT('',(2.894277122729,5.162233265601));
#5932 = CARTESIAN_POINT('',(2.843504445035,5.162602079829));
#5933 = CARTESIAN_POINT('',(2.794066441633,5.162991423334));
#5934 = CARTESIAN_POINT('',(2.746082198096,5.163401394454));
#5935 = CARTESIAN_POINT('',(2.699679351587,5.16383204098));
#5936 = CARTESIAN_POINT('',(2.654993934429,5.164283349909));
#5937 = CARTESIAN_POINT('',(2.612169439661,5.164755243192));
#5938 = CARTESIAN_POINT('',(2.571357725461,5.165247556497));
#5939 = CARTESIAN_POINT('',(2.532721532723,5.165759973039));
#5940 = CARTESIAN_POINT('',(2.496428902405,5.166292060386));
#5941 = CARTESIAN_POINT('',(2.462653968428,5.166843221365));
#5942 = CARTESIAN_POINT('',(2.43157459223,5.167412669407));
#5943 = CARTESIAN_POINT('',(2.403366993751,5.167999469175));
#5944 = CARTESIAN_POINT('',(2.378204751185,5.168602516775));
#5945 = CARTESIAN_POINT('',(2.356265801781,5.169220216342));
#5946 = CARTESIAN_POINT('',(2.337709665192,5.169850855223));
#5947 = CARTESIAN_POINT('',(2.322679171427,5.17049251258));
#5948 = CARTESIAN_POINT('',(2.311295908858,5.171143082369));
#5949 = CARTESIAN_POINT('',(2.303656767692,5.171800252878));
#5950 = CARTESIAN_POINT('',(2.299829983467,5.172461548118));
#5951 = CARTESIAN_POINT('',(2.29984968694,5.17312416776));
#5952 = CARTESIAN_POINT('',(2.303715043936,5.173785759754));
#5953 = CARTESIAN_POINT('',(2.311391957739,5.174443616762));
#5954 = CARTESIAN_POINT('',(2.322812043457,5.175095222154));
#5955 = CARTESIAN_POINT('',(2.337878338686,5.175738255277));
#5956 = CARTESIAN_POINT('',(2.356469186107,5.176370587655));
#5957 = CARTESIAN_POINT('',(2.378441654937,5.176990273514));
#5958 = CARTESIAN_POINT('',(2.403636100282,5.177595571357));
#5959 = CARTESIAN_POINT('',(2.431874097212,5.178184846192));
#5960 = CARTESIAN_POINT('',(2.462980524764,5.178756942631));
#5961 = CARTESIAN_POINT('',(2.49678091502,5.179310932802));
#5962 = CARTESIAN_POINT('',(2.533097003452,5.179845991669));
#5963 = CARTESIAN_POINT('',(2.571754889463,5.180361495884));
#5964 = CARTESIAN_POINT('',(2.612586529791,5.180856983773));
#5965 = CARTESIAN_POINT('',(2.655429483493,5.181332113481));
#5966 = CARTESIAN_POINT('',(2.70013161678,5.181786690717));
#5967 = CARTESIAN_POINT('',(2.746549734092,5.182220615396));
#5968 = CARTESIAN_POINT('',(2.79454785495,5.182633851119));
#5969 = CARTESIAN_POINT('',(2.843998643436,5.183026425244));
#5970 = CARTESIAN_POINT('',(2.894782329951,5.18339841164));
#5971 = CARTESIAN_POINT('',(2.94679251125,5.183749952033));
#5972 = CARTESIAN_POINT('',(2.999899599546,5.184081028617));
#5973 = CARTESIAN_POINT('',(3.054019939182,5.18439190851));
#5974 = CARTESIAN_POINT('',(3.109069567223,5.184682804612));
#5975 = CARTESIAN_POINT('',(3.164969381923,5.184953922418));
#5976 = CARTESIAN_POINT('',(3.221643494601,5.185205450753));
#5977 = CARTESIAN_POINT('',(3.279019446995,5.185437566835));
#5978 = CARTESIAN_POINT('',(3.337027963925,5.185650436831));
#5979 = CARTESIAN_POINT('',(3.395602861865,5.185844216987));
#5980 = CARTESIAN_POINT('',(3.454680943317,5.186019054013));
#5981 = CARTESIAN_POINT('',(3.514201918822,5.186175085105));
#5982 = CARTESIAN_POINT('',(3.574108341444,5.186312437548));
#5983 = CARTESIAN_POINT('',(3.634345554641,5.186431227931));
#5984 = CARTESIAN_POINT('',(3.694861647044,5.186531561041));
#5985 = CARTESIAN_POINT('',(3.755607421253,5.186613528361));
#5986 = CARTESIAN_POINT('',(3.816536336711,5.186677206546));
#5987 = CARTESIAN_POINT('',(3.877604561375,5.186722654625));
#5988 = CARTESIAN_POINT('',(3.938770615323,5.186749914766));
#5989 = CARTESIAN_POINT('',(3.979587885818,5.186755970685));
#5990 = CARTESIAN_POINT('',(4.,5.186755972664));
#5991 = ( GEOMETRIC_REPRESENTATION_CONTEXT(2) 
PARAMETRIC_REPRESENTATION_CONTEXT() REPRESENTATION_CONTEXT('2D SPACE',''
  ) );
#5992 = PCURVE('',#5993,#5998);
#5993 = CYLINDRICAL_SURFACE('',#5994,1.7);
#5994 = AXIS2_PLACEMENT_3D('',#5995,#5996,#5997);
#5995 = CARTESIAN_POINT('',(42.824636788256,60.577022631072,4.));
#5996 = DIRECTION('',(-0.986375977927,-0.16450662652,0.));
#5997 = DIRECTION('',(-0.16450662652,0.986375977927,0.));
#5998 = DEFINITIONAL_REPRESENTATION('',(#5999),#6157);
#5999 = B_SPLINE_CURVE_WITH_KNOTS('',3,(#6000,#6001,#6002,#6003,#6004,
    #6005,#6006,#6007,#6008,#6009,#6010,#6011,#6012,#6013,#6014,#6015,
    #6016,#6017,#6018,#6019,#6020,#6021,#6022,#6023,#6024,#6025,#6026,
    #6027,#6028,#6029,#6030,#6031,#6032,#6033,#6034,#6035,#6036,#6037,
    #6038,#6039,#6040,#6041,#6042,#6043,#6044,#6045,#6046,#6047,#6048,
    #6049,#6050,#6051,#6052,#6053,#6054,#6055,#6056,#6057,#6058,#6059,
    #6060,#6061,#6062,#6063,#6064,#6065,#6066,#6067,#6068,#6069,#6070,
    #6071,#6072,#6073,#6074,#6075,#6076,#6077,#6078,#6079,#6080,#6081,
    #6082,#6083,#6084,#6085,#6086,#6087,#6088,#6089,#6090,#6091,#6092,
    #6093,#6094,#6095,#6096,#6097,#6098,#6099,#6100,#6101,#6102,#6103,
    #6104,#6105,#6106,#6107,#6108,#6109,#6110,#6111,#6112,#6113,#6114,
    #6115,#6116,#6117,#6118,#6119,#6120,#6121,#6122,#6123,#6124,#6125,
    #6126,#6127,#6128,#6129,#6130,#6131,#6132,#6133,#6134,#6135,#6136,
    #6137,#6138,#6139,#6140,#6141,#6142,#6143,#6144,#6145,#6146,#6147,
    #6148,#6149,#6150,#6151,#6152,#6153,#6154,#6155,#6156),
  .UNSPECIFIED.,.F.,.F.,(4,1,1,1,1,1,1,1,1,1,1,1,1,1,1,1,1,1,1,1,1,1,1,1
    ,1,1,1,1,1,1,1,1,1,1,1,1,1,1,1,1,1,1,1,1,1,1,1,1,1,1,1,1,1,1,1,1,1,1
    ,1,1,1,1,1,1,1,1,1,1,1,1,1,1,1,1,1,1,1,1,1,1,1,1,1,1,1,1,1,1,1,1,1,1
    ,1,1,1,1,1,1,1,1,1,1,1,1,1,1,1,1,1,1,1,1,1,1,1,1,1,1,1,1,1,1,1,1,1,1
    ,1,1,1,1,1,1,1,1,1,1,1,1,1,1,1,1,1,1,1,1,1,1,1,1,1,1,1,1,4),(0.,
    8.647508514149E-03,1.72950170283E-02,2.594252554245E-02,
    3.459003405659E-02,4.323754257074E-02,5.188505108489E-02,
    6.053255959904E-02,6.918006811319E-02,7.782757662734E-02,
    8.647508514149E-02,9.512259365563E-02,0.10377010217,0.112417610684,
    0.121065119198,0.129712627712,0.138360136226,0.147007644741,
    0.155655153255,0.164302661769,0.172950170283,0.181597678797,
    0.190245187311,0.198892695825,0.20754020434,0.216187712854,
    0.224835221368,0.233482729882,0.242130238396,0.25077774691,
    0.259425255424,0.268072763939,0.276720272453,0.285367780967,
    0.294015289481,0.302662797995,0.311310306509,0.319957815023,
    0.328605323538,0.337252832052,0.345900340566,0.35454784908,
    0.363195357594,0.371842866108,0.380490374623,0.389137883137,
    0.397785391651,0.406432900165,0.415080408679,0.423727917193,
    0.432375425707,0.441022934222,0.449670442736,0.45831795125,
    0.466965459764,0.475612968278,0.484260476792,0.492907985306,
    0.501555493821,0.510203002335,0.518850510849,0.527498019363,
    0.536145527877,0.544793036391,0.553440544906,0.56208805342,
    0.570735561934,0.579383070448,0.588030578962,0.596678087476,
    0.60532559599,0.613973104505,0.622620613019,0.631268121533,
    0.639915630047,0.648563138561,0.657210647075,0.665858155589,
    0.674505664104,0.683153172618,0.691800681132,0.700448189646,
    0.70909569816,0.717743206674,0.726390715188,0.735038223703,
    0.743685732217,0.752333240731,0.760980749245,0.769628257759,
    0.778275766273,0.786923274788,0.795570783302,0.804218291816,
    0.81286580033,0.821513308844,0.830160817358,0.838808325872,
    0.847455834387,0.856103342901,0.864750851415,0.873398359929,
    0.882045868443,0.890693376957,0.899340885471,0.907988393986,
    0.9166359025,0.925283411014,0.933930919528,0.942578428042,
    0.951225936556,0.95987344507,0.968520953585,0.977168462099,
    0.985815970613,0.994463479127,1.003110987641,1.011758496155,
    1.02040600467,1.029053513184,1.037701021698,1.046348530212,
    1.054996038726,1.06364354724,1.072291055754,1.080938564269,
    1.089586072783,1.098233581297,1.106881089811,1.115528598325,
    1.124176106839,1.132823615353,1.141471123868,1.150118632382,
    1.158766140896,1.16741364941,1.176061157924,1.184708666438,
    1.193356174952,1.202003683467,1.210651191981,1.219298700495,
    1.227946209009,1.236593717523,1.245241226037,1.253888734552,
    1.262536243066,1.27118375158,1.279831260094,1.288478768608,
    1.297126277122,1.305773785636,1.314421294151,1.323068802665,
    1.331716311179),.QUASI_UNIFORM_KNOTS.);
#6000 = CARTESIAN_POINT('',(6.28318530718,4.604820698286));
#6001 = CARTESIAN_POINT('',(6.271177523499,4.604820700968));
#6002 = CARTESIAN_POINT('',(6.247166089418,4.604816486059));
#6003 = CARTESIAN_POINT('',(6.211137332423,4.604797567745));
#6004 = CARTESIAN_POINT('',(6.175072512042,4.604766105109));
#6005 = CARTESIAN_POINT('',(6.138948752048,4.604722196135));
#6006 = CARTESIAN_POINT('',(6.102743961095,4.604665972475));
#6007 = CARTESIAN_POINT('',(6.06643680457,4.604597606032));
#6008 = CARTESIAN_POINT('',(6.030006479891,4.604517310262));
#6009 = CARTESIAN_POINT('',(5.993432552051,4.604425342793));
#6010 = CARTESIAN_POINT('',(5.956694777862,4.604322007572));
#6011 = CARTESIAN_POINT('',(5.919772934453,4.604207657036));
#6012 = CARTESIAN_POINT('',(5.882646643086,4.604082694167));
#6013 = CARTESIAN_POINT('',(5.845295185706,4.603947574471));
#6014 = CARTESIAN_POINT('',(5.807697306487,4.603802807856));
#6015 = CARTESIAN_POINT('',(5.76983100092,4.603648960461));
#6016 = CARTESIAN_POINT('',(5.731673255238,4.603486656278));
#6017 = CARTESIAN_POINT('',(5.693199844676,4.603316579132));
#6018 = CARTESIAN_POINT('',(5.654384753404,4.60313947291));
#6019 = CARTESIAN_POINT('',(5.615200814325,4.602956147912));
#6020 = CARTESIAN_POINT('',(5.575615570659,4.602767463955));
#6021 = CARTESIAN_POINT('',(5.535626307632,4.602574505089));
#6022 = CARTESIAN_POINT('',(5.495208282531,4.602378334415));
#6023 = CARTESIAN_POINT('',(5.454342074961,4.602180126834));
#6024 = CARTESIAN_POINT('',(5.413009142661,4.601981145643));
#6025 = CARTESIAN_POINT('',(5.371193026679,4.601782746609));
#6026 = CARTESIAN_POINT('',(5.328878356741,4.60158637122));
#6027 = CARTESIAN_POINT('',(5.286053254098,4.601393555754));
#6028 = CARTESIAN_POINT('',(5.242712136833,4.601205925006));
#6029 = CARTESIAN_POINT('',(5.198852814723,4.601025173222));
#6030 = CARTESIAN_POINT('',(5.154478798945,4.60085305042));
#6031 = CARTESIAN_POINT('',(5.109601869141,4.600691345139));
#6032 = CARTESIAN_POINT('',(5.064232515454,4.600541827328));
#6033 = CARTESIAN_POINT('',(5.018393023909,4.60040625958));
#6034 = CARTESIAN_POINT('',(4.972130286411,4.600286382384));
#6035 = CARTESIAN_POINT('',(4.925490341181,4.600183783904));
#6036 = CARTESIAN_POINT('',(4.878526098827,4.600099883467));
#6037 = CARTESIAN_POINT('',(4.83129654856,4.600035885837));
#6038 = CARTESIAN_POINT('',(4.783869086255,4.599992742641));
#6039 = CARTESIAN_POINT('',(4.736319281804,4.599971114376));
#6040 = CARTESIAN_POINT('',(4.688739485117,4.599971322938));
#6041 = CARTESIAN_POINT('',(4.641190514764,4.599993348627));
#6042 = CARTESIAN_POINT('',(4.593763449661,4.600036831991));
#6043 = CARTESIAN_POINT('',(4.546533097692,4.600101079104));
#6044 = CARTESIAN_POINT('',(4.49956661702,4.600185108547));
#6045 = CARTESIAN_POINT('',(4.452923147536,4.600287689501));
#6046 = CARTESIAN_POINT('',(4.406656084778,4.600407380288));
#6047 = CARTESIAN_POINT('',(4.360812153988,4.600542574388));
#6048 = CARTESIAN_POINT('',(4.315439309879,4.600691516524));
#6049 = CARTESIAN_POINT('',(4.270561052534,4.600852432975));
#6050 = CARTESIAN_POINT('',(4.226185031328,4.601023562759));
#6051 = CARTESIAN_POINT('',(4.182323803799,4.601203119256));
#6052 = CARTESIAN_POINT('',(4.138980683925,4.601389362026));
#6053 = CARTESIAN_POINT('',(4.096153623765,4.601580608529));
#6054 = CARTESIAN_POINT('',(4.053836879041,4.601775250102));
#6055 = CARTESIAN_POINT('',(4.012018869595,4.60197176708));
#6056 = CARTESIAN_POINT('',(3.970684111274,4.602168737957));
#6057 = CARTESIAN_POINT('',(3.929816120238,4.602364828235));
#6058 = CARTESIAN_POINT('',(3.889396511088,4.602558796025));
#6059 = CARTESIAN_POINT('',(3.849405329101,4.602749491536));
#6060 = CARTESIAN_POINT('',(3.809820004974,4.602935864313));
#6061 = CARTESIAN_POINT('',(3.770619565745,4.603116937623));
#6062 = CARTESIAN_POINT('',(3.731781157842,4.603291825621));
#6063 = CARTESIAN_POINT('',(3.693282197417,4.60345971463));
#6064 = CARTESIAN_POINT('',(3.65510033204,4.603619862203));
#6065 = CARTESIAN_POINT('',(3.617211865961,4.603771603252));
#6066 = CARTESIAN_POINT('',(3.579599336254,4.603914312472));
#6067 = CARTESIAN_POINT('',(3.542237189715,4.604047458179));
#6068 = CARTESIAN_POINT('',(3.505102058244,4.604170556291));
#6069 = CARTESIAN_POINT('',(3.468171463098,4.604283173048));
#6070 = CARTESIAN_POINT('',(3.431423841858,4.604384922514));
#6071 = CARTESIAN_POINT('',(3.394838254326,4.604475465449));
#6072 = CARTESIAN_POINT('',(3.358394200862,4.60455450777));
#6073 = CARTESIAN_POINT('',(3.322071434602,4.604621799084));
#6074 = CARTESIAN_POINT('',(3.285849777769,4.604677131165));
#6075 = CARTESIAN_POINT('',(3.249708987948,4.604720336408));
#6076 = CARTESIAN_POINT('',(3.213628448013,4.604751286245));
#6077 = CARTESIAN_POINT('',(3.177587506435,4.604769889537));
#6078 = CARTESIAN_POINT('',(3.141563355245,4.604776090945));
#6079 = CARTESIAN_POINT('',(3.105538071119,4.604769869204));
#6080 = CARTESIAN_POINT('',(3.069494013684,4.604751243422));
#6081 = CARTESIAN_POINT('',(3.033409725836,4.604720268382));
#6082 = CARTESIAN_POINT('',(2.997265229693,4.604677035726));
#6083 = CARTESIAN_POINT('',(2.961040387376,4.604621675059));
#6084 = CARTESIAN_POINT('',(2.924715120086,4.604554355047));
#6085 = CARTESIAN_POINT('',(2.888269146824,4.604475284557));
#6086 = CARTESIAN_POINT('',(2.85168177389,4.604384713526));
#6087 = CARTESIAN_POINT('',(2.81493191929,4.604282934764));
#6088 = CARTESIAN_POINT('',(2.777997074871,4.604170282202));
#6089 = CARTESIAN_POINT('',(2.740856451228,4.604047143288));
#6090 = CARTESIAN_POINT('',(2.70348868872,4.60391395449));
#6091 = CARTESIAN_POINT('',(2.665871664138,4.603771206052));
#6092 = CARTESIAN_POINT('',(2.627983013407,4.60361944365));
#6093 = CARTESIAN_POINT('',(2.589800461072,4.603459275155));
#6094 = CARTESIAN_POINT('',(2.551300889731,4.603291367645));
#6095 = CARTESIAN_POINT('',(2.512461738224,4.603116462782));
#6096 = CARTESIAN_POINT('',(2.473260560498,4.602935375254));
#6097 = CARTESIAN_POINT('',(2.433674347312,4.602748990449));
#6098 = CARTESIAN_POINT('',(2.393682289111,4.602558286051));
#6099 = CARTESIAN_POINT('',(2.353261807238,4.602364312473));
#6100 = CARTESIAN_POINT('',(2.312392835351,4.602168219177));
#6101 = CARTESIAN_POINT('',(2.271057022161,4.601971248591));
#6102 = CARTESIAN_POINT('',(2.229237886055,4.601774735614));
#6103 = CARTESIAN_POINT('',(2.186920382149,4.601580103427));
#6104 = CARTESIAN_POINT('',(2.144092127057,4.601388868522));
#6105 = CARTESIAN_POINT('',(2.10074788408,4.601202642034));
#6106 = CARTESIAN_POINT('',(2.056885377767,4.601023105348));
#6107 = CARTESIAN_POINT('',(2.012508476349,4.600852001431));
#6108 = CARTESIAN_POINT('',(1.967628128198,4.600691111424));
#6109 = CARTESIAN_POINT('',(1.922258527272,4.600542217194));
#6110 = CARTESIAN_POINT('',(1.876418420993,4.600407073734));
#6111 = CARTESIAN_POINT('',(1.830154806783,4.600287432714));
#6112 = CARTESIAN_POINT('',(1.783513919733,4.600184899641));
#6113 = CARTESIAN_POINT('',(1.736548977537,4.600100916485));
#6114 = CARTESIAN_POINT('',(1.689319167033,4.60003671502));
#6115 = CARTESIAN_POINT('',(1.64189219378,4.599993277688));
#6116 = CARTESIAN_POINT('',(1.594342632345,4.599971298786));
#6117 = CARTESIAN_POINT('',(1.546765092842,4.599971137936));
#6118 = CARTESIAN_POINT('',(1.499220782682,4.599992808693));
#6119 = CARTESIAN_POINT('',(1.45179724219,4.600035990155));
#6120 = CARTESIAN_POINT('',(1.404571149401,4.600100022447));
#6121 = CARTESIAN_POINT('',(1.35760967488,4.600183954493));
#6122 = CARTESIAN_POINT('',(1.310972123278,4.60028658157));
#6123 = CARTESIAN_POINT('',(1.264711748324,4.600406483625));
#6124 = CARTESIAN_POINT('',(1.218874900232,4.600542071548));
#6125 = CARTESIAN_POINT('',(1.173509280359,4.600691601668));
#6126 = CARTESIAN_POINT('',(1.128635395964,4.600853317076));
#6127 = CARTESIAN_POINT('',(1.084264542553,4.601025445611));
#6128 = CARTESIAN_POINT('',(1.040408291211,4.601206199703));
#6129 = CARTESIAN_POINT('',(0.997070216984,4.601393829317));
#6130 = CARTESIAN_POINT('',(0.954248079035,4.601586640816));
#6131 = CARTESIAN_POINT('',(0.911936393724,4.601783009295));
#6132 = CARTESIAN_POINT('',(0.870123111166,4.60198139954));
#6133 = CARTESIAN_POINT('',(0.828792950003,4.602180370102));
#6134 = CARTESIAN_POINT('',(0.787929444088,4.602378565539));
#6135 = CARTESIAN_POINT('',(0.747514080199,4.602574722697));
#6136 = CARTESIAN_POINT('',(0.707527333964,4.602767667463));
#6137 = CARTESIAN_POINT('',(0.667944771324,4.602956335612));
#6138 = CARTESIAN_POINT('',(0.628763664712,4.603139643428));
#6139 = CARTESIAN_POINT('',(0.589951150916,4.603316733287));
#6140 = CARTESIAN_POINT('',(0.551480215016,4.603486794361));
#6141 = CARTESIAN_POINT('',(0.513324836573,4.603649082976));
#6142 = CARTESIAN_POINT('',(0.475460822069,4.603802915337));
#6143 = CARTESIAN_POINT('',(0.437865174047,4.603947667541));
#6144 = CARTESIAN_POINT('',(0.400515903679,4.604082773532));
#6145 = CARTESIAN_POINT('',(0.363391766925,4.604207723492));
#6146 = CARTESIAN_POINT('',(0.326472054946,4.604322062011));
#6147 = CARTESIAN_POINT('',(0.289736395628,4.6044253862));
#6148 = CARTESIAN_POINT('',(0.253164570378,4.604517343713));
#6149 = CARTESIAN_POINT('',(0.216736338029,4.604597630691));
#6150 = CARTESIAN_POINT('',(0.180431263396,4.604665989585));
#6151 = CARTESIAN_POINT('',(0.14422854153,4.604722207005));
#6152 = CARTESIAN_POINT('',(0.108106833265,4.604766111104));
#6153 = CARTESIAN_POINT('',(7.204404041057E-02,4.604797570262));
#6154 = CARTESIAN_POINT('',(3.601727785351E-02,4.604816486509));
#6155 = CARTESIAN_POINT('',(1.200714330019E-02,4.604820700966));
#6156 = CARTESIAN_POINT('',(0.,4.604820698286));
#6157 = ( GEOMETRIC_REPRESENTATION_CONTEXT(2) 
PARAMETRIC_REPRESENTATION_CONTEXT() REPRESENTATION_CONTEXT('2D SPACE',''
  ) );
#6158 = FACE_BOUND('',#6159,.T.);
#6159 = EDGE_LOOP('',(#6160));
#6160 = ORIENTED_EDGE('',*,*,#6161,.T.);
#6161 = EDGE_CURVE('',#6162,#6162,#6164,.T.);
#6162 = VERTEX_POINT('',#6163);
#6163 = CARTESIAN_POINT('',(19.566280222894,117.76913318603,4.));
#6164 = SURFACE_CURVE('',#6165,(#6282,#6443),.PCURVE_S1.);
#6165 = B_SPLINE_CURVE_WITH_KNOTS('',7,(#6166,#6167,#6168,#6169,#6170,
    #6171,#6172,#6173,#6174,#6175,#6176,#6177,#6178,#6179,#6180,#6181,
    #6182,#6183,#6184,#6185,#6186,#6187,#6188,#6189,#6190,#6191,#6192,
    #6193,#6194,#6195,#6196,#6197,#6198,#6199,#6200,#6201,#6202,#6203,
    #6204,#6205,#6206,#6207,#6208,#6209,#6210,#6211,#6212,#6213,#6214,
    #6215,#6216,#6217,#6218,#6219,#6220,#6221,#6222,#6223,#6224,#6225,
    #6226,#6227,#6228,#6229,#6230,#6231,#6232,#6233,#6234,#6235,#6236,
    #6237,#6238,#6239,#6240,#6241,#6242,#6243,#6244,#6245,#6246,#6247,
    #6248,#6249,#6250,#6251,#6252,#6253,#6254,#6255,#6256,#6257,#6258,
    #6259,#6260,#6261,#6262,#6263,#6264,#6265,#6266,#6267,#6268,#6269,
    #6270,#6271,#6272,#6273,#6274,#6275,#6276,#6277,#6278,#6279,#6280,
    #6281),.UNSPECIFIED.,.T.,.F.,(8,6,6,6,6,6,6,6,6,6,6,6,6,6,6,6,6,6,6,
    8),(0.,0.160095815923,0.217193454361,0.261842478701,0.333393622023,
    0.404141907886,0.448906066999,0.506054798787,0.549239612044,
    0.581526041875,0.666205707053,0.782579682872,0.825696340114,
    0.882641167211,0.92695787495,1.,1.070041857439,1.114893760307,
    1.172077819224,1.332528606958),.UNSPECIFIED.);
#6166 = CARTESIAN_POINT('',(19.566280222894,117.76913318603,4.));
#6167 = CARTESIAN_POINT('',(19.566280222894,117.76913318603,
    4.161866620572));
#6168 = CARTESIAN_POINT('',(19.575742500851,117.75383848622,
    4.323542651272));
#6169 = CARTESIAN_POINT('',(19.5946302881,117.72330810721,4.483972658431
    ));
#6170 = CARTESIAN_POINT('',(19.623126714523,117.67719121892,
    4.641759639585));
#6171 = CARTESIAN_POINT('',(19.661477503294,117.61497568906,
    4.795104687309));
#6172 = CARTESIAN_POINT('',(19.709893969919,117.53614030305,
    4.941864588697));
#6173 = CARTESIAN_POINT('',(19.78977990203,117.40539272765,
    5.128297480365));
#6174 = CARTESIAN_POINT('',(19.812100053603,117.36881004917,
    5.176091349934));
#6175 = CARTESIAN_POINT('',(19.835748793605,117.32998943605,
    5.222531458554));
#6176 = CARTESIAN_POINT('',(19.860730365536,117.28891082345,
    5.267458707525));
#6177 = CARTESIAN_POINT('',(19.887041337454,117.24556557443,
    5.310693929995));
#6178 = CARTESIAN_POINT('',(19.914668204309,117.19996069633,
    5.352040334485));
#6179 = CARTESIAN_POINT('',(19.96619724386,117.11471513674,
    5.421975105114));
#6180 = CARTESIAN_POINT('',(19.989596964537,117.07594406707,
    5.451377826828));
#6181 = CARTESIAN_POINT('',(20.013770239393,117.03582525397,
    5.479391693944));
#6182 = CARTESIAN_POINT('',(20.038696200311,116.99438532293,
    5.505905796972));
#6183 = CARTESIAN_POINT('',(20.064345587921,116.95166485266,
    5.530804137897));
#6184 = CARTESIAN_POINT('',(20.090679315573,116.90772110881,
    5.553969031519));
#6185 = CARTESIAN_POINT('',(20.160863454352,116.79037242892,
    5.609443072394));
#6186 = CARTESIAN_POINT('',(20.205727287693,116.71513734114,
    5.638867815301));
#6187 = CARTESIAN_POINT('',(20.252000355768,116.63729276704,
    5.663048279624));
#6188 = CARTESIAN_POINT('',(20.299385414234,116.55730991722,
    5.681532997079));
#6189 = CARTESIAN_POINT('',(20.347523789456,116.47577293823,
    5.693959343827));
#6190 = CARTESIAN_POINT('',(20.395993878528,116.39338615044,
    5.700110404105));
#6191 = CARTESIAN_POINT('',(20.492084996237,116.22949760506,
    5.699888529029));
#6192 = CARTESIAN_POINT('',(20.539753123158,116.14792179734,
    5.693655295024));
#6193 = CARTESIAN_POINT('',(20.586851494244,116.06704383904,
    5.681293003144));
#6194 = CARTESIAN_POINT('',(20.632988581767,115.98754913166,
    5.663010390253));
#6195 = CARTESIAN_POINT('',(20.677840716068,115.91001879622,
    5.639155679447));
#6196 = CARTESIAN_POINT('',(20.721147422482,115.83493294867,
    5.610165490043));
#6197 = CARTESIAN_POINT('',(20.789001297348,115.71695599379,
    5.555261141482));
#6198 = CARTESIAN_POINT('',(20.814605696217,115.67235330199,
    5.532120297821));
#6199 = CARTESIAN_POINT('',(20.839476263607,115.62894988277,
    5.507232303701));
#6200 = CARTESIAN_POINT('',(20.863581507877,115.58680883939,
    5.480715802922));
#6201 = CARTESIAN_POINT('',(20.886899789999,115.54597626955,
    5.452687822727));
#6202 = CARTESIAN_POINT('',(20.909417627147,115.50648389843,
    5.423260304459));
#6203 = CARTESIAN_POINT('',(20.95884481455,115.41966977148,
    5.353312870693));
#6204 = CARTESIAN_POINT('',(20.985243523339,115.3732083404,
    5.311979539967));
#6205 = CARTESIAN_POINT('',(21.010312694218,115.32900360248,
    5.268749527041));
#6206 = CARTESIAN_POINT('',(21.034052178098,115.28707090718,
    5.223820512972));
#6207 = CARTESIAN_POINT('',(21.056470606157,115.24740897983,
    5.177372496601));
#6208 = CARTESIAN_POINT('',(21.077582890764,115.21000413197,
    5.129565316287));
#6209 = CARTESIAN_POINT('',(21.11238849323,115.14825828784,
    5.043486977576));
#6210 = CARTESIAN_POINT('',(21.126633312027,115.12295985949,
    5.005741854618));
#6211 = CARTESIAN_POINT('',(21.140150177567,115.09892987994,
    4.96736113654));
#6212 = CARTESIAN_POINT('',(21.152947151789,115.07615850952,
    4.928400787219));
#6213 = CARTESIAN_POINT('',(21.165032363808,115.05463537569,
    4.888912400648));
#6214 = CARTESIAN_POINT('',(21.17641400991,115.034349573,4.848943200937)
  );
#6215 = CARTESIAN_POINT('',(21.195089826199,115.00103982865,
    4.778326281212));
#6216 = CARTESIAN_POINT('',(21.202690518148,114.98747546682,
    4.747872062065));
#6217 = CARTESIAN_POINT('',(21.209905769489,114.97459200246,
    4.71719146016));
#6218 = CARTESIAN_POINT('',(21.21673874705,114.96238505802,4.68630167251
    ));
#6219 = CARTESIAN_POINT('',(21.223192444401,114.95085045367,
    4.655219017853));
#6220 = CARTESIAN_POINT('',(21.229269681856,114.93998420726,
    4.62395893665));
#6221 = CARTESIAN_POINT('',(21.249931839569,114.90302596037,4.5101210408
    ));
#6222 = CARTESIAN_POINT('',(21.262317826036,114.88084331108,
    4.426593038513));
#6223 = CARTESIAN_POINT('',(21.27218105455,114.86316243154,
    4.342205788175));
#6224 = CARTESIAN_POINT('',(21.279556753133,114.84993261483,
    4.257194153598));
#6225 = CARTESIAN_POINT('',(21.28446933287,114.84111818607,
    4.171777201784));
#6226 = CARTESIAN_POINT('',(21.286932518047,114.83669859384,
    4.086160268442));
#6227 = CARTESIAN_POINT('',(21.286963727208,114.83664259652,
    3.882863741347));
#6228 = CARTESIAN_POINT('',(21.282354440748,114.84491284463,
    3.765224293624));
#6229 = CARTESIAN_POINT('',(21.273123076723,114.86147635951,
    3.648087221095));
#6230 = CARTESIAN_POINT('',(21.259216205782,114.88641454375,
    3.531989479558));
#6231 = CARTESIAN_POINT('',(21.240548310729,114.91985194539,
    3.417535866498));
#6232 = CARTESIAN_POINT('',(21.217001750771,114.96195417923,
    3.305410321823));
#6233 = CARTESIAN_POINT('',(21.177803129921,115.03187335162,
    3.156008875947));
#6234 = CARTESIAN_POINT('',(21.166513745263,115.05199640153,
    3.116052524976));
#6235 = CARTESIAN_POINT('',(21.154523730574,115.07335192075,
    3.076571390086));
#6236 = CARTESIAN_POINT('',(21.141824942184,115.09595076669,
    3.037612197383));
#6237 = CARTESIAN_POINT('',(21.128409283337,115.11980330353,
    2.999225980968));
#6238 = CARTESIAN_POINT('',(21.114268704184,115.14491940215,
    2.961468082933));
#6239 = CARTESIAN_POINT('',(21.079751540235,115.20616084531,
    2.875439331768));
#6240 = CARTESIAN_POINT('',(21.05883080453,115.24323118655,2.82768368626
    ));
#6241 = CARTESIAN_POINT('',(21.036614383841,115.2825414007,
    2.781266071416));
#6242 = CARTESIAN_POINT('',(21.01308727714,115.32410555344,
    2.736343481424));
#6243 = CARTESIAN_POINT('',(20.988240498216,115.36792578113,
    2.693092702984));
#6244 = CARTESIAN_POINT('',(20.962073480679,115.41398823272,
    2.65170796821));
#6245 = CARTESIAN_POINT('',(20.913212800935,115.49982523323,
    2.581806514491));
#6246 = CARTESIAN_POINT('',(20.891036944526,115.53872679343,
    2.552473192012));
#6247 = CARTESIAN_POINT('',(20.868075177757,115.57894529172,
    2.524498323562));
#6248 = CARTESIAN_POINT('',(20.844339852419,115.62045124746,
    2.497989886986));
#6249 = CARTESIAN_POINT('',(20.819851007054,115.66320161172,
    2.473060944287));
#6250 = CARTESIAN_POINT('',(20.794637965935,115.70713727915,
    2.449826431422));
#6251 = CARTESIAN_POINT('',(20.726057849699,115.82642031738,
    2.393085143487));
#6252 = CARTESIAN_POINT('',(20.681499970112,115.90369811179,
    2.362667603653));
#6253 = CARTESIAN_POINT('',(20.635276227758,115.98361600269,
    2.337687852118));
#6254 = CARTESIAN_POINT('',(20.587663429303,116.06566215873,
    2.318629401144));
#6255 = CARTESIAN_POINT('',(20.539013569517,116.14920373964,
    2.305883144698));
#6256 = CARTESIAN_POINT('',(20.489760054025,116.23348196445,
    2.299682537013));
#6257 = CARTESIAN_POINT('',(20.393112184078,116.39828124064,
    2.300323143871));
#6258 = CARTESIAN_POINT('',(20.345682055104,116.4788869009,
    2.306639299084));
#6259 = CARTESIAN_POINT('',(20.298581710829,116.55865855721,
    2.318959693507));
#6260 = CARTESIAN_POINT('',(20.252204354397,116.63693956945,
    2.337080066843));
#6261 = CARTESIAN_POINT('',(20.206887571017,116.71317994752,
    2.360662320835));
#6262 = CARTESIAN_POINT('',(20.162914208537,116.7869307277,
    2.389283409971));
#6263 = CARTESIAN_POINT('',(20.093362166197,116.90324287191,
    2.443706601992));
#6264 = CARTESIAN_POINT('',(20.066846627559,116.94749716455,
    2.466827804604));
#6265 = CARTESIAN_POINT('',(20.041018876094,116.99052110274,
    2.491707178485));
#6266 = CARTESIAN_POINT('',(20.015919147117,117.03225559636,
    2.518225300839));
#6267 = CARTESIAN_POINT('',(19.991577589113,117.07265869717,
    2.546264310109));
#6268 = CARTESIAN_POINT('',(19.968015736824,117.11170279126,
    2.575711431223));
#6269 = CARTESIAN_POINT('',(19.916220174652,117.1973979887,
    2.645668663033));
#6270 = CARTESIAN_POINT('',(19.888485317806,117.24318542107,
    2.686991409103));
#6271 = CARTESIAN_POINT('',(19.862070052351,117.28670622274,
    2.730217124977));
#6272 = CARTESIAN_POINT('',(19.836988330547,117.32795275347,
    2.775147424641));
#6273 = CARTESIAN_POINT('',(19.813243856029,117.36693330917,
    2.821601655121));
#6274 = CARTESIAN_POINT('',(19.790832521489,117.40366783234,
    2.86941940146));
#6275 = CARTESIAN_POINT('',(19.710575662649,117.53503029332,
    3.056072717791));
#6276 = CARTESIAN_POINT('',(19.661927164311,117.61424621422,
    3.203099285879));
#6277 = CARTESIAN_POINT('',(19.623393768032,117.67675903615,
    3.356762719439));
#6278 = CARTESIAN_POINT('',(19.594763066814,117.72309348013,
    3.514901066521));
#6279 = CARTESIAN_POINT('',(19.575786949963,117.75376664006,
    3.675700292416));
#6280 = CARTESIAN_POINT('',(19.566280222894,117.76913318603,
    3.837753589502));
#6281 = CARTESIAN_POINT('',(19.566280222894,117.76913318603,4.));
#6282 = PCURVE('',#299,#6283);
#6283 = DEFINITIONAL_REPRESENTATION('',(#6284),#6442);
#6284 = B_SPLINE_CURVE_WITH_KNOTS('',3,(#6285,#6286,#6287,#6288,#6289,
    #6290,#6291,#6292,#6293,#6294,#6295,#6296,#6297,#6298,#6299,#6300,
    #6301,#6302,#6303,#6304,#6305,#6306,#6307,#6308,#6309,#6310,#6311,
    #6312,#6313,#6314,#6315,#6316,#6317,#6318,#6319,#6320,#6321,#6322,
    #6323,#6324,#6325,#6326,#6327,#6328,#6329,#6330,#6331,#6332,#6333,
    #6334,#6335,#6336,#6337,#6338,#6339,#6340,#6341,#6342,#6343,#6344,
    #6345,#6346,#6347,#6348,#6349,#6350,#6351,#6352,#6353,#6354,#6355,
    #6356,#6357,#6358,#6359,#6360,#6361,#6362,#6363,#6364,#6365,#6366,
    #6367,#6368,#6369,#6370,#6371,#6372,#6373,#6374,#6375,#6376,#6377,
    #6378,#6379,#6380,#6381,#6382,#6383,#6384,#6385,#6386,#6387,#6388,
    #6389,#6390,#6391,#6392,#6393,#6394,#6395,#6396,#6397,#6398,#6399,
    #6400,#6401,#6402,#6403,#6404,#6405,#6406,#6407,#6408,#6409,#6410,
    #6411,#6412,#6413,#6414,#6415,#6416,#6417,#6418,#6419,#6420,#6421,
    #6422,#6423,#6424,#6425,#6426,#6427,#6428,#6429,#6430,#6431,#6432,
    #6433,#6434,#6435,#6436,#6437,#6438,#6439,#6440,#6441),
  .UNSPECIFIED.,.T.,.F.,(4,1,1,1,1,1,1,1,1,1,1,1,1,1,1,1,1,1,1,1,1,1,1,1
    ,1,1,1,1,1,1,1,1,1,1,1,1,1,1,1,1,1,1,1,1,1,1,1,1,1,1,1,1,1,1,1,1,1,1
    ,1,1,1,1,1,1,1,1,1,1,1,1,1,1,1,1,1,1,1,1,1,1,1,1,1,1,1,1,1,1,1,1,1,1
    ,1,1,1,1,1,1,1,1,1,1,1,1,1,1,1,1,1,1,1,1,1,1,1,1,1,1,1,1,1,1,1,1,1,1
    ,1,1,1,1,1,1,1,1,1,1,1,1,1,1,1,1,1,1,1,1,1,1,1,1,1,1,1,1,4),(0.,
    8.652783162062E-03,1.730556632412E-02,2.595834948619E-02,
    3.461113264825E-02,4.326391581031E-02,5.191669897237E-02,
    6.056948213444E-02,6.92222652965E-02,7.787504845856E-02,
    8.652783162062E-02,9.518061478269E-02,0.103833397945,0.112486181107,
    0.121138964269,0.129791747431,0.138444530593,0.147097313755,
    0.155750096917,0.164402880079,0.173055663241,0.181708446403,
    0.190361229565,0.199014012727,0.207666795889,0.216319579052,
    0.224972362214,0.233625145376,0.242277928538,0.2509307117,
    0.259583494862,0.268236278024,0.276889061186,0.285541844348,
    0.29419462751,0.302847410672,0.311500193834,0.320152976996,
    0.328805760158,0.33745854332,0.346111326482,0.354764109645,
    0.363416892807,0.372069675969,0.380722459131,0.389375242293,
    0.398028025455,0.406680808617,0.415333591779,0.423986374941,
    0.432639158103,0.441291941265,0.449944724427,0.458597507589,
    0.467250290751,0.475903073913,0.484555857075,0.493208640238,
    0.5018614234,0.510514206562,0.519166989724,0.527819772886,
    0.536472556048,0.54512533921,0.553778122372,0.562430905534,
    0.571083688696,0.579736471858,0.58838925502,0.597042038182,
    0.605694821344,0.614347604506,0.623000387668,0.631653170831,
    0.640305953993,0.648958737155,0.657611520317,0.666264303479,
    0.674917086641,0.683569869803,0.692222652965,0.700875436127,
    0.709528219289,0.718181002451,0.726833785613,0.735486568775,
    0.744139351937,0.752792135099,0.761444918261,0.770097701424,
    0.778750484586,0.787403267748,0.79605605091,0.804708834072,
    0.813361617234,0.822014400396,0.830667183558,0.83931996672,
    0.847972749882,0.856625533044,0.865278316206,0.873931099368,
    0.88258388253,0.891236665692,0.899889448854,0.908542232017,
    0.917195015179,0.925847798341,0.934500581503,0.943153364665,
    0.951806147827,0.960458930989,0.969111714151,0.977764497313,
    0.986417280475,0.995070063637,1.003722846799,1.012375629961,
    1.021028413123,1.029681196285,1.038333979447,1.04698676261,
    1.055639545772,1.064292328934,1.072945112096,1.081597895258,
    1.09025067842,1.098903461582,1.107556244744,1.116209027906,
    1.124861811068,1.13351459423,1.142167377392,1.150820160554,
    1.159472943716,1.168125726878,1.17677851004,1.185431293203,
    1.194084076365,1.202736859527,1.211389642689,1.220042425851,
    1.228695209013,1.237347992175,1.246000775337,1.254653558499,
    1.263306341661,1.271959124823,1.280611907985,1.289264691147,
    1.297917474309,1.306570257471,1.315223040633,1.323875823796,
    1.332528606958),.QUASI_UNIFORM_KNOTS.);
#6285 = CARTESIAN_POINT('',(4.,5.785294067627));
#6286 = CARTESIAN_POINT('',(4.020412935032,5.785294064596));
#6287 = CARTESIAN_POINT('',(4.061231807077,5.785284046472));
#6288 = CARTESIAN_POINT('',(4.122400128035,5.785238954188));
#6289 = CARTESIAN_POINT('',(4.183470470008,5.785163781161));
#6290 = CARTESIAN_POINT('',(4.244401337018,5.785058465317));
#6291 = CARTESIAN_POINT('',(4.30514887984,5.784922919361));
#6292 = CARTESIAN_POINT('',(4.3656665395,5.784757029919));
#6293 = CARTESIAN_POINT('',(4.425905099067,5.784560662125));
#6294 = CARTESIAN_POINT('',(4.485812626652,5.784333662224));
#6295 = CARTESIAN_POINT('',(4.545334444388,5.784075860121));
#6296 = CARTESIAN_POINT('',(4.604413083399,5.783787071293));
#6297 = CARTESIAN_POINT('',(4.662988231966,5.783467098158));
#6298 = CARTESIAN_POINT('',(4.720996670136,5.783115730826));
#6299 = CARTESIAN_POINT('',(4.778372192579,5.782732747151));
#6300 = CARTESIAN_POINT('',(4.835045501267,5.782317912216));
#6301 = CARTESIAN_POINT('',(4.890944121931,5.781870976498));
#6302 = CARTESIAN_POINT('',(4.945992128943,5.781391675364));
#6303 = CARTESIAN_POINT('',(5.000110468059,5.780879719754));
#6304 = CARTESIAN_POINT('',(5.053214916749,5.780334815738));
#6305 = CARTESIAN_POINT('',(5.105222715736,5.77975657209));
#6306 = CARTESIAN_POINT('',(5.156004459047,5.779145075439));
#6307 = CARTESIAN_POINT('',(5.205453038062,5.778500165102));
#6308 = CARTESIAN_POINT('',(5.25344900509,5.777821783765));
#6309 = CARTESIAN_POINT('',(5.299865022361,5.777109957424));
#6310 = CARTESIAN_POINT('',(5.344565187631,5.776364818654));
#6311 = CARTESIAN_POINT('',(5.387406235729,5.775586609964));
#6312 = CARTESIAN_POINT('',(5.428236359724,5.774775722659));
#6313 = CARTESIAN_POINT('',(5.466893019674,5.773932798428));
#6314 = CARTESIAN_POINT('',(5.503208284283,5.773058671132));
#6315 = CARTESIAN_POINT('',(5.537008151949,5.7721544432));
#6316 = CARTESIAN_POINT('',(5.568114722264,5.771221529272));
#6317 = CARTESIAN_POINT('',(5.596352160279,5.770261565747));
#6318 = CARTESIAN_POINT('',(5.62154612233,5.769276496572));
#6319 = CARTESIAN_POINT('',(5.643518857752,5.768269028391));
#6320 = CARTESIAN_POINT('',(5.662110821001,5.767242044498));
#6321 = CARTESIAN_POINT('',(5.677179035189,5.766198749852));
#6322 = CARTESIAN_POINT('',(5.688601614313,5.765142633968));
#6323 = CARTESIAN_POINT('',(5.696281260286,5.764077497249));
#6324 = CARTESIAN_POINT('',(5.700149256476,5.763007403419));
#6325 = CARTESIAN_POINT('',(5.700171054822,5.761936862171));
#6326 = CARTESIAN_POINT('',(5.696346769939,5.760869673988));
#6327 = CARTESIAN_POINT('',(5.68871037234,5.759810233545));
#6328 = CARTESIAN_POINT('',(5.677329844881,5.758762513577));
#6329 = CARTESIAN_POINT('',(5.662301765525,5.757730183139));
#6330 = CARTESIAN_POINT('',(5.643747501313,5.75671658195));
#6331 = CARTESIAN_POINT('',(5.621809960422,5.75572474776));
#6332 = CARTESIAN_POINT('',(5.596648959695,5.754757377413));
#6333 = CARTESIAN_POINT('',(5.568444031175,5.753817001613));
#6334 = CARTESIAN_POINT('',(5.537367913621,5.752905268153));
#6335 = CARTESIAN_POINT('',(5.503596395947,5.752023582388));
#6336 = CARTESIAN_POINT('',(5.467307427951,5.751173124787));
#6337 = CARTESIAN_POINT('',(5.42867507843,5.75035476866));
#6338 = CARTESIAN_POINT('',(5.387867351132,5.749569126047));
#6339 = CARTESIAN_POINT('',(5.345046929045,5.748816625851));
#6340 = CARTESIAN_POINT('',(5.300365624274,5.748097456676));
#6341 = CARTESIAN_POINT('',(5.25396686607,5.747411672489));
#6342 = CARTESIAN_POINT('',(5.205986629971,5.74675922729));
#6343 = CARTESIAN_POINT('',(5.156552497957,5.746139982014));
#6344 = CARTESIAN_POINT('',(5.105783507116,5.74555372108));
#6345 = CARTESIAN_POINT('',(5.053788713264,5.745000157367));
#6346 = CARTESIAN_POINT('',(5.000672904234,5.744479002776));
#6347 = CARTESIAN_POINT('',(4.946531741982,5.743989918301));
#6348 = CARTESIAN_POINT('',(4.891455275661,5.743532566545));
#6349 = CARTESIAN_POINT('',(4.835527618122,5.743106605323));
#6350 = CARTESIAN_POINT('',(4.778826742589,5.742711685269));
#6351 = CARTESIAN_POINT('',(4.721426607889,5.742347476424));
#6352 = CARTESIAN_POINT('',(4.663396347936,5.742013658646));
#6353 = CARTESIAN_POINT('',(4.604801119894,5.741709929411));
#6354 = CARTESIAN_POINT('',(4.54570332358,5.741436009507));
#6355 = CARTESIAN_POINT('',(4.486162758816,5.741191642463));
#6356 = CARTESIAN_POINT('',(4.426233308511,5.740976583012));
#6357 = CARTESIAN_POINT('',(4.365968292826,5.740790620988));
#6358 = CARTESIAN_POINT('',(4.30541924856,5.740633573351));
#6359 = CARTESIAN_POINT('',(4.244636329774,5.740505284923));
#6360 = CARTESIAN_POINT('',(4.183668333178,5.740405627512));
#6361 = CARTESIAN_POINT('',(4.122562566116,5.740334500197));
#6362 = CARTESIAN_POINT('',(4.061365682313,5.740291830024));
#6363 = CARTESIAN_POINT('',(4.000120766879,5.740277573327));
#6364 = CARTESIAN_POINT('',(3.938878420894,5.740291717573));
#6365 = CARTESIAN_POINT('',(3.877686610306,5.740334269799));
#6366 = CARTESIAN_POINT('',(3.816586730533,5.740405272162));
#6367 = CARTESIAN_POINT('',(3.755624155874,5.740504798497));
#6368 = CARTESIAN_POINT('',(3.694845443238,5.740632951872));
#6369 = CARTESIAN_POINT('',(3.634299123438,5.740789862625));
#6370 = CARTESIAN_POINT('',(3.574035543063,5.740975687018));
#6371 = CARTESIAN_POINT('',(3.514106971636,5.741190606493));
#6372 = CARTESIAN_POINT('',(3.454567652229,5.741434827482));
#6373 = CARTESIAN_POINT('',(3.395473868107,5.741708581919));
#6374 = CARTESIAN_POINT('',(3.336884056982,5.742012127992));
#6375 = CARTESIAN_POINT('',(3.27885877395,5.742345752774));
#6376 = CARTESIAN_POINT('',(3.221461267248,5.742709770692));
#6377 = CARTESIAN_POINT('',(3.164755809232,5.743104540394));
#6378 = CARTESIAN_POINT('',(3.108823836164,5.743530346893));
#6379 = CARTESIAN_POINT('',(3.053742469999,5.743987543534));
#6380 = CARTESIAN_POINT('',(2.999596069341,5.744476470766));
#6381 = CARTESIAN_POINT('',(2.946474505274,5.744997467494));
#6382 = CARTESIAN_POINT('',(2.894473578998,5.745550871336));
#6383 = CARTESIAN_POINT('',(2.84369786059,5.74613697185));
#6384 = CARTESIAN_POINT('',(2.794256398346,5.746756056688));
#6385 = CARTESIAN_POINT('',(2.746268299054,5.747408340235));
#6386 = CARTESIAN_POINT('',(2.699861072378,5.748093962252));
#6387 = CARTESIAN_POINT('',(2.655170642057,5.748812969079));
#6388 = CARTESIAN_POINT('',(2.612340082032,5.74956531359));
#6389 = CARTESIAN_POINT('',(2.571521786049,5.750350796858));
#6390 = CARTESIAN_POINT('',(2.532878030546,5.751168997158));
#6391 = CARTESIAN_POINT('',(2.496576907417,5.752019301499));
#6392 = CARTESIAN_POINT('',(2.462792306604,5.752900841631));
#6393 = CARTESIAN_POINT('',(2.431702408255,5.753812429528));
#6394 = CARTESIAN_POINT('',(2.403481958946,5.754752703355));
#6395 = CARTESIAN_POINT('',(2.378307981272,5.755719854167));
#6396 = CARTESIAN_POINT('',(2.356356266442,5.756711456063));
#6397 = CARTESIAN_POINT('',(2.337785934553,5.757724853254));
#6398 = CARTESIAN_POINT('',(2.322739680422,5.758757047048));
#6399 = CARTESIAN_POINT('',(2.31133943956,5.7598047184));
#6400 = CARTESIAN_POINT('',(2.303682685818,5.760864196977));
#6401 = CARTESIAN_POINT('',(2.299838340598,5.761931510919));
#6402 = CARTESIAN_POINT('',(2.299841162551,5.763002169886));
#6403 = CARTESIAN_POINT('',(2.303690800177,5.764072346132));
#6404 = CARTESIAN_POINT('',(2.311353094636,5.765137620484));
#6405 = CARTESIAN_POINT('',(2.322759822898,5.766193918991));
#6406 = CARTESIAN_POINT('',(2.337814149562,5.767237444366));
#6407 = CARTESIAN_POINT('',(2.356394457127,5.768264694304));
#6408 = CARTESIAN_POINT('',(2.378357629315,5.769272442572));
#6409 = CARTESIAN_POINT('',(2.403543649672,5.770257781019));
#6410 = CARTESIAN_POINT('',(2.431772991907,5.771217953745));
#6411 = CARTESIAN_POINT('',(2.462873379161,5.772151096251));
#6412 = CARTESIAN_POINT('',(2.496668323718,5.773055546899));
#6413 = CARTESIAN_POINT('',(2.532979982152,5.773929894664));
#6414 = CARTESIAN_POINT('',(2.571634196335,5.774773033863));
#6415 = CARTESIAN_POINT('',(2.612462977553,5.775584130017));
#6416 = CARTESIAN_POINT('',(2.655303578532,5.776362538612));
#6417 = CARTESIAN_POINT('',(2.700004348112,5.777107872028));
#6418 = CARTESIAN_POINT('',(2.746421805011,5.77781988457));
#6419 = CARTESIAN_POINT('',(2.794419981015,5.77849844353));
#6420 = CARTESIAN_POINT('',(2.843871385783,5.779143521808));
#6421 = CARTESIAN_POINT('',(2.894656808841,5.779755180073));
#6422 = CARTESIAN_POINT('',(2.946668151203,5.780333568401));
#6423 = CARTESIAN_POINT('',(2.999776241313,5.780878605075));
#6424 = CARTESIAN_POINT('',(3.05389905236,5.781390689183));
#6425 = CARTESIAN_POINT('',(3.108952047029,5.781870111474));
#6426 = CARTESIAN_POINT('',(3.164856146365,5.782317161046));
#6427 = CARTESIAN_POINT('',(3.221535331734,5.782732101931));
#6428 = CARTESIAN_POINT('',(3.278917063659,5.783115183426));
#6429 = CARTESIAN_POINT('',(3.33693198112,5.783466640286));
#6430 = CARTESIAN_POINT('',(3.395513825099,5.78378669462));
#6431 = CARTESIAN_POINT('',(3.454599329649,5.784075556359));
#6432 = CARTESIAN_POINT('',(3.514128145504,5.78433342319));
#6433 = CARTESIAN_POINT('',(3.574042774821,5.784560479784));
#6434 = CARTESIAN_POINT('',(3.634288519641,5.784756896401));
#6435 = CARTESIAN_POINT('',(3.69481343708,5.784922826966));
#6436 = CARTESIAN_POINT('',(3.755568308528,5.785058406494));
#6437 = CARTESIAN_POINT('',(3.816506582708,5.785163748474));
#6438 = CARTESIAN_POINT('',(3.877584427857,5.785238940255));
#6439 = CARTESIAN_POINT('',(3.93876037405,5.785284043904));
#6440 = CARTESIAN_POINT('',(3.97958443688,5.785294064588));
#6441 = CARTESIAN_POINT('',(4.,5.785294067627));
#6442 = ( GEOMETRIC_REPRESENTATION_CONTEXT(2) 
PARAMETRIC_REPRESENTATION_CONTEXT() REPRESENTATION_CONTEXT('2D SPACE',''
  ) );
#6443 = PCURVE('',#6444,#6449);
#6444 = CYLINDRICAL_SURFACE('',#6445,1.7);
#6445 = AXIS2_PLACEMENT_3D('',#6446,#6447,#6448);
#6446 = CARTESIAN_POINT('',(24.411466578376,118.63943372621,4.));
#6447 = DIRECTION('',(-0.862643091921,-0.505813103785,0.));
#6448 = DIRECTION('',(-0.505813103785,0.862643091921,0.));
#6449 = DEFINITIONAL_REPRESENTATION('',(#6450),#6608);
#6450 = B_SPLINE_CURVE_WITH_KNOTS('',3,(#6451,#6452,#6453,#6454,#6455,
    #6456,#6457,#6458,#6459,#6460,#6461,#6462,#6463,#6464,#6465,#6466,
    #6467,#6468,#6469,#6470,#6471,#6472,#6473,#6474,#6475,#6476,#6477,
    #6478,#6479,#6480,#6481,#6482,#6483,#6484,#6485,#6486,#6487,#6488,
    #6489,#6490,#6491,#6492,#6493,#6494,#6495,#6496,#6497,#6498,#6499,
    #6500,#6501,#6502,#6503,#6504,#6505,#6506,#6507,#6508,#6509,#6510,
    #6511,#6512,#6513,#6514,#6515,#6516,#6517,#6518,#6519,#6520,#6521,
    #6522,#6523,#6524,#6525,#6526,#6527,#6528,#6529,#6530,#6531,#6532,
    #6533,#6534,#6535,#6536,#6537,#6538,#6539,#6540,#6541,#6542,#6543,
    #6544,#6545,#6546,#6547,#6548,#6549,#6550,#6551,#6552,#6553,#6554,
    #6555,#6556,#6557,#6558,#6559,#6560,#6561,#6562,#6563,#6564,#6565,
    #6566,#6567,#6568,#6569,#6570,#6571,#6572,#6573,#6574,#6575,#6576,
    #6577,#6578,#6579,#6580,#6581,#6582,#6583,#6584,#6585,#6586,#6587,
    #6588,#6589,#6590,#6591,#6592,#6593,#6594,#6595,#6596,#6597,#6598,
    #6599,#6600,#6601,#6602,#6603,#6604,#6605,#6606,#6607),
  .UNSPECIFIED.,.F.,.F.,(4,1,1,1,1,1,1,1,1,1,1,1,1,1,1,1,1,1,1,1,1,1,1,1
    ,1,1,1,1,1,1,1,1,1,1,1,1,1,1,1,1,1,1,1,1,1,1,1,1,1,1,1,1,1,1,1,1,1,1
    ,1,1,1,1,1,1,1,1,1,1,1,1,1,1,1,1,1,1,1,1,1,1,1,1,1,1,1,1,1,1,1,1,1,1
    ,1,1,1,1,1,1,1,1,1,1,1,1,1,1,1,1,1,1,1,1,1,1,1,1,1,1,1,1,1,1,1,1,1,1
    ,1,1,1,1,1,1,1,1,1,1,1,1,1,1,1,1,1,1,1,1,1,1,1,1,1,1,1,1,4),(0.,
    8.652783162062E-03,1.730556632412E-02,2.595834948619E-02,
    3.461113264825E-02,4.326391581031E-02,5.191669897237E-02,
    6.056948213444E-02,6.92222652965E-02,7.787504845856E-02,
    8.652783162062E-02,9.518061478269E-02,0.103833397945,0.112486181107,
    0.121138964269,0.129791747431,0.138444530593,0.147097313755,
    0.155750096917,0.164402880079,0.173055663241,0.181708446403,
    0.190361229565,0.199014012727,0.207666795889,0.216319579052,
    0.224972362214,0.233625145376,0.242277928538,0.2509307117,
    0.259583494862,0.268236278024,0.276889061186,0.285541844348,
    0.29419462751,0.302847410672,0.311500193834,0.320152976996,
    0.328805760158,0.33745854332,0.346111326482,0.354764109645,
    0.363416892807,0.372069675969,0.380722459131,0.389375242293,
    0.398028025455,0.406680808617,0.415333591779,0.423986374941,
    0.432639158103,0.441291941265,0.449944724427,0.458597507589,
    0.467250290751,0.475903073913,0.484555857075,0.493208640238,
    0.5018614234,0.510514206562,0.519166989724,0.527819772886,
    0.536472556048,0.54512533921,0.553778122372,0.562430905534,
    0.571083688696,0.579736471858,0.58838925502,0.597042038182,
    0.605694821344,0.614347604506,0.623000387668,0.631653170831,
    0.640305953993,0.648958737155,0.657611520317,0.666264303479,
    0.674917086641,0.683569869803,0.692222652965,0.700875436127,
    0.709528219289,0.718181002451,0.726833785613,0.735486568775,
    0.744139351937,0.752792135099,0.761444918261,0.770097701424,
    0.778750484586,0.787403267748,0.79605605091,0.804708834072,
    0.813361617234,0.822014400396,0.830667183558,0.83931996672,
    0.847972749882,0.856625533044,0.865278316206,0.873931099368,
    0.88258388253,0.891236665692,0.899889448854,0.908542232017,
    0.917195015179,0.925847798341,0.934500581503,0.943153364665,
    0.951806147827,0.960458930989,0.969111714151,0.977764497313,
    0.986417280475,0.995070063637,1.003722846799,1.012375629961,
    1.021028413123,1.029681196285,1.038333979447,1.04698676261,
    1.055639545772,1.064292328934,1.072945112096,1.081597895258,
    1.09025067842,1.098903461582,1.107556244744,1.116209027906,
    1.124861811068,1.13351459423,1.142167377392,1.150820160554,
    1.159472943716,1.168125726878,1.17677851004,1.185431293203,
    1.194084076365,1.202736859527,1.211389642689,1.220042425851,
    1.228695209013,1.237347992175,1.246000775337,1.254653558499,
    1.263306341661,1.271959124823,1.280611907985,1.289264691147,
    1.297917474309,1.306570257471,1.315223040633,1.323875823796,
    1.332528606958),.QUASI_UNIFORM_KNOTS.);
#6451 = CARTESIAN_POINT('',(6.28318530718,4.619875956083));
#6452 = CARTESIAN_POINT('',(6.271177681073,4.619875967734));
#6453 = CARTESIAN_POINT('',(6.247166604352,4.6198585128));
#6454 = CARTESIAN_POINT('',(6.211138502894,4.619780175422));
#6455 = CARTESIAN_POINT('',(6.175074448972,4.619649905416));
#6456 = CARTESIAN_POINT('',(6.138951562813,4.619468125998));
#6457 = CARTESIAN_POINT('',(6.102747752942,4.619235405538));
#6458 = CARTESIAN_POINT('',(6.066441688526,4.61895248542));
#6459 = CARTESIAN_POINT('',(6.03001257461,4.618620284963));
#6460 = CARTESIAN_POINT('',(5.99343998776,4.618239911921));
#6461 = CARTESIAN_POINT('',(5.956703700439,4.617812670918));
#6462 = CARTESIAN_POINT('',(5.919783509742,4.617340071863));
#6463 = CARTESIAN_POINT('',(5.882659061512,4.616823837782));
#6464 = CARTESIAN_POINT('',(5.845309667543,4.616265912221));
#6465 = CARTESIAN_POINT('',(5.807714107085,4.615668466123));
#6466 = CARTESIAN_POINT('',(5.76985041924,4.615033904415));
#6467 = CARTESIAN_POINT('',(5.731695634004,4.614364871383));
#6468 = CARTESIAN_POINT('',(5.693225606561,4.613664258262));
#6469 = CARTESIAN_POINT('',(5.654414308343,4.612935200223));
#6470 = CARTESIAN_POINT('',(5.615234954143,4.612181110568));
#6471 = CARTESIAN_POINT('',(5.575654052061,4.611405573657));
#6472 = CARTESIAN_POINT('',(5.535668719812,4.610613105829));
#6473 = CARTESIAN_POINT('',(5.495255093475,4.60980814749));
#6474 = CARTESIAN_POINT('',(5.454393426264,4.608995564305));
#6475 = CARTESIAN_POINT('',(5.413065229306,4.608180578414));
#6476 = CARTESIAN_POINT('',(5.37125399232,4.607368772551));
#6477 = CARTESIAN_POINT('',(5.328944541629,4.606566064573));
#6478 = CARTESIAN_POINT('',(5.286124524026,4.605778727414));
#6479 = CARTESIAN_POINT('',(5.242788561171,4.605013383446));
#6480 = CARTESIAN_POINT('',(5.198934292575,4.604276902961));
#6481 = CARTESIAN_POINT('',(5.154565425325,4.603576361245));
#6482 = CARTESIAN_POINT('',(5.109692944453,4.602918943713));
#6483 = CARTESIAN_POINT('',(5.064330280046,4.602311775097));
#6484 = CARTESIAN_POINT('',(5.018497226755,4.601761840161));
#6485 = CARTESIAN_POINT('',(4.972240365488,4.601276033596));
#6486 = CARTESIAN_POINT('',(4.925605592765,4.600860602786));
#6487 = CARTESIAN_POINT('',(4.878645775889,4.600521083257));
#6488 = CARTESIAN_POINT('',(4.83141989766,4.60026211787));
#6489 = CARTESIAN_POINT('',(4.783995431025,4.600087307373));
#6490 = CARTESIAN_POINT('',(4.736447671195,4.59999906466));
#6491 = CARTESIAN_POINT('',(4.688869675339,4.599998435713));
#6492 = CARTESIAN_POINT('',(4.641322973448,4.600085086783));
#6493 = CARTESIAN_POINT('',(4.593897515065,4.600257335786));
#6494 = CARTESIAN_POINT('',(4.546668492105,4.60051217645));
#6495 = CARTESIAN_POINT('',(4.499703156318,4.600845473813));
#6496 = CARTESIAN_POINT('',(4.453060911467,4.601252122585));
#6497 = CARTESIAN_POINT('',(4.406795544596,4.601726204629));
#6498 = CARTESIAN_POINT('',(4.360954023039,4.602261180367));
#6499 = CARTESIAN_POINT('',(4.315585579095,4.602849938632));
#6500 = CARTESIAN_POINT('',(4.27070698636,4.603485441518));
#6501 = CARTESIAN_POINT('',(4.226331824116,4.604160568332));
#6502 = CARTESIAN_POINT('',(4.182471160901,4.604868222635));
#6503 = CARTESIAN_POINT('',(4.139128787514,4.605601491071));
#6504 = CARTESIAN_POINT('',(4.096302402184,4.606353729264));
#6505 = CARTESIAN_POINT('',(4.053986727185,4.607118594094));
#6506 = CARTESIAN_POINT('',(4.012169357285,4.607890135557));
#6507 = CARTESIAN_POINT('',(3.97083521287,4.608662788521));
#6508 = CARTESIAN_POINT('',(3.929967788687,4.609431349656));
#6509 = CARTESIAN_POINT('',(3.889548713211,4.610190991261));
#6510 = CARTESIAN_POINT('',(3.84955790631,4.61093726047));
#6511 = CARTESIAN_POINT('',(3.80997277481,4.611666100053));
#6512 = CARTESIAN_POINT('',(3.770772500833,4.612373743722));
#6513 = CARTESIAN_POINT('',(3.731934073153,4.613056791961));
#6514 = CARTESIAN_POINT('',(3.69343504272,4.613712122494));
#6515 = CARTESIAN_POINT('',(3.655252850842,4.61433690003));
#6516 = CARTESIAN_POINT('',(3.617364384796,4.614928582907));
#6517 = CARTESIAN_POINT('',(3.579747374813,4.615484858652));
#6518 = CARTESIAN_POINT('',(3.542379464714,4.616003656233));
#6519 = CARTESIAN_POINT('',(3.505238545773,4.616483118232));
#6520 = CARTESIAN_POINT('',(3.468303253786,4.616921594904));
#6521 = CARTESIAN_POINT('',(3.431552800256,4.617317623722));
#6522 = CARTESIAN_POINT('',(3.394964714318,4.617669946571));
#6523 = CARTESIAN_POINT('',(3.35851793506,4.617977461551));
#6524 = CARTESIAN_POINT('',(3.322191789048,4.618239229277));
#6525 = CARTESIAN_POINT('',(3.285966009898,4.618454465569));
#6526 = CARTESIAN_POINT('',(3.249820534334,4.618622537781));
#6527 = CARTESIAN_POINT('',(3.213735221228,4.618742960131));
#6528 = CARTESIAN_POINT('',(3.177690143777,4.61881538934));
#6529 = CARTESIAN_POINT('',(3.141663677662,4.618839619961));
#6530 = CARTESIAN_POINT('',(3.105638814597,4.618815580577));
#6531 = CARTESIAN_POINT('',(3.069597006085,4.618743351239));
#6532 = CARTESIAN_POINT('',(3.033515653318,4.618623138707));
#6533 = CARTESIAN_POINT('',(2.997374093177,4.618455284019));
#6534 = CARTESIAN_POINT('',(2.961151750956,4.618240268612));
#6535 = CARTESIAN_POINT('',(2.924828407659,4.617978720768));
#6536 = CARTESIAN_POINT('',(2.888383910019,4.617671421905));
#6537 = CARTESIAN_POINT('',(2.851798031731,4.617319312841));
#6538 = CARTESIAN_POINT('',(2.815050291695,4.616923500021));
#6539 = CARTESIAN_POINT('',(2.778119764979,4.616485261584));
#6540 = CARTESIAN_POINT('',(2.740984905296,4.616006053829));
#6541 = CARTESIAN_POINT('',(2.703623236289,4.615487515899));
#6542 = CARTESIAN_POINT('',(2.666011433214,4.614931480907));
#6543 = CARTESIAN_POINT('',(2.628123823113,4.614339962762));
#6544 = CARTESIAN_POINT('',(2.589942995209,4.613715342075));
#6545 = CARTESIAN_POINT('',(2.55144532087,4.61306015294));
#6546 = CARTESIAN_POINT('',(2.512608421701,4.612377232553));
#6547 = CARTESIAN_POINT('',(2.473409737253,4.611669699153));
#6548 = CARTESIAN_POINT('',(2.433826374421,4.610940952511));
#6549 = CARTESIAN_POINT('',(2.393837391084,4.610194755405));
#6550 = CARTESIAN_POINT('',(2.353420193437,4.609435163929));
#6551 = CARTESIAN_POINT('',(2.312554787359,4.608666630979));
#6552 = CARTESIAN_POINT('',(2.27122276982,4.607893981502));
#6553 = CARTESIAN_POINT('',(2.22940762679,4.607122416494));
#6554 = CARTESIAN_POINT('',(2.18709392989,4.606357494801));
#6555 = CARTESIAN_POINT('',(2.14426987685,4.60560517497));
#6556 = CARTESIAN_POINT('',(2.100929812909,4.604871791906));
#6557 = CARTESIAN_POINT('',(2.057071527903,4.604163991777));
#6558 = CARTESIAN_POINT('',(2.012698588534,4.603488682522));
#6559 = CARTESIAN_POINT('',(1.967822461311,4.602852965428));
#6560 = CARTESIAN_POINT('',(1.922454713575,4.602263939959));
#6561 = CARTESIAN_POINT('',(1.876619800739,4.601728733264));
#6562 = CARTESIAN_POINT('',(1.830361828071,4.601254381808));
#6563 = CARTESIAN_POINT('',(1.783725951564,4.60084740868));
#6564 = CARTESIAN_POINT('',(1.736764288308,4.600513726944));
#6565 = CARTESIAN_POINT('',(1.689535445956,4.600258455383));
#6566 = CARTESIAN_POINT('',(1.642106833776,4.600085751925));
#6567 = CARTESIAN_POINT('',(1.594553658471,4.599998648221));
#6568 = CARTESIAN_POINT('',(1.546970116456,4.599998846222));
#6569 = CARTESIAN_POINT('',(1.499418906808,4.600086671075));
#6570 = CARTESIAN_POINT('',(1.451989034501,4.600261088764));
#6571 = CARTESIAN_POINT('',(1.404756191653,4.600519700576));
#6572 = CARTESIAN_POINT('',(1.357787628834,4.600858918377));
#6573 = CARTESIAN_POINT('',(1.311142796843,4.601274106172));
#6574 = CARTESIAN_POINT('',(1.264875424608,4.601759725221));
#6575 = CARTESIAN_POINT('',(1.219032458427,4.602309516926));
#6576 = CARTESIAN_POINT('',(1.173662792616,4.602916549372));
#6577 = CARTESIAN_POINT('',(1.128782461083,4.603573880999));
#6578 = CARTESIAN_POINT('',(1.084406010592,4.604274372449));
#6579 = CARTESIAN_POINT('',(1.040544208681,4.605010838228));
#6580 = CARTESIAN_POINT('',(0.997200878433,4.605776197716));
#6581 = CARTESIAN_POINT('',(0.954373646876,4.606563578292));
#6582 = CARTESIAN_POINT('',(0.91205725608,4.60736635159));
#6583 = CARTESIAN_POINT('',(0.870239121534,4.608178245533));
#6584 = CARTESIAN_POINT('',(0.828904212765,4.608993336893));
#6585 = CARTESIAN_POINT('',(0.788036006234,4.609806039713));
#6586 = CARTESIAN_POINT('',(0.747616069862,4.610611127402));
#6587 = CARTESIAN_POINT('',(0.707624416869,4.611403736107));
#6588 = CARTESIAN_POINT('',(0.668037889395,4.612179409346));
#6589 = CARTESIAN_POINT('',(0.628853330478,4.612933633705));
#6590 = CARTESIAN_POINT('',(0.590036669556,4.613662833979));
#6591 = CARTESIAN_POINT('',(0.551561324369,4.614363590595));
#6592 = CARTESIAN_POINT('',(0.513401250449,4.615032766684));
#6593 = CARTESIAN_POINT('',(0.47553233733,4.615667468507));
#6594 = CARTESIAN_POINT('',(0.437931628415,4.616265049894));
#6595 = CARTESIAN_POINT('',(0.400577175102,4.616823104248));
#6596 = CARTESIAN_POINT('',(0.363447763121,4.617339459253));
#6597 = CARTESIAN_POINT('',(0.326522706648,4.617812170235));
#6598 = CARTESIAN_POINT('',(0.289781649636,4.618239513266));
#6599 = CARTESIAN_POINT('',(0.253204383229,4.618619977734));
#6600 = CARTESIAN_POINT('',(0.216770669838,4.618952258474));
#6601 = CARTESIAN_POINT('',(0.180460071792,4.619235247325));
#6602 = CARTESIAN_POINT('',(0.144251775529,4.619468024653));
#6603 = CARTESIAN_POINT('',(0.108124427069,4.619649848816));
#6604 = CARTESIAN_POINT('',(7.205590678881E-02,4.619780151197));
#6605 = CARTESIAN_POINT('',(3.602330219208E-02,4.619858508313));
#6606 = CARTESIAN_POINT('',(1.200917202148E-02,4.619875967725));
#6607 = CARTESIAN_POINT('',(-8.881784197001E-16,4.619875956083));
#6608 = ( GEOMETRIC_REPRESENTATION_CONTEXT(2) 
PARAMETRIC_REPRESENTATION_CONTEXT() REPRESENTATION_CONTEXT('2D SPACE',''
  ) );
#6609 = FACE_BOUND('',#6610,.T.);
#6610 = EDGE_LOOP('',(#6611));
#6611 = ORIENTED_EDGE('',*,*,#6612,.T.);
#6612 = EDGE_CURVE('',#6613,#6613,#6615,.T.);
#6613 = VERTEX_POINT('',#6614);
#6614 = CARTESIAN_POINT('',(-42.82523586452,11.821757171262,4.));
#6615 = SURFACE_CURVE('',#6616,(#6733,#6894),.PCURVE_S1.);
#6616 = B_SPLINE_CURVE_WITH_KNOTS('',7,(#6617,#6618,#6619,#6620,#6621,
    #6622,#6623,#6624,#6625,#6626,#6627,#6628,#6629,#6630,#6631,#6632,
    #6633,#6634,#6635,#6636,#6637,#6638,#6639,#6640,#6641,#6642,#6643,
    #6644,#6645,#6646,#6647,#6648,#6649,#6650,#6651,#6652,#6653,#6654,
    #6655,#6656,#6657,#6658,#6659,#6660,#6661,#6662,#6663,#6664,#6665,
    #6666,#6667,#6668,#6669,#6670,#6671,#6672,#6673,#6674,#6675,#6676,
    #6677,#6678,#6679,#6680,#6681,#6682,#6683,#6684,#6685,#6686,#6687,
    #6688,#6689,#6690,#6691,#6692,#6693,#6694,#6695,#6696,#6697,#6698,
    #6699,#6700,#6701,#6702,#6703,#6704,#6705,#6706,#6707,#6708,#6709,
    #6710,#6711,#6712,#6713,#6714,#6715,#6716,#6717,#6718,#6719,#6720,
    #6721,#6722,#6723,#6724,#6725,#6726,#6727,#6728,#6729,#6730,#6731,
    #6732),.UNSPECIFIED.,.T.,.F.,(8,6,6,6,6,6,6,6,6,6,6,6,6,6,6,6,6,6,6,
    8),(0.,0.160088118095,0.217208594791,0.261782953364,0.333793729212,
    0.40646832559,0.450789317355,0.50779278088,0.550967469127,
    0.668068524153,0.751548712565,0.783859428535,0.827048080208,
    0.884092774012,0.928502506777,1.,1.073494615031,1.117889423212,
    1.174928563821,1.334683247166),.UNSPECIFIED.);
#6617 = CARTESIAN_POINT('',(-42.82523586452,11.821757171262,4.));
#6618 = CARTESIAN_POINT('',(-42.82523586452,11.821757171262,
    4.161594256229));
#6619 = CARTESIAN_POINT('',(-42.82470524205,11.839669038227,
    4.322999485543));
#6620 = CARTESIAN_POINT('',(-42.82364599678,11.875423979964,
    4.483166015634));
#6621 = CARTESIAN_POINT('',(-42.8220415216,11.929414857345,
    4.640704853872));
#6622 = CARTESIAN_POINT('',(-42.81986469949,12.002204834799,
    4.793828105204));
#6623 = CARTESIAN_POINT('',(-42.81708266403,12.094348438737,
    4.940405101697));
#6624 = CARTESIAN_POINT('',(-42.81241271272,12.246974902144,
    5.126688777661));
#6625 = CARTESIAN_POINT('',(-42.81110134986,12.289678431832,
    5.174465923506));
#6626 = CARTESIAN_POINT('',(-42.80970475176,12.334976821199,
    5.22089633142));
#6627 = CARTESIAN_POINT('',(-42.80822109447,12.382889588951,
    5.265821746741));
#6628 = CARTESIAN_POINT('',(-42.80664885452,12.433422669223,
    5.30906396173));
#6629 = CARTESIAN_POINT('',(-42.80498697949,12.486563615165,
    5.350427222931));
#6630 = CARTESIAN_POINT('',(-42.80186793508,12.585752973147,
    5.420347919707));
#6631 = CARTESIAN_POINT('',(-42.800446056,12.630793035095,5.449720760337
    ));
#6632 = CARTESIAN_POINT('',(-42.79896932574,12.677377163746,5.4777179013
    ));
#6633 = CARTESIAN_POINT('',(-42.79743802328,12.725472583229,
    5.504229690285));
#6634 = CARTESIAN_POINT('',(-42.79585292982,12.775030543216,
    5.529141399485));
#6635 = CARTESIAN_POINT('',(-42.7942154565,12.825983295706,
    5.552336543274));
#6636 = CARTESIAN_POINT('',(-42.7898012837,12.96266456375,5.608213607846
    ));
#6637 = CARTESIAN_POINT('',(-42.78694240896,13.050535593486,
    5.637964410216));
#6638 = CARTESIAN_POINT('',(-42.7839623771,13.141410670307,
    5.662431503156));
#6639 = CARTESIAN_POINT('',(-42.78087672141,13.234727026502,
    5.681155780594));
#6640 = CARTESIAN_POINT('',(-42.77770606632,13.329793220645,
    5.693767957858));
#6641 = CARTESIAN_POINT('',(-42.77447689398,13.425780564591,
    5.700045665025));
#6642 = CARTESIAN_POINT('',(-42.76793768457,13.618534544453,
    5.699953524217));
#6643 = CARTESIAN_POINT('',(-42.76462411665,13.715390395201,
    5.693466551786));
#6644 = CARTESIAN_POINT('',(-42.76131516386,13.81129158293,
    5.680530571234));
#6645 = CARTESIAN_POINT('',(-42.7580412834,13.905389744912,
    5.661375764966));
#6646 = CARTESIAN_POINT('',(-42.75482948167,13.99697507636,
    5.636384683803));
#6647 = CARTESIAN_POINT('',(-42.75170303131,14.085470187134,
    5.60603410976));
#6648 = CARTESIAN_POINT('',(-42.74683837759,14.222230701132,
    5.549416790149));
#6649 = CARTESIAN_POINT('',(-42.74503377883,14.272740072528,
    5.526168622496));
#6650 = CARTESIAN_POINT('',(-42.74327123526,14.321863889135,
    5.501233535009));
#6651 = CARTESIAN_POINT('',(-42.74155382867,14.369536996304,
    5.474725928559));
#6652 = CARTESIAN_POINT('',(-42.73988400221,14.415712619986,
    5.446758305809));
#6653 = CARTESIAN_POINT('',(-42.73826363564,14.460359438935,
    5.417438097014));
#6654 = CARTESIAN_POINT('',(-42.73467548794,14.558890735512,
    5.347542222035));
#6655 = CARTESIAN_POINT('',(-42.73274112084,14.611758733511,
    5.306149576974));
#6656 = CARTESIAN_POINT('',(-42.73089378157,14.662028586245,
    5.262895419203));
#6657 = CARTESIAN_POINT('',(-42.72913532072,14.709688881489,
    5.217973540376));
#6658 = CARTESIAN_POINT('',(-42.72746682875,14.754746163689,
    5.171560321836));
#6659 = CARTESIAN_POINT('',(-42.72588878761,14.7972202382,5.1238124012)
  );
#6660 = CARTESIAN_POINT('',(-42.72327453343,14.867374491444,
    5.037790849069));
#6661 = CARTESIAN_POINT('',(-42.722199808,14.896142302652,5.000030690879
    ));
#6662 = CARTESIAN_POINT('',(-42.72117706455,14.923455075739,
    4.961643437517));
#6663 = CARTESIAN_POINT('',(-42.720206266,14.949325421503,4.922684358175
    ));
#6664 = CARTESIAN_POINT('',(-42.71928731968,14.973766394951,
    4.883204418092));
#6665 = CARTESIAN_POINT('',(-42.71842007733,14.9967914953,4.84325027856)
  );
#6666 = CARTESIAN_POINT('',(-42.71539182865,15.077062364497,
    4.693326944115));
#6667 = CARTESIAN_POINT('',(-42.71355903185,15.125374428495,
    4.580653263728));
#6668 = CARTESIAN_POINT('',(-42.71210071175,15.163660959977,
    4.46563829654));
#6669 = CARTESIAN_POINT('',(-42.71101360055,15.192126918409,
    4.348974231437));
#6670 = CARTESIAN_POINT('',(-42.71029478563,15.210924512962,
    4.231273025237));
#6671 = CARTESIAN_POINT('',(-42.70994197213,15.220151374003,
    4.113077978203));
#6672 = CARTESIAN_POINT('',(-42.70996534609,15.219540094564,
    3.910590873918));
#6673 = CARTESIAN_POINT('',(-42.71016130872,15.214415241465,
    3.826331906626));
#6674 = CARTESIAN_POINT('',(-42.71054347241,15.204420480917,
    3.742271167198));
#6675 = CARTESIAN_POINT('',(-42.71111235219,15.189532044288,
    3.658604451547));
#6676 = CARTESIAN_POINT('',(-42.71186874904,15.169708731318,
    3.575540479302));
#6677 = CARTESIAN_POINT('',(-42.71281372278,15.144891919431,
    3.493302798932));
#6678 = CARTESIAN_POINT('',(-42.7143881283,15.103428645989,3.38071604942
    ));
#6679 = CARTESIAN_POINT('',(-42.71485592005,15.091098491885,
    3.349460370206));
#6680 = CARTESIAN_POINT('',(-42.71535225582,15.078003675869,
    3.318380092686));
#6681 = CARTESIAN_POINT('',(-42.71587721486,15.0641393651,3.287490549535
    ));
#6682 = CARTESIAN_POINT('',(-42.71643087551,15.049500464646,
    3.25680794212));
#6683 = CARTESIAN_POINT('',(-42.71701331525,15.034081617484,
    3.226349340492));
#6684 = CARTESIAN_POINT('',(-42.71844170877,14.996217308482,
    3.155743090056));
#6685 = CARTESIAN_POINT('',(-42.71931034265,14.973154361561,
    3.115786379708));
#6686 = CARTESIAN_POINT('',(-42.72023071619,14.94867439748,
    3.076304997449));
#6687 = CARTESIAN_POINT('',(-42.7212029773,14.92276390308,3.0373457048)
  );
#6688 = CARTESIAN_POINT('',(-42.72222721787,14.895409818301,
    2.998959579693));
#6689 = CARTESIAN_POINT('',(-42.72330347382,14.866599536183,
    2.961202016474));
#6690 = CARTESIAN_POINT('',(-42.72592194861,14.796328096884,
    2.875170643314));
#6691 = CARTESIAN_POINT('',(-42.72750277548,14.753776421916,
    2.827412468482));
#6692 = CARTESIAN_POINT('',(-42.72917417698,14.708637505744,
    2.780993230706));
#6693 = CARTESIAN_POINT('',(-42.73093566429,14.660891615533,
    2.736070135948));
#6694 = CARTESIAN_POINT('',(-42.73278613575,14.610532389065,
    2.692820207553));
#6695 = CARTESIAN_POINT('',(-42.7347237243,14.557571565982,
    2.651437926966));
#6696 = CARTESIAN_POINT('',(-42.73831972548,14.458814863199,
    2.581533588838));
#6697 = CARTESIAN_POINT('',(-42.73994482774,14.414032670351,
    2.552195062085));
#6698 = CARTESIAN_POINT('',(-42.74161954298,14.36771627647,
    2.524217202044));
#6699 = CARTESIAN_POINT('',(-42.74334196905,14.319897489392,
    2.49770821445));
#6700 = CARTESIAN_POINT('',(-42.74510963422,14.270623750422,
    2.472781378961));
#6701 = CARTESIAN_POINT('',(-42.74691942123,14.219961095948,
    2.449551825187));
#6702 = CARTESIAN_POINT('',(-42.75174279341,14.084337663031,
    2.393650546958));
#6703 = CARTESIAN_POINT('',(-42.75481872001,13.997266016925,
    2.363845316106));
#6704 = CARTESIAN_POINT('',(-42.75797710529,13.907207731971,
    2.33922634354));
#6705 = CARTESIAN_POINT('',(-42.76119596275,13.814707801057,
    2.320246803805));
#6706 = CARTESIAN_POINT('',(-42.76444965918,13.720439225738,
    2.307273782316));
#6707 = CARTESIAN_POINT('',(-42.7677091671,13.625209240578,
    2.300532338398));
#6708 = CARTESIAN_POINT('',(-42.77426593682,13.432056664815,
    2.299501802345));
#6709 = CARTESIAN_POINT('',(-42.77756476459,13.334043177979,
    2.305565311455));
#6710 = CARTESIAN_POINT('',(-42.7808039121,13.236949526502,
    2.318236365199));
#6711 = CARTESIAN_POINT('',(-42.7839551454,13.141657587193,
    2.337285634864));
#6712 = CARTESIAN_POINT('',(-42.78699636581,13.048907334812,
    2.362322415206));
#6713 = CARTESIAN_POINT('',(-42.78991091849,12.959302051627,
    2.392855078601));
#6714 = CARTESIAN_POINT('',(-42.79436359701,12.821375245954,
    2.449746559145));
#6715 = CARTESIAN_POINT('',(-42.79599043547,12.770735272541,
    2.472979723046));
#6716 = CARTESIAN_POINT('',(-42.797565223,12.721483251036,2.497908215376
    ));
#6717 = CARTESIAN_POINT('',(-42.79908659878,12.673685110328,
    2.524417043494));
#6718 = CARTESIAN_POINT('',(-42.80055381612,12.627388223692,
    2.552393073962));
#6719 = CARTESIAN_POINT('',(-42.80196661801,12.582624362388,
    2.58172824709));
#6720 = CARTESIAN_POINT('',(-42.80507052753,12.48389356758,
    2.651631138371));
#6721 = CARTESIAN_POINT('',(-42.80672616636,12.430940770289,
    2.693015416671));
#6722 = CARTESIAN_POINT('',(-42.80829246378,12.380588842701,
    2.736266180735));
#6723 = CARTESIAN_POINT('',(-42.80977048402,12.332849561551,
    2.781189079634));
#6724 = CARTESIAN_POINT('',(-42.81116175309,12.287716618985,
    2.827607211529));
#6725 = CARTESIAN_POINT('',(-42.81246809102,12.245170346556,
    2.875363478045));
#6726 = CARTESIAN_POINT('',(-42.81711779953,12.093184688108,
    3.061448130913));
#6727 = CARTESIAN_POINT('',(-42.81988759926,12.001439072785,
    3.20778500564));
#6728 = CARTESIAN_POINT('',(-42.82205501176,11.928960900672,
    3.36062197424));
#6729 = CARTESIAN_POINT('',(-42.82365267864,11.875198440968,
    3.517845198338));
#6730 = CARTESIAN_POINT('',(-42.82470747673,11.839593601082,
    3.677680049609));
#6731 = CARTESIAN_POINT('',(-42.82523586452,11.821757171262,
    3.838746455321));
#6732 = CARTESIAN_POINT('',(-42.82523586452,11.821757171262,4.));
#6733 = PCURVE('',#299,#6734);
#6734 = DEFINITIONAL_REPRESENTATION('',(#6735),#6893);
#6735 = B_SPLINE_CURVE_WITH_KNOTS('',3,(#6736,#6737,#6738,#6739,#6740,
    #6741,#6742,#6743,#6744,#6745,#6746,#6747,#6748,#6749,#6750,#6751,
    #6752,#6753,#6754,#6755,#6756,#6757,#6758,#6759,#6760,#6761,#6762,
    #6763,#6764,#6765,#6766,#6767,#6768,#6769,#6770,#6771,#6772,#6773,
    #6774,#6775,#6776,#6777,#6778,#6779,#6780,#6781,#6782,#6783,#6784,
    #6785,#6786,#6787,#6788,#6789,#6790,#6791,#6792,#6793,#6794,#6795,
    #6796,#6797,#6798,#6799,#6800,#6801,#6802,#6803,#6804,#6805,#6806,
    #6807,#6808,#6809,#6810,#6811,#6812,#6813,#6814,#6815,#6816,#6817,
    #6818,#6819,#6820,#6821,#6822,#6823,#6824,#6825,#6826,#6827,#6828,
    #6829,#6830,#6831,#6832,#6833,#6834,#6835,#6836,#6837,#6838,#6839,
    #6840,#6841,#6842,#6843,#6844,#6845,#6846,#6847,#6848,#6849,#6850,
    #6851,#6852,#6853,#6854,#6855,#6856,#6857,#6858,#6859,#6860,#6861,
    #6862,#6863,#6864,#6865,#6866,#6867,#6868,#6869,#6870,#6871,#6872,
    #6873,#6874,#6875,#6876,#6877,#6878,#6879,#6880,#6881,#6882,#6883,
    #6884,#6885,#6886,#6887,#6888,#6889,#6890,#6891,#6892),
  .UNSPECIFIED.,.T.,.F.,(4,1,1,1,1,1,1,1,1,1,1,1,1,1,1,1,1,1,1,1,1,1,1,1
    ,1,1,1,1,1,1,1,1,1,1,1,1,1,1,1,1,1,1,1,1,1,1,1,1,1,1,1,1,1,1,1,1,1,1
    ,1,1,1,1,1,1,1,1,1,1,1,1,1,1,1,1,1,1,1,1,1,1,1,1,1,1,1,1,1,1,1,1,1,1
    ,1,1,1,1,1,1,1,1,1,1,1,1,1,1,1,1,1,1,1,1,1,1,1,1,1,1,1,1,1,1,1,1,1,1
    ,1,1,1,1,1,1,1,1,1,1,1,1,1,1,1,1,1,1,1,1,1,1,1,1,1,1,1,1,4),(0.,
    8.66677433225E-03,1.73335486645E-02,2.600032299675E-02,
    3.4667097329E-02,4.333387166125E-02,5.20006459935E-02,
    6.066742032575E-02,6.9334194658E-02,7.800096899025E-02,
    8.66677433225E-02,9.533451765475E-02,0.104001291987,0.112668066319,
    0.121334840651,0.130001614984,0.138668389316,0.147335163648,
    0.15600193798,0.164668712313,0.173335486645,0.182002260977,
    0.190669035309,0.199335809642,0.208002583974,0.216669358306,
    0.225336132638,0.234002906971,0.242669681303,0.251336455635,
    0.260003229967,0.2686700043,0.277336778632,0.286003552964,
    0.294670327296,0.303337101629,0.312003875961,0.320670650293,
    0.329337424625,0.338004198958,0.34667097329,0.355337747622,
    0.364004521954,0.372671296287,0.381338070619,0.390004844951,
    0.398671619283,0.407338393616,0.416005167948,0.42467194228,
    0.433338716612,0.442005490945,0.450672265277,0.459339039609,
    0.468005813941,0.476672588274,0.485339362606,0.494006136938,
    0.50267291127,0.511339685603,0.520006459935,0.528673234267,
    0.537340008599,0.546006782932,0.554673557264,0.563340331596,
    0.572007105928,0.580673880261,0.589340654593,0.598007428925,
    0.606674203257,0.61534097759,0.624007751922,0.632674526254,
    0.641341300586,0.650008074919,0.658674849251,0.667341623583,
    0.676008397915,0.684675172248,0.69334194658,0.702008720912,
    0.710675495244,0.719342269577,0.728009043909,0.736675818241,
    0.745342592573,0.754009366906,0.762676141238,0.77134291557,
    0.780009689902,0.788676464235,0.797343238567,0.806010012899,
    0.814676787231,0.823343561564,0.832010335896,0.840677110228,
    0.84934388456,0.858010658893,0.866677433225,0.875344207557,
    0.884010981889,0.892677756222,0.901344530554,0.910011304886,
    0.918678079218,0.927344853551,0.936011627883,0.944678402215,
    0.953345176547,0.96201195088,0.970678725212,0.979345499544,
    0.988012273876,0.996679048209,1.005345822541,1.014012596873,
    1.022679371205,1.031346145538,1.04001291987,1.048679694202,
    1.057346468534,1.066013242867,1.074680017199,1.083346791531,
    1.092013565863,1.100680340196,1.109347114528,1.11801388886,
    1.126680663192,1.135347437525,1.144014211857,1.152680986189,
    1.161347760521,1.170014534854,1.178681309186,1.187348083518,
    1.19601485785,1.204681632183,1.213348406515,1.222015180847,
    1.230681955179,1.239348729512,1.248015503844,1.256682278176,
    1.265349052508,1.274015826841,1.282682601173,1.291349375505,
    1.300016149837,1.30868292417,1.317349698502,1.326016472834,
    1.334683247166),.QUASI_UNIFORM_KNOTS.);
#6736 = CARTESIAN_POINT('',(4.,7.766119814597));
#6737 = CARTESIAN_POINT('',(4.020412520048,7.766119812769));
#6738 = CARTESIAN_POINT('',(4.06123060024,7.766114339374));
#6739 = CARTESIAN_POINT('',(4.122397864765,7.76608970088));
#6740 = CARTESIAN_POINT('',(4.183467298561,7.766048622863));
#6741 = CARTESIAN_POINT('',(4.244397422844,7.765991065978));
#6742 = CARTESIAN_POINT('',(4.30514440581,7.76591697521));
#6743 = CARTESIAN_POINT('',(4.365661706081,7.765826279105));
#6744 = CARTESIAN_POINT('',(4.425900124356,7.765718892314));
#6745 = CARTESIAN_POINT('',(4.485807746225,7.765594716948));
#6746 = CARTESIAN_POINT('',(4.54532991091,7.765453643931));
#6747 = CARTESIAN_POINT('',(4.604409166007,7.765295553989));
#6748 = CARTESIAN_POINT('',(4.662985215365,7.765120318342));
#6749 = CARTESIAN_POINT('',(4.720994853567,7.764927799052));
#6750 = CARTESIAN_POINT('',(4.778371888168,7.764717848981));
#6751 = CARTESIAN_POINT('',(4.835047033758,7.764490311436));
#6752 = CARTESIAN_POINT('',(4.89094782253,7.764245019106));
#6753 = CARTESIAN_POINT('',(4.945998350721,7.763981793578));
#6754 = CARTESIAN_POINT('',(5.00011952088,7.763700440582));
#6755 = CARTESIAN_POINT('',(5.053227302969,7.763400758887));
#6756 = CARTESIAN_POINT('',(5.105238244378,7.763082495845));
#6757 = CARTESIAN_POINT('',(5.156022712261,7.762745657274));
#6758 = CARTESIAN_POINT('',(5.205474139859,7.762390104904));
#6759 = CARTESIAN_POINT('',(5.253472794435,7.762015759948));
#6760 = CARTESIAN_POINT('',(5.299891310556,7.761622585523));
#6761 = CARTESIAN_POINT('',(5.344593693129,7.761210601809));
#6762 = CARTESIAN_POINT('',(5.387436698981,7.760779886521));
#6763 = CARTESIAN_POINT('',(5.428268234478,7.760330601369));
#6764 = CARTESIAN_POINT('',(5.466925802996,7.759863042498));
#6765 = CARTESIAN_POINT('',(5.503241359791,7.759377613965));
#6766 = CARTESIAN_POINT('',(5.537040948694,7.758874867304));
#6767 = CARTESIAN_POINT('',(5.56814639522,7.758355534836));
#6768 = CARTESIAN_POINT('',(5.596382803884,7.757820452158));
#6769 = CARTESIAN_POINT('',(5.621575063056,7.757270657648));
#6770 = CARTESIAN_POINT('',(5.643545149039,7.756707617317));
#6771 = CARTESIAN_POINT('',(5.662133594984,7.75613289719));
#6772 = CARTESIAN_POINT('',(5.677197563744,7.755548250223));
#6773 = CARTESIAN_POINT('',(5.68861534412,7.754955596739));
#6774 = CARTESIAN_POINT('',(5.696289779553,7.754357041098));
#6775 = CARTESIAN_POINT('',(5.700152233338,7.75375484936));
#6776 = CARTESIAN_POINT('',(5.700168164969,7.753151546197));
#6777 = CARTESIAN_POINT('',(5.69633759436,7.752549280563));
#6778 = CARTESIAN_POINT('',(5.688694588433,7.751950553708));
#6779 = CARTESIAN_POINT('',(5.67730720872,7.751357633037));
#6780 = CARTESIAN_POINT('',(5.66227207825,7.750772626215));
#6781 = CARTESIAN_POINT('',(5.64371054404,7.750197462957));
#6782 = CARTESIAN_POINT('',(5.621765319274,7.749633908768));
#6783 = CARTESIAN_POINT('',(5.596596046134,7.749083544305));
#6784 = CARTESIAN_POINT('',(5.568381131336,7.748547851376));
#6785 = CARTESIAN_POINT('',(5.537297606887,7.748027900974));
#6786 = CARTESIAN_POINT('',(5.503517988461,7.747524490359));
#6787 = CARTESIAN_POINT('',(5.467221092992,7.747038370044));
#6788 = CARTESIAN_POINT('',(5.428580690009,7.74657009452));
#6789 = CARTESIAN_POINT('',(5.387765018321,7.746120075704));
#6790 = CARTESIAN_POINT('',(5.344936345688,7.745688612603));
#6791 = CARTESIAN_POINT('',(5.300247284315,7.74527587696));
#6792 = CARTESIAN_POINT('',(5.253840941715,7.744881949));
#6793 = CARTESIAN_POINT('',(5.205853332086,7.744506853335));
#6794 = CARTESIAN_POINT('',(5.15641204818,7.744150558014));
#6795 = CARTESIAN_POINT('',(5.105636297727,7.743812985414));
#6796 = CARTESIAN_POINT('',(5.053635219545,7.743494012628));
#6797 = CARTESIAN_POINT('',(5.000513410596,7.743193512464));
#6798 = CARTESIAN_POINT('',(4.946366765875,7.742911327476));
#6799 = CARTESIAN_POINT('',(4.891285182139,7.742647296289));
#6800 = CARTESIAN_POINT('',(4.83535309394,7.742401254189));
#6801 = CARTESIAN_POINT('',(4.778647561146,7.742173025844));
#6802 = CARTESIAN_POINT('',(4.721250183169,7.741962473698));
#6803 = CARTESIAN_POINT('',(4.663225299653,7.741769414759));
#6804 = CARTESIAN_POINT('',(4.604636084679,7.741593688739));
#6805 = CARTESIAN_POINT('',(4.545543064058,7.741435149149));
#6806 = CARTESIAN_POINT('',(4.486004641562,7.741293664069));
#6807 = CARTESIAN_POINT('',(4.426077075501,7.741169114747));
#6808 = CARTESIAN_POINT('',(4.365814590092,7.741061395207));
#6809 = CARTESIAN_POINT('',(4.30526944241,7.740970412016));
#6810 = CARTESIAN_POINT('',(4.244491977346,7.740896084424));
#6811 = CARTESIAN_POINT('',(4.183530720047,7.740838344841));
#6812 = CARTESIAN_POINT('',(4.122432275542,7.740797139629));
#6813 = CARTESIAN_POINT('',(4.061241907242,7.74077243029));
#6814 = CARTESIAN_POINT('',(4.00000153788,7.740764194771));
#6815 = CARTESIAN_POINT('',(3.938757326907,7.740772429935));
#6816 = CARTESIAN_POINT('',(3.877561331757,7.740797142399));
#6817 = CARTESIAN_POINT('',(3.816456246651,7.740838354725));
#6818 = CARTESIAN_POINT('',(3.755488770505,7.740896104809));
#6819 = CARTESIAN_POINT('',(3.694706140514,7.740970444963));
#6820 = CARTESIAN_POINT('',(3.634157115721,7.741061441515));
#6821 = CARTESIAN_POINT('',(3.573891804956,7.741169174594));
#6822 = CARTESIAN_POINT('',(3.51396170417,7.741293738587));
#6823 = CARTESIAN_POINT('',(3.454420088706,7.741435241665));
#6824 = CARTESIAN_POINT('',(3.395320813267,7.741593810308));
#6825 = CARTESIAN_POINT('',(3.336723951223,7.741769574448));
#6826 = CARTESIAN_POINT('',(3.278691581577,7.741962676641));
#6827 = CARTESIAN_POINT('',(3.221288937126,7.742173269715));
#6828 = CARTESIAN_POINT('',(3.164585153889,7.742401514308));
#6829 = CARTESIAN_POINT('',(3.10865415018,7.742647574943));
#6830 = CARTESIAN_POINT('',(3.053573929619,7.742911623993));
#6831 = CARTESIAN_POINT('',(2.999428669463,7.743193827032));
#6832 = CARTESIAN_POINT('',(2.946308358954,7.743494345062));
#6833 = CARTESIAN_POINT('',(2.89430884384,7.743813335772));
#6834 = CARTESIAN_POINT('',(2.843534776137,7.744150926107));
#6835 = CARTESIAN_POINT('',(2.794095286275,7.744507238961));
#6836 = CARTESIAN_POINT('',(2.746109570041,7.744882352071));
#6837 = CARTESIAN_POINT('',(2.699705233642,7.745276297295));
#6838 = CARTESIAN_POINT('',(2.655018299529,7.745689049984));
#6839 = CARTESIAN_POINT('',(2.612191950407,7.746120529049));
#6840 = CARTESIAN_POINT('',(2.571378659724,7.746570564175));
#6841 = CARTESIAN_POINT('',(2.532740803636,7.747038855153));
#6842 = CARTESIAN_POINT('',(2.496446563678,7.747524990767));
#6843 = CARTESIAN_POINT('',(2.462669843487,7.748028414199));
#6844 = CARTESIAN_POINT('',(2.431589046736,7.748548382196));
#6845 = CARTESIAN_POINT('',(2.403378250709,7.74908406867));
#6846 = CARTESIAN_POINT('',(2.378214003801,7.749634400018));
#6847 = CARTESIAN_POINT('',(2.356273401442,7.750197916727));
#6848 = CARTESIAN_POINT('',(2.337715799098,7.75077304706));
#6849 = CARTESIAN_POINT('',(2.322683888561,7.751358031847));
#6850 = CARTESIAN_POINT('',(2.311299250958,7.751950940785));
#6851 = CARTESIAN_POINT('',(2.303658781262,7.752549663202));
#6852 = CARTESIAN_POINT('',(2.299830713205,7.753151911115));
#6853 = CARTESIAN_POINT('',(2.299848934245,7.753755200318));
#6854 = CARTESIAN_POINT('',(2.303713418269,7.754357369392));
#6855 = CARTESIAN_POINT('',(2.311389560744,7.75495590101));
#6856 = CARTESIAN_POINT('',(2.322809110754,7.755548547293));
#6857 = CARTESIAN_POINT('',(2.337875332674,7.756133206335));
#6858 = CARTESIAN_POINT('',(2.356466792593,7.756707954424));
#6859 = CARTESIAN_POINT('',(2.378440559442,7.757271028304));
#6860 = CARTESIAN_POINT('',(2.403636750608,7.757820850235));
#6861 = CARTESIAN_POINT('',(2.431875912974,7.758355930498));
#6862 = CARTESIAN_POINT('',(2.46298214227,7.758875229901));
#6863 = CARTESIAN_POINT('',(2.496782641003,7.759377951519));
#6864 = CARTESIAN_POINT('',(2.53309870998,7.759863353426));
#6865 = CARTESIAN_POINT('',(2.571756598583,7.760330887207));
#6866 = CARTESIAN_POINT('',(2.612588190085,7.760780147758));
#6867 = CARTESIAN_POINT('',(2.655431189874,7.761210840876));
#6868 = CARTESIAN_POINT('',(2.700133243096,7.761622802026));
#6869 = CARTESIAN_POINT('',(2.746551265406,7.76201595512));
#6870 = CARTESIAN_POINT('',(2.794549269312,7.762390279884));
#6871 = CARTESIAN_POINT('',(2.843999967139,7.762745813589));
#6872 = CARTESIAN_POINT('',(2.894783415846,7.763082633576));
#6873 = CARTESIAN_POINT('',(2.946793717822,7.763400882271));
#6874 = CARTESIAN_POINT('',(2.999901334324,7.763700553414));
#6875 = CARTESIAN_POINT('',(3.054021867062,7.763981894235));
#6876 = CARTESIAN_POINT('',(3.109071597526,7.764245107938));
#6877 = CARTESIAN_POINT('',(3.16497140015,7.764490388682));
#6878 = CARTESIAN_POINT('',(3.221645430279,7.764717915233));
#6879 = CARTESIAN_POINT('',(3.279021251167,7.764927855043));
#6880 = CARTESIAN_POINT('',(3.337029610546,7.765120364929));
#6881 = CARTESIAN_POINT('',(3.395604342475,7.765295592087));
#6882 = CARTESIAN_POINT('',(3.454682263208,7.765453674479));
#6883 = CARTESIAN_POINT('',(3.514203092506,7.765594740874));
#6884 = CARTESIAN_POINT('',(3.574109388021,7.765718910514));
#6885 = CARTESIAN_POINT('',(3.634346492942,7.76582629243));
#6886 = CARTESIAN_POINT('',(3.694862490606,7.76591698446));
#6887 = CARTESIAN_POINT('',(3.75560817314,7.765991071909));
#6888 = CARTESIAN_POINT('',(3.816536984287,7.766048626197));
#6889 = CARTESIAN_POINT('',(3.877605070838,7.766089702327));
#6890 = CARTESIAN_POINT('',(3.938770926891,7.766114339648));
#6891 = CARTESIAN_POINT('',(3.979588003466,7.766119812771));
#6892 = CARTESIAN_POINT('',(4.,7.766119814597));
#6893 = ( GEOMETRIC_REPRESENTATION_CONTEXT(2) 
PARAMETRIC_REPRESENTATION_CONTEXT() REPRESENTATION_CONTEXT('2D SPACE',''
  ) );
#6894 = PCURVE('',#6895,#6900);
#6895 = CYLINDRICAL_SURFACE('',#6896,1.7);
#6896 = AXIS2_PLACEMENT_3D('',#6897,#6898,#6899);
#6897 = CARTESIAN_POINT('',(-47.36861671689,13.676851985826,4.));
#6898 = DIRECTION('',(0.999425171273,-3.390172600055E-02,0.));
#6899 = DIRECTION('',(-3.390172600055E-02,-0.999425171273,0.));
#6900 = DEFINITIONAL_REPRESENTATION('',(#6901),#7059);
#6901 = B_SPLINE_CURVE_WITH_KNOTS('',3,(#6902,#6903,#6904,#6905,#6906,
    #6907,#6908,#6909,#6910,#6911,#6912,#6913,#6914,#6915,#6916,#6917,
    #6918,#6919,#6920,#6921,#6922,#6923,#6924,#6925,#6926,#6927,#6928,
    #6929,#6930,#6931,#6932,#6933,#6934,#6935,#6936,#6937,#6938,#6939,
    #6940,#6941,#6942,#6943,#6944,#6945,#6946,#6947,#6948,#6949,#6950,
    #6951,#6952,#6953,#6954,#6955,#6956,#6957,#6958,#6959,#6960,#6961,
    #6962,#6963,#6964,#6965,#6966,#6967,#6968,#6969,#6970,#6971,#6972,
    #6973,#6974,#6975,#6976,#6977,#6978,#6979,#6980,#6981,#6982,#6983,
    #6984,#6985,#6986,#6987,#6988,#6989,#6990,#6991,#6992,#6993,#6994,
    #6995,#6996,#6997,#6998,#6999,#7000,#7001,#7002,#7003,#7004,#7005,
    #7006,#7007,#7008,#7009,#7010,#7011,#7012,#7013,#7014,#7015,#7016,
    #7017,#7018,#7019,#7020,#7021,#7022,#7023,#7024,#7025,#7026,#7027,
    #7028,#7029,#7030,#7031,#7032,#7033,#7034,#7035,#7036,#7037,#7038,
    #7039,#7040,#7041,#7042,#7043,#7044,#7045,#7046,#7047,#7048,#7049,
    #7050,#7051,#7052,#7053,#7054,#7055,#7056,#7057,#7058),
  .UNSPECIFIED.,.F.,.F.,(4,1,1,1,1,1,1,1,1,1,1,1,1,1,1,1,1,1,1,1,1,1,1,1
    ,1,1,1,1,1,1,1,1,1,1,1,1,1,1,1,1,1,1,1,1,1,1,1,1,1,1,1,1,1,1,1,1,1,1
    ,1,1,1,1,1,1,1,1,1,1,1,1,1,1,1,1,1,1,1,1,1,1,1,1,1,1,1,1,1,1,1,1,1,1
    ,1,1,1,1,1,1,1,1,1,1,1,1,1,1,1,1,1,1,1,1,1,1,1,1,1,1,1,1,1,1,1,1,1,1
    ,1,1,1,1,1,1,1,1,1,1,1,1,1,1,1,1,1,1,1,1,1,1,1,1,1,1,1,1,4),(0.,
    8.66677433225E-03,1.73335486645E-02,2.600032299675E-02,
    3.4667097329E-02,4.333387166125E-02,5.20006459935E-02,
    6.066742032575E-02,6.9334194658E-02,7.800096899025E-02,
    8.66677433225E-02,9.533451765475E-02,0.104001291987,0.112668066319,
    0.121334840651,0.130001614984,0.138668389316,0.147335163648,
    0.15600193798,0.164668712313,0.173335486645,0.182002260977,
    0.190669035309,0.199335809642,0.208002583974,0.216669358306,
    0.225336132638,0.234002906971,0.242669681303,0.251336455635,
    0.260003229967,0.2686700043,0.277336778632,0.286003552964,
    0.294670327296,0.303337101629,0.312003875961,0.320670650293,
    0.329337424625,0.338004198958,0.34667097329,0.355337747622,
    0.364004521954,0.372671296287,0.381338070619,0.390004844951,
    0.398671619283,0.407338393616,0.416005167948,0.42467194228,
    0.433338716612,0.442005490945,0.450672265277,0.459339039609,
    0.468005813941,0.476672588274,0.485339362606,0.494006136938,
    0.50267291127,0.511339685603,0.520006459935,0.528673234267,
    0.537340008599,0.546006782932,0.554673557264,0.563340331596,
    0.572007105928,0.580673880261,0.589340654593,0.598007428925,
    0.606674203257,0.61534097759,0.624007751922,0.632674526254,
    0.641341300586,0.650008074919,0.658674849251,0.667341623583,
    0.676008397915,0.684675172248,0.69334194658,0.702008720912,
    0.710675495244,0.719342269577,0.728009043909,0.736675818241,
    0.745342592573,0.754009366906,0.762676141238,0.77134291557,
    0.780009689902,0.788676464235,0.797343238567,0.806010012899,
    0.814676787231,0.823343561564,0.832010335896,0.840677110228,
    0.84934388456,0.858010658893,0.866677433225,0.875344207557,
    0.884010981889,0.892677756222,0.901344530554,0.910011304886,
    0.918678079218,0.927344853551,0.936011627883,0.944678402215,
    0.953345176547,0.96201195088,0.970678725212,0.979345499544,
    0.988012273876,0.996679048209,1.005345822541,1.014012596873,
    1.022679371205,1.031346145538,1.04001291987,1.048679694202,
    1.057346468534,1.066013242867,1.074680017199,1.083346791531,
    1.092013565863,1.100680340196,1.109347114528,1.11801388886,
    1.126680663192,1.135347437525,1.144014211857,1.152680986189,
    1.161347760521,1.170014534854,1.178681309186,1.187348083518,
    1.19601485785,1.204681632183,1.213348406515,1.222015180847,
    1.230681955179,1.239348729512,1.248015503844,1.256682278176,
    1.265349052508,1.274015826841,1.282682601173,1.291349375505,
    1.300016149837,1.30868292417,1.317349698502,1.326016472834,
    1.334683247166),.QUASI_UNIFORM_KNOTS.);
#6902 = CARTESIAN_POINT('',(6.28318530718,4.603660102645));
#6903 = CARTESIAN_POINT('',(6.27117792513,4.603660104621));
#6904 = CARTESIAN_POINT('',(6.247167314293,4.603656944692));
#6905 = CARTESIAN_POINT('',(6.211139836864,4.603642761158));
#6906 = CARTESIAN_POINT('',(6.175076324391,4.603619172226));
#6907 = CARTESIAN_POINT('',(6.138953888192,4.603586250315));
#6908 = CARTESIAN_POINT('',(6.102750426933,4.603544092725));
#6909 = CARTESIAN_POINT('',(6.066444598771,4.603492826533));
#6910 = CARTESIAN_POINT('',(6.030015596517,4.603432609601));
#6911 = CARTESIAN_POINT('',(5.993442983192,4.603363632564));
#6912 = CARTESIAN_POINT('',(5.956706516306,4.603286120468));
#6913 = CARTESIAN_POINT('',(5.919785976446,4.603200334435));
#6914 = CARTESIAN_POINT('',(5.882660991207,4.603106573242));
#6915 = CARTESIAN_POINT('',(5.845310852035,4.60300517485));
#6916 = CARTESIAN_POINT('',(5.807714315636,4.60289651787));
#6917 = CARTESIAN_POINT('',(5.769849394688,4.602781022995));
#6918 = CARTESIAN_POINT('',(5.731693092536,4.602659154265));
#6919 = CARTESIAN_POINT('',(5.693221220476,4.602531420693));
#6920 = CARTESIAN_POINT('',(5.654407748138,4.602398376264));
#6921 = CARTESIAN_POINT('',(5.615225704192,4.602260625748));
#6922 = CARTESIAN_POINT('',(5.575642065414,4.602118808537));
#6923 = CARTESIAN_POINT('',(5.53565411733,4.601973734946));
#6924 = CARTESIAN_POINT('',(5.495237540934,4.601826201516));
#6925 = CARTESIAN_POINT('',(5.454372771301,4.601677087481));
#6926 = CARTESIAN_POINT('',(5.413041305499,4.601527340022));
#6927 = CARTESIAN_POINT('',(5.371226675178,4.601377976667));
#6928 = CARTESIAN_POINT('',(5.328913631712,4.601230080866));
#6929 = CARTESIAN_POINT('',(5.286090068287,4.6010848077));
#6930 = CARTESIAN_POINT('',(5.242750540278,4.600943381611));
#6931 = CARTESIAN_POINT('',(5.198892790624,4.600807080339));
#6932 = CARTESIAN_POINT('',(5.154520450448,4.600677226252));
#6933 = CARTESIAN_POINT('',(5.109644934229,4.600555171461));
#6934 = CARTESIAN_POINT('',(5.064278186249,4.600442260685));
#6935 = CARTESIAN_POINT('',(5.018440942501,4.60033982779));
#6936 = CARTESIAN_POINT('',(4.972180383574,4.600249197281));
#6937 = CARTESIAN_POINT('',(4.925542500264,4.600171580096));
#6938 = CARTESIAN_POINT('',(4.878580148222,4.600108061898));
#6939 = CARTESIAN_POINT('',(4.831352164366,4.6000595681));
#6940 = CARTESIAN_POINT('',(4.783925774736,4.600026834502));
#6941 = CARTESIAN_POINT('',(4.736376164933,4.600010378071));
#6942 = CARTESIAN_POINT('',(4.68879581292,4.600010460843));
#6943 = CARTESIAN_POINT('',(4.641246491694,4.600027085354));
#6944 = CARTESIAN_POINT('',(4.593818734957,4.600059996456));
#6945 = CARTESIAN_POINT('',(4.546587623042,4.600108684341));
#6946 = CARTESIAN_POINT('',(4.499620331934,4.600172419654));
#6947 = CARTESIAN_POINT('',(4.452976051453,4.600250281985));
#6948 = CARTESIAN_POINT('',(4.406708188555,4.600341188776));
#6949 = CARTESIAN_POINT('',(4.360863437961,4.600443930107));
#6950 = CARTESIAN_POINT('',(4.31548976344,4.600557180511));
#6951 = CARTESIAN_POINT('',(4.270610253284,4.600679599265));
#6952 = CARTESIAN_POINT('',(4.226233079868,4.600809850574));
#6953 = CARTESIAN_POINT('',(4.182370679728,4.600946578518));
#6954 = CARTESIAN_POINT('',(4.139026416512,4.601088459822));
#6955 = CARTESIAN_POINT('',(4.0961982286,4.601234213653));
#6956 = CARTESIAN_POINT('',(4.053880413481,4.601382613599));
#6957 = CARTESIAN_POINT('',(4.012061342237,4.601532499895));
#6958 = CARTESIAN_POINT('',(3.970725559568,4.601682786154));
#6959 = CARTESIAN_POINT('',(3.929856583475,4.601832451342));
#6960 = CARTESIAN_POINT('',(3.88943603171,4.601980544184));
#6961 = CARTESIAN_POINT('',(3.849443944545,4.602126182993));
#6962 = CARTESIAN_POINT('',(3.809857749757,4.602268561368));
#6963 = CARTESIAN_POINT('',(3.770656485778,4.60240692873));
#6964 = CARTESIAN_POINT('',(3.731817288269,4.602540603558));
#6965 = CARTESIAN_POINT('',(3.693317578699,4.602668959348));
#6966 = CARTESIAN_POINT('',(3.655135000155,4.60279142397));
#6967 = CARTESIAN_POINT('',(3.617245857063,4.602907484251));
#6968 = CARTESIAN_POINT('',(3.579632821394,4.603016657132));
#6969 = CARTESIAN_POINT('',(3.542270241022,4.603118532013));
#6970 = CARTESIAN_POINT('',(3.505134723674,4.603212734581));
#6971 = CARTESIAN_POINT('',(3.468203760134,4.603298929227));
#6972 = CARTESIAN_POINT('',(3.431455771929,4.603376817123));
#6973 = CARTESIAN_POINT('',(3.394869810804,4.603446135418));
#6974 = CARTESIAN_POINT('',(3.358425378473,4.603506656102));
#6975 = CARTESIAN_POINT('',(3.322102237221,4.603558184926));
#6976 = CARTESIAN_POINT('',(3.285880230213,4.603600560272));
#6977 = CARTESIAN_POINT('',(3.249739133763,4.603633651995));
#6978 = CARTESIAN_POINT('',(3.213658401164,4.603657360252));
#6979 = CARTESIAN_POINT('',(3.177617304804,4.603671614264));
#6980 = CARTESIAN_POINT('',(3.141593557962,4.603676371191));
#6981 = CARTESIAN_POINT('',(3.105567552928,4.603671614432));
#6982 = CARTESIAN_POINT('',(3.069523140522,4.603657358583));
#6983 = CARTESIAN_POINT('',(3.033438469227,4.603633646272));
#6984 = CARTESIAN_POINT('',(2.997293641569,4.603600548628));
#6985 = CARTESIAN_POINT('',(2.961068477564,4.603558166255));
#6986 = CARTESIAN_POINT('',(2.924742893533,4.60350663002));
#6987 = CARTESIAN_POINT('',(2.888296597252,4.603446101929));
#6988 = CARTESIAN_POINT('',(2.851708890686,4.603376775779));
#6989 = CARTESIAN_POINT('',(2.814958684335,4.603298878492));
#6990 = CARTESIAN_POINT('',(2.778023486364,4.603212668854));
#6991 = CARTESIAN_POINT('',(2.740882677663,4.603118447197));
#6992 = CARTESIAN_POINT('',(2.703514689841,4.60301655084));
#6993 = CARTESIAN_POINT('',(2.665897452396,4.602907358915));
#6994 = CARTESIAN_POINT('',(2.628008607905,4.602791293063));
#6995 = CARTESIAN_POINT('',(2.589825836496,4.602668822213));
#6996 = CARTESIAN_POINT('',(2.551326041054,4.602540461211));
#6997 = CARTESIAN_POINT('',(2.51248669642,4.602406781745));
#6998 = CARTESIAN_POINT('',(2.473285284025,4.602268410576));
#6999 = CARTESIAN_POINT('',(2.433698902098,4.602126029151));
#7000 = CARTESIAN_POINT('',(2.393706623744,4.601980388229));
#7001 = CARTESIAN_POINT('',(2.353285870516,4.601832294208));
#7002 = CARTESIAN_POINT('',(2.312416668239,4.601682628778));
#7003 = CARTESIAN_POINT('',(2.271080641889,4.601532343308));
#7004 = CARTESIAN_POINT('',(2.229261310869,4.601382458906));
#7005 = CARTESIAN_POINT('',(2.18694329692,4.601234062199));
#7006 = CARTESIAN_POINT('',(2.144114827847,4.601088312546));
#7007 = CARTESIAN_POINT('',(2.10077031138,4.600946436739));
#7008 = CARTESIAN_POINT('',(2.056907616052,4.600809715392));
#7009 = CARTESIAN_POINT('',(2.012530300772,4.600679472355));
#7010 = CARTESIAN_POINT('',(1.967650175434,4.600557061887));
#7011 = CARTESIAN_POINT('',(1.922277857613,4.600443825929));
#7012 = CARTESIAN_POINT('',(1.876436528244,4.600341103641));
#7013 = CARTESIAN_POINT('',(1.830172257279,4.600250215026));
#7014 = CARTESIAN_POINT('',(1.783531038467,4.600172368538));
#7015 = CARTESIAN_POINT('',(1.736565807211,4.60010864641));
#7016 = CARTESIAN_POINT('',(1.689335837671,4.600059969935));
#7017 = CARTESIAN_POINT('',(1.641908568045,4.600027069613));
#7018 = CARTESIAN_POINT('',(1.594360710597,4.600010455977));
#7019 = CARTESIAN_POINT('',(1.546781456674,4.600010382959));
#7020 = CARTESIAN_POINT('',(1.49923357306,4.60002684828));
#7021 = CARTESIAN_POINT('',(1.451808972161,4.6000595891));
#7022 = CARTESIAN_POINT('',(1.404581401166,4.60010809017));
#7023 = CARTESIAN_POINT('',(1.357617863158,4.600171617521));
#7024 = CARTESIAN_POINT('',(1.310977419922,4.600249246847));
#7025 = CARTESIAN_POINT('',(1.264713715484,4.600339891876));
#7026 = CARTESIAN_POINT('',(1.218873677299,4.600442339679));
#7027 = CARTESIAN_POINT('',(1.173506512505,4.600555259823));
#7028 = CARTESIAN_POINT('',(1.128633189074,4.600677315926));
#7029 = CARTESIAN_POINT('',(1.084262373605,4.60080717151));
#7030 = CARTESIAN_POINT('',(1.040406310955,4.600943472436));
#7031 = CARTESIAN_POINT('',(0.997068368272,4.601084897294));
#7032 = CARTESIAN_POINT('',(0.954246392635,4.601230168093));
#7033 = CARTESIAN_POINT('',(0.911934755684,4.60137806115));
#7034 = CARTESIAN_POINT('',(0.870121630976,4.601527420644));
#7035 = CARTESIAN_POINT('',(0.828791619947,4.601677163641));
#7036 = CARTESIAN_POINT('',(0.787928266249,4.601826272748));
#7037 = CARTESIAN_POINT('',(0.747513020903,4.601973801108));
#7038 = CARTESIAN_POINT('',(0.707526495183,4.602118868978));
#7039 = CARTESIAN_POINT('',(0.667943865319,4.602260681646));
#7040 = CARTESIAN_POINT('',(0.628762401437,4.602398428927));
#7041 = CARTESIAN_POINT('',(0.589949786158,4.602531468958));
#7042 = CARTESIAN_POINT('',(0.551478812755,4.602659197918));
#7043 = CARTESIAN_POINT('',(0.513323474216,4.602781061817));
#7044 = CARTESIAN_POINT('',(0.475459542179,4.602896551855));
#7045 = CARTESIAN_POINT('',(0.437864003245,4.603005204111));
#7046 = CARTESIAN_POINT('',(0.400514852885,4.603106598));
#7047 = CARTESIAN_POINT('',(0.363390836045,4.603200354987));
#7048 = CARTESIAN_POINT('',(0.326471235939,4.603286137166));
#7049 = CARTESIAN_POINT('',(0.289735675671,4.603363645793));
#7050 = CARTESIAN_POINT('',(0.25316393478,4.603432619764));
#7051 = CARTESIAN_POINT('',(0.216735773084,4.603492834036));
#7052 = CARTESIAN_POINT('',(0.180430759196,4.603544097973));
#7053 = CARTESIAN_POINT('',(0.144228094817,4.603586253702));
#7054 = CARTESIAN_POINT('',(0.108106450315,4.603619174142));
#7055 = CARTESIAN_POINT('',(7.204374012851E-02,4.603642761995));
#7056 = CARTESIAN_POINT('',(3.601709455777E-02,4.603656944853));
#7057 = CARTESIAN_POINT('',(1.200707411583E-02,4.603660104623));
#7058 = CARTESIAN_POINT('',(0.,4.603660102645));
#7059 = ( GEOMETRIC_REPRESENTATION_CONTEXT(2) 
PARAMETRIC_REPRESENTATION_CONTEXT() REPRESENTATION_CONTEXT('2D SPACE',''
  ) );
#7060 = FACE_BOUND('',#7061,.T.);
#7061 = EDGE_LOOP('',(#7062));
#7062 = ORIENTED_EDGE('',*,*,#7063,.T.);
#7063 = EDGE_CURVE('',#7064,#7064,#7066,.T.);
#7064 = VERTEX_POINT('',#7065);
#7065 = CARTESIAN_POINT('',(-21.28694570384,114.83667493511,4.));
#7066 = SURFACE_CURVE('',#7067,(#7178,#7339),.PCURVE_S1.);
#7067 = B_SPLINE_CURVE_WITH_KNOTS('',7,(#7068,#7069,#7070,#7071,#7072,
    #7073,#7074,#7075,#7076,#7077,#7078,#7079,#7080,#7081,#7082,#7083,
    #7084,#7085,#7086,#7087,#7088,#7089,#7090,#7091,#7092,#7093,#7094,
    #7095,#7096,#7097,#7098,#7099,#7100,#7101,#7102,#7103,#7104,#7105,
    #7106,#7107,#7108,#7109,#7110,#7111,#7112,#7113,#7114,#7115,#7116,
    #7117,#7118,#7119,#7120,#7121,#7122,#7123,#7124,#7125,#7126,#7127,
    #7128,#7129,#7130,#7131,#7132,#7133,#7134,#7135,#7136,#7137,#7138,
    #7139,#7140,#7141,#7142,#7143,#7144,#7145,#7146,#7147,#7148,#7149,
    #7150,#7151,#7152,#7153,#7154,#7155,#7156,#7157,#7158,#7159,#7160,
    #7161,#7162,#7163,#7164,#7165,#7166,#7167,#7168,#7169,#7170,#7171,
    #7172,#7173,#7174,#7175,#7176,#7177),.UNSPECIFIED.,.T.,.F.,(8,6,6,6,
    6,6,6,6,6,6,6,6,6,6,6,6,6,6,8),(0.,0.155350506766,0.210736867612,
    0.25410897548,0.323376602059,0.391677776121,0.43508778065,
    0.490493343165,0.532357522481,0.563655666958,0.645741060421,
    0.758484600976,0.800271970501,0.85544774596,0.898353952844,1.,
    1.088489752648,1.141136614781,1.29146729449),.UNSPECIFIED.);
#7068 = CARTESIAN_POINT('',(-21.28694570384,114.83667493511,4.));
#7069 = CARTESIAN_POINT('',(-21.28694570384,114.83667493511,
    4.162045174132));
#7070 = CARTESIAN_POINT('',(-21.27817112072,114.85241886823,
    4.323898560565));
#7071 = CARTESIAN_POINT('',(-21.26065587803,114.88384545983,
    4.484502400421));
#7072 = CARTESIAN_POINT('',(-21.23418518393,114.9312895311,
    4.642455208912));
#7073 = CARTESIAN_POINT('',(-21.19843731098,114.99522189329,
    4.795950969901));
#7074 = CARTESIAN_POINT('',(-21.15306954732,115.07608882571,
    4.942837486469));
#7075 = CARTESIAN_POINT('',(-21.07766557827,115.20985760186,
    5.129375211988));
#7076 = CARTESIAN_POINT('',(-21.05656068649,115.2472495388,
    5.177180261883));
#7077 = CARTESIAN_POINT('',(-21.03415006083,115.28689788078,
    5.223626968367));
#7078 = CARTESIAN_POINT('',(-21.01041878549,115.3288163309,
    5.268555604155));
#7079 = CARTESIAN_POINT('',(-20.98535821547,115.37300619743,
    5.311786295868));
#7080 = CARTESIAN_POINT('',(-20.95896847192,115.41945218939,
    5.353121497134));
#7081 = CARTESIAN_POINT('',(-20.90956364329,115.50622773857,
    5.423066423885));
#7082 = CARTESIAN_POINT('',(-20.88705950766,115.54569642968,
    5.452489743102));
#7083 = CARTESIAN_POINT('',(-20.86375552316,115.5865043637,
    5.480515184396));
#7084 = CARTESIAN_POINT('',(-20.8396651269,115.62861990632,
    5.507030968364));
#7085 = CARTESIAN_POINT('',(-20.81480989299,115.67199708362,
    5.531920229823));
#7086 = CARTESIAN_POINT('',(-20.78922122493,115.71657295493,
    5.555064476474));
#7087 = CARTESIAN_POINT('',(-20.72097276642,115.83523765639,
    5.610336476708));
#7088 = CARTESIAN_POINT('',(-20.67722409709,115.91108882728,
    5.639592706954));
#7089 = CARTESIAN_POINT('',(-20.63190014395,115.98943136377,
    5.663608326789));
#7090 = CARTESIAN_POINT('',(-20.58526648796,116.06977541604,
    5.681934711031));
#7091 = CARTESIAN_POINT('',(-20.53765686267,116.15152182406,
    5.694212045017));
#7092 = CARTESIAN_POINT('',(-20.48947890492,116.23395736211,
    5.700226561739));
#7093 = CARTESIAN_POINT('',(-20.39363240058,116.39739807586,
    5.699766653029));
#7094 = CARTESIAN_POINT('',(-20.34591986832,116.47848603662,
    5.693465113823));
#7095 = CARTESIAN_POINT('',(-20.29853879052,116.55873381526,
    5.681086820075));
#7096 = CARTESIAN_POINT('',(-20.25188939997,116.63747299435,
    5.662839314685));
#7097 = CARTESIAN_POINT('',(-20.20631510317,116.71414415192,
    5.639067113594));
#7098 = CARTESIAN_POINT('',(-20.16210331928,116.78829119096,
    5.61020146555));
#7099 = CARTESIAN_POINT('',(-20.09240114423,116.9048471017,5.55546316051
    ));
#7100 = CARTESIAN_POINT('',(-20.0659507625,116.94899009056,
    5.532326111111));
#7101 = CARTESIAN_POINT('',(-20.04018693965,116.9919052519,
    5.507439773613));
#7102 = CARTESIAN_POINT('',(-20.01514949667,117.03353415399,
    5.480922947333));
#7103 = CARTESIAN_POINT('',(-19.99086826126,117.07383534293,
    5.452892824351));
#7104 = CARTESIAN_POINT('',(-19.96736452754,117.11278156181,
    5.423461509053));
#7105 = CARTESIAN_POINT('',(-19.91566445656,117.198315652,5.353512179086
    ));
#7106 = CARTESIAN_POINT('',(-19.88796826671,117.24403771489,
    5.312180899581));
#7107 = CARTESIAN_POINT('',(-19.86159034646,117.28749565164,
    5.268951724945));
#7108 = CARTESIAN_POINT('',(-19.83654448713,117.32868204994,
    5.22402246946));
#7109 = CARTESIAN_POINT('',(-19.81283429454,117.36760532869,
    5.177573253084));
#7110 = CARTESIAN_POINT('',(-19.79045561224,117.40428547472,
    5.129764018604));
#7111 = CARTESIAN_POINT('',(-19.75348862723,117.46479084432,
    5.043683725813));
#7112 = CARTESIAN_POINT('',(-19.73833393772,117.48956544207,
    5.005939148431));
#7113 = CARTESIAN_POINT('',(-19.72393087405,117.51308521923,
    4.967558673115));
#7114 = CARTESIAN_POINT('',(-19.71027499281,117.53536213673,
    4.928598284523));
#7115 = CARTESIAN_POINT('',(-19.69736140942,117.55640847011,
    4.889109595517));
#7116 = CARTESIAN_POINT('',(-19.68518479815,117.57623680944,
    4.849139847167));
#7117 = CARTESIAN_POINT('',(-19.66518267423,117.60878301638,4.7785224668
    ));
#7118 = CARTESIAN_POINT('',(-19.65703479602,117.62203217789,
    4.748068452429));
#7119 = CARTESIAN_POINT('',(-19.64929347031,117.63461273672,
    4.717387945754));
#7120 = CARTESIAN_POINT('',(-19.64195649333,117.64652963533,
    4.68649814844));
#7121 = CARTESIAN_POINT('',(-19.63502174477,117.65778756592,
    4.655415383689));
#7122 = CARTESIAN_POINT('',(-19.62848718773,117.66839097037,
    4.624155096247));
#7123 = CARTESIAN_POINT('',(-19.60625719399,117.70444787712,
    4.510318361813));
#7124 = CARTESIAN_POINT('',(-19.59290425105,117.72607604837,
    4.426791245118));
#7125 = CARTESIAN_POINT('',(-19.58225449142,117.74330800316,
    4.342404362761));
#7126 = CARTESIAN_POINT('',(-19.57428165381,117.75619971091,4.2573926304
    ));
#7127 = CARTESIAN_POINT('',(-19.56896705172,117.76479021517,
    4.171975163451));
#7128 = CARTESIAN_POINT('',(-19.56629970358,117.76910169758,
    4.086357342824));
#7129 = CARTESIAN_POINT('',(-19.56625366308,117.76917611711,
    3.883125900864));
#7130 = CARTESIAN_POINT('',(-19.57122238199,117.76114471123,
    3.765552004092));
#7131 = CARTESIAN_POINT('',(-19.58118080985,117.74504804799,
    3.64847912854));
#7132 = CARTESIAN_POINT('',(-19.59617283064,117.72079955051,
    3.532443344364));
#7133 = CARTESIAN_POINT('',(-19.61626327679,117.68826308468,
    3.418048294868));
#7134 = CARTESIAN_POINT('',(-19.64153621027,117.64725397221,
    3.305976462589));
#7135 = CARTESIAN_POINT('',(-19.68345570364,117.57905199189,
    3.156624189451));
#7136 = CARTESIAN_POINT('',(-19.69551933439,117.55940973785,
    3.116669383893));
#7137 = CARTESIAN_POINT('',(-19.70831668633,117.53855524164,
    3.077189126903));
#7138 = CARTESIAN_POINT('',(-19.72185306819,117.51647599513,
    3.038230080416));
#7139 = CARTESIAN_POINT('',(-19.7361333761,117.49315976164,
    2.999843206164));
#7140 = CARTESIAN_POINT('',(-19.75116209354,117.46859457598,
    2.962083765673));
#7141 = CARTESIAN_POINT('',(-19.7877806841,117.40866848156,2.87606110046
    ));
#7142 = CARTESIAN_POINT('',(-19.80992851938,117.37237272598,
    2.828311770123));
#7143 = CARTESIAN_POINT('',(-19.83339639174,117.33385424993,
    2.781897886109));
#7144 = CARTESIAN_POINT('',(-19.85818879535,117.29309276692,
    2.736976084965));
#7145 = CARTESIAN_POINT('',(-19.88430280055,117.25007901244,
    2.693722752403));
#7146 = CARTESIAN_POINT('',(-19.91172573047,117.20481882476,
    2.652331692771));
#7147 = CARTESIAN_POINT('',(-19.96275627683,117.12041422293,
    2.582435562789));
#7148 = CARTESIAN_POINT('',(-19.98585498882,117.08215003333,
    2.553113574222));
#7149 = CARTESIAN_POINT('',(-20.00971593059,117.04255883339,
    2.525145071096));
#7150 = CARTESIAN_POINT('',(-20.03431943951,117.00166546385,
    2.498637556675));
#7151 = CARTESIAN_POINT('',(-20.0596378645,116.95950802947,
    2.473703619214));
#7152 = CARTESIAN_POINT('',(-20.0856341971,116.9161404988,2.450457751964
    ));
#7153 = CARTESIAN_POINT('',(-20.17533966621,116.76620120804,
    2.378210344729));
#7154 = CARTESIAN_POINT('',(-20.24219534934,116.65398110977,
    2.337323063089));
#7155 = CARTESIAN_POINT('',(-20.31188594527,116.53644546801,
    2.308276121741));
#7156 = CARTESIAN_POINT('',(-20.38328326871,116.41540858911,
    2.292401845553));
#7157 = CARTESIAN_POINT('',(-20.45512129585,116.29297443045,
    2.290399455608));
#7158 = CARTESIAN_POINT('',(-20.52601774096,116.17152177631,
    2.302233166641));
#7159 = CARTESIAN_POINT('',(-20.6541295446,115.95102474215,
    2.347943853842));
#7160 = CARTESIAN_POINT('',(-20.71203870429,115.85092408168,2.3788091057
    ));
#7161 = CARTESIAN_POINT('',(-20.76748191973,115.75467927447,
    2.418596167062));
#7162 = CARTESIAN_POINT('',(-20.81998673872,115.66317772976,
    2.466296226172));
#7163 = CARTESIAN_POINT('',(-20.86926756361,115.5769916889,
    2.520860349729));
#7164 = CARTESIAN_POINT('',(-20.91518457566,115.49643684773,
    2.581278821815));
#7165 = CARTESIAN_POINT('',(-20.98299620582,115.37714188836,
    2.685590432312));
#7166 = CARTESIAN_POINT('',(-21.0070937842,115.33467026699,
    2.726273910867));
#7167 = CARTESIAN_POINT('',(-21.02999041021,115.29424584367,
    2.768556417039));
#7168 = CARTESIAN_POINT('',(-21.05169017788,115.25587384155,
    2.812276858159));
#7169 = CARTESIAN_POINT('',(-21.07220300211,115.21954820825,
    2.857288591657));
#7170 = CARTESIAN_POINT('',(-21.09154294865,115.18525446151,
    2.903460894521));
#7171 = CARTESIAN_POINT('',(-21.16164903647,115.06079298617,
    3.085513640072));
#7172 = CARTESIAN_POINT('',(-21.20406957197,114.98514794497,
    3.228692470363));
#7173 = CARTESIAN_POINT('',(-21.23752032195,114.92531166222,
    3.377799896926));
#7174 = CARTESIAN_POINT('',(-21.2623118188,114.88087432816,
    3.530929051446));
#7175 = CARTESIAN_POINT('',(-21.27872519422,114.85142470368,
    3.686471083951));
#7176 = CARTESIAN_POINT('',(-21.28694570384,114.83667493511,
    3.843155204766));
#7177 = CARTESIAN_POINT('',(-21.28694570384,114.83667493511,4.));
#7178 = PCURVE('',#299,#7179);
#7179 = DEFINITIONAL_REPRESENTATION('',(#7180),#7338);
#7180 = B_SPLINE_CURVE_WITH_KNOTS('',3,(#7181,#7182,#7183,#7184,#7185,
    #7186,#7187,#7188,#7189,#7190,#7191,#7192,#7193,#7194,#7195,#7196,
    #7197,#7198,#7199,#7200,#7201,#7202,#7203,#7204,#7205,#7206,#7207,
    #7208,#7209,#7210,#7211,#7212,#7213,#7214,#7215,#7216,#7217,#7218,
    #7219,#7220,#7221,#7222,#7223,#7224,#7225,#7226,#7227,#7228,#7229,
    #7230,#7231,#7232,#7233,#7234,#7235,#7236,#7237,#7238,#7239,#7240,
    #7241,#7242,#7243,#7244,#7245,#7246,#7247,#7248,#7249,#7250,#7251,
    #7252,#7253,#7254,#7255,#7256,#7257,#7258,#7259,#7260,#7261,#7262,
    #7263,#7264,#7265,#7266,#7267,#7268,#7269,#7270,#7271,#7272,#7273,
    #7274,#7275,#7276,#7277,#7278,#7279,#7280,#7281,#7282,#7283,#7284,
    #7285,#7286,#7287,#7288,#7289,#7290,#7291,#7292,#7293,#7294,#7295,
    #7296,#7297,#7298,#7299,#7300,#7301,#7302,#7303,#7304,#7305,#7306,
    #7307,#7308,#7309,#7310,#7311,#7312,#7313,#7314,#7315,#7316,#7317,
    #7318,#7319,#7320,#7321,#7322,#7323,#7324,#7325,#7326,#7327,#7328,
    #7329,#7330,#7331,#7332,#7333,#7334,#7335,#7336,#7337),
  .UNSPECIFIED.,.T.,.F.,(4,1,1,1,1,1,1,1,1,1,1,1,1,1,1,1,1,1,1,1,1,1,1,1
    ,1,1,1,1,1,1,1,1,1,1,1,1,1,1,1,1,1,1,1,1,1,1,1,1,1,1,1,1,1,1,1,1,1,1
    ,1,1,1,1,1,1,1,1,1,1,1,1,1,1,1,1,1,1,1,1,1,1,1,1,1,1,1,1,1,1,1,1,1,1
    ,1,1,1,1,1,1,1,1,1,1,1,1,1,1,1,1,1,1,1,1,1,1,1,1,1,1,1,1,1,1,1,1,1,1
    ,1,1,1,1,1,1,1,1,1,1,1,1,1,1,1,1,1,1,1,1,1,1,1,1,1,1,1,1,4),(0.,
    8.386151262922E-03,1.677230252584E-02,2.515845378877E-02,
    3.354460505169E-02,4.193075631461E-02,5.031690757753E-02,
    5.870305884045E-02,6.708921010338E-02,7.54753613663E-02,
    8.386151262922E-02,9.224766389214E-02,0.100633815155,0.109019966418,
    0.117406117681,0.125792268944,0.134178420207,0.14256457147,
    0.150950722733,0.159336873996,0.167723025258,0.176109176521,
    0.184495327784,0.192881479047,0.20126763031,0.209653781573,
    0.218039932836,0.226426084099,0.234812235362,0.243198386625,
    0.251584537888,0.259970689151,0.268356840414,0.276742991676,
    0.285129142939,0.293515294202,0.301901445465,0.310287596728,
    0.318673747991,0.327059899254,0.335446050517,0.34383220178,
    0.352218353043,0.360604504306,0.368990655569,0.377376806831,
    0.385762958094,0.394149109357,0.40253526062,0.410921411883,
    0.419307563146,0.427693714409,0.436079865672,0.444466016935,
    0.452852168198,0.461238319461,0.469624470724,0.478010621987,
    0.486396773249,0.494782924512,0.503169075775,0.511555227038,
    0.519941378301,0.528327529564,0.536713680827,0.54509983209,
    0.553485983353,0.561872134616,0.570258285879,0.578644437142,
    0.587030588405,0.595416739667,0.60380289093,0.612189042193,
    0.620575193456,0.628961344719,0.637347495982,0.645733647245,
    0.654119798508,0.662505949771,0.670892101034,0.679278252297,
    0.68766440356,0.696050554823,0.704436706085,0.712822857348,
    0.721209008611,0.729595159874,0.737981311137,0.7463674624,
    0.754753613663,0.763139764926,0.771525916189,0.779912067452,
    0.788298218715,0.796684369978,0.805070521241,0.813456672503,
    0.821842823766,0.830228975029,0.838615126292,0.847001277555,
    0.855387428818,0.863773580081,0.872159731344,0.880545882607,
    0.88893203387,0.897318185133,0.905704336396,0.914090487658,
    0.922476638921,0.930862790184,0.939248941447,0.94763509271,
    0.956021243973,0.964407395236,0.972793546499,0.981179697762,
    0.989565849025,0.997952000288,1.006338151551,1.014724302814,
    1.023110454076,1.031496605339,1.039882756602,1.048268907865,
    1.056655059128,1.065041210391,1.073427361654,1.081813512917,
    1.09019966418,1.098585815443,1.106971966706,1.115358117969,
    1.123744269232,1.132130420494,1.140516571757,1.14890272302,
    1.157288874283,1.165675025546,1.174061176809,1.182447328072,
    1.190833479335,1.199219630598,1.207605781861,1.215991933124,
    1.224378084387,1.23276423565,1.241150386912,1.249536538175,
    1.257922689438,1.266308840701,1.274694991964,1.283081143227,
    1.29146729449),.QUASI_UNIFORM_KNOTS.);
#7181 = CARTESIAN_POINT('',(4.,6.826088307597));
#7182 = CARTESIAN_POINT('',(4.020410724805,6.826088304202));
#7183 = CARTESIAN_POINT('',(4.061225147537,6.826078846844));
#7184 = CARTESIAN_POINT('',(4.122386752191,6.826036271691));
#7185 = CARTESIAN_POINT('',(4.18345038122,6.825965285052));
#7186 = CARTESIAN_POINT('',(4.244374579262,6.825865811898));
#7187 = CARTESIAN_POINT('',(4.305115534355,6.825737747529));
#7188 = CARTESIAN_POINT('',(4.365626720991,6.825580955852));
#7189 = CARTESIAN_POINT('',(4.425858952103,6.825395273808));
#7190 = CARTESIAN_POINT('',(4.48576032213,6.825180513628));
#7191 = CARTESIAN_POINT('',(4.545276176131,6.824936465097));
#7192 = CARTESIAN_POINT('',(4.604349064924,6.82466289718));
#7193 = CARTESIAN_POINT('',(4.662918693456,6.824359559118));
#7194 = CARTESIAN_POINT('',(4.720921855561,6.824026180938));
#7195 = CARTESIAN_POINT('',(4.778292357348,6.823662473258));
#7196 = CARTESIAN_POINT('',(4.834960909111,6.823268126576));
#7197 = CARTESIAN_POINT('',(4.890855045949,6.822842809197));
#7198 = CARTESIAN_POINT('',(4.945898838506,6.822386166617));
#7199 = CARTESIAN_POINT('',(5.000013270032,6.821897811713));
#7200 = CARTESIAN_POINT('',(5.053113995536,6.821377345186));
#7201 = CARTESIAN_POINT('',(5.105118725836,6.820824258809));
#7202 = CARTESIAN_POINT('',(5.15589824048,6.820238493614));
#7203 = CARTESIAN_POINT('',(5.205344978947,6.819619753098));
#7204 = CARTESIAN_POINT('',(5.25333970137,6.818967823201));
#7205 = CARTESIAN_POINT('',(5.299755077825,6.81828256318));
#7206 = CARTESIAN_POINT('',(5.344455267327,6.817563925807));
#7207 = CARTESIAN_POINT('',(5.387296988304,6.816811963687));
#7208 = CARTESIAN_POINT('',(5.428128633414,6.816026862489));
#7209 = CARTESIAN_POINT('',(5.466787660458,6.815209048545));
#7210 = CARTESIAN_POINT('',(5.503106231452,6.81435913005));
#7211 = CARTESIAN_POINT('',(5.536910361737,6.813477977342));
#7212 = CARTESIAN_POINT('',(5.56802233993,6.812566762057));
#7213 = CARTESIAN_POINT('',(5.596265890846,6.811626899801));
#7214 = CARTESIAN_POINT('',(5.621467319416,6.810660081799));
#7215 = CARTESIAN_POINT('',(5.643448887085,6.809668778088));
#7216 = CARTESIAN_POINT('',(5.662050981363,6.808655658786));
#7217 = CARTESIAN_POINT('',(5.677130536685,6.807623738891));
#7218 = CARTESIAN_POINT('',(5.6885655702,6.806576347459));
#7219 = CARTESIAN_POINT('',(5.696258716154,6.805517161688));
#7220 = CARTESIAN_POINT('',(5.70014124245,6.804450154863));
#7221 = CARTESIAN_POINT('',(5.700178731416,6.803379821477));
#7222 = CARTESIAN_POINT('',(5.696371475735,6.802309919991));
#7223 = CARTESIAN_POINT('',(5.688753182932,6.801244875799));
#7224 = CARTESIAN_POINT('',(5.677391693737,6.80018875817));
#7225 = CARTESIAN_POINT('',(5.662383438559,6.799145363916));
#7226 = CARTESIAN_POINT('',(5.643849642794,6.798118194747));
#7227 = CARTESIAN_POINT('',(5.621933048262,6.797110477478));
#7228 = CARTESIAN_POINT('',(5.596793295847,6.796125120348));
#7229 = CARTESIAN_POINT('',(5.56860962172,6.795164883521));
#7230 = CARTESIAN_POINT('',(5.537554742908,6.794231652735));
#7231 = CARTESIAN_POINT('',(5.503804419814,6.793327072701));
#7232 = CARTESIAN_POINT('',(5.467536512035,6.792452562201));
#7233 = CARTESIAN_POINT('',(5.428925032693,6.791609228253));
#7234 = CARTESIAN_POINT('',(5.388137939139,6.79079790847));
#7235 = CARTESIAN_POINT('',(5.345337874422,6.790019248718));
#7236 = CARTESIAN_POINT('',(5.300676628624,6.789273641501));
#7237 = CARTESIAN_POINT('',(5.254297602443,6.788561332711));
#7238 = CARTESIAN_POINT('',(5.20633675235,6.78788245666));
#7239 = CARTESIAN_POINT('',(5.156921645468,6.787237042158));
#7240 = CARTESIAN_POINT('',(5.106171312626,6.786625029075));
#7241 = CARTESIAN_POINT('',(5.054194799009,6.786046272765));
#7242 = CARTESIAN_POINT('',(5.001096880266,6.785500617753));
#7243 = CARTESIAN_POINT('',(4.946973217581,6.784987845526));
#7244 = CARTESIAN_POINT('',(4.891913851373,6.784507729373));
#7245 = CARTESIAN_POINT('',(4.836002892865,6.784060028066));
#7246 = CARTESIAN_POINT('',(4.779318311878,6.783644483416));
#7247 = CARTESIAN_POINT('',(4.721934062008,6.783260848417));
#7248 = CARTESIAN_POINT('',(4.663919273534,6.782908877581));
#7249 = CARTESIAN_POINT('',(4.605339107365,6.782588335372));
#7250 = CARTESIAN_POINT('',(4.546255936564,6.782299002357));
#7251 = CARTESIAN_POINT('',(4.486729587734,6.782040675277));
#7252 = CARTESIAN_POINT('',(4.426813932856,6.781813154624));
#7253 = CARTESIAN_POINT('',(4.36656228503,6.781616270371));
#7254 = CARTESIAN_POINT('',(4.306026173269,6.781449873742));
#7255 = CARTESIAN_POINT('',(4.24525574472,6.78131383818));
#7256 = CARTESIAN_POINT('',(4.184299788216,6.781208058578));
#7257 = CARTESIAN_POINT('',(4.123205607982,6.781132451705));
#7258 = CARTESIAN_POINT('',(4.062019838288,6.781086957048));
#7259 = CARTESIAN_POINT('',(4.000785607084,6.781071538247));
#7260 = CARTESIAN_POINT('',(3.939553325646,6.781086185214));
#7261 = CARTESIAN_POINT('',(3.878371118883,6.781130901828));
#7262 = CARTESIAN_POINT('',(3.817280310208,6.781205722276));
#7263 = CARTESIAN_POINT('',(3.756326257972,6.78131070752));
#7264 = CARTESIAN_POINT('',(3.695555482262,6.781445942593));
#7265 = CARTESIAN_POINT('',(3.635016476748,6.781611534429));
#7266 = CARTESIAN_POINT('',(3.574759544972,6.781807610305));
#7267 = CARTESIAN_POINT('',(3.514836908881,6.782034316892));
#7268 = CARTESIAN_POINT('',(3.455302758969,6.782291819885));
#7269 = CARTESIAN_POINT('',(3.396213320757,6.782580304319));
#7270 = CARTESIAN_POINT('',(3.337626969371,6.782899975131));
#7271 = CARTESIAN_POINT('',(3.279604190428,6.783251059672));
#7272 = CARTESIAN_POINT('',(3.22220816262,6.783633805744));
#7273 = CARTESIAN_POINT('',(3.165503062234,6.78404849913));
#7274 = CARTESIAN_POINT('',(3.109570192599,6.784495339683));
#7275 = CARTESIAN_POINT('',(3.054486576632,6.784974589777));
#7276 = CARTESIAN_POINT('',(3.000336440154,6.785486489162));
#7277 = CARTESIAN_POINT('',(2.947209518838,6.786031266495));
#7278 = CARTESIAN_POINT('',(2.895201457965,6.786609139534));
#7279 = CARTESIAN_POINT('',(2.844416667278,6.787220266196));
#7280 = CARTESIAN_POINT('',(2.794964018708,6.787864792835));
#7281 = CARTESIAN_POINT('',(2.746962427248,6.788542780072));
#7282 = CARTESIAN_POINT('',(2.700539203022,6.789254201936));
#7283 = CARTESIAN_POINT('',(2.655830066478,6.789998927014));
#7284 = CARTESIAN_POINT('',(2.612977877455,6.790776719693));
#7285 = CARTESIAN_POINT('',(2.572134845615,6.791587179818));
#7286 = CARTESIAN_POINT('',(2.533462939288,6.792429676802));
#7287 = CARTESIAN_POINT('',(2.497130438701,6.793303365426));
#7288 = CARTESIAN_POINT('',(2.463309644871,6.794207194854));
#7289 = CARTESIAN_POINT('',(2.432183923767,6.795139577803));
#7290 = CARTESIAN_POINT('',(2.403908106359,6.79609954704));
#7291 = CARTESIAN_POINT('',(2.378648611427,6.797085813334));
#7292 = CARTESIAN_POINT('',(2.356613498427,6.798094847167));
#7293 = CARTESIAN_POINT('',(2.337970084536,6.799123475084));
#7294 = CARTESIAN_POINT('',(2.322865427844,6.800168218271));
#7295 = CARTESIAN_POINT('',(2.311419696546,6.801225480697));
#7296 = CARTESIAN_POINT('',(2.303726497088,6.802291508912));
#7297 = CARTESIAN_POINT('',(2.29985098403,6.803362412232));
#7298 = CARTESIAN_POINT('',(2.299828152328,6.804434167087));
#7299 = CARTESIAN_POINT('',(2.303660651119,6.805502622546));
#7300 = CARTESIAN_POINT('',(2.311316126714,6.806563516016));
#7301 = CARTESIAN_POINT('',(2.322724489562,6.807612446927));
#7302 = CARTESIAN_POINT('',(2.337773283141,6.808645008981));
#7303 = CARTESIAN_POINT('',(2.356346595695,6.809658692445));
#7304 = CARTESIAN_POINT('',(2.378297993477,6.81065034262));
#7305 = CARTESIAN_POINT('',(2.403469515669,6.811617467765));
#7306 = CARTESIAN_POINT('',(2.431692663919,6.812557891056));
#7307 = CARTESIAN_POINT('',(2.462792851238,6.813469802236));
#7308 = CARTESIAN_POINT('',(2.496592252337,6.814351705642));
#7309 = CARTESIAN_POINT('',(2.532912640131,6.815202400934));
#7310 = CARTESIAN_POINT('',(2.5715774244,6.816020951716));
#7311 = CARTESIAN_POINT('',(2.612414940871,6.816806682114));
#7312 = CARTESIAN_POINT('',(2.655256078702,6.817559082983));
#7313 = CARTESIAN_POINT('',(2.699953657414,6.818278080346));
#7314 = CARTESIAN_POINT('',(2.746368205962,6.818963690733));
#7315 = CARTESIAN_POINT('',(2.794363541963,6.819615956581));
#7316 = CARTESIAN_POINT('',(2.843812737452,6.820235024751));
#7317 = CARTESIAN_POINT('',(2.894595699766,6.820821097897));
#7318 = CARTESIAN_POINT('',(2.946605160801,6.821374482608));
#7319 = CARTESIAN_POINT('',(2.999727417637,6.821895378187));
#7320 = CARTESIAN_POINT('',(3.053856144305,6.822384049968));
#7321 = CARTESIAN_POINT('',(3.108914116888,6.822840978664));
#7322 = CARTESIAN_POINT('',(3.16482113135,6.823266543359));
#7323 = CARTESIAN_POINT('',(3.221502220053,6.823661111251));
#7324 = CARTESIAN_POINT('',(3.278885220711,6.824025018366));
#7325 = CARTESIAN_POINT('',(3.336901233304,6.82435857839));
#7326 = CARTESIAN_POINT('',(3.395484334476,6.824662082936));
#7327 = CARTESIAN_POINT('',(3.454571518512,6.824935803128));
#7328 = CARTESIAN_POINT('',(3.514102601609,6.825179989922));
#7329 = CARTESIAN_POINT('',(3.574020156167,6.825394873917));
#7330 = CARTESIAN_POINT('',(3.634269454178,6.825580664498));
#7331 = CARTESIAN_POINT('',(3.694798419306,6.825737548462));
#7332 = CARTESIAN_POINT('',(3.755557592917,6.825865687985));
#7333 = CARTESIAN_POINT('',(3.81650007606,6.825965218569));
#7334 = CARTESIAN_POINT('',(3.87758157682,6.826036244847));
#7335 = CARTESIAN_POINT('',(3.938760066038,6.82607884237));
#7336 = CARTESIAN_POINT('',(3.979584610453,6.826088304283));
#7337 = CARTESIAN_POINT('',(4.,6.826088307597));
#7338 = ( GEOMETRIC_REPRESENTATION_CONTEXT(2) 
PARAMETRIC_REPRESENTATION_CONTEXT() REPRESENTATION_CONTEXT('2D SPACE',''
  ) );
#7339 = PCURVE('',#7340,#7345);
#7340 = CYLINDRICAL_SURFACE('',#7341,1.7);
#7341 = AXIS2_PLACEMENT_3D('',#7342,#7343,#7344);
#7342 = CARTESIAN_POINT('',(-24.41146657837,118.63943372621,4.));
#7343 = DIRECTION('',(0.862643091921,-0.505813103785,0.));
#7344 = DIRECTION('',(-0.505813103785,-0.862643091921,0.));
#7345 = DEFINITIONAL_REPRESENTATION('',(#7346),#7504);
#7346 = B_SPLINE_CURVE_WITH_KNOTS('',3,(#7347,#7348,#7349,#7350,#7351,
    #7352,#7353,#7354,#7355,#7356,#7357,#7358,#7359,#7360,#7361,#7362,
    #7363,#7364,#7365,#7366,#7367,#7368,#7369,#7370,#7371,#7372,#7373,
    #7374,#7375,#7376,#7377,#7378,#7379,#7380,#7381,#7382,#7383,#7384,
    #7385,#7386,#7387,#7388,#7389,#7390,#7391,#7392,#7393,#7394,#7395,
    #7396,#7397,#7398,#7399,#7400,#7401,#7402,#7403,#7404,#7405,#7406,
    #7407,#7408,#7409,#7410,#7411,#7412,#7413,#7414,#7415,#7416,#7417,
    #7418,#7419,#7420,#7421,#7422,#7423,#7424,#7425,#7426,#7427,#7428,
    #7429,#7430,#7431,#7432,#7433,#7434,#7435,#7436,#7437,#7438,#7439,
    #7440,#7441,#7442,#7443,#7444,#7445,#7446,#7447,#7448,#7449,#7450,
    #7451,#7452,#7453,#7454,#7455,#7456,#7457,#7458,#7459,#7460,#7461,
    #7462,#7463,#7464,#7465,#7466,#7467,#7468,#7469,#7470,#7471,#7472,
    #7473,#7474,#7475,#7476,#7477,#7478,#7479,#7480,#7481,#7482,#7483,
    #7484,#7485,#7486,#7487,#7488,#7489,#7490,#7491,#7492,#7493,#7494,
    #7495,#7496,#7497,#7498,#7499,#7500,#7501,#7502,#7503),
  .UNSPECIFIED.,.F.,.F.,(4,1,1,1,1,1,1,1,1,1,1,1,1,1,1,1,1,1,1,1,1,1,1,1
    ,1,1,1,1,1,1,1,1,1,1,1,1,1,1,1,1,1,1,1,1,1,1,1,1,1,1,1,1,1,1,1,1,1,1
    ,1,1,1,1,1,1,1,1,1,1,1,1,1,1,1,1,1,1,1,1,1,1,1,1,1,1,1,1,1,1,1,1,1,1
    ,1,1,1,1,1,1,1,1,1,1,1,1,1,1,1,1,1,1,1,1,1,1,1,1,1,1,1,1,1,1,1,1,1,1
    ,1,1,1,1,1,1,1,1,1,1,1,1,1,1,1,1,1,1,1,1,1,1,1,1,1,1,1,1,4),(0.,
    8.386151262922E-03,1.677230252584E-02,2.515845378877E-02,
    3.354460505169E-02,4.193075631461E-02,5.031690757753E-02,
    5.870305884045E-02,6.708921010338E-02,7.54753613663E-02,
    8.386151262922E-02,9.224766389214E-02,0.100633815155,0.109019966418,
    0.117406117681,0.125792268944,0.134178420207,0.14256457147,
    0.150950722733,0.159336873996,0.167723025258,0.176109176521,
    0.184495327784,0.192881479047,0.20126763031,0.209653781573,
    0.218039932836,0.226426084099,0.234812235362,0.243198386625,
    0.251584537888,0.259970689151,0.268356840414,0.276742991676,
    0.285129142939,0.293515294202,0.301901445465,0.310287596728,
    0.318673747991,0.327059899254,0.335446050517,0.34383220178,
    0.352218353043,0.360604504306,0.368990655569,0.377376806831,
    0.385762958094,0.394149109357,0.40253526062,0.410921411883,
    0.419307563146,0.427693714409,0.436079865672,0.444466016935,
    0.452852168198,0.461238319461,0.469624470724,0.478010621987,
    0.486396773249,0.494782924512,0.503169075775,0.511555227038,
    0.519941378301,0.528327529564,0.536713680827,0.54509983209,
    0.553485983353,0.561872134616,0.570258285879,0.578644437142,
    0.587030588405,0.595416739667,0.60380289093,0.612189042193,
    0.620575193456,0.628961344719,0.637347495982,0.645733647245,
    0.654119798508,0.662505949771,0.670892101034,0.679278252297,
    0.68766440356,0.696050554823,0.704436706085,0.712822857348,
    0.721209008611,0.729595159874,0.737981311137,0.7463674624,
    0.754753613663,0.763139764926,0.771525916189,0.779912067452,
    0.788298218715,0.796684369978,0.805070521241,0.813456672503,
    0.821842823766,0.830228975029,0.838615126292,0.847001277555,
    0.855387428818,0.863773580081,0.872159731344,0.880545882607,
    0.88893203387,0.897318185133,0.905704336396,0.914090487658,
    0.922476638921,0.930862790184,0.939248941447,0.94763509271,
    0.956021243973,0.964407395236,0.972793546499,0.981179697762,
    0.989565849025,0.997952000288,1.006338151551,1.014724302814,
    1.023110454076,1.031496605339,1.039882756602,1.048268907865,
    1.056655059128,1.065041210391,1.073427361654,1.081813512917,
    1.09019966418,1.098585815443,1.106971966706,1.115358117969,
    1.123744269232,1.132130420494,1.140516571757,1.14890272302,
    1.157288874283,1.165675025546,1.174061176809,1.182447328072,
    1.190833479335,1.199219630598,1.207605781861,1.215991933124,
    1.224378084387,1.23276423565,1.241150386912,1.249536538175,
    1.257922689438,1.266308840701,1.274694991964,1.283081143227,
    1.29146729449),.QUASI_UNIFORM_KNOTS.);
#7347 = CARTESIAN_POINT('',(6.28318530718,4.618831575055));
#7348 = CARTESIAN_POINT('',(6.271178981226,4.618831584548));
#7349 = CARTESIAN_POINT('',(6.247170521712,4.618815487464));
#7350 = CARTESIAN_POINT('',(6.211146386363,4.618743227662));
#7351 = CARTESIAN_POINT('',(6.175086327512,4.618623040641));
#7352 = CARTESIAN_POINT('',(6.138967457307,4.618455278108));
#7353 = CARTESIAN_POINT('',(6.102767678312,4.618240412554));
#7354 = CARTESIAN_POINT('',(6.06646565613,4.617979061511));
#7355 = CARTESIAN_POINT('',(6.030040594547,4.617671993228));
#7356 = CARTESIAN_POINT('',(5.993472071215,4.61732013703));
#7357 = CARTESIAN_POINT('',(5.956739862066,4.616924592137));
#7358 = CARTESIAN_POINT('',(5.91982377014,4.616486636634));
#7359 = CARTESIAN_POINT('',(5.882703449818,4.616007736131));
#7360 = CARTESIAN_POINT('',(5.845358224298,4.615489552282));
#7361 = CARTESIAN_POINT('',(5.807766887157,4.614933951049));
#7362 = CARTESIAN_POINT('',(5.769907495891,4.614343011003));
#7363 = CARTESIAN_POINT('',(5.731757100507,4.613719030704));
#7364 = CARTESIAN_POINT('',(5.693291589184,4.613064538742));
#7365 = CARTESIAN_POINT('',(5.654484939602,4.612382293128));
#7366 = CARTESIAN_POINT('',(5.615310497529,4.611675319728));
#7367 = CARTESIAN_POINT('',(5.575734465098,4.61094680438));
#7368 = CARTESIAN_POINT('',(5.535753830764,4.610200825024));
#7369 = CARTESIAN_POINT('',(5.495345118468,4.609441417666));
#7370 = CARTESIAN_POINT('',(5.454488464611,4.608673032686));
#7371 = CARTESIAN_POINT('',(5.413165419108,4.607900490069));
#7372 = CARTESIAN_POINT('',(5.371359469912,4.607128986581));
#7373 = CARTESIAN_POINT('',(5.329055526095,4.606364080599));
#7374 = CARTESIAN_POINT('',(5.286241101168,4.605611714346));
#7375 = CARTESIAN_POINT('',(5.242910876717,4.604878224506));
#7376 = CARTESIAN_POINT('',(5.199062458646,4.604170248596));
#7377 = CARTESIAN_POINT('',(5.154699607407,4.603494695334));
#7378 = CARTESIAN_POINT('',(5.109833087847,4.602858653867));
#7379 = CARTESIAN_POINT('',(5.064477131175,4.602269253169));
#7380 = CARTESIAN_POINT('',(5.018650650446,4.601733551846));
#7381 = CARTESIAN_POINT('',(4.972400091278,4.601258623863));
#7382 = CARTESIAN_POINT('',(4.925771378514,4.600851005361));
#7383 = CARTESIAN_POINT('',(4.878817463389,4.600516620377));
#7384 = CARTESIAN_POINT('',(4.831597469277,4.600260591948));
#7385 = CARTESIAN_POINT('',(4.784179174979,4.6000870787));
#7386 = CARTESIAN_POINT('',(4.736637917299,4.599999111466));
#7387 = CARTESIAN_POINT('',(4.689068154244,4.599998391631));
#7388 = CARTESIAN_POINT('',(4.641529601028,4.60008525139));
#7389 = CARTESIAN_POINT('',(4.594111622084,4.600258673165));
#7390 = CARTESIAN_POINT('',(4.546889759086,4.600516273964));
#7391 = CARTESIAN_POINT('',(4.499931276566,4.600854481881));
#7392 = CARTESIAN_POINT('',(4.453295611231,4.601268676749));
#7393 = CARTESIAN_POINT('',(4.407036509052,4.601753334774));
#7394 = CARTESIAN_POINT('',(4.361200890854,4.602302211654));
#7395 = CARTESIAN_POINT('',(4.315837793403,4.602908386353));
#7396 = CARTESIAN_POINT('',(4.270964224456,4.603564913247));
#7397 = CARTESIAN_POINT('',(4.226593882829,4.604264671894));
#7398 = CARTESIAN_POINT('',(4.18273784794,4.605000479382));
#7399 = CARTESIAN_POINT('',(4.139399948293,4.605765260632));
#7400 = CARTESIAN_POINT('',(4.096577911756,4.606552144843));
#7401 = CARTESIAN_POINT('',(4.054266486045,4.607354506806));
#7402 = CARTESIAN_POINT('',(4.012453295734,4.608166072363));
#7403 = CARTESIAN_POINT('',(3.971123276454,4.608980919537));
#7404 = CARTESIAN_POINT('',(3.930259941116,4.60979346218));
#7405 = CARTESIAN_POINT('',(3.889844934413,4.610598472254));
#7406 = CARTESIAN_POINT('',(3.849858194872,4.611391086281));
#7407 = CARTESIAN_POINT('',(3.810277140169,4.612166836508));
#7408 = CARTESIAN_POINT('',(3.771080961788,4.612921544393));
#7409 = CARTESIAN_POINT('',(3.732246662652,4.61365140298));
#7410 = CARTESIAN_POINT('',(3.69375180107,4.614352897459));
#7411 = CARTESIAN_POINT('',(3.655573830296,4.615022812828));
#7412 = CARTESIAN_POINT('',(3.617689647531,4.615658239799));
#7413 = CARTESIAN_POINT('',(3.580076990438,4.61625651947));
#7414 = CARTESIAN_POINT('',(3.542713512192,4.616815254366));
#7415 = CARTESIAN_POINT('',(3.505577117587,4.61733228315));
#7416 = CARTESIAN_POINT('',(3.468646437388,4.617805673791));
#7417 = CARTESIAN_POINT('',(3.431900711869,4.618233706082));
#7418 = CARTESIAN_POINT('',(3.39531747551,4.618614891034));
#7419 = CARTESIAN_POINT('',(3.358875676229,4.618947920458));
#7420 = CARTESIAN_POINT('',(3.322554649924,4.619231674867));
#7421 = CARTESIAN_POINT('',(3.286334141153,4.619465216634));
#7422 = CARTESIAN_POINT('',(3.250194098201,4.619647786874));
#7423 = CARTESIAN_POINT('',(3.214114395629,4.619778801088));
#7424 = CARTESIAN_POINT('',(3.178075114225,4.619857844923));
#7425 = CARTESIAN_POINT('',(3.142054675631,4.619884669575));
#7426 = CARTESIAN_POINT('',(3.106035982692,4.619859187429));
#7427 = CARTESIAN_POINT('',(3.070000605042,4.619781491658));
#7428 = CARTESIAN_POINT('',(3.033925928676,4.619651829053));
#7429 = CARTESIAN_POINT('',(2.997791310948,4.619470607768));
#7430 = CARTESIAN_POINT('',(2.961576188212,4.619238403765));
#7431 = CARTESIAN_POINT('',(2.925260355389,4.61895596729));
#7432 = CARTESIAN_POINT('',(2.888823672912,4.618624228998));
#7433 = CARTESIAN_POINT('',(2.852245929025,4.618244305844));
#7434 = CARTESIAN_POINT('',(2.815506658034,4.617817506733));
#7435 = CARTESIAN_POINT('',(2.778584951527,4.617345337779));
#7436 = CARTESIAN_POINT('',(2.741459281474,4.616829507823));
#7437 = CARTESIAN_POINT('',(2.704107190671,4.616271931725));
#7438 = CARTESIAN_POINT('',(2.666505379445,4.615674740737));
#7439 = CARTESIAN_POINT('',(2.628628189213,4.61504026524));
#7440 = CARTESIAN_POINT('',(2.590458202566,4.614371231831));
#7441 = CARTESIAN_POINT('',(2.551971813877,4.613670535472));
#7442 = CARTESIAN_POINT('',(2.513146650226,4.612941386536));
#7443 = CARTESIAN_POINT('',(2.473960160836,4.612187289312));
#7444 = CARTESIAN_POINT('',(2.434389454426,4.611412044365));
#7445 = CARTESIAN_POINT('',(2.394413590495,4.610619818649));
#7446 = CARTESIAN_POINT('',(2.354009970748,4.609815071682));
#7447 = CARTESIAN_POINT('',(2.313158586275,4.609002659022));
#7448 = CARTESIAN_POINT('',(2.271841012243,4.608187798025));
#7449 = CARTESIAN_POINT('',(2.230040708014,4.607376064739));
#7450 = CARTESIAN_POINT('',(2.187742197605,4.606573367213));
#7451 = CARTESIAN_POINT('',(2.144933667084,4.605785982026));
#7452 = CARTESIAN_POINT('',(2.101609235606,4.605020517569));
#7453 = CARTESIAN_POINT('',(2.05776717649,4.604283849644));
#7454 = CARTESIAN_POINT('',(2.013408816495,4.60358301413));
#7455 = CARTESIAN_POINT('',(1.96855347482,4.602925312312));
#7456 = CARTESIAN_POINT('',(1.923182818034,4.602317418104));
#7457 = CARTESIAN_POINT('',(1.877287939327,4.6017661235));
#7458 = CARTESIAN_POINT('',(1.830955015411,4.601278980459));
#7459 = CARTESIAN_POINT('',(1.784242972722,4.60086242109));
#7460 = CARTESIAN_POINT('',(1.73721651847,4.600522088519));
#7461 = CARTESIAN_POINT('',(1.689938676738,4.600262601827));
#7462 = CARTESIAN_POINT('',(1.64247425553,4.600087485683));
#7463 = CARTESIAN_POINT('',(1.594890500702,4.599999070681));
#7464 = CARTESIAN_POINT('',(1.547258610839,4.5999984179));
#7465 = CARTESIAN_POINT('',(1.499655319729,4.600085255743));
#7466 = CARTESIAN_POINT('',(1.452164236387,4.600257931538));
#7467 = CARTESIAN_POINT('',(1.404879193453,4.600513388));
#7468 = CARTESIAN_POINT('',(1.357901148243,4.600847129924));
#7469 = CARTESIAN_POINT('',(1.31125244252,4.60125417233));
#7470 = CARTESIAN_POINT('',(1.264992468752,4.601728518919));
#7471 = CARTESIAN_POINT('',(1.219159132911,4.602263676891));
#7472 = CARTESIAN_POINT('',(1.173784582963,4.602852765463));
#7473 = CARTESIAN_POINT('',(1.128892733181,4.603488694262));
#7474 = CARTESIAN_POINT('',(1.084501278333,4.604164298116));
#7475 = CARTESIAN_POINT('',(1.040622075699,4.604872461753));
#7476 = CARTESIAN_POINT('',(0.997262039335,4.605606218139));
#7477 = CARTESIAN_POINT('',(0.95442236885,4.606358856412));
#7478 = CARTESIAN_POINT('',(0.912102875994,4.607123916197));
#7479 = CARTESIAN_POINT('',(0.870285379623,4.607895553308));
#7480 = CARTESIAN_POINT('',(0.828950873785,4.608668265167));
#7481 = CARTESIAN_POINT('',(0.788083072433,4.609436846002));
#7482 = CARTESIAN_POINT('',(0.747663095146,4.610196481865));
#7483 = CARTESIAN_POINT('',(0.70767172838,4.610942707679));
#7484 = CARTESIAN_POINT('',(0.668085013263,4.611671486129));
#7485 = CARTESIAN_POINT('',(0.628888756086,4.612378937116));
#7486 = CARTESIAN_POINT('',(0.590067008938,4.613061540552));
#7487 = CARTESIAN_POINT('',(0.551587479031,4.613716373103));
#7488 = CARTESIAN_POINT('',(0.51342487005,4.614340660858));
#7489 = CARTESIAN_POINT('',(0.475554227732,4.614931888265));
#7490 = CARTESIAN_POINT('',(0.437952301281,4.61548775944));
#7491 = CARTESIAN_POINT('',(0.400596810123,4.616006198882));
#7492 = CARTESIAN_POINT('',(0.363466316314,4.616485341479));
#7493 = CARTESIAN_POINT('',(0.326539970435,4.616923525207));
#7494 = CARTESIAN_POINT('',(0.289797318992,4.61731928293));
#7495 = CARTESIAN_POINT('',(0.253218115441,4.617671334238));
#7496 = CARTESIAN_POINT('',(0.216782143154,4.617978577087));
#7497 = CARTESIAN_POINT('',(0.180469043205,4.618240079185));
#7498 = CARTESIAN_POINT('',(0.144258139258,4.618455069541));
#7499 = CARTESIAN_POINT('',(0.108128273743,4.618622928484));
#7500 = CARTESIAN_POINT('',(7.205758685102E-02,4.618743182479));
#7501 = CARTESIAN_POINT('',(3.602348296753E-02,4.618815480013));
#7502 = CARTESIAN_POINT('',(1.200907031362E-02,4.61883158474));
#7503 = CARTESIAN_POINT('',(0.,4.618831575055));
#7504 = ( GEOMETRIC_REPRESENTATION_CONTEXT(2) 
PARAMETRIC_REPRESENTATION_CONTEXT() REPRESENTATION_CONTEXT('2D SPACE',''
  ) );
#7505 = FACE_BOUND('',#7506,.T.);
#7506 = EDGE_LOOP('',(#7507));
#7507 = ORIENTED_EDGE('',*,*,#7508,.T.);
#7508 = EDGE_CURVE('',#7509,#7509,#7511,.T.);
#7509 = VERTEX_POINT('',#7510);
#7510 = CARTESIAN_POINT('',(-38.56225957581,58.142667628609,4.));
#7511 = SURFACE_CURVE('',#7512,(#7629,#7790),.PCURVE_S1.);
#7512 = B_SPLINE_CURVE_WITH_KNOTS('',7,(#7513,#7514,#7515,#7516,#7517,
    #7518,#7519,#7520,#7521,#7522,#7523,#7524,#7525,#7526,#7527,#7528,
    #7529,#7530,#7531,#7532,#7533,#7534,#7535,#7536,#7537,#7538,#7539,
    #7540,#7541,#7542,#7543,#7544,#7545,#7546,#7547,#7548,#7549,#7550,
    #7551,#7552,#7553,#7554,#7555,#7556,#7557,#7558,#7559,#7560,#7561,
    #7562,#7563,#7564,#7565,#7566,#7567,#7568,#7569,#7570,#7571,#7572,
    #7573,#7574,#7575,#7576,#7577,#7578,#7579,#7580,#7581,#7582,#7583,
    #7584,#7585,#7586,#7587,#7588,#7589,#7590,#7591,#7592,#7593,#7594,
    #7595,#7596,#7597,#7598,#7599,#7600,#7601,#7602,#7603,#7604,#7605,
    #7606,#7607,#7608,#7609,#7610,#7611,#7612,#7613,#7614,#7615,#7616,
    #7617,#7618,#7619,#7620,#7621,#7622,#7623,#7624,#7625,#7626,#7627,
    #7628),.UNSPECIFIED.,.T.,.F.,(8,6,6,6,6,6,6,6,6,6,6,6,6,6,6,6,6,6,6,
    8),(0.,0.159398412643,0.216339022736,0.260571161988,0.333642963584,
    0.404393265547,0.44923682846,0.506453764607,0.549683369845,
    0.582002050198,0.66676405868,0.783055615714,0.826188374986,
    0.883115637086,0.927325450425,1.,1.073189746867,1.117429615022,
    1.174369941265,1.333774569842),.UNSPECIFIED.);
#7513 = CARTESIAN_POINT('',(-38.56225957581,58.142667628609,4.));
#7514 = CARTESIAN_POINT('',(-38.56225957581,58.142667628609,
    4.16099772211));
#7515 = CARTESIAN_POINT('',(-38.55943218556,58.160229288665,
    4.321810039193));
#7516 = CARTESIAN_POINT('',(-38.55378805625,58.195286146396,
    4.481396126989));
#7517 = CARTESIAN_POINT('',(-38.54525945671,58.248218842365,
    4.638382367809));
#7518 = CARTESIAN_POINT('',(-38.53374498053,58.319573164458,
    4.791004171445));
#7519 = CARTESIAN_POINT('',(-38.51913641801,58.409888633531,
    4.937160095724));
#7520 = CARTESIAN_POINT('',(-38.49485496656,58.559508275492,
    5.123094719156));
#7521 = CARTESIAN_POINT('',(-38.48804896657,58.601407913539,
    5.170835362916));
#7522 = CARTESIAN_POINT('',(-38.48082193774,58.645854928911,
    5.217244274087));
#7523 = CARTESIAN_POINT('',(-38.47316914024,58.692868631616,
    5.262165216771));
#7524 = CARTESIAN_POINT('',(-38.46508779877,58.742455280634,
    5.305422263713));
#7525 = CARTESIAN_POINT('',(-38.45657787988,58.794603475922,
    5.346822111485));
#7526 = CARTESIAN_POINT('',(-38.4407020474,58.891752571662,
    5.416711732775));
#7527 = CARTESIAN_POINT('',(-38.43350510496,58.935748589306,
    5.44601883832));
#7528 = CARTESIAN_POINT('',(-38.42605413149,58.981249100093,
    5.473979038772));
#7529 = CARTESIAN_POINT('',(-38.41835317848,59.028223325022,
    5.500485450226));
#7530 = CARTESIAN_POINT('',(-38.41040876766,59.076625349083,
    5.525426117823));
#7531 = CARTESIAN_POINT('',(-38.40223039937,59.12639126098,
    5.548687155142));
#7532 = CARTESIAN_POINT('',(-38.37995529528,59.261763040436,
    5.605622372313));
#7533 = CARTESIAN_POINT('',(-38.36546992152,59.349620504047,
    5.636214605404));
#7534 = CARTESIAN_POINT('',(-38.3504440279,59.440562382616,5.66138770091
    ));
#7535 = CARTESIAN_POINT('',(-38.33496808815,59.534016022128,
    5.680657768028));
#7536 = CARTESIAN_POINT('',(-38.31915634699,59.6292721328,5.693632941948
    ));
#7537 = CARTESIAN_POINT('',(-38.30314909543,59.725475334503,
    5.70007613073));
#7538 = CARTESIAN_POINT('',(-38.27158998679,59.914701341166,
    5.699925253126));
#7539 = CARTESIAN_POINT('',(-38.25602582411,60.007811990583,
    5.693738913597));
#7540 = CARTESIAN_POINT('',(-38.24057266711,60.100045579145,
    5.681433626122));
#7541 = CARTESIAN_POINT('',(-38.22536197067,60.190625757025,
    5.663216521158));
#7542 = CARTESIAN_POINT('',(-38.21050638993,60.27889808571,
    5.639433938459));
#7543 = CARTESIAN_POINT('',(-38.19610005105,60.364325009031,
    5.610520755828));
#7544 = CARTESIAN_POINT('',(-38.17342083917,60.498551255318,
    5.555710776477));
#7545 = CARTESIAN_POINT('',(-38.16483066098,60.549326309127,
    5.532578703068));
#7546 = CARTESIAN_POINT('',(-38.15646507165,60.598712337831,
    5.507694637063));
#7547 = CARTESIAN_POINT('',(-38.14833690277,60.646639673345,
    5.481177551621));
#7548 = CARTESIAN_POINT('',(-38.14045572146,60.693058130411,
    5.453144839552));
#7549 = CARTESIAN_POINT('',(-38.13282831243,60.737933900267,
    5.423708819796));
#7550 = CARTESIAN_POINT('',(-38.11605668865,60.836509918227,
    5.353757013733));
#7551 = CARTESIAN_POINT('',(-38.10707534544,60.889224425793,
    5.312428115571));
#7552 = CARTESIAN_POINT('',(-38.09852341248,60.939353521082,
    5.26919980929));
#7553 = CARTESIAN_POINT('',(-38.0904050716,60.986884198389,
    5.224270148085));
#7554 = CARTESIAN_POINT('',(-38.08272120139,61.031822038029,
    5.177819482929));
#7555 = CARTESIAN_POINT('',(-38.07547017401,61.074186352112,
    5.130007967045));
#7556 = CARTESIAN_POINT('',(-38.06349472886,61.144090106345,
    5.04392529442));
#7557 = CARTESIAN_POINT('',(-38.05858626175,61.172720296862,
    5.006181003266));
#7558 = CARTESIAN_POINT('',(-38.05392183977,61.19990791031,
    4.967800605499));
#7559 = CARTESIAN_POINT('',(-38.04949991576,61.225665440206,
    4.928840139374));
#7560 = CARTESIAN_POINT('',(-38.04531880651,61.250005865156,
    4.88935126281));
#7561 = CARTESIAN_POINT('',(-38.0413766927,61.272942648844,
    4.849381253388));
#7562 = CARTESIAN_POINT('',(-38.03490168624,61.310598458799,
    4.778763591737));
#7563 = CARTESIAN_POINT('',(-38.03226428798,61.325930175985,
    4.748309581483));
#7564 = CARTESIAN_POINT('',(-38.02975864699,61.34049048864,
    4.717629068682));
#7565 = CARTESIAN_POINT('',(-38.02738401564,61.354284737229,
    4.686739263674));
#7566 = CARTESIAN_POINT('',(-38.02513967575,61.367318005645,
    4.65565649605));
#7567 = CARTESIAN_POINT('',(-38.02302493865,61.379595121206,
    4.624396214651));
#7568 = CARTESIAN_POINT('',(-38.01583101645,61.421348601884,
    4.510559478993));
#7569 = CARTESIAN_POINT('',(-38.01151029861,61.446404062505,
    4.427032436398));
#7570 = CARTESIAN_POINT('',(-38.00806435071,61.466373915179,
    4.342645725179));
#7571 = CARTESIAN_POINT('',(-38.00548430939,61.481319300054,
    4.257634207928));
#7572 = CARTESIAN_POINT('',(-38.00376388248,61.491283056016,
    4.172216893412));
#7573 = CARTESIAN_POINT('',(-38.00289938978,61.496289707431,
    4.086599005067));
#7574 = CARTESIAN_POINT('',(-38.00287961061,61.496404257181,
    3.883495985705));
#7575 = CARTESIAN_POINT('',(-38.00447974905,61.487137159282,
    3.766050111656));
#7576 = CARTESIAN_POINT('',(-38.00768963183,61.468547403075,
    3.649102385438));
#7577 = CARTESIAN_POINT('',(-38.0125238028,61.440539500438,
    3.533186622718));
#7578 = CARTESIAN_POINT('',(-38.01900398789,61.402965079067,
    3.418903972318));
#7579 = CARTESIAN_POINT('',(-38.02715855107,61.355624596537,
    3.306934123909));
#7580 = CARTESIAN_POINT('',(-38.04069216516,61.2769250552,3.157674497472
    ));
#7581 = CARTESIAN_POINT('',(-38.04458948775,61.254250761997,
    3.11772272362));
#7582 = CARTESIAN_POINT('',(-38.04872450629,61.230180798884,
    3.078244122725));
#7583 = CARTESIAN_POINT('',(-38.05309903193,61.204701799135,
    3.039285264041));
#7584 = CARTESIAN_POINT('',(-38.05771475101,61.17780081892,
    3.000897009149));
#7585 = CARTESIAN_POINT('',(-38.06257322504,61.149465337305,
    2.963134511958));
#7586 = CARTESIAN_POINT('',(-38.0744104653,61.080376419345,
    2.877122051399));
#7587 = CARTESIAN_POINT('',(-38.08156992967,61.038552458902,
    2.829383589642));
#7588 = CARTESIAN_POINT('',(-38.08915765486,60.994183196087,
    2.782975963323));
#7589 = CARTESIAN_POINT('',(-38.09717539629,60.947248807709,
    2.738055287794));
#7590 = CARTESIAN_POINT('',(-38.10562253697,60.89774243002,
    2.694797354142));
#7591 = CARTESIAN_POINT('',(-38.11449533057,60.845674762519,
    2.653395319451));
#7592 = CARTESIAN_POINT('',(-38.13100140744,60.748679250222,
    2.583507496358));
#7593 = CARTESIAN_POINT('',(-38.13846837219,60.704757323755,
    2.554204276757));
#7594 = CARTESIAN_POINT('',(-38.14618301303,60.659331000499,
    2.526246259468));
#7595 = CARTESIAN_POINT('',(-38.15413918319,60.612430606615,
    2.499740165222));
#7596 = CARTESIAN_POINT('',(-38.16232816938,60.564101549825,
    2.474797785254));
#7597 = CARTESIAN_POINT('',(-38.17073824632,60.514407182986,
    2.451532852278));
#7598 = CARTESIAN_POINT('',(-38.19351766611,60.379635280883,
    2.394756209577));
#7599 = CARTESIAN_POINT('',(-38.20824395031,60.292338853333,
    2.364275087666));
#7600 = CARTESIAN_POINT('',(-38.22345524652,60.201977639686,
    2.339149718538));
#7601 = CARTESIAN_POINT('',(-38.23905324393,60.109111647683,
    2.319857007186));
#7602 = CARTESIAN_POINT('',(-38.25491808281,60.014436053108,
    2.306784436798));
#7603 = CARTESIAN_POINT('',(-38.27090746825,59.918790548922,
    2.300168468031));
#7604 = CARTESIAN_POINT('',(-38.30291753812,59.726866827525,
    2.299835338462));
#7605 = CARTESIAN_POINT('',(-38.31895281167,59.630497968476,
    2.306209713543));
#7606 = CARTESIAN_POINT('',(-38.33479474568,59.535062362889,
    2.319138839147));
#7607 = CARTESIAN_POINT('',(-38.35030247988,59.44141862698,
    2.338389584391));
#7608 = CARTESIAN_POINT('',(-38.36536014723,59.350285789597,
    2.363571075459));
#7609 = CARTESIAN_POINT('',(-38.37987529482,59.262248640443,
    2.394194738466));
#7610 = CARTESIAN_POINT('',(-38.40217981966,59.126698998782,
    2.451170578863));
#7611 = CARTESIAN_POINT('',(-38.41036168662,59.076912114689,
    2.474429210533));
#7612 = CARTESIAN_POINT('',(-38.41830950931,59.028489586977,
    2.499368903222));
#7613 = CARTESIAN_POINT('',(-38.42601376858,58.981495446083,
    2.525875669228));
#7614 = CARTESIAN_POINT('',(-38.43346792875,58.935975697082,
    2.553837446027));
#7615 = CARTESIAN_POINT('',(-38.44066792851,58.891961184556,
    2.583147242472));
#7616 = CARTESIAN_POINT('',(-38.4565488368,58.794781418718,
    2.653038270451));
#7617 = CARTESIAN_POINT('',(-38.46506083717,58.742620660719,
    2.694436756542));
#7618 = CARTESIAN_POINT('',(-38.47314417677,58.693021918751,
    2.737693281216));
#7619 = CARTESIAN_POINT('',(-38.48079888269,58.645996636813,
    2.782614446512));
#7620 = CARTESIAN_POINT('',(-38.48802772708,58.601538580363,
    2.829024237254));
#7621 = CARTESIAN_POINT('',(-38.49483544895,58.559628449081,
    2.876766339748));
#7622 = CARTESIAN_POINT('',(-38.51912387639,58.409966169938,
    3.062714487675));
#7623 = CARTESIAN_POINT('',(-38.5337367571,58.31962412494,3.208886763072
    ));
#7624 = CARTESIAN_POINT('',(-38.54525458516,58.248249077417,
    3.361527944911));
#7625 = CARTESIAN_POINT('',(-38.55378563865,58.195301162591,
    3.518535533396));
#7626 = CARTESIAN_POINT('',(-38.55943137342,58.160234333079,
    3.678143986569));
#7627 = CARTESIAN_POINT('',(-38.56225957581,58.142667628609,
    3.838979160981));
#7628 = CARTESIAN_POINT('',(-38.56225957581,58.142667628609,4.));
#7629 = PCURVE('',#299,#7630);
#7630 = DEFINITIONAL_REPRESENTATION('',(#7631),#7789);
#7631 = B_SPLINE_CURVE_WITH_KNOTS('',3,(#7632,#7633,#7634,#7635,#7636,
    #7637,#7638,#7639,#7640,#7641,#7642,#7643,#7644,#7645,#7646,#7647,
    #7648,#7649,#7650,#7651,#7652,#7653,#7654,#7655,#7656,#7657,#7658,
    #7659,#7660,#7661,#7662,#7663,#7664,#7665,#7666,#7667,#7668,#7669,
    #7670,#7671,#7672,#7673,#7674,#7675,#7676,#7677,#7678,#7679,#7680,
    #7681,#7682,#7683,#7684,#7685,#7686,#7687,#7688,#7689,#7690,#7691,
    #7692,#7693,#7694,#7695,#7696,#7697,#7698,#7699,#7700,#7701,#7702,
    #7703,#7704,#7705,#7706,#7707,#7708,#7709,#7710,#7711,#7712,#7713,
    #7714,#7715,#7716,#7717,#7718,#7719,#7720,#7721,#7722,#7723,#7724,
    #7725,#7726,#7727,#7728,#7729,#7730,#7731,#7732,#7733,#7734,#7735,
    #7736,#7737,#7738,#7739,#7740,#7741,#7742,#7743,#7744,#7745,#7746,
    #7747,#7748,#7749,#7750,#7751,#7752,#7753,#7754,#7755,#7756,#7757,
    #7758,#7759,#7760,#7761,#7762,#7763,#7764,#7765,#7766,#7767,#7768,
    #7769,#7770,#7771,#7772,#7773,#7774,#7775,#7776,#7777,#7778,#7779,
    #7780,#7781,#7782,#7783,#7784,#7785,#7786,#7787,#7788),
  .UNSPECIFIED.,.T.,.F.,(4,1,1,1,1,1,1,1,1,1,1,1,1,1,1,1,1,1,1,1,1,1,1,1
    ,1,1,1,1,1,1,1,1,1,1,1,1,1,1,1,1,1,1,1,1,1,1,1,1,1,1,1,1,1,1,1,1,1,1
    ,1,1,1,1,1,1,1,1,1,1,1,1,1,1,1,1,1,1,1,1,1,1,1,1,1,1,1,1,1,1,1,1,1,1
    ,1,1,1,1,1,1,1,1,1,1,1,1,1,1,1,1,1,1,1,1,1,1,1,1,1,1,1,1,1,1,1,1,1,1
    ,1,1,1,1,1,1,1,1,1,1,1,1,1,1,1,1,1,1,1,1,1,1,1,1,1,1,1,1,4),(0.,
    8.660873830141E-03,1.732174766028E-02,2.598262149042E-02,
    3.464349532056E-02,4.33043691507E-02,5.196524298084E-02,
    6.062611681098E-02,6.928699064112E-02,7.794786447126E-02,
    8.660873830141E-02,9.526961213155E-02,0.103930485962,0.112591359792,
    0.121252233622,0.129913107452,0.138573981282,0.147234855112,
    0.155895728943,0.164556602773,0.173217476603,0.181878350433,
    0.190539224263,0.199200098093,0.207860971923,0.216521845754,
    0.225182719584,0.233843593414,0.242504467244,0.251165341074,
    0.259826214904,0.268487088734,0.277147962564,0.285808836395,
    0.294469710225,0.303130584055,0.311791457885,0.320452331715,
    0.329113205545,0.337774079375,0.346434953206,0.355095827036,
    0.363756700866,0.372417574696,0.381078448526,0.389739322356,
    0.398400196186,0.407061070017,0.415721943847,0.424382817677,
    0.433043691507,0.441704565337,0.450365439167,0.459026312997,
    0.467687186828,0.476348060658,0.485008934488,0.493669808318,
    0.502330682148,0.510991555978,0.519652429808,0.528313303639,
    0.536974177469,0.545635051299,0.554295925129,0.562956798959,
    0.571617672789,0.580278546619,0.58893942045,0.59760029428,
    0.60626116811,0.61492204194,0.62358291577,0.6322437896,0.64090466343
    ,0.649565537261,0.658226411091,0.666887284921,0.675548158751,
    0.684209032581,0.692869906411,0.701530780241,0.710191654072,
    0.718852527902,0.727513401732,0.736174275562,0.744835149392,
    0.753496023222,0.762156897052,0.770817770883,0.779478644713,
    0.788139518543,0.796800392373,0.805461266203,0.814122140033,
    0.822783013863,0.831443887693,0.840104761524,0.848765635354,
    0.857426509184,0.866087383014,0.874748256844,0.883409130674,
    0.892070004504,0.900730878335,0.909391752165,0.918052625995,
    0.926713499825,0.935374373655,0.944035247485,0.952696121315,
    0.961356995146,0.970017868976,0.978678742806,0.987339616636,
    0.996000490466,1.004661364296,1.013322238126,1.021983111957,
    1.030643985787,1.039304859617,1.047965733447,1.056626607277,
    1.065287481107,1.073948354937,1.082609228768,1.091270102598,
    1.099930976428,1.108591850258,1.117252724088,1.125913597918,
    1.134574471748,1.143235345579,1.151896219409,1.160557093239,
    1.169217967069,1.177878840899,1.186539714729,1.195200588559,
    1.20386146239,1.21252233622,1.22118321005,1.22984408388,
    1.23850495771,1.24716583154,1.25582670537,1.264487579201,
    1.273148453031,1.281809326861,1.290470200691,1.299131074521,
    1.307791948351,1.316452822181,1.325113696012,1.333774569842),
  .QUASI_UNIFORM_KNOTS.);
#7632 = CARTESIAN_POINT('',(4.,7.407462470253));
#7633 = CARTESIAN_POINT('',(4.020411258733,7.407462468232));
#7634 = CARTESIAN_POINT('',(4.061226905499,7.407456486542));
#7635 = CARTESIAN_POINT('',(4.122390721371,7.407429559463));
#7636 = CARTESIAN_POINT('',(4.183456837014,7.407384665159));
#7637 = CARTESIAN_POINT('',(4.244383719708,7.407321759737));
#7638 = CARTESIAN_POINT('',(4.305127495068,7.407240781905));
#7639 = CARTESIAN_POINT('',(4.365641592064,7.407141652093));
#7640 = CARTESIAN_POINT('',(4.425876794177,7.407024275208));
#7641 = CARTESIAN_POINT('',(4.485781182154,7.4068885421));
#7642 = CARTESIAN_POINT('',(4.545300102473,7.406734331005));
#7643 = CARTESIAN_POINT('',(4.604376121782,7.406561508604));
#7644 = CARTESIAN_POINT('',(4.662948974308,7.406369930746));
#7645 = CARTESIAN_POINT('',(4.720955496168,7.406159442792));
#7646 = CARTESIAN_POINT('',(4.778329546019,7.405929879552));
#7647 = CARTESIAN_POINT('',(4.835001902551,7.405681064824));
#7648 = CARTESIAN_POINT('',(4.890900159534,7.405412810301));
#7649 = CARTESIAN_POINT('',(4.945948527234,7.405124914634));
#7650 = CARTESIAN_POINT('',(5.000067866416,7.404817159547));
#7651 = CARTESIAN_POINT('',(5.053174723413,7.404489314484));
#7652 = CARTESIAN_POINT('',(5.105183948264,7.404141106728));
#7653 = CARTESIAN_POINT('',(5.155966158665,7.403772535449));
#7654 = CARTESIAN_POINT('',(5.205415893629,7.403383433911));
#7655 = CARTESIAN_POINT('',(5.253413084761,7.40297371003));
#7656 = CARTESIAN_POINT('',(5.299830509595,7.402543313738));
#7657 = CARTESIAN_POINT('',(5.344532200173,7.402092257847));
#7658 = CARTESIAN_POINT('',(5.387375205349,7.40162061441));
#7659 = CARTESIAN_POINT('',(5.428206979041,7.401128555722));
#7660 = CARTESIAN_POINT('',(5.466865398228,7.400616391757));
#7661 = CARTESIAN_POINT('',(5.503182339826,7.400084555557));
#7662 = CARTESIAN_POINT('',(5.536984063999,7.399533637389));
#7663 = CARTESIAN_POINT('',(5.568092084775,7.398964435769));
#7664 = CARTESIAN_POINT('',(5.596332966378,7.398377823903));
#7665 = CARTESIAN_POINT('',(5.621528986439,7.397774984427));
#7666 = CARTESIAN_POINT('',(5.643503623816,7.397157489614));
#7667 = CARTESIAN_POINT('',(5.662097602942,7.396527041087));
#7668 = CARTESIAN_POINT('',(5.67716821915,7.395885545517));
#7669 = CARTESIAN_POINT('',(5.688593620966,7.39523509892));
#7670 = CARTESIAN_POINT('',(5.696276408967,7.394578004491));
#7671 = CARTESIAN_POINT('',(5.700147670171,7.393916747175));
#7672 = CARTESIAN_POINT('',(5.700172612466,7.393254107183));
#7673 = CARTESIAN_POINT('',(5.69635126535,7.392592450536));
#7674 = CARTESIAN_POINT('',(5.688717586097,7.391934517345));
#7675 = CARTESIAN_POINT('',(5.677339487773,7.391282802624));
#7676 = CARTESIAN_POINT('',(5.662313476298,7.390639628712));
#7677 = CARTESIAN_POINT('',(5.643760853955,7.390007126865));
#7678 = CARTESIAN_POINT('',(5.621824493487,7.389387252236));
#7679 = CARTESIAN_POINT('',(5.596664213727,7.388781757222));
#7680 = CARTESIAN_POINT('',(5.568459628873,7.388192299131));
#7681 = CARTESIAN_POINT('',(5.537383174731,7.387619980653));
#7682 = CARTESIAN_POINT('',(5.503610851463,7.387065765679));
#7683 = CARTESIAN_POINT('',(5.467320592455,7.386530473449));
#7684 = CARTESIAN_POINT('',(5.428686531095,7.386014731957));
#7685 = CARTESIAN_POINT('',(5.387876722235,7.385519003618));
#7686 = CARTESIAN_POINT('',(5.345053937788,7.385043634137));
#7687 = CARTESIAN_POINT('',(5.300370011274,7.384588814407));
#7688 = CARTESIAN_POINT('',(5.253968470134,7.384154648137));
#7689 = CARTESIAN_POINT('',(5.205985361053,7.383741172159));
#7690 = CARTESIAN_POINT('',(5.156548336235,7.383348360864));
#7691 = CARTESIAN_POINT('',(5.105776484505,7.382976136342));
#7692 = CARTESIAN_POINT('',(5.053778922154,7.382624371663));
#7693 = CARTESIAN_POINT('',(5.00066049864,7.382292935477));
#7694 = CARTESIAN_POINT('',(4.946516906542,7.381981660259));
#7695 = CARTESIAN_POINT('',(4.891438237992,7.381690375992));
#7696 = CARTESIAN_POINT('',(4.83550862898,7.381418905972));
#7697 = CARTESIAN_POINT('',(4.778806072478,7.38116706548));
#7698 = CARTESIAN_POINT('',(4.721404544156,7.380934678933));
#7699 = CARTESIAN_POINT('',(4.663373184484,7.380721573755));
#7700 = CARTESIAN_POINT('',(4.604777141363,7.380527585544));
#7701 = CARTESIAN_POINT('',(4.545678841496,7.38035256194));
#7702 = CARTESIAN_POINT('',(4.486138034693,7.380196362066));
#7703 = CARTESIAN_POINT('',(4.426208594459,7.380058849612));
#7704 = CARTESIAN_POINT('',(4.365943823185,7.379939908036));
#7705 = CARTESIAN_POINT('',(4.305395236378,7.379839435582));
#7706 = CARTESIAN_POINT('',(4.244612961762,7.379757345822));
#7707 = CARTESIAN_POINT('',(4.183645766192,7.379693567164));
#7708 = CARTESIAN_POINT('',(4.122540919276,7.379648043092));
#7709 = CARTESIAN_POINT('',(4.061345045155,7.379620732652));
#7710 = CARTESIAN_POINT('',(4.000101147767,7.379611611345));
#7711 = CARTESIAN_POINT('',(3.938859923398,7.379620672288));
#7712 = CARTESIAN_POINT('',(3.877669122988,7.37964791887));
#7713 = CARTESIAN_POINT('',(3.816570181497,7.379693374692));
#7714 = CARTESIAN_POINT('',(3.755608441508,7.379757081291));
#7715 = CARTESIAN_POINT('',(3.694830444647,7.379839096566));
#7716 = CARTESIAN_POINT('',(3.634284699751,7.379939493481));
#7717 = CARTESIAN_POINT('',(3.57402153121,7.38005835916));
#7718 = CARTESIAN_POINT('',(3.514093184803,7.380195794349));
#7719 = CARTESIAN_POINT('',(3.454553878364,7.380351913238));
#7720 = CARTESIAN_POINT('',(3.395459870592,7.380526843696));
#7721 = CARTESIAN_POINT('',(3.33686956743,7.380720727699));
#7722 = CARTESIAN_POINT('',(3.278843514976,7.380933722779));
#7723 = CARTESIAN_POINT('',(3.221444863657,7.381166001432));
#7724 = CARTESIAN_POINT('',(3.164738115808,7.381417759861));
#7725 = CARTESIAN_POINT('',(3.108804744488,7.381689144924));
#7726 = CARTESIAN_POINT('',(3.053721745018,7.381980344431));
#7727 = CARTESIAN_POINT('',(2.999573565849,7.382291533657));
#7728 = CARTESIAN_POINT('',(2.946450070462,7.382622883995));
#7729 = CARTESIAN_POINT('',(2.894447176564,7.382974561613));
#7730 = CARTESIAN_POINT('',(2.843669425885,7.38334669926));
#7731 = CARTESIAN_POINT('',(2.794225956776,7.383739424202));
#7732 = CARTESIAN_POINT('',(2.74623597694,7.384152813181));
#7733 = CARTESIAN_POINT('',(2.699827056832,7.384586892318));
#7734 = CARTESIAN_POINT('',(2.655135191291,7.385041624917));
#7735 = CARTESIAN_POINT('',(2.612303413052,7.385516913364));
#7736 = CARTESIAN_POINT('',(2.571484440515,7.38601255676));
#7737 = CARTESIAN_POINT('',(2.532840446817,7.386528216053));
#7738 = CARTESIAN_POINT('',(2.496539666092,7.387063426965));
#7739 = CARTESIAN_POINT('',(2.462755905241,7.387617567113));
#7740 = CARTESIAN_POINT('',(2.431667722134,7.388189804457));
#7741 = CARTESIAN_POINT('',(2.403448549669,7.388779234091));
#7742 = CARTESIAN_POINT('',(2.378276446761,7.389384631777));
#7743 = CARTESIAN_POINT('',(2.35632753976,7.390004398984));
#7744 = CARTESIAN_POINT('',(2.337761016756,7.390636804739));
#7745 = CARTESIAN_POINT('',(2.322719473555,7.391279915461));
#7746 = CARTESIAN_POINT('',(2.311324653557,7.39193160951));
#7747 = CARTESIAN_POINT('',(2.303673774234,7.392589562791));
#7748 = CARTESIAN_POINT('',(2.299835475769,7.393251266215));
#7749 = CARTESIAN_POINT('',(2.29984405688,7.393913945383));
#7750 = CARTESIAN_POINT('',(2.303699301424,7.394575240408));
#7751 = CARTESIAN_POINT('',(2.311366811803,7.39523239964));
#7752 = CARTESIAN_POINT('',(2.322778346713,7.39588294894));
#7753 = CARTESIAN_POINT('',(2.337837153752,7.396524585363));
#7754 = CARTESIAN_POINT('',(2.356421776338,7.397155203909));
#7755 = CARTESIAN_POINT('',(2.378389374724,7.39777288062));
#7756 = CARTESIAN_POINT('',(2.403580144258,7.398375895677));
#7757 = CARTESIAN_POINT('',(2.431815458545,7.398962638595));
#7758 = CARTESIAN_POINT('',(2.462917956189,7.399531949544));
#7759 = CARTESIAN_POINT('',(2.496715552848,7.400082981649));
#7760 = CARTESIAN_POINT('',(2.533029322916,7.400614928256));
#7761 = CARTESIAN_POINT('',(2.571685558777,7.401127200377));
#7762 = CARTESIAN_POINT('',(2.612516040261,7.401619363904));
#7763 = CARTESIAN_POINT('',(2.655358577302,7.402091108533));
#7764 = CARTESIAN_POINT('',(2.700060557778,7.40254226167));
#7765 = CARTESIAN_POINT('',(2.746478963497,7.402972751021));
#7766 = CARTESIAN_POINT('',(2.794477763888,7.403382563608));
#7767 = CARTESIAN_POINT('',(2.84392967672,7.403771749385));
#7768 = CARTESIAN_POINT('',(2.894714582239,7.404140400404));
#7769 = CARTESIAN_POINT('',(2.946726960229,7.404488683323));
#7770 = CARTESIAN_POINT('',(2.99983737667,7.404816598938));
#7771 = CARTESIAN_POINT('',(3.053960660281,7.405124420147));
#7772 = CARTESIAN_POINT('',(3.109013313031,7.405412377511));
#7773 = CARTESIAN_POINT('',(3.16491616154,7.405680689371));
#7774 = CARTESIAN_POINT('',(3.221593382767,7.405929557128));
#7775 = CARTESIAN_POINT('',(3.278972540141,7.406159169147));
#7776 = CARTESIAN_POINT('',(3.33698438412,7.406369701691));
#7777 = CARTESIAN_POINT('',(3.395562747262,7.406561320012));
#7778 = CARTESIAN_POINT('',(3.454644441569,7.406734178806));
#7779 = CARTESIAN_POINT('',(3.514169179091,7.406888422285));
#7780 = CARTESIAN_POINT('',(3.574079506219,7.407024183823));
#7781 = CARTESIAN_POINT('',(3.634320751087,7.407141585238));
#7782 = CARTESIAN_POINT('',(3.694840978037,7.407240735728));
#7783 = CARTESIAN_POINT('',(3.755590956107,7.407321730429));
#7784 = CARTESIAN_POINT('',(3.8165241018,7.407384648947));
#7785 = CARTESIAN_POINT('',(3.877596530311,7.407429552598));
#7786 = CARTESIAN_POINT('',(3.938766700306,7.407456485291));
#7787 = CARTESIAN_POINT('',(3.979586606691,7.407462468231));
#7788 = CARTESIAN_POINT('',(4.,7.407462470253));
#7789 = ( GEOMETRIC_REPRESENTATION_CONTEXT(2) 
PARAMETRIC_REPRESENTATION_CONTEXT() REPRESENTATION_CONTEXT('2D SPACE',''
  ) );
#7790 = PCURVE('',#7791,#7796);
#7791 = CYLINDRICAL_SURFACE('',#7792,1.7);
#7792 = AXIS2_PLACEMENT_3D('',#7793,#7794,#7795);
#7793 = CARTESIAN_POINT('',(-42.82463678825,60.577022631072,4.));
#7794 = DIRECTION('',(0.986375977927,-0.16450662652,0.));
#7795 = DIRECTION('',(-0.16450662652,-0.986375977927,0.));
#7796 = DEFINITIONAL_REPRESENTATION('',(#7797),#7955);
#7797 = B_SPLINE_CURVE_WITH_KNOTS('',3,(#7798,#7799,#7800,#7801,#7802,
    #7803,#7804,#7805,#7806,#7807,#7808,#7809,#7810,#7811,#7812,#7813,
    #7814,#7815,#7816,#7817,#7818,#7819,#7820,#7821,#7822,#7823,#7824,
    #7825,#7826,#7827,#7828,#7829,#7830,#7831,#7832,#7833,#7834,#7835,
    #7836,#7837,#7838,#7839,#7840,#7841,#7842,#7843,#7844,#7845,#7846,
    #7847,#7848,#7849,#7850,#7851,#7852,#7853,#7854,#7855,#7856,#7857,
    #7858,#7859,#7860,#7861,#7862,#7863,#7864,#7865,#7866,#7867,#7868,
    #7869,#7870,#7871,#7872,#7873,#7874,#7875,#7876,#7877,#7878,#7879,
    #7880,#7881,#7882,#7883,#7884,#7885,#7886,#7887,#7888,#7889,#7890,
    #7891,#7892,#7893,#7894,#7895,#7896,#7897,#7898,#7899,#7900,#7901,
    #7902,#7903,#7904,#7905,#7906,#7907,#7908,#7909,#7910,#7911,#7912,
    #7913,#7914,#7915,#7916,#7917,#7918,#7919,#7920,#7921,#7922,#7923,
    #7924,#7925,#7926,#7927,#7928,#7929,#7930,#7931,#7932,#7933,#7934,
    #7935,#7936,#7937,#7938,#7939,#7940,#7941,#7942,#7943,#7944,#7945,
    #7946,#7947,#7948,#7949,#7950,#7951,#7952,#7953,#7954),
  .UNSPECIFIED.,.F.,.F.,(4,1,1,1,1,1,1,1,1,1,1,1,1,1,1,1,1,1,1,1,1,1,1,1
    ,1,1,1,1,1,1,1,1,1,1,1,1,1,1,1,1,1,1,1,1,1,1,1,1,1,1,1,1,1,1,1,1,1,1
    ,1,1,1,1,1,1,1,1,1,1,1,1,1,1,1,1,1,1,1,1,1,1,1,1,1,1,1,1,1,1,1,1,1,1
    ,1,1,1,1,1,1,1,1,1,1,1,1,1,1,1,1,1,1,1,1,1,1,1,1,1,1,1,1,1,1,1,1,1,1
    ,1,1,1,1,1,1,1,1,1,1,1,1,1,1,1,1,1,1,1,1,1,1,1,1,1,1,1,1,4),(0.,
    8.660873830141E-03,1.732174766028E-02,2.598262149042E-02,
    3.464349532056E-02,4.33043691507E-02,5.196524298084E-02,
    6.062611681098E-02,6.928699064112E-02,7.794786447126E-02,
    8.660873830141E-02,9.526961213155E-02,0.103930485962,0.112591359792,
    0.121252233622,0.129913107452,0.138573981282,0.147234855112,
    0.155895728943,0.164556602773,0.173217476603,0.181878350433,
    0.190539224263,0.199200098093,0.207860971923,0.216521845754,
    0.225182719584,0.233843593414,0.242504467244,0.251165341074,
    0.259826214904,0.268487088734,0.277147962564,0.285808836395,
    0.294469710225,0.303130584055,0.311791457885,0.320452331715,
    0.329113205545,0.337774079375,0.346434953206,0.355095827036,
    0.363756700866,0.372417574696,0.381078448526,0.389739322356,
    0.398400196186,0.407061070017,0.415721943847,0.424382817677,
    0.433043691507,0.441704565337,0.450365439167,0.459026312997,
    0.467687186828,0.476348060658,0.485008934488,0.493669808318,
    0.502330682148,0.510991555978,0.519652429808,0.528313303639,
    0.536974177469,0.545635051299,0.554295925129,0.562956798959,
    0.571617672789,0.580278546619,0.58893942045,0.59760029428,
    0.60626116811,0.61492204194,0.62358291577,0.6322437896,0.64090466343
    ,0.649565537261,0.658226411091,0.666887284921,0.675548158751,
    0.684209032581,0.692869906411,0.701530780241,0.710191654072,
    0.718852527902,0.727513401732,0.736174275562,0.744835149392,
    0.753496023222,0.762156897052,0.770817770883,0.779478644713,
    0.788139518543,0.796800392373,0.805461266203,0.814122140033,
    0.822783013863,0.831443887693,0.840104761524,0.848765635354,
    0.857426509184,0.866087383014,0.874748256844,0.883409130674,
    0.892070004504,0.900730878335,0.909391752165,0.918052625995,
    0.926713499825,0.935374373655,0.944035247485,0.952696121315,
    0.961356995146,0.970017868976,0.978678742806,0.987339616636,
    0.996000490466,1.004661364296,1.013322238126,1.021983111957,
    1.030643985787,1.039304859617,1.047965733447,1.056626607277,
    1.065287481107,1.073948354937,1.082609228768,1.091270102598,
    1.099930976428,1.108591850258,1.117252724088,1.125913597918,
    1.134574471748,1.143235345579,1.151896219409,1.160557093239,
    1.169217967069,1.177878840899,1.186539714729,1.195200588559,
    1.20386146239,1.21252233622,1.22118321005,1.22984408388,
    1.23850495771,1.24716583154,1.25582670537,1.264487579201,
    1.273148453031,1.281809326861,1.290470200691,1.299131074521,
    1.307791948351,1.316452822181,1.325113696012,1.333774569842),
  .QUASI_UNIFORM_KNOTS.);
#7798 = CARTESIAN_POINT('',(6.28318530718,4.604774020425));
#7799 = CARTESIAN_POINT('',(6.271178667046,4.604774022988));
#7800 = CARTESIAN_POINT('',(6.247169487708,4.604769879509));
#7801 = CARTESIAN_POINT('',(6.211144047067,4.604751280718));
#7802 = CARTESIAN_POINT('',(6.175082510389,4.604720347927));
#7803 = CARTESIAN_POINT('',(6.138962028211,4.604677175061));
#7804 = CARTESIAN_POINT('',(6.102760532093,4.604621888353));
#7805 = CARTESIAN_POINT('',(6.066456706093,4.604554652716));
#7806 = CARTESIAN_POINT('',(6.030029762446,4.604475673086));
#7807 = CARTESIAN_POINT('',(5.993459277239,4.604385197014));
#7808 = CARTESIAN_POINT('',(5.956725014801,4.604283516839));
#7809 = CARTESIAN_POINT('',(5.919806756249,4.604170971875));
#7810 = CARTESIAN_POINT('',(5.882684123323,4.604047950506));
#7811 = CARTESIAN_POINT('',(5.845336394715,4.60391489222));
#7812 = CARTESIAN_POINT('',(5.807742307855,4.603772289563));
#7813 = CARTESIAN_POINT('',(5.769879846034,4.603620690043));
#7814 = CARTESIAN_POINT('',(5.731725983604,4.603460697893));
#7815 = CARTESIAN_POINT('',(5.693256460584,4.603292976061));
#7816 = CARTESIAN_POINT('',(5.654445288303,4.60311824701));
#7817 = CARTESIAN_POINT('',(5.615265066263,4.602937297644));
#7818 = CARTESIAN_POINT('',(5.57568404542,4.602750968541));
#7819 = CARTESIAN_POINT('',(5.535699425181,4.602560318625));
#7820 = CARTESIAN_POINT('',(5.495286060849,4.602366385721));
#7821 = CARTESIAN_POINT('',(5.454424679934,4.602170321775));
#7822 = CARTESIAN_POINT('',(5.413096702409,4.60197336682));
#7823 = CARTESIAN_POINT('',(5.371285679404,4.601776854534));
#7824 = CARTESIAN_POINT('',(5.328976097791,4.601582205318));
#7825 = CARTESIAN_POINT('',(5.286156349065,4.601390937768));
#7826 = CARTESIAN_POINT('',(5.242820662509,4.601204659566));
#7827 = CARTESIAN_POINT('',(5.198966906792,4.601025052175));
#7828 = CARTESIAN_POINT('',(5.15459848236,4.600853855702));
#7829 = CARTESIAN_POINT('',(5.109727362422,4.60069285439));
#7830 = CARTESIAN_POINT('',(5.064363068822,4.600543815466));
#7831 = CARTESIAN_POINT('',(5.018530592667,4.600408515169));
#7832 = CARTESIAN_POINT('',(4.972275127076,4.600288698943));
#7833 = CARTESIAN_POINT('',(4.925642192292,4.600185971113));
#7834 = CARTESIAN_POINT('',(4.87868407549,4.600101773573));
#7835 = CARTESIAN_POINT('',(4.831459354907,4.600037340631));
#7836 = CARTESIAN_POINT('',(4.784035225444,4.599993659117));
#7837 = CARTESIAN_POINT('',(4.736486979191,4.599971428953));
#7838 = CARTESIAN_POINT('',(4.688907818046,4.59997101432));
#7839 = CARTESIAN_POINT('',(4.641359944901,4.599992435802));
#7840 = CARTESIAN_POINT('',(4.593933221361,4.600035374538));
#7841 = CARTESIAN_POINT('',(4.54670271868,4.60009917497));
#7842 = CARTESIAN_POINT('',(4.499735646789,4.600182890078));
#7843 = CARTESIAN_POINT('',(4.45309140882,4.600285318248));
#7844 = CARTESIAN_POINT('',(4.406823838056,4.600405040543));
#7845 = CARTESIAN_POINT('',(4.360979986204,4.600540467347));
#7846 = CARTESIAN_POINT('',(4.315609222821,4.600689849661));
#7847 = CARTESIAN_POINT('',(4.270727892097,4.600851444588));
#7848 = CARTESIAN_POINT('',(4.226349942222,4.601023472032));
#7849 = CARTESIAN_POINT('',(4.182486405203,4.601204146019));
#7850 = CARTESIAN_POINT('',(4.139141140494,4.601391714775));
#7851 = CARTESIAN_POINT('',(4.09631188217,4.601584484328));
#7852 = CARTESIAN_POINT('',(4.053993413541,4.601780827653));
#7853 = CARTESIAN_POINT('',(4.012173316824,4.601979210173));
#7854 = CARTESIAN_POINT('',(3.970836571569,4.602178188487));
#7855 = CARTESIAN_POINT('',(3.929966698062,4.60237640606));
#7856 = CARTESIAN_POINT('',(3.889545347678,4.602572597819));
#7857 = CARTESIAN_POINT('',(3.849552447238,4.602765591126));
#7858 = CARTESIAN_POINT('',(3.809965420072,4.602954312344));
#7859 = CARTESIAN_POINT('',(3.77076346268,4.603137760455));
#7860 = CARTESIAN_POINT('',(3.731923559032,4.603315027067));
#7861 = CARTESIAN_POINT('',(3.69342326713,4.603485275275));
#7862 = CARTESIAN_POINT('',(3.655240022307,4.603647741998));
#7863 = CARTESIAN_POINT('',(3.61735070522,4.603801739421));
#7864 = CARTESIAN_POINT('',(3.579733042426,4.603946640101));
#7865 = CARTESIAN_POINT('',(3.542364667916,4.604081879962));
#7866 = CARTESIAN_POINT('',(3.505223456419,4.60420695164));
#7867 = CARTESIAN_POINT('',(3.46828805156,4.60432140276));
#7868 = CARTESIAN_POINT('',(3.431537626884,4.604424831481));
#7869 = CARTESIAN_POINT('',(3.39494970126,4.604516890787));
#7870 = CARTESIAN_POINT('',(3.358503199889,4.60459727626));
#7871 = CARTESIAN_POINT('',(3.32217743483,4.604665727848));
#7872 = CARTESIAN_POINT('',(3.285952123433,4.604722028097));
#7873 = CARTESIAN_POINT('',(3.249807185164,4.604766001299));
#7874 = CARTESIAN_POINT('',(3.213722457887,4.604797512351));
#7875 = CARTESIAN_POINT('',(3.177677999258,4.604816465682));
#7876 = CARTESIAN_POINT('',(3.1416521395,4.604822804068));
#7877 = CARTESIAN_POINT('',(3.105627928763,4.604816507655));
#7878 = CARTESIAN_POINT('',(3.06958669447,4.604797598568));
#7879 = CARTESIAN_POINT('',(3.033505862957,4.60476613437));
#7880 = CARTESIAN_POINT('',(2.997364753776,4.604722210054));
#7881 = CARTESIAN_POINT('',(2.961142783867,4.604665959598));
#7882 = CARTESIAN_POINT('',(2.924819721076,4.604597557599));
#7883 = CARTESIAN_POINT('',(2.888375397744,4.60451722082));
#7884 = CARTESIAN_POINT('',(2.851789570887,4.604425209716));
#7885 = CARTESIAN_POINT('',(2.81504174006,4.604321829918));
#7886 = CARTESIAN_POINT('',(2.778110959358,4.604207433645));
#7887 = CARTESIAN_POINT('',(2.740975654133,4.604082421182));
#7888 = CARTESIAN_POINT('',(2.703613331817,4.603947241949));
#7889 = CARTESIAN_POINT('',(2.666000588302,4.603802396857));
#7890 = CARTESIAN_POINT('',(2.628111886488,4.603648435712));
#7891 = CARTESIAN_POINT('',(2.589929821984,4.603486003757));
#7892 = CARTESIAN_POINT('',(2.55143066404,4.603315786555));
#7893 = CARTESIAN_POINT('',(2.512592072989,4.603138547938));
#7894 = CARTESIAN_POINT('',(2.47339145276,4.602955123578));
#7895 = CARTESIAN_POINT('',(2.433805964262,4.602766422321));
#7896 = CARTESIAN_POINT('',(2.393814615932,4.602573443917));
#7897 = CARTESIAN_POINT('',(2.353394841892,4.602377261979));
#7898 = CARTESIAN_POINT('',(2.312526693871,4.602179049396));
#7899 = CARTESIAN_POINT('',(2.271191782186,4.601980070502));
#7900 = CARTESIAN_POINT('',(2.229373620716,4.601781681246));
#7901 = CARTESIAN_POINT('',(2.187056687009,4.60158532301));
#7902 = CARTESIAN_POINT('',(2.144229469669,4.601392533885));
#7903 = CARTESIAN_POINT('',(2.100886182724,4.601204938025));
#7904 = CARTESIAN_POINT('',(2.057024754381,4.601024230434));
#7905 = CARTESIAN_POINT('',(2.012648619911,4.600852160709));
#7906 = CARTESIAN_POINT('',(1.967769829204,4.600690518249));
#7907 = CARTESIAN_POINT('',(1.922397869132,4.600541069827));
#7908 = CARTESIAN_POINT('',(1.876558419585,4.600405587731));
#7909 = CARTESIAN_POINT('',(1.830296231726,4.600285803675));
#7910 = CARTESIAN_POINT('',(1.783656831553,4.600183303547));
#7911 = CARTESIAN_POINT('',(1.736692547278,4.600099504781));
#7912 = CARTESIAN_POINT('',(1.689462177963,4.600035611783));
#7913 = CARTESIAN_POINT('',(1.642033121994,4.599992576345));
#7914 = CARTESIAN_POINT('',(1.594481484225,4.59997105909));
#7915 = CARTESIAN_POINT('',(1.546899572647,4.599971380827));
#7916 = CARTESIAN_POINT('',(1.499349130628,4.599993520652));
#7917 = CARTESIAN_POINT('',(1.451921280604,4.600037116703));
#7918 = CARTESIAN_POINT('',(1.404690470935,4.60010147353));
#7919 = CARTESIAN_POINT('',(1.357723775475,4.600185608406));
#7920 = CARTESIAN_POINT('',(1.311080296734,4.600288289326));
#7921 = CARTESIAN_POINT('',(1.264813472156,4.600408073386));
#7922 = CARTESIAN_POINT('',(1.218970081178,4.600543352876));
#7923 = CARTESIAN_POINT('',(1.173598245007,4.600692371024));
#7924 = CARTESIAN_POINT('',(1.128721293954,4.600853353923));
#7925 = CARTESIAN_POINT('',(1.084346650479,4.601024541031));
#7926 = CARTESIAN_POINT('',(1.04048688319,4.601204145533));
#7927 = CARTESIAN_POINT('',(0.997145259077,4.601390427145));
#7928 = CARTESIAN_POINT('',(0.954319701298,4.601581703552));
#7929 = CARTESIAN_POINT('',(0.912004441651,4.601776366382));
#7930 = CARTESIAN_POINT('',(0.870187875001,4.601972896342));
#7931 = CARTESIAN_POINT('',(0.828854491514,4.602169872363));
#7932 = CARTESIAN_POINT('',(0.787987842485,4.602365960125));
#7933 = CARTESIAN_POINT('',(0.74756934673,4.602559918999));
#7934 = CARTESIAN_POINT('',(0.707579725706,4.602750596493));
#7935 = CARTESIAN_POINT('',(0.667993836653,4.602936954248));
#7936 = CARTESIAN_POINT('',(0.628808877679,4.603117932851));
#7937 = CARTESIAN_POINT('',(0.589993077022,4.60329269138));
#7938 = CARTESIAN_POINT('',(0.551519031748,4.603460442531));
#7939 = CARTESIAN_POINT('',(0.51336074536,4.603620463498));
#7940 = CARTESIAN_POINT('',(0.475493951607,4.603772091021));
#7941 = CARTESIAN_POINT('',(0.43789561829,4.603914720589));
#7942 = CARTESIAN_POINT('',(0.400543722351,4.604047804442));
#7943 = CARTESIAN_POINT('',(0.363416994909,4.604170849815));
#7944 = CARTESIAN_POINT('',(0.326494708361,4.604283417024));
#7945 = CARTESIAN_POINT('',(0.289756478074,4.604385117518));
#7946 = CARTESIAN_POINT('',(0.253182078637,4.604475611835));
#7947 = CARTESIAN_POINT('',(0.216751267582,4.604554607516));
#7948 = CARTESIAN_POINT('',(0.180443613826,4.604621856905));
#7949 = CARTESIAN_POINT('',(0.144238321946,4.604677154983));
#7950 = CARTESIAN_POINT('',(0.108114067738,4.60472033677));
#7951 = CARTESIAN_POINT('',(7.20487737478E-02,4.604751275978));
#7952 = CARTESIAN_POINT('',(3.601958076393E-02,4.604769878643));
#7953 = CARTESIAN_POINT('',(1.200789577088E-02,4.604774022989));
#7954 = CARTESIAN_POINT('',(0.,4.604774020425));
#7955 = ( GEOMETRIC_REPRESENTATION_CONTEXT(2) 
PARAMETRIC_REPRESENTATION_CONTEXT() REPRESENTATION_CONTEXT('2D SPACE',''
  ) );
#7956 = ADVANCED_FACE('',(#7957),#7791,.F.);
#7957 = FACE_BOUND('',#7958,.F.);
#7958 = EDGE_LOOP('',(#7959,#7960,#7983,#8425));
#7959 = ORIENTED_EDGE('',*,*,#7508,.T.);
#7960 = ORIENTED_EDGE('',*,*,#7961,.F.);
#7961 = EDGE_CURVE('',#7962,#7509,#7964,.T.);
#7962 = VERTEX_POINT('',#7963);
#7963 = CARTESIAN_POINT('',(-40.92957900319,58.537486380899,4.));
#7964 = SEAM_CURVE('',#7965,(#7969,#7976),.PCURVE_S1.);
#7965 = LINE('',#7966,#7967);
#7966 = CARTESIAN_POINT('',(-43.10429805334,58.900183468596,4.));
#7967 = VECTOR('',#7968,1.);
#7968 = DIRECTION('',(0.986375977927,-0.16450662652,0.));
#7969 = PCURVE('',#7791,#7970);
#7970 = DEFINITIONAL_REPRESENTATION('',(#7971),#7975);
#7971 = LINE('',#7972,#7973);
#7972 = CARTESIAN_POINT('',(0.,-0.));
#7973 = VECTOR('',#7974,1.);
#7974 = DIRECTION('',(0.,1.));
#7975 = ( GEOMETRIC_REPRESENTATION_CONTEXT(2) 
PARAMETRIC_REPRESENTATION_CONTEXT() REPRESENTATION_CONTEXT('2D SPACE',''
  ) );
#7976 = PCURVE('',#7791,#7977);
#7977 = DEFINITIONAL_REPRESENTATION('',(#7978),#7982);
#7978 = LINE('',#7979,#7980);
#7979 = CARTESIAN_POINT('',(6.28318530718,-0.));
#7980 = VECTOR('',#7981,1.);
#7981 = DIRECTION('',(0.,1.));
#7982 = ( GEOMETRIC_REPRESENTATION_CONTEXT(2) 
PARAMETRIC_REPRESENTATION_CONTEXT() REPRESENTATION_CONTEXT('2D SPACE',''
  ) );
#7983 = ORIENTED_EDGE('',*,*,#7984,.T.);
#7984 = EDGE_CURVE('',#7962,#7962,#7985,.T.);
#7985 = SURFACE_CURVE('',#7986,(#8103,#8264),.PCURVE_S1.);
#7986 = B_SPLINE_CURVE_WITH_KNOTS('',7,(#7987,#7988,#7989,#7990,#7991,
    #7992,#7993,#7994,#7995,#7996,#7997,#7998,#7999,#8000,#8001,#8002,
    #8003,#8004,#8005,#8006,#8007,#8008,#8009,#8010,#8011,#8012,#8013,
    #8014,#8015,#8016,#8017,#8018,#8019,#8020,#8021,#8022,#8023,#8024,
    #8025,#8026,#8027,#8028,#8029,#8030,#8031,#8032,#8033,#8034,#8035,
    #8036,#8037,#8038,#8039,#8040,#8041,#8042,#8043,#8044,#8045,#8046,
    #8047,#8048,#8049,#8050,#8051,#8052,#8053,#8054,#8055,#8056,#8057,
    #8058,#8059,#8060,#8061,#8062,#8063,#8064,#8065,#8066,#8067,#8068,
    #8069,#8070,#8071,#8072,#8073,#8074,#8075,#8076,#8077,#8078,#8079,
    #8080,#8081,#8082,#8083,#8084,#8085,#8086,#8087,#8088,#8089,#8090,
    #8091,#8092,#8093,#8094,#8095,#8096,#8097,#8098,#8099,#8100,#8101,
    #8102),.UNSPECIFIED.,.T.,.F.,(8,6,6,6,6,6,6,6,6,6,6,6,6,6,6,6,6,6,6,
    8),(0.,0.160335271489,0.217499360936,0.262252383763,0.333180125874,
    0.405115097459,0.449681314645,0.506763386803,0.549941988046,
    0.666970538293,0.751594381864,0.783905815931,0.827126444622,
    0.884334290527,0.929177751469,1.,1.072822265085,1.117075407356,
    1.174016594097,1.333435558743),.UNSPECIFIED.);
#7987 = CARTESIAN_POINT('',(-40.92957900319,58.537486380899,4.));
#7988 = CARTESIAN_POINT('',(-40.92957900319,58.537486380899,
    3.837991328115));
#7989 = CARTESIAN_POINT('',(-40.92671515855,58.555269108388,
    3.676174474706));
#7990 = CARTESIAN_POINT('',(-40.92099855133,58.590765432252,
    3.515605114274));
#7991 = CARTESIAN_POINT('',(-40.91235952304,58.644367175267,
    3.357682897902));
#7992 = CARTESIAN_POINT('',(-40.90069408132,58.716634508098,
    3.204212192253));
#7993 = CARTESIAN_POINT('',(-40.88589213357,58.808116060604,
    3.05734398439));
#7994 = CARTESIAN_POINT('',(-40.86129777751,58.959612393624,
    2.870819692317));
#7995 = CARTESIAN_POINT('',(-40.85441455824,59.001972926463,
    2.823016843268));
#7996 = CARTESIAN_POINT('',(-40.84710616409,59.046904848987,
    2.77657130403));
#7997 = CARTESIAN_POINT('',(-40.8393679057,59.094427027359,
    2.731642750312));
#7998 = CARTESIAN_POINT('',(-40.83119716533,59.144544618083,
    2.688410994079));
#7999 = CARTESIAN_POINT('',(-40.82259421107,59.197244247302,
    2.647073510333));
#8000 = CARTESIAN_POINT('',(-40.80649260169,59.295739737956,
    2.577129878866));
#8001 = CARTESIAN_POINT('',(-40.79916012269,59.340547848362,
    2.547709989095));
#8002 = CARTESIAN_POINT('',(-40.79156797308,59.386892941506,
    2.519686412782));
#8003 = CARTESIAN_POINT('',(-40.78372066032,59.434741267482,
    2.49317079142));
#8004 = CARTESIAN_POINT('',(-40.77562534584,59.484042840919,
    2.468279841293));
#8005 = CARTESIAN_POINT('',(-40.76729239059,59.534728375598,
    2.445131904969));
#8006 = CARTESIAN_POINT('',(-40.74517497294,59.669084365727,
    2.390104143885));
#8007 = CARTESIAN_POINT('',(-40.73104695171,59.754742681337,
    2.361021197983));
#8008 = CARTESIAN_POINT('',(-40.71641708331,59.843261022174,
    2.337089098448));
#8009 = CARTESIAN_POINT('',(-40.70137003987,59.9341046247,2.318746193377
    ));
#8010 = CARTESIAN_POINT('',(-40.68601196878,60.026615370642,
    2.306345648625));
#8011 = CARTESIAN_POINT('',(-40.6704722568,60.120004821857,
    2.300100225869));
#8012 = CARTESIAN_POINT('',(-40.63911669419,60.30801878894,
    2.299900235557));
#8013 = CARTESIAN_POINT('',(-40.62328450452,60.402735258647,
    2.306121349447));
#8014 = CARTESIAN_POINT('',(-40.60756684606,60.496547807084,
    2.318675472696));
#8015 = CARTESIAN_POINT('',(-40.59210195832,60.588639967883,
    2.337344006543));
#8016 = CARTESIAN_POINT('',(-40.57700794308,60.678325750458,
    2.361759978751));
#8017 = CARTESIAN_POINT('',(-40.56238304414,60.765044285646,
    2.391463104431));
#8018 = CARTESIAN_POINT('',(-40.53958507,60.899965325603,2.447280990528)
  );
#8019 = CARTESIAN_POINT('',(-40.53107117706,60.950287538895,
    2.470469192903));
#8020 = CARTESIAN_POINT('',(-40.52278047442,60.999230632572,
    2.495377928137));
#8021 = CARTESIAN_POINT('',(-40.51472531331,61.046727628689,
    2.52189043184));
#8022 = CARTESIAN_POINT('',(-40.50691488799,61.092730377497,
    2.549891678401));
#8023 = CARTESIAN_POINT('',(-40.49935570254,61.137206554418,
    2.579271718079));
#8024 = CARTESIAN_POINT('',(-40.48269723154,61.235123132597,
    2.649196021606));
#8025 = CARTESIAN_POINT('',(-40.47376230549,61.287569163801,
    2.690555444044));
#8026 = CARTESIAN_POINT('',(-40.46525525139,61.337439807986,
    2.733796125346));
#8027 = CARTESIAN_POINT('',(-40.45718005214,61.384723028265,
    2.77872205561));
#8028 = CARTESIAN_POINT('',(-40.44953746189,61.429424944485,
    2.825154788171));
#8029 = CARTESIAN_POINT('',(-40.44232578623,61.471565084221,
    2.872935856668));
#8030 = CARTESIAN_POINT('',(-40.43040994652,61.541131222563,
    2.958989228901));
#8031 = CARTESIAN_POINT('',(-40.42552314461,61.569639534286,
    2.996741087633));
#8032 = CARTESIAN_POINT('',(-40.42087983007,61.596708614945,
    3.035124754035));
#8033 = CARTESIAN_POINT('',(-40.41647844535,61.622350969692,
    3.074084557604));
#8034 = CARTESIAN_POINT('',(-40.41231730193,61.646579562817,
    3.113569171608));
#8035 = CARTESIAN_POINT('',(-40.40839458035,61.669407817753,
    3.153531613083));
#8036 = CARTESIAN_POINT('',(-40.39471735082,61.748964113998,
    3.303420423812));
#8037 = CARTESIAN_POINT('',(-40.38646734081,61.796871357332,
    3.416067811777));
#8038 = CARTESIAN_POINT('',(-40.37991407052,61.834879418421,
    3.531072797283));
#8039 = CARTESIAN_POINT('',(-40.37502850472,61.863192373992,3.6477405691
    ));
#8040 = CARTESIAN_POINT('',(-40.37178837167,61.881962148353,
    3.765457334833));
#8041 = CARTESIAN_POINT('',(-40.37017873418,61.891286683644,
    3.883678710804));
#8042 = CARTESIAN_POINT('',(-40.37021807049,61.891058810861,
    4.087436772716));
#8043 = CARTESIAN_POINT('',(-40.37108814749,61.886018507943,
    4.172934546248));
#8044 = CARTESIAN_POINT('',(-40.37281159761,61.876034627852,
    4.258230944699));
#8045 = CARTESIAN_POINT('',(-40.37539210339,61.861082650287,
    4.343121553564));
#8046 = CARTESIAN_POINT('',(-40.37883594885,61.841119840012,
    4.42738821955));
#8047 = CARTESIAN_POINT('',(-40.38315197914,61.816085259981,
    4.510796996298));
#8048 = CARTESIAN_POINT('',(-40.3903385959,61.774364025787,
    4.624518395822));
#8049 = CARTESIAN_POINT('',(-40.39245331936,61.762084025658,
    4.655778780901));
#8050 = CARTESIAN_POINT('',(-40.39469762802,61.749047821634,
    4.686861601864));
#8051 = CARTESIAN_POINT('',(-40.39707221165,61.735250585526,
    4.717751407091));
#8052 = CARTESIAN_POINT('',(-40.39957778959,61.720687232683,
    4.74843186392));
#8053 = CARTESIAN_POINT('',(-40.40221511075,61.705352421987,
    4.778885758645));
#8054 = CARTESIAN_POINT('',(-40.40868996871,61.667688897651,
    4.849503671986));
#8055 = CARTESIAN_POINT('',(-40.41263200893,61.644747404825,
    4.889473984084));
#8056 = CARTESIAN_POINT('',(-40.41681303308,61.620402126303,
    4.928963024723));
#8057 = CARTESIAN_POINT('',(-40.4212348641,61.594639597259,
    4.967923503927));
#8058 = CARTESIAN_POINT('',(-40.42589918905,61.567446839123,
    5.006303749836));
#8059 = CARTESIAN_POINT('',(-40.43080755914,61.538811359579,
    5.044047708702));
#8060 = CARTESIAN_POINT('',(-40.44278312174,61.468893043208,
    5.130131542546));
#8061 = CARTESIAN_POINT('',(-40.45003440862,61.426519102312,
    5.177944283158));
#8062 = CARTESIAN_POINT('',(-40.45771859808,61.381571141984,
    5.224395648369));
#8063 = CARTESIAN_POINT('',(-40.46583732839,61.334029861468,
    5.269325414071));
#8064 = CARTESIAN_POINT('',(-40.47438973069,61.283889705797,
    5.312553149279));
#8065 = CARTESIAN_POINT('',(-40.48337163125,61.231163724446,
    5.353880714992));
#8066 = CARTESIAN_POINT('',(-40.50014557061,61.132559836344,
    5.42383344244));
#8067 = CARTESIAN_POINT('',(-40.50777478259,61.087667314745,
    5.453271636451));
#8068 = CARTESIAN_POINT('',(-40.51565790528,61.041231449174,
    5.481305501252));
#8069 = CARTESIAN_POINT('',(-40.52378815138,60.993286112732,
    5.507822619299));
#8070 = CARTESIAN_POINT('',(-40.53215594763,60.943881578216,
    5.532705499484));
#8071 = CARTESIAN_POINT('',(-40.54074845186,60.893087628699,
    5.555835077274));
#8072 = CARTESIAN_POINT('',(-40.56344807652,60.75872828652,
    5.610669230977));
#8073 = CARTESIAN_POINT('',(-40.5778716536,60.673192397636,
    5.639592534072));
#8074 = CARTESIAN_POINT('',(-40.59274533743,60.584806788869,
    5.663373297456));
#8075 = CARTESIAN_POINT('',(-40.60797594317,60.49410355361,
    5.681576429894));
#8076 = CARTESIAN_POINT('',(-40.62345068849,60.401737903143,
    5.693851819303));
#8077 = CARTESIAN_POINT('',(-40.63903660345,60.308495233044,
    5.699989392257));
#8078 = CARTESIAN_POINT('',(-40.6705628007,60.119465726192,
    5.700010885619));
#8079 = CARTESIAN_POINT('',(-40.68651667597,60.023585374485,
    5.693543900646));
#8080 = CARTESIAN_POINT('',(-40.70227728416,59.928642018698,
    5.680589433737));
#8081 = CARTESIAN_POINT('',(-40.71770597138,59.835480830703,
    5.661379160605));
#8082 = CARTESIAN_POINT('',(-40.73268870703,59.744809303864,
    5.636299002854));
#8083 = CARTESIAN_POINT('',(-40.74713446417,59.65720296378,
    5.605830260096));
#8084 = CARTESIAN_POINT('',(-40.76938293441,59.52201264061,
    5.549060653745));
#8085 = CARTESIAN_POINT('',(-40.77757152198,59.472192209109,
    5.525806131703));
#8086 = CARTESIAN_POINT('',(-40.78552597331,59.423736881932,
    5.500868245961));
#8087 = CARTESIAN_POINT('',(-40.79323672952,59.376710880701,
    5.474361146451));
#8088 = CARTESIAN_POINT('',(-40.80069722345,59.331160354869,
    5.446397068421));
#8089 = CARTESIAN_POINT('',(-40.80790336932,59.287116253997,
    5.417083175264));
#8090 = CARTESIAN_POINT('',(-40.82379531484,59.189887290931,
    5.347190244945));
#8091 = CARTESIAN_POINT('',(-40.83231231248,59.13770631549,
    5.305794060699));
#8092 = CARTESIAN_POINT('',(-40.8404005159,59.088088117839,
    5.262538469696));
#8093 = CARTESIAN_POINT('',(-40.84805992692,59.041044211384,
    5.217617023933));
#8094 = CARTESIAN_POINT('',(-40.85529329926,58.996568399367,
    5.171205881871));
#8095 = CARTESIAN_POINT('',(-40.86210535907,58.954641395411,
    5.123461484002));
#8096 = CARTESIAN_POINT('',(-40.8864108537,58.804910100971,
    4.937491173316));
#8097 = CARTESIAN_POINT('',(-40.90103456402,58.714525183305,
    4.791292175685));
#8098 = CARTESIAN_POINT('',(-40.91256107638,58.643116607622,
    4.638619205737));
#8099 = CARTESIAN_POINT('',(-40.92109860944,58.590144142752,
    4.481576599915));
#8100 = CARTESIAN_POINT('',(-40.92674864217,58.555061194023,
    4.321931374395));
#8101 = CARTESIAN_POINT('',(-40.92957900319,58.537486380899,
    4.161058638303));
#8102 = CARTESIAN_POINT('',(-40.92957900319,58.537486380899,4.));
#8103 = PCURVE('',#7791,#8104);
#8104 = DEFINITIONAL_REPRESENTATION('',(#8105),#8263);
#8105 = B_SPLINE_CURVE_WITH_KNOTS('',3,(#8106,#8107,#8108,#8109,#8110,
    #8111,#8112,#8113,#8114,#8115,#8116,#8117,#8118,#8119,#8120,#8121,
    #8122,#8123,#8124,#8125,#8126,#8127,#8128,#8129,#8130,#8131,#8132,
    #8133,#8134,#8135,#8136,#8137,#8138,#8139,#8140,#8141,#8142,#8143,
    #8144,#8145,#8146,#8147,#8148,#8149,#8150,#8151,#8152,#8153,#8154,
    #8155,#8156,#8157,#8158,#8159,#8160,#8161,#8162,#8163,#8164,#8165,
    #8166,#8167,#8168,#8169,#8170,#8171,#8172,#8173,#8174,#8175,#8176,
    #8177,#8178,#8179,#8180,#8181,#8182,#8183,#8184,#8185,#8186,#8187,
    #8188,#8189,#8190,#8191,#8192,#8193,#8194,#8195,#8196,#8197,#8198,
    #8199,#8200,#8201,#8202,#8203,#8204,#8205,#8206,#8207,#8208,#8209,
    #8210,#8211,#8212,#8213,#8214,#8215,#8216,#8217,#8218,#8219,#8220,
    #8221,#8222,#8223,#8224,#8225,#8226,#8227,#8228,#8229,#8230,#8231,
    #8232,#8233,#8234,#8235,#8236,#8237,#8238,#8239,#8240,#8241,#8242,
    #8243,#8244,#8245,#8246,#8247,#8248,#8249,#8250,#8251,#8252,#8253,
    #8254,#8255,#8256,#8257,#8258,#8259,#8260,#8261,#8262),
  .UNSPECIFIED.,.F.,.F.,(4,1,1,1,1,1,1,1,1,1,1,1,1,1,1,1,1,1,1,1,1,1,1,1
    ,1,1,1,1,1,1,1,1,1,1,1,1,1,1,1,1,1,1,1,1,1,1,1,1,1,1,1,1,1,1,1,1,1,1
    ,1,1,1,1,1,1,1,1,1,1,1,1,1,1,1,1,1,1,1,1,1,1,1,1,1,1,1,1,1,1,1,1,1,1
    ,1,1,1,1,1,1,1,1,1,1,1,1,1,1,1,1,1,1,1,1,1,1,1,1,1,1,1,1,1,1,1,1,1,1
    ,1,1,1,1,1,1,1,1,1,1,1,1,1,1,1,1,1,1,1,1,1,1,1,1,1,1,1,1,4),(0.,
    8.658672459367E-03,1.731734491873E-02,2.59760173781E-02,
    3.463468983747E-02,4.329336229684E-02,5.19520347562E-02,
    6.061070721557E-02,6.926937967494E-02,7.792805213431E-02,
    8.658672459367E-02,9.524539705304E-02,0.103904069512,0.112562741972,
    0.121221414431,0.129880086891,0.13853875935,0.147197431809,
    0.155856104269,0.164514776728,0.173173449187,0.181832121647,
    0.190490794106,0.199149466565,0.207808139025,0.216466811484,
    0.225125483944,0.233784156403,0.242442828862,0.251101501322,
    0.259760173781,0.26841884624,0.2770775187,0.285736191159,
    0.294394863618,0.303053536078,0.311712208537,0.320370880997,
    0.329029553456,0.337688225915,0.346346898375,0.355005570834,
    0.363664243293,0.372322915753,0.380981588212,0.389640260672,
    0.398298933131,0.40695760559,0.41561627805,0.424274950509,
    0.432933622968,0.441592295428,0.450250967887,0.458909640346,
    0.467568312806,0.476226985265,0.484885657725,0.493544330184,
    0.502203002643,0.510861675103,0.519520347562,0.528179020021,
    0.536837692481,0.54549636494,0.5541550374,0.562813709859,
    0.571472382318,0.580131054778,0.588789727237,0.597448399696,
    0.606107072156,0.614765744615,0.623424417074,0.632083089534,
    0.640741761993,0.649400434453,0.658059106912,0.666717779371,
    0.675376451831,0.68403512429,0.692693796749,0.701352469209,
    0.710011141668,0.718669814127,0.727328486587,0.735987159046,
    0.744645831506,0.753304503965,0.761963176424,0.770621848884,
    0.779280521343,0.787939193802,0.796597866262,0.805256538721,
    0.813915211181,0.82257388364,0.831232556099,0.839891228559,
    0.848549901018,0.857208573477,0.865867245937,0.874525918396,
    0.883184590855,0.891843263315,0.900501935774,0.909160608234,
    0.917819280693,0.926477953152,0.935136625612,0.943795298071,
    0.95245397053,0.96111264299,0.969771315449,0.978429987909,
    0.987088660368,0.995747332827,1.004406005287,1.013064677746,
    1.021723350205,1.030382022665,1.039040695124,1.047699367583,
    1.056358040043,1.065016712502,1.073675384962,1.082334057421,
    1.09099272988,1.09965140234,1.108310074799,1.116968747258,
    1.125627419718,1.134286092177,1.142944764637,1.151603437096,
    1.160262109555,1.168920782015,1.177579454474,1.186238126933,
    1.194896799393,1.203555471852,1.212214144311,1.220872816771,
    1.22953148923,1.23819016169,1.246848834149,1.255507506608,
    1.264166179068,1.272824851527,1.281483523986,1.290142196446,
    1.298800868905,1.307459541364,1.316118213824,1.324776886283,
    1.333435558743),.QUASI_UNIFORM_KNOTS.);
#8106 = CARTESIAN_POINT('',(0.,2.20475670415));
#8107 = CARTESIAN_POINT('',(1.200838225773E-02,2.204756706687));
#8108 = CARTESIAN_POINT('',(3.602095091383E-02,2.20475259685));
#8109 = CARTESIAN_POINT('',(7.20512748327E-02,2.204734149298));
#8110 = CARTESIAN_POINT('',(0.108117583394,2.204703468333));
#8111 = CARTESIAN_POINT('',(0.144242797123,2.204660647257));
#8112 = CARTESIAN_POINT('',(0.180449044286,2.2046058114));
#8113 = CARTESIAN_POINT('',(0.216757688253,2.204539124458));
#8114 = CARTESIAN_POINT('',(0.253189552783,2.204460789843));
#8115 = CARTESIAN_POINT('',(0.289765086612,2.204371053285));
#8116 = CARTESIAN_POINT('',(0.326504539343,2.204270204997));
#8117 = CARTESIAN_POINT('',(0.363428132889,2.204158581874));
#8118 = CARTESIAN_POINT('',(0.400556237543,2.204036569581));
#8119 = CARTESIAN_POINT('',(0.437909554825,2.203904604592));
#8120 = CARTESIAN_POINT('',(0.475509316226,2.203763176133));
#8121 = CARTESIAN_POINT('',(0.513377490296,2.203612828111));
#8122 = CARTESIAN_POINT('',(0.551537053699,2.203454160788));
#8123 = CARTESIAN_POINT('',(0.590012149248,2.203287833075));
#8124 = CARTESIAN_POINT('',(0.628828823541,2.203114562178));
#8125 = CARTESIAN_POINT('',(0.668013792834,2.202935132821));
#8126 = CARTESIAN_POINT('',(0.70760079262,2.202750370386));
#8127 = CARTESIAN_POINT('',(0.747592736073,2.202561325583));
#8128 = CARTESIAN_POINT('',(0.78801322494,2.202369035791));
#8129 = CARTESIAN_POINT('',(0.828882069056,2.20217464226));
#8130 = CARTESIAN_POINT('',(0.870217711023,2.201979376933));
#8131 = CARTESIAN_POINT('',(0.912036634118,2.201784563895));
#8132 = CARTESIAN_POINT('',(0.954353920377,2.201591614683));
#8133 = CARTESIAN_POINT('',(0.997181966255,2.20140203352));
#8134 = CARTESIAN_POINT('',(1.040526051307,2.201217418425));
#8135 = CARTESIAN_POINT('',(1.084388492403,2.201039437189));
#8136 = CARTESIAN_POINT('',(1.128765463841,2.200869818745));
#8137 = CARTESIAN_POINT('',(1.173646080225,2.200710329921));
#8138 = CARTESIAN_POINT('',(1.219016159096,2.200562738664));
#8139 = CARTESIAN_POINT('',(1.264856022867,2.200428788811));
#8140 = CARTESIAN_POINT('',(1.311119556353,2.200310215214));
#8141 = CARTESIAN_POINT('',(1.357760895219,2.20020861009));
#8142 = CARTESIAN_POINT('',(1.404727112089,2.200125404283));
#8143 = CARTESIAN_POINT('',(1.45195894024,2.200061821169));
#8144 = CARTESIAN_POINT('',(1.499388510905,2.200018836997));
#8145 = CARTESIAN_POINT('',(1.546939600152,2.199997141879));
#8146 = CARTESIAN_POINT('',(1.594519117207,2.199997090749));
#8147 = CARTESIAN_POINT('',(1.64206761502,2.200018700432));
#8148 = CARTESIAN_POINT('',(1.689494043421,2.200061651275));
#8149 = CARTESIAN_POINT('',(1.736723844465,2.200125289939));
#8150 = CARTESIAN_POINT('',(1.783689851699,2.200208674486));
#8151 = CARTESIAN_POINT('',(1.83033283204,2.200310610933));
#8152 = CARTESIAN_POINT('',(1.876599094377,2.200429690219));
#8153 = CARTESIAN_POINT('',(1.922441778387,2.200564334529));
#8154 = CARTESIAN_POINT('',(1.967811656388,2.20071280827));
#8155 = CARTESIAN_POINT('',(2.012689937793,2.200873373015));
#8156 = CARTESIAN_POINT('',(2.057065246179,2.201044270401));
#8157 = CARTESIAN_POINT('',(2.100925962944,2.201223726558));
#8158 = CARTESIAN_POINT('',(2.144268466713,2.201410004769));
#8159 = CARTESIAN_POINT('',(2.187094977212,2.201601424413));
#8160 = CARTESIAN_POINT('',(2.229410906487,2.201796372769));
#8161 = CARTESIAN_POINT('',(2.271228365903,2.201993326676));
#8162 = CARTESIAN_POINT('',(2.312562571486,2.20219085551));
#8163 = CARTESIAN_POINT('',(2.353430013964,2.202387614329));
#8164 = CARTESIAN_POINT('',(2.393849063021,2.202582349005));
#8165 = CARTESIAN_POINT('',(2.433839742506,2.202773896711));
#8166 = CARTESIAN_POINT('',(2.473424640261,2.202961193038));
#8167 = CARTESIAN_POINT('',(2.51262462097,2.203143245946));
#8168 = CARTESIAN_POINT('',(2.551462640098,2.203319154733));
#8169 = CARTESIAN_POINT('',(2.589961204251,2.203488090193));
#8170 = CARTESIAN_POINT('',(2.628142760235,2.203649295467));
#8171 = CARTESIAN_POINT('',(2.666030776336,2.203802089961));
#8172 = CARTESIAN_POINT('',(2.703642675327,2.203945833813));
#8173 = CARTESIAN_POINT('',(2.741004361147,2.204079983461));
#8174 = CARTESIAN_POINT('',(2.778139089867,2.204204041609));
#8175 = CARTESIAN_POINT('',(2.815069353898,2.204317562676));
#8176 = CARTESIAN_POINT('',(2.851816697061,2.204420149692));
#8177 = CARTESIAN_POINT('',(2.88840205075,2.204511453421));
#8178 = CARTESIAN_POINT('',(2.924845903881,2.204591170848));
#8179 = CARTESIAN_POINT('',(2.961168494004,2.204659043772));
#8180 = CARTESIAN_POINT('',(2.997389987886,2.204714857326));
#8181 = CARTESIAN_POINT('',(3.033530622821,2.204758438462));
#8182 = CARTESIAN_POINT('',(3.069610987999,2.204789654395));
#8183 = CARTESIAN_POINT('',(3.105651789946,2.204808410981));
#8184 = CARTESIAN_POINT('',(3.141675578845,2.204814651172));
#8185 = CARTESIAN_POINT('',(3.177701215531,2.204808352973));
#8186 = CARTESIAN_POINT('',(3.21374540402,2.204789536058));
#8187 = CARTESIAN_POINT('',(3.249829882192,2.204758257204));
#8188 = CARTESIAN_POINT('',(3.285974578214,2.204714611187));
#8189 = CARTESIAN_POINT('',(3.322199660653,2.204658731978));
#8190 = CARTESIAN_POINT('',(3.358525209538,2.204590793812));
#8191 = CARTESIAN_POINT('',(3.394971507536,2.204511012312));
#8192 = CARTESIAN_POINT('',(3.431559240876,2.204419645345));
#8193 = CARTESIAN_POINT('',(3.468309482374,2.204316994775));
#8194 = CARTESIAN_POINT('',(3.50524470704,2.204203404717));
#8195 = CARTESIAN_POINT('',(3.542385749296,2.204079273617));
#8196 = CARTESIAN_POINT('',(3.579753963442,2.203945050058));
#8197 = CARTESIAN_POINT('',(3.617371474895,2.203801237153));
#8198 = CARTESIAN_POINT('',(3.655260649547,2.203648394261));
#8199 = CARTESIAN_POINT('',(3.69344375967,2.203487143598));
#8200 = CARTESIAN_POINT('',(3.731943924475,2.203318167242));
#8201 = CARTESIAN_POINT('',(3.770783708915,2.203142221935));
#8202 = CARTESIAN_POINT('',(3.809985553114,2.202960137658));
#8203 = CARTESIAN_POINT('',(3.849572474244,2.202772815291));
#8204 = CARTESIAN_POINT('',(3.889565273308,2.202581247621));
#8205 = CARTESIAN_POINT('',(3.929986525501,2.202386499468));
#8206 = CARTESIAN_POINT('',(3.970856305117,2.202189733868));
#8207 = CARTESIAN_POINT('',(4.01219295908,2.201992205592));
#8208 = CARTESIAN_POINT('',(4.054012965739,2.201795260168));
#8209 = CARTESIAN_POINT('',(4.096331337076,2.20160032935));
#8210 = CARTESIAN_POINT('',(4.139160501342,2.201408935304));
#8211 = CARTESIAN_POINT('',(4.182505664095,2.201222692077));
#8212 = CARTESIAN_POINT('',(4.226369104519,2.201043280073));
#8213 = CARTESIAN_POINT('',(4.270746902021,2.200872437424));
#8214 = CARTESIAN_POINT('',(4.315628235185,2.200711935241));
#8215 = CARTESIAN_POINT('',(4.360998348353,2.20056354273));
#8216 = CARTESIAN_POINT('',(4.406837587648,2.200428997405));
#8217 = CARTESIAN_POINT('',(4.453100100257,2.200310021644));
#8218 = CARTESIAN_POINT('',(4.499740046585,2.200208190067));
#8219 = CARTESIAN_POINT('',(4.546704548382,2.200124910234));
#8220 = CARTESIAN_POINT('',(4.593934355499,2.200061377195));
#8221 = CARTESIAN_POINT('',(4.641361565032,2.200018534458));
#8222 = CARTESIAN_POINT('',(4.688910007534,2.199997035926));
#8223 = CARTESIAN_POINT('',(4.736486200567,2.199997198013));
#8224 = CARTESIAN_POINT('',(4.784030703137,2.200018998004));
#8225 = CARTESIAN_POINT('',(4.831452573448,2.200062077702));
#8226 = CARTESIAN_POINT('',(4.878677133113,2.200125747262));
#8227 = CARTESIAN_POINT('',(4.925637301278,2.200209032031));
#8228 = CARTESIAN_POINT('',(4.972273998972,2.200310710237));
#8229 = CARTESIAN_POINT('',(5.018533874556,2.200429351205));
#8230 = CARTESIAN_POINT('',(5.064370279563,2.200563361147));
#8231 = CARTESIAN_POINT('',(5.109735241507,2.200710998699));
#8232 = CARTESIAN_POINT('',(5.154605786505,2.200870506393));
#8233 = CARTESIAN_POINT('',(5.198973981983,2.201040136933));
#8234 = CARTESIAN_POINT('',(5.242827423066,2.201218119187));
#8235 = CARTESIAN_POINT('',(5.286162818926,2.201402727484));
#8236 = CARTESIAN_POINT('',(5.328982282169,2.201592293868));
#8237 = CARTESIAN_POINT('',(5.371291556857,2.201785223427));
#8238 = CARTESIAN_POINT('',(5.413102304154,2.201980009874));
#8239 = CARTESIAN_POINT('',(5.45443001014,2.202175243991));
#8240 = CARTESIAN_POINT('',(5.495291125263,2.202369602631));
#8241 = CARTESIAN_POINT('',(5.535704221934,2.202561855476));
#8242 = CARTESIAN_POINT('',(5.57568859999,2.202750859732));
#8243 = CARTESIAN_POINT('',(5.615269327255,2.202935585326));
#8244 = CARTESIAN_POINT('',(5.654449189,2.203114981573));
#8245 = CARTESIAN_POINT('',(5.693260073494,2.203288215025));
#8246 = CARTESIAN_POINT('',(5.731729329015,2.203454504586));
#8247 = CARTESIAN_POINT('',(5.769882946377,2.203613133354));
#8248 = CARTESIAN_POINT('',(5.807745175648,2.203763443423));
#8249 = CARTESIAN_POINT('',(5.845339037848,2.20390483517));
#8250 = CARTESIAN_POINT('',(5.882686545354,2.204036765257));
#8251 = CARTESIAN_POINT('',(5.919808957764,2.20415874489));
#8252 = CARTESIAN_POINT('',(5.956726994302,2.204270337926));
#8253 = CARTESIAN_POINT('',(5.993461032041,2.204371158934));
#8254 = CARTESIAN_POINT('',(6.030031289508,2.204460871179));
#8255 = CARTESIAN_POINT('',(6.066458002839,2.204539184541));
#8256 = CARTESIAN_POINT('',(6.102761597247,2.204605853346));
#8257 = CARTESIAN_POINT('',(6.138962862657,2.204660674211));
#8258 = CARTESIAN_POINT('',(6.175083118061,2.204703483467));
#8259 = CARTESIAN_POINT('',(6.211144435905,2.204734155829));
#8260 = CARTESIAN_POINT('',(6.247169670523,2.204752598078));
#8261 = CARTESIAN_POINT('',(6.271178725217,2.204756706694));
#8262 = CARTESIAN_POINT('',(6.28318530718,2.20475670415));
#8263 = ( GEOMETRIC_REPRESENTATION_CONTEXT(2) 
PARAMETRIC_REPRESENTATION_CONTEXT() REPRESENTATION_CONTEXT('2D SPACE',''
  ) );
#8264 = PCURVE('',#116,#8265);
#8265 = DEFINITIONAL_REPRESENTATION('',(#8266),#8424);
#8266 = B_SPLINE_CURVE_WITH_KNOTS('',3,(#8267,#8268,#8269,#8270,#8271,
    #8272,#8273,#8274,#8275,#8276,#8277,#8278,#8279,#8280,#8281,#8282,
    #8283,#8284,#8285,#8286,#8287,#8288,#8289,#8290,#8291,#8292,#8293,
    #8294,#8295,#8296,#8297,#8298,#8299,#8300,#8301,#8302,#8303,#8304,
    #8305,#8306,#8307,#8308,#8309,#8310,#8311,#8312,#8313,#8314,#8315,
    #8316,#8317,#8318,#8319,#8320,#8321,#8322,#8323,#8324,#8325,#8326,
    #8327,#8328,#8329,#8330,#8331,#8332,#8333,#8334,#8335,#8336,#8337,
    #8338,#8339,#8340,#8341,#8342,#8343,#8344,#8345,#8346,#8347,#8348,
    #8349,#8350,#8351,#8352,#8353,#8354,#8355,#8356,#8357,#8358,#8359,
    #8360,#8361,#8362,#8363,#8364,#8365,#8366,#8367,#8368,#8369,#8370,
    #8371,#8372,#8373,#8374,#8375,#8376,#8377,#8378,#8379,#8380,#8381,
    #8382,#8383,#8384,#8385,#8386,#8387,#8388,#8389,#8390,#8391,#8392,
    #8393,#8394,#8395,#8396,#8397,#8398,#8399,#8400,#8401,#8402,#8403,
    #8404,#8405,#8406,#8407,#8408,#8409,#8410,#8411,#8412,#8413,#8414,
    #8415,#8416,#8417,#8418,#8419,#8420,#8421,#8422,#8423),
  .UNSPECIFIED.,.T.,.F.,(4,1,1,1,1,1,1,1,1,1,1,1,1,1,1,1,1,1,1,1,1,1,1,1
    ,1,1,1,1,1,1,1,1,1,1,1,1,1,1,1,1,1,1,1,1,1,1,1,1,1,1,1,1,1,1,1,1,1,1
    ,1,1,1,1,1,1,1,1,1,1,1,1,1,1,1,1,1,1,1,1,1,1,1,1,1,1,1,1,1,1,1,1,1,1
    ,1,1,1,1,1,1,1,1,1,1,1,1,1,1,1,1,1,1,1,1,1,1,1,1,1,1,1,1,1,1,1,1,1,1
    ,1,1,1,1,1,1,1,1,1,1,1,1,1,1,1,1,1,1,1,1,1,1,1,1,1,1,1,1,4),(0.,
    8.658672459367E-03,1.731734491873E-02,2.59760173781E-02,
    3.463468983747E-02,4.329336229684E-02,5.19520347562E-02,
    6.061070721557E-02,6.926937967494E-02,7.792805213431E-02,
    8.658672459367E-02,9.524539705304E-02,0.103904069512,0.112562741972,
    0.121221414431,0.129880086891,0.13853875935,0.147197431809,
    0.155856104269,0.164514776728,0.173173449187,0.181832121647,
    0.190490794106,0.199149466565,0.207808139025,0.216466811484,
    0.225125483944,0.233784156403,0.242442828862,0.251101501322,
    0.259760173781,0.26841884624,0.2770775187,0.285736191159,
    0.294394863618,0.303053536078,0.311712208537,0.320370880997,
    0.329029553456,0.337688225915,0.346346898375,0.355005570834,
    0.363664243293,0.372322915753,0.380981588212,0.389640260672,
    0.398298933131,0.40695760559,0.41561627805,0.424274950509,
    0.432933622968,0.441592295428,0.450250967887,0.458909640346,
    0.467568312806,0.476226985265,0.484885657725,0.493544330184,
    0.502203002643,0.510861675103,0.519520347562,0.528179020021,
    0.536837692481,0.54549636494,0.5541550374,0.562813709859,
    0.571472382318,0.580131054778,0.588789727237,0.597448399696,
    0.606107072156,0.614765744615,0.623424417074,0.632083089534,
    0.640741761993,0.649400434453,0.658059106912,0.666717779371,
    0.675376451831,0.68403512429,0.692693796749,0.701352469209,
    0.710011141668,0.718669814127,0.727328486587,0.735987159046,
    0.744645831506,0.753304503965,0.761963176424,0.770621848884,
    0.779280521343,0.787939193802,0.796597866262,0.805256538721,
    0.813915211181,0.82257388364,0.831232556099,0.839891228559,
    0.848549901018,0.857208573477,0.865867245937,0.874525918396,
    0.883184590855,0.891843263315,0.900501935774,0.909160608234,
    0.917819280693,0.926477953152,0.935136625612,0.943795298071,
    0.95245397053,0.96111264299,0.969771315449,0.978429987909,
    0.987088660368,0.995747332827,1.004406005287,1.013064677746,
    1.021723350205,1.030382022665,1.039040695124,1.047699367583,
    1.056358040043,1.065016712502,1.073675384962,1.082334057421,
    1.09099272988,1.09965140234,1.108310074799,1.116968747258,
    1.125627419718,1.134286092177,1.142944764637,1.151603437096,
    1.160262109555,1.168920782015,1.177579454474,1.186238126933,
    1.194896799393,1.203555471852,1.212214144311,1.220872816771,
    1.22953148923,1.23819016169,1.246848834149,1.255507506608,
    1.264166179068,1.272824851527,1.281483523986,1.290142196446,
    1.298800868905,1.307459541364,1.316118213824,1.324776886283,
    1.333435558743),.QUASI_UNIFORM_KNOTS.);
#8267 = CARTESIAN_POINT('',(4.,7.407353451512));
#8268 = CARTESIAN_POINT('',(4.02041422045,7.407353449497));
#8269 = CARTESIAN_POINT('',(4.061235628829,7.407347512574));
#8270 = CARTESIAN_POINT('',(4.122407713193,7.40732078726));
#8271 = CARTESIAN_POINT('',(4.183481843613,7.407276229658));
#8272 = CARTESIAN_POINT('',(4.244416577206,7.407213796277));
#8273 = CARTESIAN_POINT('',(4.305168109164,7.407133426294));
#8274 = CARTESIAN_POINT('',(4.365689915002,7.407035040679));
#8275 = CARTESIAN_POINT('',(4.425932802645,7.406918544965));
#8276 = CARTESIAN_POINT('',(4.485844855342,7.40678383073));
#8277 = CARTESIAN_POINT('',(4.545371400686,7.406630777056));
#8278 = CARTESIAN_POINT('',(4.604454965631,7.406459251611));
#8279 = CARTESIAN_POINT('',(4.663035224725,7.4062691114));
#8280 = CARTESIAN_POINT('',(4.721048934758,7.40606020314));
#8281 = CARTESIAN_POINT('',(4.778429857904,7.405832363223));
#8282 = CARTESIAN_POINT('',(4.835108653777,7.405585417332));
#8283 = CARTESIAN_POINT('',(4.89101279874,7.405319179247));
#8284 = CARTESIAN_POINT('',(4.946066300684,7.405033450512));
#8285 = CARTESIAN_POINT('',(5.000190060059,7.404728014517));
#8286 = CARTESIAN_POINT('',(5.053299687891,7.404402648994));
#8287 = CARTESIAN_POINT('',(5.105312669044,7.404057067141));
#8288 = CARTESIAN_POINT('',(5.15609952368,7.403691265708));
#8289 = CARTESIAN_POINT('',(5.205552708925,7.403305093355));
#8290 = CARTESIAN_POINT('',(5.253552763417,7.4028984543));
#8291 = CARTESIAN_POINT('',(5.299972194376,7.402471300539));
#8292 = CARTESIAN_POINT('',(5.344674972,7.402023644938));
#8293 = CARTESIAN_POINT('',(5.387517646441,7.401555564569));
#8294 = CARTESIAN_POINT('',(5.428348367136,7.401067222314));
#8295 = CARTESIAN_POINT('',(5.46700441762,7.400558931924));
#8296 = CARTESIAN_POINT('',(5.503317763686,7.400031121845));
#8297 = CARTESIAN_POINT('',(5.537114261021,7.399484383908));
#8298 = CARTESIAN_POINT('',(5.56821603572,7.398919497552));
#8299 = CARTESIAN_POINT('',(5.596446770624,7.398337390349));
#8300 = CARTESIAN_POINT('',(5.621632333911,7.397739169621));
#8301 = CARTESIAN_POINT('',(5.643595298927,7.397126407299));
#8302 = CARTESIAN_POINT('',(5.662176160919,7.396500797287));
#8303 = CARTESIAN_POINT('',(5.677231962265,7.395864240998));
#8304 = CARTESIAN_POINT('',(5.688640819205,7.395218828649));
#8305 = CARTESIAN_POINT('',(5.696305517291,7.394566855801));
#8306 = CARTESIAN_POINT('',(5.700157545317,7.393910801725));
#8307 = CARTESIAN_POINT('',(5.700162921454,7.393253423754));
#8308 = CARTESIAN_POINT('',(5.696321985714,7.392597031149));
#8309 = CARTESIAN_POINT('',(5.688668893499,7.391944358509));
#8310 = CARTESIAN_POINT('',(5.677271749175,7.391297873528));
#8311 = CARTESIAN_POINT('',(5.662227186632,7.390659878905));
#8312 = CARTESIAN_POINT('',(5.643656587996,7.390032485897));
#8313 = CARTESIAN_POINT('',(5.621702845369,7.389417631402));
#8314 = CARTESIAN_POINT('',(5.596525736651,7.388817050474));
#8315 = CARTESIAN_POINT('',(5.568304726332,7.38823238483));
#8316 = CARTESIAN_POINT('',(5.537214041498,7.387664758223));
#8317 = CARTESIAN_POINT('',(5.503428139888,7.387115092573));
#8318 = CARTESIAN_POINT('',(5.467125329671,7.386584207126));
#8319 = CARTESIAN_POINT('',(5.428479565645,7.386072720965));
#8320 = CARTESIAN_POINT('',(5.387658934623,7.38558109244));
#8321 = CARTESIAN_POINT('',(5.344825986195,7.385109661516));
#8322 = CARTESIAN_POINT('',(5.300132835889,7.384658620239));
#8323 = CARTESIAN_POINT('',(5.253722795012,7.384228068546));
#8324 = CARTESIAN_POINT('',(5.205731857581,7.383818042286));
#8325 = CARTESIAN_POINT('',(5.156287613297,7.383428515315));
#8326 = CARTESIAN_POINT('',(5.105509173801,7.383059410358));
#8327 = CARTESIAN_POINT('',(5.053505619723,7.382710600832));
#8328 = CARTESIAN_POINT('',(5.000381671123,7.382381955665));
#8329 = CARTESIAN_POINT('',(4.946233075669,7.38207330879));
#8330 = CARTESIAN_POINT('',(4.891149804586,7.381784490751));
#8331 = CARTESIAN_POINT('',(4.835216146082,7.381515326669));
#8332 = CARTESIAN_POINT('',(4.778509494842,7.381265631557));
#8333 = CARTESIAN_POINT('',(4.721111292339,7.381035259349));
#8334 = CARTESIAN_POINT('',(4.66308547929,7.380824012914));
#8335 = CARTESIAN_POINT('',(4.604495416981,7.380631722037));
#8336 = CARTESIAN_POINT('',(4.545401644956,7.380458230337));
#8337 = CARTESIAN_POINT('',(4.485862610659,7.380303397052));
#8338 = CARTESIAN_POINT('',(4.425934591341,7.380167095303));
#8339 = CARTESIAN_POINT('',(4.365671819549,7.380049211762));
#8340 = CARTESIAN_POINT('',(4.305126546614,7.379949646411));
#8341 = CARTESIAN_POINT('',(4.244349095166,7.379868312735));
#8342 = CARTESIAN_POINT('',(4.183387962118,7.379805138273));
#8343 = CARTESIAN_POINT('',(4.122289675357,7.379760065523));
#8344 = CARTESIAN_POINT('',(4.061099529717,7.379733053249));
#8345 = CARTESIAN_POINT('',(3.999858996726,7.379724078033));
#8346 = CARTESIAN_POINT('',(3.93861550454,7.379733136646));
#8347 = CARTESIAN_POINT('',(3.877420165716,7.379760235976));
#8348 = CARTESIAN_POINT('',(3.816315866817,7.37980540033));
#8349 = CARTESIAN_POINT('',(3.755349254695,7.379868670377));
#8350 = CARTESIAN_POINT('',(3.694567586876,7.379950102237));
#8351 = CARTESIAN_POINT('',(3.634019630145,7.380049766995));
#8352 = CARTESIAN_POINT('',(3.573755511454,7.380167750469));
#8353 = CARTESIAN_POINT('',(3.513826748561,7.380304153684));
#8354 = CARTESIAN_POINT('',(3.454286646643,7.380459092344));
#8355 = CARTESIAN_POINT('',(3.395189088538,7.380632701752));
#8356 = CARTESIAN_POINT('',(3.336593810861,7.38082512182));
#8357 = CARTESIAN_POINT('',(3.278563243603,7.381036503824));
#8358 = CARTESIAN_POINT('',(3.221162534361,7.38126701101));
#8359 = CARTESIAN_POINT('',(3.164460824094,7.381516814749));
#8360 = CARTESIAN_POINT('',(3.108532090085,7.381786089398));
#8361 = CARTESIAN_POINT('',(3.053454326056,7.38207501841));
#8362 = CARTESIAN_POINT('',(2.999311668059,7.382383777302));
#8363 = CARTESIAN_POINT('',(2.946194210977,7.382712534962));
#8364 = CARTESIAN_POINT('',(2.894197646017,7.383061457843));
#8365 = CARTESIAN_POINT('',(2.84342682675,7.383430676513));
#8366 = CARTESIAN_POINT('',(2.793990871057,7.383820317171));
#8367 = CARTESIAN_POINT('',(2.746008866513,7.384230457437));
#8368 = CARTESIAN_POINT('',(2.699608467236,7.384661123044));
#8369 = CARTESIAN_POINT('',(2.654925721212,7.385112277805));
#8370 = CARTESIAN_POINT('',(2.612104163101,7.385583819123));
#8371 = CARTESIAN_POINT('',(2.571295614645,7.386075558145));
#8372 = CARTESIAN_POINT('',(2.532662856164,7.386587152218));
#8373 = CARTESIAN_POINT('',(2.496373929537,7.387118143208));
#8374 = CARTESIAN_POINT('',(2.462603010495,7.387667907805));
#8375 = CARTESIAN_POINT('',(2.431527871447,7.388235636385));
#8376 = CARTESIAN_POINT('',(2.40332510253,7.388820363047));
#8377 = CARTESIAN_POINT('',(2.378168608119,7.389420949946));
#8378 = CARTESIAN_POINT('',(2.356235477456,7.39003579821));
#8379 = CARTESIAN_POINT('',(2.337685034671,7.390663186598));
#8380 = CARTESIAN_POINT('',(2.322660039013,7.391301189604));
#8381 = CARTESIAN_POINT('',(2.311282191263,7.391947696219));
#8382 = CARTESIAN_POINT('',(2.303648518002,7.392600393799));
#8383 = CARTESIAN_POINT('',(2.29982733115,7.393256792298));
#8384 = CARTESIAN_POINT('',(2.299852401504,7.393914123339));
#8385 = CARTESIAN_POINT('',(2.303723108265,7.394570078105));
#8386 = CARTESIAN_POINT('',(2.311405032592,7.395221929825));
#8387 = CARTESIAN_POINT('',(2.322829802362,7.39586722136));
#8388 = CARTESIAN_POINT('',(2.337900562102,7.396503668489));
#8389 = CARTESIAN_POINT('',(2.356495776885,7.39712918377));
#8390 = CARTESIAN_POINT('',(2.378472578388,7.397741860159));
#8391 = CARTESIAN_POINT('',(2.40367120186,7.398339993626));
#8392 = CARTESIAN_POINT('',(2.43191311086,7.398921988711));
#8393 = CARTESIAN_POINT('',(2.463021261634,7.399486699347));
#8394 = CARTESIAN_POINT('',(2.496823290578,7.400033278965));
#8395 = CARTESIAN_POINT('',(2.533140425404,7.400560929456));
#8396 = CARTESIAN_POINT('',(2.571798998637,7.401069066204));
#8397 = CARTESIAN_POINT('',(2.612630881834,7.401557258921));
#8398 = CARTESIAN_POINT('',(2.655473924689,7.402025199402));
#8399 = CARTESIAN_POINT('',(2.700175636979,7.402472716919));
#8400 = CARTESIAN_POINT('',(2.746593045088,7.402899739315));
#8401 = CARTESIAN_POINT('',(2.794590185103,7.403306253555));
#8402 = CARTESIAN_POINT('',(2.844039827417,7.403692308921));
#8403 = CARTESIAN_POINT('',(2.894821941442,7.404057996719));
#8404 = CARTESIAN_POINT('',(2.946830969699,7.404403481404));
#8405 = CARTESIAN_POINT('',(2.999937502227,7.404728763493));
#8406 = CARTESIAN_POINT('',(3.054056581219,7.405034114478));
#8407 = CARTESIAN_POINT('',(3.109104688867,7.405319762399));
#8408 = CARTESIAN_POINT('',(3.165002692494,7.405585923616));
#8409 = CARTESIAN_POINT('',(3.22167479179,7.405832797615));
#8410 = CARTESIAN_POINT('',(3.279048576193,7.406060571011));
#8411 = CARTESIAN_POINT('',(3.337054819947,7.406269418436));
#8412 = CARTESIAN_POINT('',(3.395627378819,7.406459503625));
#8413 = CARTESIAN_POINT('',(3.454703087154,7.406630979867));
#8414 = CARTESIAN_POINT('',(3.514221678681,7.40678399007));
#8415 = CARTESIAN_POINT('',(3.574125720857,7.406918666415));
#8416 = CARTESIAN_POINT('',(3.634360562349,7.407035129629));
#8417 = CARTESIAN_POINT('',(3.694874287546,7.407133487942));
#8418 = CARTESIAN_POINT('',(3.755617685096,7.407213835645));
#8419 = CARTESIAN_POINT('',(3.816544190705,7.407276251642));
#8420 = CARTESIAN_POINT('',(3.877609938388,7.4073207967));
#8421 = CARTESIAN_POINT('',(3.938773405301,7.407347514336));
#8422 = CARTESIAN_POINT('',(3.979588840142,7.407353449507));
#8423 = CARTESIAN_POINT('',(4.,7.407353451512));
#8424 = ( GEOMETRIC_REPRESENTATION_CONTEXT(2) 
PARAMETRIC_REPRESENTATION_CONTEXT() REPRESENTATION_CONTEXT('2D SPACE',''
  ) );
#8425 = ORIENTED_EDGE('',*,*,#7961,.T.);
#8426 = ADVANCED_FACE('',(#8427),#7340,.F.);
#8427 = FACE_BOUND('',#8428,.F.);
#8428 = EDGE_LOOP('',(#8429,#8430,#8453,#8895));
#8429 = ORIENTED_EDGE('',*,*,#7063,.T.);
#8430 = ORIENTED_EDGE('',*,*,#8431,.F.);
#8431 = EDGE_CURVE('',#8432,#7064,#8434,.T.);
#8432 = VERTEX_POINT('',#8433);
#8433 = CARTESIAN_POINT('',(-23.35775530853,116.05089973248,4.));
#8434 = SEAM_CURVE('',#8435,(#8439,#8446),.PCURVE_S1.);
#8435 = LINE('',#8436,#8437);
#8436 = CARTESIAN_POINT('',(-25.27134885481,117.17294046995,4.));
#8437 = VECTOR('',#8438,1.);
#8438 = DIRECTION('',(0.862643091921,-0.505813103785,1.232595164408E-32)
  );
#8439 = PCURVE('',#7340,#8440);
#8440 = DEFINITIONAL_REPRESENTATION('',(#8441),#8445);
#8441 = LINE('',#8442,#8443);
#8442 = CARTESIAN_POINT('',(0.,-0.));
#8443 = VECTOR('',#8444,1.);
#8444 = DIRECTION('',(0.,1.));
#8445 = ( GEOMETRIC_REPRESENTATION_CONTEXT(2) 
PARAMETRIC_REPRESENTATION_CONTEXT() REPRESENTATION_CONTEXT('2D SPACE',''
  ) );
#8446 = PCURVE('',#7340,#8447);
#8447 = DEFINITIONAL_REPRESENTATION('',(#8448),#8452);
#8448 = LINE('',#8449,#8450);
#8449 = CARTESIAN_POINT('',(6.28318530718,-0.));
#8450 = VECTOR('',#8451,1.);
#8451 = DIRECTION('',(0.,1.));
#8452 = ( GEOMETRIC_REPRESENTATION_CONTEXT(2) 
PARAMETRIC_REPRESENTATION_CONTEXT() REPRESENTATION_CONTEXT('2D SPACE',''
  ) );
#8453 = ORIENTED_EDGE('',*,*,#8454,.T.);
#8454 = EDGE_CURVE('',#8432,#8432,#8455,.T.);
#8455 = SURFACE_CURVE('',#8456,(#8573,#8734),.PCURVE_S1.);
#8456 = B_SPLINE_CURVE_WITH_KNOTS('',7,(#8457,#8458,#8459,#8460,#8461,
    #8462,#8463,#8464,#8465,#8466,#8467,#8468,#8469,#8470,#8471,#8472,
    #8473,#8474,#8475,#8476,#8477,#8478,#8479,#8480,#8481,#8482,#8483,
    #8484,#8485,#8486,#8487,#8488,#8489,#8490,#8491,#8492,#8493,#8494,
    #8495,#8496,#8497,#8498,#8499,#8500,#8501,#8502,#8503,#8504,#8505,
    #8506,#8507,#8508,#8509,#8510,#8511,#8512,#8513,#8514,#8515,#8516,
    #8517,#8518,#8519,#8520,#8521,#8522,#8523,#8524,#8525,#8526,#8527,
    #8528,#8529,#8530,#8531,#8532,#8533,#8534,#8535,#8536,#8537,#8538,
    #8539,#8540,#8541,#8542,#8543,#8544,#8545,#8546,#8547,#8548,#8549,
    #8550,#8551,#8552,#8553,#8554,#8555,#8556,#8557,#8558,#8559,#8560,
    #8561,#8562,#8563,#8564,#8565,#8566,#8567,#8568,#8569,#8570,#8571,
    #8572),.UNSPECIFIED.,.T.,.F.,(8,6,6,6,6,6,6,6,6,6,6,6,6,6,6,6,6,6,6,
    8),(0.,0.160383474229,0.217561685991,0.262344749548,0.333074640151,
    0.405470276804,0.449928070471,0.506961259416,0.550123058983,
    0.58240855402,0.667122151397,0.783042670874,0.826186333153,
    0.88316571064,0.927506497777,1.,1.071611731742,1.116210386736,
    1.17330317775,1.333345155396),.UNSPECIFIED.);
#8457 = CARTESIAN_POINT('',(-23.35775530853,116.05089973248,4.));
#8458 = CARTESIAN_POINT('',(-23.35775530853,116.05089973248,
    3.837933082322));
#8459 = CARTESIAN_POINT('',(-23.34896855894,116.06664213804,
    3.676058171172));
#8460 = CARTESIAN_POINT('',(-23.33142907333,116.09806561529,
    3.515433190244));
#8461 = CARTESIAN_POINT('',(-23.30492223568,116.1455054824,
    3.357460094077));
#8462 = CARTESIAN_POINT('',(-23.26912701063,116.20943337957,
    3.203945775111));
#8463 = CARTESIAN_POINT('',(-23.22370209248,116.29029682802,
    3.057043503153));
#8464 = CARTESIAN_POINT('',(-23.14821131308,116.42406318453,
    2.870492697945));
#8465 = CARTESIAN_POINT('',(-23.12708343442,116.46145349372,
    2.822686291441));
#8466 = CARTESIAN_POINT('',(-23.10464912418,116.50110043451,
    2.776238776738));
#8467 = CARTESIAN_POINT('',(-23.08089361491,116.54301778623,
    2.73130996089));
#8468 = CARTESIAN_POINT('',(-23.05580844098,116.58720693287,
    2.688079807321));
#8469 = CARTESIAN_POINT('',(-23.02939393695,116.63365265431,
    2.646745958855));
#8470 = CARTESIAN_POINT('',(-22.97994134832,116.72043526092,
    2.576799730745));
#8471 = CARTESIAN_POINT('',(-22.95741389725,116.75991155543,
    2.547373854434));
#8472 = CARTESIAN_POINT('',(-22.93408650103,116.80072789488,
    2.519346969405));
#8473 = CARTESIAN_POINT('',(-22.90997274352,116.84285264847,
    2.492830964155));
#8474 = CARTESIAN_POINT('',(-22.88509436597,116.88623982798,
    2.46794281223));
#8475 = CARTESIAN_POINT('',(-22.85948295893,116.93082645493,
    2.444801106381));
#8476 = CARTESIAN_POINT('',(-22.79164165527,117.04871350327,
    2.389915536267));
#8477 = CARTESIAN_POINT('',(-22.74836387522,117.12371232044,
    2.360942107019));
#8478 = CARTESIAN_POINT('',(-22.70354578254,117.20115303213,
    2.337092258796));
#8479 = CARTESIAN_POINT('',(-22.65744386214,117.28056364223,
    2.318800435975));
#8480 = CARTESIAN_POINT('',(-22.61038006477,117.36136687865,
    2.306416966573));
#8481 = CARTESIAN_POINT('',(-22.56274759001,117.44287498449,
    2.300153456363));
#8482 = CARTESIAN_POINT('',(-22.46616029835,117.60761416311,
    2.299847349048));
#8483 = CARTESIAN_POINT('',(-22.41715198571,117.69092379035,
    2.306095866297));
#8484 = CARTESIAN_POINT('',(-22.36848786583,117.77336508052,
    2.318760522952));
#8485 = CARTESIAN_POINT('',(-22.32060144899,117.85421353878,
    2.337617627496));
#8486 = CARTESIAN_POINT('',(-22.27386314273,117.93286528922,
    2.362291575475));
#8487 = CARTESIAN_POINT('',(-22.22858111127,118.00883091961,
    2.392311873087));
#8488 = CARTESIAN_POINT('',(-22.15824159005,118.12649338156,
    2.448532002951));
#8489 = CARTESIAN_POINT('',(-22.13211314958,118.17011796319,
    2.471743400575));
#8490 = CARTESIAN_POINT('',(-22.10666621799,118.21252720508,
    2.49666240361));
#8491 = CARTESIAN_POINT('',(-22.08193856757,118.25366565225,
    2.523173142884));
#8492 = CARTESIAN_POINT('',(-22.05795841141,118.29349406546,
    2.551161562206));
#8493 = CARTESIAN_POINT('',(-22.03474580508,118.33198676666,
    2.580518692643));
#8494 = CARTESIAN_POINT('',(-21.9835372125,118.41677730293,
    2.650431858616));
#8495 = CARTESIAN_POINT('',(-21.95604756351,118.46219957816,
    2.691803765751));
#8496 = CARTESIAN_POINT('',(-21.92987013439,118.50536984535,
    2.735049418833));
#8497 = CARTESIAN_POINT('',(-21.90501773034,118.54628162657,
    2.779973717199));
#8498 = CARTESIAN_POINT('',(-21.88149328699,118.58494379269,
    2.826399068307));
#8499 = CARTESIAN_POINT('',(-21.85929222877,118.6213764254,
    2.874167767137));
#8500 = CARTESIAN_POINT('',(-21.82259757798,118.68151158455,
    2.960209084715));
#8501 = CARTESIAN_POINT('',(-21.80754353216,118.70615377078,
    2.997963772338));
#8502 = CARTESIAN_POINT('',(-21.7932385685,118.72954487559,
    3.036348618349));
#8503 = CARTESIAN_POINT('',(-21.77967814983,118.75169682573,
    3.075308126085));
#8504 = CARTESIAN_POINT('',(-21.76685732321,118.77262183707,
    3.114791122345));
#8505 = CARTESIAN_POINT('',(-21.75477071989,118.79233241462,
    3.15475075739));
#8506 = CARTESIAN_POINT('',(-21.73491652482,118.82468623916,
    3.225359466991));
#8507 = CARTESIAN_POINT('',(-21.72682821997,118.83785854508,
    3.255816983924));
#8508 = CARTESIAN_POINT('',(-21.71914534003,118.85036342912,
    3.286499091073));
#8509 = CARTESIAN_POINT('',(-21.71186567111,118.86220579836,
    3.317388693156));
#8510 = CARTESIAN_POINT('',(-21.7049870862,118.87339030808,
    3.348469564278));
#8511 = CARTESIAN_POINT('',(-21.69850754511,118.8839213618,
    3.379726347934));
#8512 = CARTESIAN_POINT('',(-21.67646541138,118.91973173774,
    3.493582491135));
#8513 = CARTESIAN_POINT('',(-21.66324104375,118.94118773045,
    3.577124566807));
#8514 = CARTESIAN_POINT('',(-21.65271441757,118.95824989303,
    3.661517960941));
#8515 = CARTESIAN_POINT('',(-21.64485932108,118.97097358571,
    3.746528549203));
#8516 = CARTESIAN_POINT('',(-21.6396571982,118.97939726282,
    3.831937784843));
#8517 = CARTESIAN_POINT('',(-21.6370972715,118.98354253769,
    3.917540639137));
#8518 = CARTESIAN_POINT('',(-21.63729437584,118.98322336785,
    4.120283484576));
#8519 = CARTESIAN_POINT('',(-21.64235747835,118.97502471054,
    4.237378631217));
#8520 = CARTESIAN_POINT('',(-21.65236498169,118.95881940058,
    4.353966268392));
#8521 = CARTESIAN_POINT('',(-21.66736084793,118.93452111217,
    4.469516124924));
#8522 = CARTESIAN_POINT('',(-21.68740988671,118.90199483857,
    4.583430931565));
#8523 = CARTESIAN_POINT('',(-21.7125960728,118.86105791963,
    4.695035376532));
#8524 = CARTESIAN_POINT('',(-21.75438048157,118.79296873082,
    4.84394351289));
#8525 = CARTESIAN_POINT('',(-21.76644156078,118.77330023779,
    4.883899749309));
#8526 = CARTESIAN_POINT('',(-21.77923612829,118.75241860942,
    4.923380815743));
#8527 = CARTESIAN_POINT('',(-21.79276954873,118.73031135926,
    4.962339992959));
#8528 = CARTESIAN_POINT('',(-21.80704677734,118.70696628032,
    5.000726254498));
#8529 = CARTESIAN_POINT('',(-21.82207235991,118.68237144507,
    5.038484266674));
#8530 = CARTESIAN_POINT('',(-21.8586883665,118.62236714379,
    5.124512505659));
#8531 = CARTESIAN_POINT('',(-21.88083734566,118.58602128906,
    5.172267629715));
#8532 = CARTESIAN_POINT('',(-21.90430711967,118.54745050159,
    5.21868493533));
#8533 = CARTESIAN_POINT('',(-21.92910233827,118.50663463326,
    5.263607460498));
#8534 = CARTESIAN_POINT('',(-21.95522021565,118.46356462464,
    5.306858452117));
#8535 = CARTESIAN_POINT('',(-21.98264819446,118.41824660216,
    5.34824371149));
#8536 = CARTESIAN_POINT('',(-22.03370610524,118.33371033034,
    5.418144770124));
#8537 = CARTESIAN_POINT('',(-22.05682775728,118.2953708384,5.44747719685
    ));
#8538 = CARTESIAN_POINT('',(-22.08071352561,118.25570190287,
    5.475451570394));
#8539 = CARTESIAN_POINT('',(-22.10534371459,118.21472866714,
    5.50195994779));
#8540 = CARTESIAN_POINT('',(-22.130690592,118.17248962895,5.526889300844
    ));
#8541 = CARTESIAN_POINT('',(-22.15671700763,118.12903925484,
    5.550124724247));
#8542 = CARTESIAN_POINT('',(-22.2269586338,118.01155184052,
    5.606585511346));
#8543 = CARTESIAN_POINT('',(-22.27224712313,117.9355826511,
    5.636800799015));
#8544 = CARTESIAN_POINT('',(-22.31900211814,117.85691039672,
    5.661671441851));
#8545 = CARTESIAN_POINT('',(-22.36692150546,117.77601402863,
    5.680725109988));
#8546 = CARTESIAN_POINT('',(-22.41563684331,117.69349360743,
    5.693578704445));
#8547 = CARTESIAN_POINT('',(-22.46471188969,117.6100777405,
    5.700000509277));
#8548 = CARTESIAN_POINT('',(-22.56197742024,117.44419514114,
    5.699999496871));
#8549 = CARTESIAN_POINT('',(-22.61021411613,117.36165635256,
    5.693732051454));
#8550 = CARTESIAN_POINT('',(-22.65787200249,117.27983286014,
    5.681188887595));
#8551 = CARTESIAN_POINT('',(-22.70454551462,117.19943400208,
    5.662586707338));
#8552 = CARTESIAN_POINT('',(-22.74989996187,117.12105987354,
    5.638287993033));
#8553 = CARTESIAN_POINT('',(-22.79366681086,117.04520457962,
    5.608746934378));
#8554 = CARTESIAN_POINT('',(-22.86177721074,116.9268329317,
    5.553140685664));
#8555 = CARTESIAN_POINT('',(-22.88722911004,116.88251812859,
    5.529960084941));
#8556 = CARTESIAN_POINT('',(-22.91195187025,116.83939711803,
    5.505054625414));
#8557 = CARTESIAN_POINT('',(-22.93591479745,116.79753123002,
    5.47854138486));
#8558 = CARTESIAN_POINT('',(-22.95909681348,116.75696519531,
    5.450535713156));
#8559 = CARTESIAN_POINT('',(-22.98148480405,116.71772971848,
    5.421147873789));
#8560 = CARTESIAN_POINT('',(-23.03070668754,116.63134486455,
    5.351219925821));
#8561 = CARTESIAN_POINT('',(-23.05702699715,116.58506128199,
    5.309864950434));
#8562 = CARTESIAN_POINT('',(-23.08202174465,116.5410283992,
    5.266626157005));
#8563 = CARTESIAN_POINT('',(-23.10569089119,116.49926082207,
    5.221699782728));
#8564 = CARTESIAN_POINT('',(-23.12804305028,116.45975681304,
    5.175264481178));
#8565 = CARTESIAN_POINT('',(-23.14909302794,116.42250243759,
    5.127478899281));
#8566 = CARTESIAN_POINT('',(-23.2242681679,116.2892891171,4.941123907864
    ));
#8567 = CARTESIAN_POINT('',(-23.26949850608,116.2087699052,
    4.794458689207));
#8568 = CARTESIAN_POINT('',(-23.30514212143,116.14511194566,
    4.64122729393));
#8569 = CARTESIAN_POINT('',(-23.33153822445,116.09787006388,
    4.483566348768));
#8570 = CARTESIAN_POINT('',(-23.34900508954,116.06657668885,
    4.32326938389));
#8571 = CARTESIAN_POINT('',(-23.35775530853,116.05089973248,
    4.161729617864));
#8572 = CARTESIAN_POINT('',(-23.35775530853,116.05089973248,4.));
#8573 = PCURVE('',#7340,#8574);
#8574 = DEFINITIONAL_REPRESENTATION('',(#8575),#8733);
#8575 = B_SPLINE_CURVE_WITH_KNOTS('',3,(#8576,#8577,#8578,#8579,#8580,
    #8581,#8582,#8583,#8584,#8585,#8586,#8587,#8588,#8589,#8590,#8591,
    #8592,#8593,#8594,#8595,#8596,#8597,#8598,#8599,#8600,#8601,#8602,
    #8603,#8604,#8605,#8606,#8607,#8608,#8609,#8610,#8611,#8612,#8613,
    #8614,#8615,#8616,#8617,#8618,#8619,#8620,#8621,#8622,#8623,#8624,
    #8625,#8626,#8627,#8628,#8629,#8630,#8631,#8632,#8633,#8634,#8635,
    #8636,#8637,#8638,#8639,#8640,#8641,#8642,#8643,#8644,#8645,#8646,
    #8647,#8648,#8649,#8650,#8651,#8652,#8653,#8654,#8655,#8656,#8657,
    #8658,#8659,#8660,#8661,#8662,#8663,#8664,#8665,#8666,#8667,#8668,
    #8669,#8670,#8671,#8672,#8673,#8674,#8675,#8676,#8677,#8678,#8679,
    #8680,#8681,#8682,#8683,#8684,#8685,#8686,#8687,#8688,#8689,#8690,
    #8691,#8692,#8693,#8694,#8695,#8696,#8697,#8698,#8699,#8700,#8701,
    #8702,#8703,#8704,#8705,#8706,#8707,#8708,#8709,#8710,#8711,#8712,
    #8713,#8714,#8715,#8716,#8717,#8718,#8719,#8720,#8721,#8722,#8723,
    #8724,#8725,#8726,#8727,#8728,#8729,#8730,#8731,#8732),
  .UNSPECIFIED.,.F.,.F.,(4,1,1,1,1,1,1,1,1,1,1,1,1,1,1,1,1,1,1,1,1,1,1,1
    ,1,1,1,1,1,1,1,1,1,1,1,1,1,1,1,1,1,1,1,1,1,1,1,1,1,1,1,1,1,1,1,1,1,1
    ,1,1,1,1,1,1,1,1,1,1,1,1,1,1,1,1,1,1,1,1,1,1,1,1,1,1,1,1,1,1,1,1,1,1
    ,1,1,1,1,1,1,1,1,1,1,1,1,1,1,1,1,1,1,1,1,1,1,1,1,1,1,1,1,1,1,1,1,1,1
    ,1,1,1,1,1,1,1,1,1,1,1,1,1,1,1,1,1,1,1,1,1,1,1,1,1,1,1,1,4),(0.,
    8.658085424649E-03,1.73161708493E-02,2.597425627395E-02,
    3.46323416986E-02,4.329042712325E-02,5.19485125479E-02,
    6.060659797255E-02,6.926468339719E-02,7.792276882184E-02,
    8.658085424649E-02,9.523893967114E-02,0.103897025096,0.11255511052,
    0.121213195945,0.12987128137,0.138529366794,0.147187452219,
    0.155845537644,0.164503623068,0.173161708493,0.181819793918,
    0.190477879342,0.199135964767,0.207794050192,0.216452135616,
    0.225110221041,0.233768306466,0.24242639189,0.251084477315,
    0.259742562739,0.268400648164,0.277058733589,0.285716819013,
    0.294374904438,0.303032989863,0.311691075287,0.320349160712,
    0.329007246137,0.337665331561,0.346323416986,0.354981502411,
    0.363639587835,0.37229767326,0.380955758685,0.389613844109,
    0.398271929534,0.406930014959,0.415588100383,0.424246185808,
    0.432904271232,0.441562356657,0.450220442082,0.458878527506,
    0.467536612931,0.476194698356,0.48485278378,0.493510869205,
    0.50216895463,0.510827040054,0.519485125479,0.528143210904,
    0.536801296328,0.545459381753,0.554117467178,0.562775552602,
    0.571433638027,0.580091723452,0.588749808876,0.597407894301,
    0.606065979725,0.61472406515,0.623382150575,0.632040235999,
    0.640698321424,0.649356406849,0.658014492273,0.666672577698,
    0.675330663123,0.683988748547,0.692646833972,0.701304919397,
    0.709963004821,0.718621090246,0.727279175671,0.735937261095,
    0.74459534652,0.753253431944,0.761911517369,0.770569602794,
    0.779227688218,0.787885773643,0.796543859068,0.805201944492,
    0.813860029917,0.822518115342,0.831176200766,0.839834286191,
    0.848492371616,0.85715045704,0.865808542465,0.87446662789,
    0.883124713314,0.891782798739,0.900440884164,0.909098969588,
    0.917757055013,0.926415140437,0.935073225862,0.943731311287,
    0.952389396711,0.961047482136,0.969705567561,0.978363652985,
    0.98702173841,0.995679823835,1.004337909259,1.012995994684,
    1.021654080109,1.030312165533,1.038970250958,1.047628336383,
    1.056286421807,1.064944507232,1.073602592657,1.082260678081,
    1.090918763506,1.09957684893,1.108234934355,1.11689301978,
    1.125551105204,1.134209190629,1.142867276054,1.151525361478,
    1.160183446903,1.168841532328,1.177499617752,1.186157703177,
    1.194815788602,1.203473874026,1.212131959451,1.220790044876,
    1.2294481303,1.238106215725,1.24676430115,1.255422386574,
    1.264080471999,1.272738557423,1.281396642848,1.290054728273,
    1.298712813697,1.307370899122,1.316028984547,1.324687069971,
    1.333345155396),.QUASI_UNIFORM_KNOTS.);
#8576 = CARTESIAN_POINT('',(0.,2.218291161427));
#8577 = CARTESIAN_POINT('',(1.20082751078E-02,2.218291170681));
#8578 = CARTESIAN_POINT('',(3.602062785256E-02,2.21827553284));
#8579 = CARTESIAN_POINT('',(7.205060337355E-02,2.218205335046));
#8580 = CARTESIAN_POINT('',(0.108116518766,2.21808857835));
#8581 = CARTESIAN_POINT('',(0.144241276218,2.21792560545));
#8582 = CARTESIAN_POINT('',(0.180446986623,2.217716876726));
#8583 = CARTESIAN_POINT('',(0.21675499696,2.217462993851));
#8584 = CARTESIAN_POINT('',(0.25318611537,2.217164705286));
#8585 = CARTESIAN_POINT('',(0.289760775627,2.216822916336));
#8586 = CARTESIAN_POINT('',(0.326499212891,2.216438697702));
#8587 = CARTESIAN_POINT('',(0.363421635037,2.216013294174));
#8588 = CARTESIAN_POINT('',(0.400548398582,2.21554813302));
#8589 = CARTESIAN_POINT('',(0.437900191372,2.215044832226));
#8590 = CARTESIAN_POINT('',(0.47549823118,2.214505208485));
#8591 = CARTESIAN_POINT('',(0.513364472352,2.213931285214));
#8592 = CARTESIAN_POINT('',(0.551521877355,2.213325299675));
#8593 = CARTESIAN_POINT('',(0.589994571464,2.21268971265));
#8594 = CARTESIAN_POINT('',(0.628808591121,2.212027207808));
#8595 = CARTESIAN_POINT('',(0.667990607582,2.211340728887));
#8596 = CARTESIAN_POINT('',(0.707574431483,2.210633375042));
#8597 = CARTESIAN_POINT('',(0.747563064329,2.209909111752));
#8598 = CARTESIAN_POINT('',(0.787979999937,2.209171863005));
#8599 = CARTESIAN_POINT('',(0.828845103339,2.208425954965));
#8600 = CARTESIAN_POINT('',(0.870176827214,2.207676071952));
#8601 = CARTESIAN_POINT('',(0.911991681937,2.206927263278));
#8602 = CARTESIAN_POINT('',(0.95430475602,2.206184928244));
#8603 = CARTESIAN_POINT('',(0.997128522833,2.205454837631));
#8604 = CARTESIAN_POINT('',(1.040468283176,2.204743143454));
#8605 = CARTESIAN_POINT('',(1.084326407516,2.204056287889));
#8606 = CARTESIAN_POINT('',(1.128699095326,2.203400974201));
#8607 = CARTESIAN_POINT('',(1.173575570972,2.202784077694));
#8608 = CARTESIAN_POINT('',(1.218941444667,2.20221251145));
#8609 = CARTESIAN_POINT('',(1.264777196519,2.201693121028));
#8610 = CARTESIAN_POINT('',(1.311036843592,2.201232750057));
#8611 = CARTESIAN_POINT('',(1.3576745756,2.200837722429));
#8612 = CARTESIAN_POINT('',(1.404637524498,2.200513766153));
#8613 = CARTESIAN_POINT('',(1.451866446012,2.200265830968));
#8614 = CARTESIAN_POINT('',(1.499293480868,2.200097928625));
#8615 = CARTESIAN_POINT('',(1.546842273322,2.200012974277));
#8616 = CARTESIAN_POINT('',(1.594419857687,2.200012586247));
#8617 = CARTESIAN_POINT('',(1.641966837084,2.200097067691));
#8618 = CARTESIAN_POINT('',(1.689391725956,2.200265400463));
#8619 = CARTESIAN_POINT('',(1.73661995145,2.200515248329));
#8620 = CARTESIAN_POINT('',(1.783584297038,2.200843126005));
#8621 = CARTESIAN_POINT('',(1.830225549811,2.201244536126));
#8622 = CARTESIAN_POINT('',(1.876490090637,2.20171410942));
#8623 = CARTESIAN_POINT('',(1.922331112524,2.202245781842));
#8624 = CARTESIAN_POINT('',(1.967699696755,2.202832838332));
#8625 = CARTESIAN_POINT('',(2.012575551936,2.203468494346));
#8626 = CARTESIAN_POINT('',(2.056948609721,2.204145891753));
#8627 = CARTESIAN_POINT('',(2.100806953944,2.204858059503));
#8628 = CARTESIAN_POINT('',(2.144147095356,2.205598151017));
#8629 = CARTESIAN_POINT('',(2.186971230385,2.206359512464));
#8630 = CARTESIAN_POINT('',(2.229284907604,2.207135738066));
#8631 = CARTESIAN_POINT('',(2.271100083404,2.207920751475));
#8632 = CARTESIAN_POINT('',(2.312432095895,2.208708829996));
#8633 = CARTESIAN_POINT('',(2.353297455452,2.209494574672));
#8634 = CARTESIAN_POINT('',(2.393714555938,2.210272934719));
#8635 = CARTESIAN_POINT('',(2.433703408933,2.211039211147));
#8636 = CARTESIAN_POINT('',(2.473286613714,2.211789089277));
#8637 = CARTESIAN_POINT('',(2.512485075616,2.21251853733));
#8638 = CARTESIAN_POINT('',(2.551321726892,2.213223880307));
#8639 = CARTESIAN_POINT('',(2.589819071303,2.213901728647));
#8640 = CARTESIAN_POINT('',(2.627999639212,2.214548980839));
#8641 = CARTESIAN_POINT('',(2.665886527502,2.215162831376));
#8642 = CARTESIAN_POINT('',(2.703502037856,2.215740718346));
#8643 = CARTESIAN_POINT('',(2.740868518592,2.216280331371));
#8644 = CARTESIAN_POINT('',(2.778008039549,2.216779587909));
#8645 = CARTESIAN_POINT('',(2.814942105931,2.217236628629));
#8646 = CARTESIAN_POINT('',(2.851691320277,2.217649795422));
#8647 = CARTESIAN_POINT('',(2.8882781951,2.218017655707));
#8648 = CARTESIAN_POINT('',(2.924723808833,2.218338950995));
#8649 = CARTESIAN_POINT('',(2.961048847208,2.218612604607));
#8650 = CARTESIAN_POINT('',(2.997273577615,2.218837715063));
#8651 = CARTESIAN_POINT('',(3.033418060998,2.219013553091));
#8652 = CARTESIAN_POINT('',(3.069502408432,2.219139557455));
#8653 = CARTESIAN_POINT('',(3.105546578599,2.219215330859));
#8654 = CARTESIAN_POINT('',(3.141571954117,2.219240635734));
#8655 = CARTESIAN_POINT('',(3.177596278521,2.219215389361));
#8656 = CARTESIAN_POINT('',(3.21363733258,2.219139683275));
#8657 = CARTESIAN_POINT('',(3.249717939652,2.21901375752));
#8658 = CARTESIAN_POINT('',(3.285858728767,2.218838007343));
#8659 = CARTESIAN_POINT('',(3.322080303949,2.218612989717));
#8660 = CARTESIAN_POINT('',(3.358402891097,2.218339429592));
#8661 = CARTESIAN_POINT('',(3.394846651284,2.218018225909));
#8662 = CARTESIAN_POINT('',(3.431431813451,2.217650457356));
#8663 = CARTESIAN_POINT('',(3.46817885788,2.217237387918));
#8664 = CARTESIAN_POINT('',(3.505108704544,2.216780472037));
#8665 = CARTESIAN_POINT('',(3.542242891136,2.216281360024));
#8666 = CARTESIAN_POINT('',(3.579603879389,2.215741901397));
#8667 = CARTESIAN_POINT('',(3.617214980897,2.215164154776));
#8668 = CARTESIAN_POINT('',(3.655101827317,2.21455037214));
#8669 = CARTESIAN_POINT('',(3.693281890609,2.213903187401));
#8670 = CARTESIAN_POINT('',(3.731778798734,2.213225397975));
#8671 = CARTESIAN_POINT('',(3.770614929672,2.212520107165));
#8672 = CARTESIAN_POINT('',(3.809812846041,2.21179070287));
#8673 = CARTESIAN_POINT('',(3.849395439162,2.21104086024));
#8674 = CARTESIAN_POINT('',(3.889383654731,2.2102746096));
#8675 = CARTESIAN_POINT('',(3.929800087359,2.20949626534));
#8676 = CARTESIAN_POINT('',(3.970664730421,2.208710526167));
#8677 = CARTESIAN_POINT('',(4.011995988024,2.207922441944));
#8678 = CARTESIAN_POINT('',(4.053810374523,2.207137410837));
#8679 = CARTESIAN_POINT('',(4.096123324538,2.206361153734));
#8680 = CARTESIAN_POINT('',(4.138946628353,2.205599749245));
#8681 = CARTESIAN_POINT('',(4.182285946044,2.204859600821));
#8682 = CARTESIAN_POINT('',(4.226143484006,2.204147362293));
#8683 = CARTESIAN_POINT('',(4.270515669814,2.203469880926));
#8684 = CARTESIAN_POINT('',(4.315391047785,2.202834121627));
#8685 = CARTESIAN_POINT('',(4.360757995397,2.20224696561));
#8686 = CARTESIAN_POINT('',(4.406591898005,2.201715238144));
#8687 = CARTESIAN_POINT('',(4.452848805165,2.201245581965));
#8688 = CARTESIAN_POINT('',(4.499483597212,2.200844045667));
#8689 = CARTESIAN_POINT('',(4.546444197402,2.200515994134));
#8690 = CARTESIAN_POINT('',(4.59367196455,2.200265937567));
#8691 = CARTESIAN_POINT('',(4.64109957577,2.200097381765));
#8692 = CARTESIAN_POINT('',(4.688651331647,2.200012683959));
#8693 = CARTESIAN_POINT('',(4.736234560856,2.200012874335));
#8694 = CARTESIAN_POINT('',(4.783786019966,2.200097645607));
#8695 = CARTESIAN_POINT('',(4.831215363452,2.200265374215));
#8696 = CARTESIAN_POINT('',(4.878447703075,2.200513155228));
#8697 = CARTESIAN_POINT('',(4.925415858197,2.200836989136));
#8698 = CARTESIAN_POINT('',(4.972060537207,2.201231935332));
#8699 = CARTESIAN_POINT('',(5.01832804664,2.201692264179));
#8700 = CARTESIAN_POINT('',(5.064171549362,2.202211642626));
#8701 = CARTESIAN_POINT('',(5.109541901177,2.202783181664));
#8702 = CARTESIAN_POINT('',(5.154420787852,2.20340003949));
#8703 = CARTESIAN_POINT('',(5.198796359201,2.204055334444));
#8704 = CARTESIAN_POINT('',(5.242657184729,2.2047421816));
#8705 = CARTESIAN_POINT('',(5.285999655518,2.205453879909));
#8706 = CARTESIAN_POINT('',(5.328826067345,2.206183984293));
#8707 = CARTESIAN_POINT('',(5.371141845647,2.206926343981));
#8708 = CARTESIAN_POINT('',(5.412959216122,2.207675182879));
#8709 = CARTESIAN_POINT('',(5.454293407189,2.208425102375));
#8710 = CARTESIAN_POINT('',(5.495160916383,2.209171052043));
#8711 = CARTESIAN_POINT('',(5.535580251736,2.209908347695));
#8712 = CARTESIAN_POINT('',(5.575571065196,2.210632658347));
#8713 = CARTESIAN_POINT('',(5.61515749612,2.21134007021));
#8714 = CARTESIAN_POINT('',(5.654342345411,2.212026613204));
#8715 = CARTESIAN_POINT('',(5.693158843245,2.212689176916));
#8716 = CARTESIAN_POINT('',(5.731633881677,2.213324820963));
#8717 = CARTESIAN_POINT('',(5.769793492698,2.213930860982));
#8718 = CARTESIAN_POINT('',(5.807661848168,2.214504836448));
#8719 = CARTESIAN_POINT('',(5.845261935247,2.215044509984));
#8720 = CARTESIAN_POINT('',(5.882615731566,2.21554785805));
#8721 = CARTESIAN_POINT('',(5.919744472074,2.216013063736));
#8722 = CARTESIAN_POINT('',(5.956668857581,2.216438508792));
#8723 = CARTESIAN_POINT('',(5.993409253338,2.216822765641));
#8724 = CARTESIAN_POINT('',(6.029985872073,2.217164589164));
#8725 = CARTESIAN_POINT('',(6.066418950049,2.217462908322));
#8726 = CARTESIAN_POINT('',(6.102728918472,2.217716817494));
#8727 = CARTESIAN_POINT('',(6.138936579244,2.21792556794));
#8728 = CARTESIAN_POINT('',(6.175063269414,2.218088557768));
#8729 = CARTESIAN_POINT('',(6.211131086046,2.218205326473));
#8730 = CARTESIAN_POINT('',(6.247162914003,2.218275531329));
#8731 = CARTESIAN_POINT('',(6.271176453951,2.218291170694));
#8732 = CARTESIAN_POINT('',(6.28318530718,2.218291161427));
#8733 = ( GEOMETRIC_REPRESENTATION_CONTEXT(2) 
PARAMETRIC_REPRESENTATION_CONTEXT() REPRESENTATION_CONTEXT('2D SPACE',''
  ) );
#8734 = PCURVE('',#116,#8735);
#8735 = DEFINITIONAL_REPRESENTATION('',(#8736),#8894);
#8736 = B_SPLINE_CURVE_WITH_KNOTS('',3,(#8737,#8738,#8739,#8740,#8741,
    #8742,#8743,#8744,#8745,#8746,#8747,#8748,#8749,#8750,#8751,#8752,
    #8753,#8754,#8755,#8756,#8757,#8758,#8759,#8760,#8761,#8762,#8763,
    #8764,#8765,#8766,#8767,#8768,#8769,#8770,#8771,#8772,#8773,#8774,
    #8775,#8776,#8777,#8778,#8779,#8780,#8781,#8782,#8783,#8784,#8785,
    #8786,#8787,#8788,#8789,#8790,#8791,#8792,#8793,#8794,#8795,#8796,
    #8797,#8798,#8799,#8800,#8801,#8802,#8803,#8804,#8805,#8806,#8807,
    #8808,#8809,#8810,#8811,#8812,#8813,#8814,#8815,#8816,#8817,#8818,
    #8819,#8820,#8821,#8822,#8823,#8824,#8825,#8826,#8827,#8828,#8829,
    #8830,#8831,#8832,#8833,#8834,#8835,#8836,#8837,#8838,#8839,#8840,
    #8841,#8842,#8843,#8844,#8845,#8846,#8847,#8848,#8849,#8850,#8851,
    #8852,#8853,#8854,#8855,#8856,#8857,#8858,#8859,#8860,#8861,#8862,
    #8863,#8864,#8865,#8866,#8867,#8868,#8869,#8870,#8871,#8872,#8873,
    #8874,#8875,#8876,#8877,#8878,#8879,#8880,#8881,#8882,#8883,#8884,
    #8885,#8886,#8887,#8888,#8889,#8890,#8891,#8892,#8893),
  .UNSPECIFIED.,.T.,.F.,(4,1,1,1,1,1,1,1,1,1,1,1,1,1,1,1,1,1,1,1,1,1,1,1
    ,1,1,1,1,1,1,1,1,1,1,1,1,1,1,1,1,1,1,1,1,1,1,1,1,1,1,1,1,1,1,1,1,1,1
    ,1,1,1,1,1,1,1,1,1,1,1,1,1,1,1,1,1,1,1,1,1,1,1,1,1,1,1,1,1,1,1,1,1,1
    ,1,1,1,1,1,1,1,1,1,1,1,1,1,1,1,1,1,1,1,1,1,1,1,1,1,1,1,1,1,1,1,1,1,1
    ,1,1,1,1,1,1,1,1,1,1,1,1,1,1,1,1,1,1,1,1,1,1,1,1,1,1,1,1,4),(0.,
    8.658085424649E-03,1.73161708493E-02,2.597425627395E-02,
    3.46323416986E-02,4.329042712325E-02,5.19485125479E-02,
    6.060659797255E-02,6.926468339719E-02,7.792276882184E-02,
    8.658085424649E-02,9.523893967114E-02,0.103897025096,0.11255511052,
    0.121213195945,0.12987128137,0.138529366794,0.147187452219,
    0.155845537644,0.164503623068,0.173161708493,0.181819793918,
    0.190477879342,0.199135964767,0.207794050192,0.216452135616,
    0.225110221041,0.233768306466,0.24242639189,0.251084477315,
    0.259742562739,0.268400648164,0.277058733589,0.285716819013,
    0.294374904438,0.303032989863,0.311691075287,0.320349160712,
    0.329007246137,0.337665331561,0.346323416986,0.354981502411,
    0.363639587835,0.37229767326,0.380955758685,0.389613844109,
    0.398271929534,0.406930014959,0.415588100383,0.424246185808,
    0.432904271232,0.441562356657,0.450220442082,0.458878527506,
    0.467536612931,0.476194698356,0.48485278378,0.493510869205,
    0.50216895463,0.510827040054,0.519485125479,0.528143210904,
    0.536801296328,0.545459381753,0.554117467178,0.562775552602,
    0.571433638027,0.580091723452,0.588749808876,0.597407894301,
    0.606065979725,0.61472406515,0.623382150575,0.632040235999,
    0.640698321424,0.649356406849,0.658014492273,0.666672577698,
    0.675330663123,0.683988748547,0.692646833972,0.701304919397,
    0.709963004821,0.718621090246,0.727279175671,0.735937261095,
    0.74459534652,0.753253431944,0.761911517369,0.770569602794,
    0.779227688218,0.787885773643,0.796543859068,0.805201944492,
    0.813860029917,0.822518115342,0.831176200766,0.839834286191,
    0.848492371616,0.85715045704,0.865808542465,0.87446662789,
    0.883124713314,0.891782798739,0.900440884164,0.909098969588,
    0.917757055013,0.926415140437,0.935073225862,0.943731311287,
    0.952389396711,0.961047482136,0.969705567561,0.978363652985,
    0.98702173841,0.995679823835,1.004337909259,1.012995994684,
    1.021654080109,1.030312165533,1.038970250958,1.047628336383,
    1.056286421807,1.064944507232,1.073602592657,1.082260678081,
    1.090918763506,1.09957684893,1.108234934355,1.11689301978,
    1.125551105204,1.134209190629,1.142867276054,1.151525361478,
    1.160183446903,1.168841532328,1.177499617752,1.186157703177,
    1.194815788602,1.203473874026,1.212131959451,1.220790044876,
    1.2294481303,1.238106215725,1.24676430115,1.255422386574,
    1.264080471999,1.272738557423,1.281396642848,1.290054728273,
    1.298712813697,1.307370899122,1.316028984547,1.324687069971,
    1.333345155396),.QUASI_UNIFORM_KNOTS.);
#8737 = CARTESIAN_POINT('',(4.,6.825431816889));
#8738 = CARTESIAN_POINT('',(4.020414038344,6.825431813612));
#8739 = CARTESIAN_POINT('',(4.061235079597,6.825422619195));
#8740 = CARTESIAN_POINT('',(4.122406573899,6.825381228087));
#8741 = CARTESIAN_POINT('',(4.183480043006,6.825312216118));
#8742 = CARTESIAN_POINT('',(4.244414016526,6.825215511103));
#8743 = CARTESIAN_POINT('',(4.305164665047,6.825091012281));
#8744 = CARTESIAN_POINT('',(4.365685442835,6.82493858868));
#8745 = CARTESIAN_POINT('',(4.425927139898,6.82475808343));
#8746 = CARTESIAN_POINT('',(4.485837825016,6.824549315964));
#8747 = CARTESIAN_POINT('',(4.545362814862,6.824312084236));
#8748 = CARTESIAN_POINT('',(4.604444629113,6.824046166313));
#8749 = CARTESIAN_POINT('',(4.663022938793,6.823751321461));
#8750 = CARTESIAN_POINT('',(4.72103450098,6.823427290648));
#8751 = CARTESIAN_POINT('',(4.778413082098,6.823073796385));
#8752 = CARTESIAN_POINT('',(4.835089349733,6.82269054204));
#8753 = CARTESIAN_POINT('',(4.890990793024,6.822277209857));
#8754 = CARTESIAN_POINT('',(4.946041433404,6.821833460372));
#8755 = CARTESIAN_POINT('',(5.000162200583,6.821358922913));
#8756 = CARTESIAN_POINT('',(5.053268694399,6.820853215467));
#8757 = CARTESIAN_POINT('',(5.105278557089,6.820315850823));
#8758 = CARTESIAN_POINT('',(5.156062469689,6.819746779081));
#8759 = CARTESIAN_POINT('',(5.20551280296,6.819145719793));
#8760 = CARTESIAN_POINT('',(5.253510222688,6.818512473431));
#8761 = CARTESIAN_POINT('',(5.299927303088,6.817846912279));
#8762 = CARTESIAN_POINT('',(5.344628099943,6.817149000122));
#8763 = CARTESIAN_POINT('',(5.38746922609,6.816418798306));
#8764 = CARTESIAN_POINT('',(5.428298957781,6.81565649814));
#8765 = CARTESIAN_POINT('',(5.466954637623,6.814862525189));
#8766 = CARTESIAN_POINT('',(5.503268312551,6.8140374821));
#8767 = CARTESIAN_POINT('',(5.537065881387,6.813182226614));
#8768 = CARTESIAN_POINT('',(5.568169554331,6.812297908484));
#8769 = CARTESIAN_POINT('',(5.596402883607,6.811385917065));
#8770 = CARTESIAN_POINT('',(5.62159185367,6.81044791851));
#8771 = CARTESIAN_POINT('',(5.643559080306,6.809486312159));
#8772 = CARTESIAN_POINT('',(5.662145028821,6.808503697003));
#8773 = CARTESIAN_POINT('',(5.67720668855,6.807503005813));
#8774 = CARTESIAN_POINT('',(5.688622089794,6.80648747865));
#8775 = CARTESIAN_POINT('',(5.696293912825,6.805460690353));
#8776 = CARTESIAN_POINT('',(5.700153531369,6.804426521074));
#8777 = CARTESIAN_POINT('',(5.700166871262,6.803389298702));
#8778 = CARTESIAN_POINT('',(5.696334141133,6.802352660684));
#8779 = CARTESIAN_POINT('',(5.688689449043,6.801320941211));
#8780 = CARTESIAN_POINT('',(5.677300881092,6.800298059054));
#8781 = CARTESIAN_POINT('',(5.662265061362,6.799287686525));
#8782 = CARTESIAN_POINT('',(5.643703355461,6.798293203925));
#8783 = CARTESIAN_POINT('',(5.621758598783,6.797317725427));
#8784 = CARTESIAN_POINT('',(5.596590519215,6.796364055143));
#8785 = CARTESIAN_POINT('',(5.568378294202,6.795434852738));
#8786 = CARTESIAN_POINT('',(5.537297161268,6.794531997626));
#8787 = CARTESIAN_POINT('',(5.503520772032,6.793656994825));
#8788 = CARTESIAN_POINT('',(5.46722760163,6.792811221772));
#8789 = CARTESIAN_POINT('',(5.428591486505,6.791995730172));
#8790 = CARTESIAN_POINT('',(5.387780512758,6.791211319066));
#8791 = CARTESIAN_POINT('',(5.344957066016,6.790458595467));
#8792 = CARTESIAN_POINT('',(5.300273387867,6.789737934345));
#8793 = CARTESIAN_POINT('',(5.253872641461,6.789049556706));
#8794 = CARTESIAN_POINT('',(5.205890762976,6.788393580817));
#8795 = CARTESIAN_POINT('',(5.156455279974,6.787770023171));
#8796 = CARTESIAN_POINT('',(5.105685285892,6.787178816209));
#8797 = CARTESIAN_POINT('',(5.053689823091,6.786619809921));
#8798 = CARTESIAN_POINT('',(5.00057352221,6.786092843816));
#8799 = CARTESIAN_POINT('',(4.946432134639,6.785597699002));
#8800 = CARTESIAN_POINT('',(4.891355620151,6.785134147477));
#8801 = CARTESIAN_POINT('',(4.835428106205,6.784701949012));
#8802 = CARTESIAN_POINT('',(4.778727559296,6.784300847632));
#8803 = CARTESIAN_POINT('',(4.721327885652,6.783930597709));
#8804 = CARTESIAN_POINT('',(4.663298206112,6.783590956518));
#8805 = CARTESIAN_POINT('',(4.604703726358,6.783281691454));
#8806 = CARTESIAN_POINT('',(4.545606603386,6.783002584907));
#8807 = CARTESIAN_POINT('',(4.486066920256,6.782753437595));
#8808 = CARTESIAN_POINT('',(4.426138483252,6.782534052732));
#8809 = CARTESIAN_POINT('',(4.365874572631,6.782344262749));
#8810 = CARTESIAN_POINT('',(4.305326694136,6.78218392116));
#8811 = CARTESIAN_POINT('',(4.244544989945,6.782052903492));
#8812 = CARTESIAN_POINT('',(4.183578251364,6.781951106499));
#8813 = CARTESIAN_POINT('',(4.122473828517,6.781878448525));
#8814 = CARTESIAN_POINT('',(4.061278313711,6.781834870316));
#8815 = CARTESIAN_POINT('',(4.000035196521,6.781820336252));
#8816 = CARTESIAN_POINT('',(3.938793821724,6.781834836772));
#8817 = CARTESIAN_POINT('',(3.877603455924,6.781878376288));
#8818 = CARTESIAN_POINT('',(3.816505107808,6.781950988569));
#8819 = CARTESIAN_POINT('',(3.755544204548,6.782052733881));
#8820 = CARTESIAN_POINT('',(3.69476724844,6.782183696198));
#8821 = CARTESIAN_POINT('',(3.634222754291,6.782343981138));
#8822 = CARTESIAN_POINT('',(3.573961051694,6.782533714435));
#8823 = CARTESIAN_POINT('',(3.514034402385,6.782753041015));
#8824 = CARTESIAN_POINT('',(3.454497047699,6.783002124624));
#8825 = CARTESIAN_POINT('',(3.395405275924,6.783281148132));
#8826 = CARTESIAN_POINT('',(3.336817535297,6.783590314077));
#8827 = CARTESIAN_POINT('',(3.278794399883,6.783929847051));
#8828 = CARTESIAN_POINT('',(3.221399133626,6.784299991944));
#8829 = CARTESIAN_POINT('',(3.164696064176,6.784701030381));
#8830 = CARTESIAN_POINT('',(3.108766528689,6.785133162227));
#8831 = CARTESIAN_POINT('',(3.053687645524,6.785596647975));
#8832 = CARTESIAN_POINT('',(2.999543768783,6.786091726499));
#8833 = CARTESIAN_POINT('',(2.946424761957,6.786618626494));
#8834 = CARTESIAN_POINT('',(2.894426423755,6.787177566401));
#8835 = CARTESIAN_POINT('',(2.843653314075,6.787768707246));
#8836 = CARTESIAN_POINT('',(2.794214475666,6.788392199148));
#8837 = CARTESIAN_POINT('',(2.746229011096,6.789048109464));
#8838 = CARTESIAN_POINT('',(2.699824423537,6.789736421982));
#8839 = CARTESIAN_POINT('',(2.655136630835,6.790457018619));
#8840 = CARTESIAN_POINT('',(2.612308695636,6.791209680331));
#8841 = CARTESIAN_POINT('',(2.571493017997,6.791994029378));
#8842 = CARTESIAN_POINT('',(2.53285186233,6.792809460941));
#8843 = CARTESIAN_POINT('',(2.496553317525,6.793655176534));
#8844 = CARTESIAN_POINT('',(2.462771269398,6.794530122986));
#8845 = CARTESIAN_POINT('',(2.431683881407,6.79543293248));
#8846 = CARTESIAN_POINT('',(2.403465930782,6.796362069144));
#8847 = CARTESIAN_POINT('',(2.378294495938,6.797315561508));
#8848 = CARTESIAN_POINT('',(2.356345239557,6.798290851069));
#8849 = CARTESIAN_POINT('',(2.337777249827,6.799285171201));
#8850 = CARTESIAN_POINT('',(2.322733198239,6.800295442868));
#8851 = CARTESIAN_POINT('',(2.311335014073,6.801318300327));
#8852 = CARTESIAN_POINT('',(2.303680164696,6.802350070305));
#8853 = CARTESIAN_POINT('',(2.299837568732,6.803386809825));
#8854 = CARTESIAN_POINT('',(2.299841944674,6.804424158237));
#8855 = CARTESIAN_POINT('',(2.303693182061,6.805458393587));
#8856 = CARTESIAN_POINT('',(2.31135695804,6.80648524487));
#8857 = CARTESIAN_POINT('',(2.322765058276,6.807500863052));
#8858 = CARTESIAN_POINT('',(2.337820694372,6.808501686494));
#8859 = CARTESIAN_POINT('',(2.356402330155,6.809484472032));
#8860 = CARTESIAN_POINT('',(2.37836692627,6.810446267411));
#8861 = CARTESIAN_POINT('',(2.403554582367,6.811384450531));
#8862 = CARTESIAN_POINT('',(2.431785750323,6.812296558192));
#8863 = CARTESIAN_POINT('',(2.462886465442,6.813180951402));
#8864 = CARTESIAN_POINT('',(2.496681907213,6.814036291152));
#8865 = CARTESIAN_POINT('',(2.53299383468,6.814861414298));
#8866 = CARTESIAN_POINT('',(2.571648265453,6.815655466482));
#8867 = CARTESIAN_POINT('',(2.612477154617,6.816417843425));
#8868 = CARTESIAN_POINT('',(2.655317949226,6.817148121432));
#8869 = CARTESIAN_POINT('',(2.700018647012,6.817846104726));
#8870 = CARTESIAN_POINT('',(2.746435965151,6.818511734315));
#8871 = CARTESIAN_POINT('',(2.794433920005,6.819145046069));
#8872 = CARTESIAN_POINT('',(2.843885132142,6.819746168352));
#8873 = CARTESIAN_POINT('',(2.894669964916,6.820315297669));
#8874 = CARTESIAN_POINT('',(2.946681603544,6.820852723312));
#8875 = CARTESIAN_POINT('',(2.999790500188,6.821358491459));
#8876 = CARTESIAN_POINT('',(3.053913475325,6.821833081925));
#8877 = CARTESIAN_POINT('',(3.108966386309,6.822276879865));
#8878 = CARTESIAN_POINT('',(3.164870127416,6.822690256024));
#8879 = CARTESIAN_POINT('',(3.22154875891,6.823073550555));
#8880 = CARTESIAN_POINT('',(3.278929784145,6.823427081556));
#8881 = CARTESIAN_POINT('',(3.336943886315,6.82375114594));
#8882 = CARTESIAN_POINT('',(3.395524841415,6.824046021367));
#8883 = CARTESIAN_POINT('',(3.454609411588,6.824311966962));
#8884 = CARTESIAN_POINT('',(3.514137267582,6.824549223497));
#8885 = CARTESIAN_POINT('',(3.574050923292,6.824758012898));
#8886 = CARTESIAN_POINT('',(3.634295683785,6.824938537181));
#8887 = CARTESIAN_POINT('',(3.694819600207,6.825090976871));
#8888 = CARTESIAN_POINT('',(3.755573438688,6.825215488802));
#8889 = CARTESIAN_POINT('',(3.816510623305,6.825312203926));
#8890 = CARTESIAN_POINT('',(3.877587287846,6.825381223015));
#8891 = CARTESIAN_POINT('',(3.938761919304,6.825422618299));
#8892 = CARTESIAN_POINT('',(3.979584978901,6.825431813617));
#8893 = CARTESIAN_POINT('',(4.,6.825431816889));
#8894 = ( GEOMETRIC_REPRESENTATION_CONTEXT(2) 
PARAMETRIC_REPRESENTATION_CONTEXT() REPRESENTATION_CONTEXT('2D SPACE',''
  ) );
#8895 = ORIENTED_EDGE('',*,*,#8431,.T.);
#8896 = ADVANCED_FACE('',(#8897),#6895,.F.);
#8897 = FACE_BOUND('',#8898,.F.);
#8898 = EDGE_LOOP('',(#8899,#8900,#8923,#9365));
#8899 = ORIENTED_EDGE('',*,*,#6612,.T.);
#8900 = ORIENTED_EDGE('',*,*,#8901,.F.);
#8901 = EDGE_CURVE('',#8902,#6613,#8904,.T.);
#8902 = VERTEX_POINT('',#8903);
#8903 = CARTESIAN_POINT('',(-45.22388558594,11.903122307907,4.));
#8904 = SEAM_CURVE('',#8905,(#8909,#8916),.PCURVE_S1.);
#8905 = LINE('',#8906,#8907);
#8906 = CARTESIAN_POINT('',(-47.42624965109,11.977829194662,4.));
#8907 = VECTOR('',#8908,1.);
#8908 = DIRECTION('',(0.999425171273,-3.390172600055E-02,
    -1.54074395551E-33));
#8909 = PCURVE('',#6895,#8910);
#8910 = DEFINITIONAL_REPRESENTATION('',(#8911),#8915);
#8911 = LINE('',#8912,#8913);
#8912 = CARTESIAN_POINT('',(0.,-0.));
#8913 = VECTOR('',#8914,1.);
#8914 = DIRECTION('',(0.,1.));
#8915 = ( GEOMETRIC_REPRESENTATION_CONTEXT(2) 
PARAMETRIC_REPRESENTATION_CONTEXT() REPRESENTATION_CONTEXT('2D SPACE',''
  ) );
#8916 = PCURVE('',#6895,#8917);
#8917 = DEFINITIONAL_REPRESENTATION('',(#8918),#8922);
#8918 = LINE('',#8919,#8920);
#8919 = CARTESIAN_POINT('',(6.28318530718,-0.));
#8920 = VECTOR('',#8921,1.);
#8921 = DIRECTION('',(0.,1.));
#8922 = ( GEOMETRIC_REPRESENTATION_CONTEXT(2) 
PARAMETRIC_REPRESENTATION_CONTEXT() REPRESENTATION_CONTEXT('2D SPACE',''
  ) );
#8923 = ORIENTED_EDGE('',*,*,#8924,.T.);
#8924 = EDGE_CURVE('',#8902,#8902,#8925,.T.);
#8925 = SURFACE_CURVE('',#8926,(#9043,#9204),.PCURVE_S1.);
#8926 = B_SPLINE_CURVE_WITH_KNOTS('',7,(#8927,#8928,#8929,#8930,#8931,
    #8932,#8933,#8934,#8935,#8936,#8937,#8938,#8939,#8940,#8941,#8942,
    #8943,#8944,#8945,#8946,#8947,#8948,#8949,#8950,#8951,#8952,#8953,
    #8954,#8955,#8956,#8957,#8958,#8959,#8960,#8961,#8962,#8963,#8964,
    #8965,#8966,#8967,#8968,#8969,#8970,#8971,#8972,#8973,#8974,#8975,
    #8976,#8977,#8978,#8979,#8980,#8981,#8982,#8983,#8984,#8985,#8986,
    #8987,#8988,#8989,#8990,#8991,#8992,#8993,#8994,#8995,#8996,#8997,
    #8998,#8999,#9000,#9001,#9002,#9003,#9004,#9005,#9006,#9007,#9008,
    #9009,#9010,#9011,#9012,#9013,#9014,#9015,#9016,#9017,#9018,#9019,
    #9020,#9021,#9022,#9023,#9024,#9025,#9026,#9027,#9028,#9029,#9030,
    #9031,#9032,#9033,#9034,#9035,#9036,#9037,#9038,#9039,#9040,#9041,
    #9042),.UNSPECIFIED.,.T.,.F.,(8,6,6,6,6,6,6,6,6,6,6,6,6,6,6,6,6,6,6,
    8),(0.,0.159777737449,0.216803926027,0.261253252112,0.33319454523,
    0.405957498873,0.450267480853,0.507231082952,0.550369496818,
    0.66736305716,0.751077002723,0.783367432334,0.82653953329,
    0.883603432335,0.928131267228,1.,1.071973386796,1.116467302782,
    1.173515159792,1.333378086775),.UNSPECIFIED.);
#8927 = CARTESIAN_POINT('',(-45.22388558594,11.903122307907,4.));
#8928 = CARTESIAN_POINT('',(-45.22388558594,11.903122307907,
    3.838555650601));
#8929 = CARTESIAN_POINT('',(-45.22335551193,11.921000951111,
    3.677299601186));
#8930 = CARTESIAN_POINT('',(-45.2222973573,11.956689732646,
    3.517279109473));
#8931 = CARTESIAN_POINT('',(-45.22069459886,12.010579969672,
    3.359879177452));
#8932 = CARTESIAN_POINT('',(-45.21852027674,12.083232529315,
    3.206881899945));
#8933 = CARTESIAN_POINT('',(-45.21574170487,12.175200845706,
    3.060410465078));
#8934 = CARTESIAN_POINT('',(-45.21107785887,12.327544883325,
    2.874214366893));
#8935 = CARTESIAN_POINT('',(-45.20976795283,12.370179050542,
    2.826446457639));
#8936 = CARTESIAN_POINT('',(-45.20837293313,12.41540446231,
    2.780021488197));
#8937 = CARTESIAN_POINT('',(-45.2068909846,12.4632407041,2.735097202517)
  );
#8938 = CARTESIAN_POINT('',(-45.20532059061,12.513693875896,
    2.691851231607));
#8939 = CARTESIAN_POINT('',(-45.20366070241,12.566751827818,
    2.650478709642));
#8940 = CARTESIAN_POINT('',(-45.20054702326,12.66573856048,
    2.580566038191));
#8941 = CARTESIAN_POINT('',(-45.19912859411,12.710656412186,
    2.551209948391));
#8942 = CARTESIAN_POINT('',(-45.19765552425,12.757113438311,
    2.523222219647));
#8943 = CARTESIAN_POINT('',(-45.19612808788,12.805077309648,
    2.496711797654));
#8944 = CARTESIAN_POINT('',(-45.19454705602,12.854499888032,
    2.471792703073));
#8945 = CARTESIAN_POINT('',(-45.19291382267,12.905314234054,
    2.448580759773));
#8946 = CARTESIAN_POINT('',(-45.18850612085,13.041783664452,
    2.392569872978));
#8947 = CARTESIAN_POINT('',(-45.18564927033,13.129589687846,
    2.362703856091));
#8948 = CARTESIAN_POINT('',(-45.18267108471,13.220410566312,
    2.338112663091));
#8949 = CARTESIAN_POINT('',(-45.17958702683,13.313685895762,
    2.319257200379));
#8950 = CARTESIAN_POINT('',(-45.17641770333,13.408724730894,
    2.306509184658));
#8951 = CARTESIAN_POINT('',(-45.173189603,13.504697882543,2.300093238721
    ));
#8952 = CARTESIAN_POINT('',(-45.16664480841,13.697661340023,
    2.299907282343));
#8953 = CARTESIAN_POINT('',(-45.16332435243,13.794744229373,
    2.306282422827));
#8954 = CARTESIAN_POINT('',(-45.16000820596,13.89088218589,
    2.319137741026));
#8955 = CARTESIAN_POINT('',(-45.15672703561,13.985220132772,
    2.338243793359));
#8956 = CARTESIAN_POINT('',(-45.15350804863,14.077042049881,
    2.36321689757));
#8957 = CARTESIAN_POINT('',(-45.15037470168,14.165765049337,
    2.39357766174));
#8958 = CARTESIAN_POINT('',(-45.14550236767,14.30279498975,
    2.450219040465));
#8959 = CARTESIAN_POINT('',(-45.14369657886,14.353358453628,
    2.473460693017));
#8960 = CARTESIAN_POINT('',(-45.14193289676,14.402535174521,
    2.498392916375));
#8961 = CARTESIAN_POINT('',(-45.14021441024,14.450259687552,
    2.524901052625));
#8962 = CARTESIAN_POINT('',(-45.1385435672,14.496484983938,2.55287232521
    ));
#8963 = CARTESIAN_POINT('',(-45.13692225023,14.541179571279,
    2.582199030615));
#8964 = CARTESIAN_POINT('',(-45.1333329951,14.639790421478,
    2.652097943777));
#8965 = CARTESIAN_POINT('',(-45.13139843925,14.692691188773,
    2.693486951661));
#8966 = CARTESIAN_POINT('',(-45.12955094524,14.742992592078,
    2.736739634119));
#8967 = CARTESIAN_POINT('',(-45.12779236053,14.790683103807,
    2.781661956273));
#8968 = CARTESIAN_POINT('',(-45.12612377152,14.835769204189,
    2.828077310459));
#8969 = CARTESIAN_POINT('',(-45.12454565556,14.878270673018,
    2.875828858741));
#8970 = CARTESIAN_POINT('',(-45.12193145957,14.948466302153,
    2.961853890096));
#8971 = CARTESIAN_POINT('',(-45.12085684509,14.977249112921,
    2.999613138337));
#8972 = CARTESIAN_POINT('',(-45.11983420597,15.004576475792,
    3.037999998475));
#8973 = CARTESIAN_POINT('',(-45.1188635032,15.0304610002,3.076959157196)
  );
#8974 = CARTESIAN_POINT('',(-45.11794464226,15.054915742926,
    3.116439609539));
#8975 = CARTESIAN_POINT('',(-45.11707747315,15.077954208095,
    3.156394658889));
#8976 = CARTESIAN_POINT('',(-45.11404961742,15.158268650721,
    3.306314203717));
#8977 = CARTESIAN_POINT('',(-45.11221699419,15.206609983414,
    3.418984998504));
#8978 = CARTESIAN_POINT('',(-45.11075865579,15.244924565798,
    3.533998868374));
#8979 = CARTESIAN_POINT('',(-45.10967131107,15.273417482964,
    3.650663337207));
#8980 = CARTESIAN_POINT('',(-45.10895203143,15.29224108871,
    3.768366248237));
#8981 = CARTESIAN_POINT('',(-45.10859851267,15.301493170061,
    3.886564184654));
#8982 = CARTESIAN_POINT('',(-45.10862029495,15.300923098659,
    4.089371864253));
#8983 = CARTESIAN_POINT('',(-45.108816879,15.295778226117,4.173947767661
    ));
#8984 = CARTESIAN_POINT('',(-45.10920092637,15.285726863794,
    4.258323855507));
#8985 = CARTESIAN_POINT('',(-45.10977296132,15.270744917572,
    4.34230212016));
#8986 = CARTESIAN_POINT('',(-45.11053379938,15.2507906224,4.425671404049
    ));
#8987 = CARTESIAN_POINT('',(-45.11148451978,15.225804552036,
    4.508205456976));
#8988 = CARTESIAN_POINT('',(-45.11306723633,15.18409158048,
    4.621078919778));
#8989 = CARTESIAN_POINT('',(-45.11353626173,15.171719786518,
    4.652336204362));
#8990 = CARTESIAN_POINT('',(-45.1140338358,15.158582637158,
    4.683417349607));
#8991 = CARTESIAN_POINT('',(-45.11456003841,15.144675284633,
    4.714306982306));
#8992 = CARTESIAN_POINT('',(-45.11511494853,15.12999262046,
    4.744988856329));
#8993 = CARTESIAN_POINT('',(-45.11569864422,15.114529275442,
    4.775445852623));
#8994 = CARTESIAN_POINT('',(-45.1171301894,15.07655393227,4.84605607611)
  );
#8995 = CARTESIAN_POINT('',(-45.11800074967,15.053423179584,
    4.886017422416));
#8996 = CARTESIAN_POINT('',(-45.118923089,15.028873354517,4.925501415278
    ));
#8997 = CARTESIAN_POINT('',(-45.11989735651,15.00289091911,
    4.964461113037));
#8998 = CARTESIAN_POINT('',(-45.12092364485,14.975462804532,
    5.002845235227));
#8999 = CARTESIAN_POINT('',(-45.1220019902,14.946576411086,
    5.040598162571));
#9000 = CARTESIAN_POINT('',(-45.12462648559,14.876094678058,
    5.126647345675));
#9001 = CARTESIAN_POINT('',(-45.12621140449,14.833403616447,
    5.174424066299));
#9002 = CARTESIAN_POINT('',(-45.12788709972,14.788118049157,
    5.220854224017));
#9003 = CARTESIAN_POINT('',(-45.12965307702,14.740218375664,
    5.265779587649));
#9004 = CARTESIAN_POINT('',(-45.13150822261,14.689698564625,
    5.309021975949));
#9005 = CARTESIAN_POINT('',(-45.13345064865,14.636570949354,
    5.350385663887));
#9006 = CARTESIAN_POINT('',(-45.13705915205,14.537407517443,
    5.420305990537));
#9007 = CARTESIAN_POINT('',(-45.1386921043,14.492380244052,
    5.449678059592));
#9008 = CARTESIAN_POINT('',(-45.1403749604,14.445808961355,
    5.477674767372));
#9009 = CARTESIAN_POINT('',(-45.1421057823,14.397726368249,
    5.504186494107));
#9010 = CARTESIAN_POINT('',(-45.14388205143,14.34818112779,
    5.529098544531));
#9011 = CARTESIAN_POINT('',(-45.14570059119,14.297240890686,
    5.552294463439));
#9012 = CARTESIAN_POINT('',(-45.15055455683,14.160670018563,
    5.608142667498));
#9013 = CARTESIAN_POINT('',(-45.15365301263,14.072903152664,
    5.637873274461));
#9014 = CARTESIAN_POINT('',(-45.1568341084,13.982136032934,
    5.662331934128));
#9015 = CARTESIAN_POINT('',(-45.16007531312,13.888929091407,
    5.681060747419));
#9016 = CARTESIAN_POINT('',(-45.16335045844,13.793971300696,
    5.693691167314));
#9017 = CARTESIAN_POINT('',(-45.16662992207,13.698088614864,5.7000009437
    ));
#9018 = CARTESIAN_POINT('',(-45.17313651028,13.506274690199,
    5.699999054761));
#9019 = CARTESIAN_POINT('',(-45.1763665308,13.410255753155,
    5.693669044672));
#9020 = CARTESIAN_POINT('',(-45.17953815976,13.315158877457,
    5.681001043071));
#9021 = CARTESIAN_POINT('',(-45.18262492547,13.221812084639,
    5.662216077738));
#9022 = CARTESIAN_POINT('',(-45.18560606077,13.130910693434,
    5.63768340572));
#9023 = CARTESIAN_POINT('',(-45.18846585488,13.043022654955,
    5.607865099196));
#9024 = CARTESIAN_POINT('',(-45.19287880949,12.906402976798,
    5.551910740941));
#9025 = CARTESIAN_POINT('',(-45.19451456706,12.855514376134,
    5.52870767896));
#9026 = CARTESIAN_POINT('',(-45.19609804493,12.806019174904,
    5.503792418316));
#9027 = CARTESIAN_POINT('',(-45.19762783712,12.757984745076,
    5.477281138227));
#9028 = CARTESIAN_POINT('',(-45.19910316439,12.711459552142,
    5.44928823883));
#9029 = CARTESIAN_POINT('',(-45.20052374732,12.666476163993,
    5.419923044853));
#9030 = CARTESIAN_POINT('',(-45.20364100905,12.56738088227,
    5.350005887164));
#9031 = CARTESIAN_POINT('',(-45.20530236901,12.51427852985,
    5.308638276299));
#9032 = CARTESIAN_POINT('',(-45.20687416542,12.463782612183,
    5.265394271884));
#9033 = CARTESIAN_POINT('',(-45.20835744422,12.415905437484,
    5.220469339545));
#9034 = CARTESIAN_POINT('',(-45.20975372144,12.370640994044,
    5.17404141891));
#9035 = CARTESIAN_POINT('',(-45.21106481315,12.327969731731,
    5.126268527188));
#9036 = CARTESIAN_POINT('',(-45.21573342738,12.175474816622,
    4.940025603292));
#9037 = CARTESIAN_POINT('',(-45.21851488326,12.083412749214,
    4.793497624354));
#9038 = CARTESIAN_POINT('',(-45.22069142089,12.010686824409,
    4.640432992503));
#9039 = CARTESIAN_POINT('',(-45.22229578338,11.956742815382,
    4.482958799541));
#9040 = CARTESIAN_POINT('',(-45.22335498498,11.921018724758,
    4.322860317537));
#9041 = CARTESIAN_POINT('',(-45.22388558594,11.903122307907,
    4.161524586735));
#9042 = CARTESIAN_POINT('',(-45.22388558594,11.903122307907,4.));
#9043 = PCURVE('',#6895,#9044);
#9044 = DEFINITIONAL_REPRESENTATION('',(#9045),#9203);
#9045 = B_SPLINE_CURVE_WITH_KNOTS('',3,(#9046,#9047,#9048,#9049,#9050,
    #9051,#9052,#9053,#9054,#9055,#9056,#9057,#9058,#9059,#9060,#9061,
    #9062,#9063,#9064,#9065,#9066,#9067,#9068,#9069,#9070,#9071,#9072,
    #9073,#9074,#9075,#9076,#9077,#9078,#9079,#9080,#9081,#9082,#9083,
    #9084,#9085,#9086,#9087,#9088,#9089,#9090,#9091,#9092,#9093,#9094,
    #9095,#9096,#9097,#9098,#9099,#9100,#9101,#9102,#9103,#9104,#9105,
    #9106,#9107,#9108,#9109,#9110,#9111,#9112,#9113,#9114,#9115,#9116,
    #9117,#9118,#9119,#9120,#9121,#9122,#9123,#9124,#9125,#9126,#9127,
    #9128,#9129,#9130,#9131,#9132,#9133,#9134,#9135,#9136,#9137,#9138,
    #9139,#9140,#9141,#9142,#9143,#9144,#9145,#9146,#9147,#9148,#9149,
    #9150,#9151,#9152,#9153,#9154,#9155,#9156,#9157,#9158,#9159,#9160,
    #9161,#9162,#9163,#9164,#9165,#9166,#9167,#9168,#9169,#9170,#9171,
    #9172,#9173,#9174,#9175,#9176,#9177,#9178,#9179,#9180,#9181,#9182,
    #9183,#9184,#9185,#9186,#9187,#9188,#9189,#9190,#9191,#9192,#9193,
    #9194,#9195,#9196,#9197,#9198,#9199,#9200,#9201,#9202),
  .UNSPECIFIED.,.F.,.F.,(4,1,1,1,1,1,1,1,1,1,1,1,1,1,1,1,1,1,1,1,1,1,1,1
    ,1,1,1,1,1,1,1,1,1,1,1,1,1,1,1,1,1,1,1,1,1,1,1,1,1,1,1,1,1,1,1,1,1,1
    ,1,1,1,1,1,1,1,1,1,1,1,1,1,1,1,1,1,1,1,1,1,1,1,1,1,1,1,1,1,1,1,1,1,1
    ,1,1,1,1,1,1,1,1,1,1,1,1,1,1,1,1,1,1,1,1,1,1,1,1,1,1,1,1,1,1,1,1,1,1
    ,1,1,1,1,1,1,1,1,1,1,1,1,1,1,1,1,1,1,1,1,1,1,1,1,1,1,1,1,4),(0.,
    8.658299264771E-03,1.731659852954E-02,2.597489779431E-02,
    3.463319705909E-02,4.329149632386E-02,5.194979558863E-02,
    6.06080948534E-02,6.926639411817E-02,7.792469338294E-02,
    8.658299264771E-02,9.524129191249E-02,0.103899591177,0.112557890442,
    0.121216189707,0.129874488972,0.138532788236,0.147191087501,
    0.155849386766,0.164507686031,0.173165985295,0.18182428456,
    0.190482583825,0.19914088309,0.207799182355,0.216457481619,
    0.225115780884,0.233774080149,0.242432379414,0.251090678678,
    0.259748977943,0.268407277208,0.277065576473,0.285723875737,
    0.294382175002,0.303040474267,0.311698773532,0.320357072797,
    0.329015372061,0.337673671326,0.346331970591,0.354990269856,
    0.36364856912,0.372306868385,0.38096516765,0.389623466915,
    0.398281766179,0.406940065444,0.415598364709,0.424256663974,
    0.432914963239,0.441573262503,0.450231561768,0.458889861033,
    0.467548160298,0.476206459562,0.484864758827,0.493523058092,
    0.502181357357,0.510839656622,0.519497955886,0.528156255151,
    0.536814554416,0.545472853681,0.554131152945,0.56278945221,
    0.571447751475,0.58010605074,0.588764350004,0.597422649269,
    0.606080948534,0.614739247799,0.623397547064,0.632055846328,
    0.640714145593,0.649372444858,0.658030744123,0.666689043387,
    0.675347342652,0.684005641917,0.692663941182,0.701322240446,
    0.709980539711,0.718638838976,0.727297138241,0.735955437506,
    0.74461373677,0.753272036035,0.7619303353,0.770588634565,
    0.779246933829,0.787905233094,0.796563532359,0.805221831624,
    0.813880130889,0.822538430153,0.831196729418,0.839855028683,
    0.848513327948,0.857171627212,0.865829926477,0.874488225742,
    0.883146525007,0.891804824271,0.900463123536,0.909121422801,
    0.917779722066,0.926438021331,0.935096320595,0.94375461986,
    0.952412919125,0.96107121839,0.969729517654,0.978387816919,
    0.987046116184,0.995704415449,1.004362714713,1.013021013978,
    1.021679313243,1.030337612508,1.038995911773,1.047654211037,
    1.056312510302,1.064970809567,1.073629108832,1.082287408096,
    1.090945707361,1.099604006626,1.108262305891,1.116920605156,
    1.12557890442,1.134237203685,1.14289550295,1.151553802215,
    1.160212101479,1.168870400744,1.177528700009,1.186186999274,
    1.194845298538,1.203503597803,1.212161897068,1.220820196333,
    1.229478495598,1.238136794862,1.246795094127,1.255453393392,
    1.264111692657,1.272769991921,1.281428291186,1.290086590451,
    1.298744889716,1.30740318898,1.316061488245,1.32471978751,
    1.333378086775),.QUASI_UNIFORM_KNOTS.);
#9046 = CARTESIAN_POINT('',(0.,2.203630775425));
#9047 = CARTESIAN_POINT('',(1.200779317159E-02,2.203630777389));
#9048 = CARTESIAN_POINT('',(3.601923465394E-02,2.203627635169));
#9049 = CARTESIAN_POINT('',(7.204797805785E-02,2.203613531101));
#9050 = CARTESIAN_POINT('',(0.108112770834,2.203590074297));
#9051 = CARTESIAN_POINT('',(0.144236497673,2.203557336738));
#9052 = CARTESIAN_POINT('',(0.180441257006,2.203515415142));
#9053 = CARTESIAN_POINT('',(0.216748389014,2.203464435824));
#9054 = CARTESIAN_POINT('',(0.253178700431,2.203404555705));
#9055 = CARTESIAN_POINT('',(0.289752629036,2.203335964278));
#9056 = CARTESIAN_POINT('',(0.326490419427,2.203258885243));
#9057 = CARTESIAN_POINT('',(0.363412294523,2.203173578155));
#9058 = CARTESIAN_POINT('',(0.400538631731,2.203080339992));
#9059 = CARTESIAN_POINT('',(0.437890146275,2.202979506679));
#9060 = CARTESIAN_POINT('',(0.475488089723,2.20287145454));
#9061 = CARTESIAN_POINT('',(0.513354460148,2.202756601717));
#9062 = CARTESIAN_POINT('',(0.551512264762,2.202635409441));
#9063 = CARTESIAN_POINT('',(0.589985713072,2.202508383611));
#9064 = CARTESIAN_POINT('',(0.628800827882,2.202376074928));
#9065 = CARTESIAN_POINT('',(0.667984688759,2.202239084155));
#9066 = CARTESIAN_POINT('',(0.707570004687,2.202098047997));
#9067 = CARTESIAN_POINT('',(0.747559487028,2.201953771999));
#9068 = CARTESIAN_POINT('',(0.787977700816,2.201807047132));
#9069 = CARTESIAN_POINT('',(0.828844128153,2.201658747708));
#9070 = CARTESIAN_POINT('',(0.870177294599,2.201509815203));
#9071 = CARTESIAN_POINT('',(0.91199366298,2.201361261124));
#9072 = CARTESIAN_POINT('',(0.954308549093,2.201214162351));
#9073 = CARTESIAN_POINT('',(0.997133932907,2.20106966755));
#9074 = CARTESIAN_POINT('',(1.040475330018,2.200928993708));
#9075 = CARTESIAN_POINT('',(1.084334963116,2.200793411197));
#9076 = CARTESIAN_POINT('',(1.128709248111,2.200664234438));
#9077 = CARTESIAN_POINT('',(1.173586622204,2.200542807988));
#9078 = CARTESIAN_POINT('',(1.218955724465,2.200430467366));
#9079 = CARTESIAN_POINT('',(1.264794789208,2.200328541071));
#9080 = CARTESIAN_POINT('',(1.311057195785,2.200238344451));
#9081 = CARTESIAN_POINT('',(1.357696976522,2.200161081465));
#9082 = CARTESIAN_POINT('',(1.404661205808,2.200097831638));
#9083 = CARTESIAN_POINT('',(1.451890792402,2.20004951529));
#9084 = CARTESIAN_POINT('',(1.499318206261,2.200016863988));
#9085 = CARTESIAN_POINT('',(1.546867671166,2.200000391412));
#9086 = CARTESIAN_POINT('',(1.594446863264,2.200000356918));
#9087 = CARTESIAN_POINT('',(1.641995224369,2.200016763026));
#9088 = CARTESIAN_POINT('',(1.689421625511,2.200049356184));
#9089 = CARTESIAN_POINT('',(1.736651378412,2.20009763));
#9090 = CARTESIAN_POINT('',(1.783617326597,2.200160859969));
#9091 = CARTESIAN_POINT('',(1.830260310766,2.200238131662));
#9092 = CARTESIAN_POINT('',(1.876526853011,2.200328369306));
#9093 = CARTESIAN_POINT('',(1.922370198778,2.200430370493));
#9094 = CARTESIAN_POINT('',(1.967742029054,2.200542817119));
#9095 = CARTESIAN_POINT('',(2.012619915914,2.200664378433));
#9096 = CARTESIAN_POINT('',(2.056995429893,2.200793726428));
#9097 = CARTESIAN_POINT('',(2.100856205859,2.200929513887));
#9098 = CARTESIAN_POINT('',(2.144198861609,2.201070425756));
#9099 = CARTESIAN_POINT('',(2.18702548066,2.201215189303));
#9100 = CARTESIAN_POINT('',(2.229341730121,2.201362585672));
#9101 = CARTESIAN_POINT('',(2.271159299795,2.201511462526));
#9102 = CARTESIAN_POINT('',(2.312493616461,2.201660740184));
#9103 = CARTESIAN_POINT('',(2.353361163064,2.201809403968));
#9104 = CARTESIAN_POINT('',(2.393780319816,2.201956508512));
#9105 = CARTESIAN_POINT('',(2.43377105259,2.20210117763));
#9106 = CARTESIAN_POINT('',(2.473355935478,2.202242609948));
#9107 = CARTESIAN_POINT('',(2.512555915909,2.202380059493));
#9108 = CARTESIAN_POINT('',(2.551393868298,2.202512849002));
#9109 = CARTESIAN_POINT('',(2.589892361015,2.202640355806));
#9110 = CARTESIAN_POINT('',(2.628073759027,2.202762011348));
#9111 = CARTESIAN_POINT('',(2.66596173253,2.202877305565));
#9112 = CARTESIAN_POINT('',(2.703573614614,2.202985758392));
#9113 = CARTESIAN_POINT('',(2.740935088017,2.203086961856));
#9114 = CARTESIAN_POINT('',(2.778069526547,2.20318054389));
#9115 = CARTESIAN_POINT('',(2.814999436049,2.203266170948));
#9116 = CARTESIAN_POINT('',(2.851746389332,2.20334354603));
#9117 = CARTESIAN_POINT('',(2.888331331185,2.203412407898));
#9118 = CARTESIAN_POINT('',(2.924774757307,2.203472529949));
#9119 = CARTESIAN_POINT('',(2.961096903906,2.20352371913));
#9120 = CARTESIAN_POINT('',(2.997317927456,2.203565814822));
#9121 = CARTESIAN_POINT('',(3.033458051701,2.203598687686));
#9122 = CARTESIAN_POINT('',(3.069537826586,2.203622238498));
#9123 = CARTESIAN_POINT('',(3.105577975914,2.203636396915));
#9124 = CARTESIAN_POINT('',(3.141600813956,2.203641120358));
#9125 = CARTESIAN_POINT('',(3.177625864358,2.203636392335));
#9126 = CARTESIAN_POINT('',(3.213669328458,2.203622227377));
#9127 = CARTESIAN_POINT('',(3.249753052277,2.203598667853));
#9128 = CARTESIAN_POINT('',(3.285896936258,2.203565784466));
#9129 = CARTESIAN_POINT('',(3.322121158954,2.203523677207));
#9130 = CARTESIAN_POINT('',(3.35844580167,2.203472476151));
#9131 = CARTESIAN_POINT('',(3.394891152187,2.203412342323));
#9132 = CARTESIAN_POINT('',(3.431477902655,2.203343468354));
#9133 = CARTESIAN_POINT('',(3.468227133175,2.203266079807));
#9134 = CARTESIAN_POINT('',(3.505161329495,2.203180433905));
#9135 = CARTESIAN_POINT('',(3.542301180356,2.203086829001));
#9136 = CARTESIAN_POINT('',(3.579668183589,2.202985600481));
#9137 = CARTESIAN_POINT('',(3.617284425146,2.202877125133));
#9138 = CARTESIAN_POINT('',(3.655172265319,2.202761821994));
#9139 = CARTESIAN_POINT('',(3.69335400402,2.202640157246));
#9140 = CARTESIAN_POINT('',(3.731852746338,2.202512642495));
#9141 = CARTESIAN_POINT('',(3.770691029352,2.202379845842));
#9142 = CARTESIAN_POINT('',(3.809891340898,2.202242390352));
#9143 = CARTESIAN_POINT('',(3.849476627347,2.202100953133));
#9144 = CARTESIAN_POINT('',(3.889467762511,2.201956280506));
#9145 = CARTESIAN_POINT('',(3.929887330127,2.201809173826));
#9146 = CARTESIAN_POINT('',(3.970755336744,2.201660509217));
#9147 = CARTESIAN_POINT('',(4.012090147404,2.201511232234));
#9148 = CARTESIAN_POINT('',(4.053908243899,2.201362357693));
#9149 = CARTESIAN_POINT('',(4.096224870373,2.201214965813));
#9150 = CARTESIAN_POINT('',(4.139052055519,2.201070207942));
#9151 = CARTESIAN_POINT('',(4.1823952329,2.200929303764));
#9152 = CARTESIAN_POINT('',(4.226256602568,2.200793525607));
#9153 = CARTESIAN_POINT('',(4.270632497972,2.20066418944));
#9154 = CARTESIAN_POINT('',(4.315511404479,2.200542640262));
#9155 = CARTESIAN_POINT('',(4.360881488749,2.200430214383));
#9156 = CARTESIAN_POINT('',(4.406721576568,2.200328237678));
#9157 = CARTESIAN_POINT('',(4.452984605284,2.200238024385));
#9158 = CARTESIAN_POINT('',(4.499624555008,2.200160775217));
#9159 = CARTESIAN_POINT('',(4.546588530149,2.200097565397));
#9160 = CARTESIAN_POINT('',(4.593817599372,2.200049309998));
#9161 = CARTESIAN_POINT('',(4.641244447037,2.200016734794));
#9162 = CARTESIAN_POINT('',(4.688793629225,2.200000347337));
#9163 = CARTESIAN_POINT('',(4.736372896884,2.200000401142));
#9164 = CARTESIAN_POINT('',(4.783920368137,2.200016891938));
#9165 = CARTESIAN_POINT('',(4.831345532377,2.200049559276));
#9166 = CARTESIAN_POINT('',(4.878573628398,2.200097890505));
#9167 = CARTESIAN_POINT('',(4.925537538591,2.200161155406));
#9168 = CARTESIAN_POINT('',(4.972178064671,2.20023843454));
#9169 = CARTESIAN_POINT('',(5.018441626675,2.200328647768));
#9170 = CARTESIAN_POINT('',(5.064281480754,2.20043058954));
#9171 = CARTESIAN_POINT('',(5.109648744751,2.200542938052));
#9172 = CARTESIAN_POINT('',(5.154523859904,2.200664369003));
#9173 = CARTESIAN_POINT('',(5.198896036733,2.200793548624));
#9174 = CARTESIAN_POINT('',(5.242753560434,2.200929132087));
#9175 = CARTESIAN_POINT('',(5.286092887837,2.20106980521));
#9176 = CARTESIAN_POINT('',(5.328916246617,2.201214297836));
#9177 = CARTESIAN_POINT('',(5.371229118347,2.201361393033));
#9178 = CARTESIAN_POINT('',(5.413043553872,2.201509942538));
#9179 = CARTESIAN_POINT('',(5.454374832077,2.201658869549));
#9180 = CARTESIAN_POINT('',(5.495239418797,2.201807162728));
#9181 = CARTESIAN_POINT('',(5.535655826757,2.201953880702));
#9182 = CARTESIAN_POINT('',(5.575643583136,2.202098149469));
#9183 = CARTESIAN_POINT('',(5.615227116342,2.202239177735));
#9184 = CARTESIAN_POINT('',(5.654409152563,2.202376160144));
#9185 = CARTESIAN_POINT('',(5.693222566914,2.202508460707));
#9186 = CARTESIAN_POINT('',(5.731694373552,2.202635478531));
#9187 = CARTESIAN_POINT('',(5.769850595381,2.202756663014));
#9188 = CARTESIAN_POINT('',(5.807715427401,2.202871508294));
#9189 = CARTESIAN_POINT('',(5.84531186874,2.202979553197));
#9190 = CARTESIAN_POINT('',(5.882661909814,2.20308037963));
#9191 = CARTESIAN_POINT('',(5.919786796271,2.20317361132));
#9192 = CARTESIAN_POINT('',(5.956707238584,2.203258912392));
#9193 = CARTESIAN_POINT('',(5.993443610551,2.203335985913));
#9194 = CARTESIAN_POINT('',(6.030016132518,2.203404572373));
#9195 = CARTESIAN_POINT('',(6.066445047501,2.203464448112));
#9196 = CARTESIAN_POINT('',(6.102750792644,2.203515423674));
#9197 = CARTESIAN_POINT('',(6.138954174998,2.203557342166));
#9198 = CARTESIAN_POINT('',(6.175076535992,2.203590077297));
#9199 = CARTESIAN_POINT('',(6.211139976279,2.203613532365));
#9200 = CARTESIAN_POINT('',(6.247167383625,2.203627635397));
#9201 = CARTESIAN_POINT('',(6.271177948282,2.203630777389));
#9202 = CARTESIAN_POINT('',(6.28318530718,2.203630775425));
#9203 = ( GEOMETRIC_REPRESENTATION_CONTEXT(2) 
PARAMETRIC_REPRESENTATION_CONTEXT() REPRESENTATION_CONTEXT('2D SPACE',''
  ) );
#9204 = PCURVE('',#116,#9205);
#9205 = DEFINITIONAL_REPRESENTATION('',(#9206),#9364);
#9206 = B_SPLINE_CURVE_WITH_KNOTS('',3,(#9207,#9208,#9209,#9210,#9211,
    #9212,#9213,#9214,#9215,#9216,#9217,#9218,#9219,#9220,#9221,#9222,
    #9223,#9224,#9225,#9226,#9227,#9228,#9229,#9230,#9231,#9232,#9233,
    #9234,#9235,#9236,#9237,#9238,#9239,#9240,#9241,#9242,#9243,#9244,
    #9245,#9246,#9247,#9248,#9249,#9250,#9251,#9252,#9253,#9254,#9255,
    #9256,#9257,#9258,#9259,#9260,#9261,#9262,#9263,#9264,#9265,#9266,
    #9267,#9268,#9269,#9270,#9271,#9272,#9273,#9274,#9275,#9276,#9277,
    #9278,#9279,#9280,#9281,#9282,#9283,#9284,#9285,#9286,#9287,#9288,
    #9289,#9290,#9291,#9292,#9293,#9294,#9295,#9296,#9297,#9298,#9299,
    #9300,#9301,#9302,#9303,#9304,#9305,#9306,#9307,#9308,#9309,#9310,
    #9311,#9312,#9313,#9314,#9315,#9316,#9317,#9318,#9319,#9320,#9321,
    #9322,#9323,#9324,#9325,#9326,#9327,#9328,#9329,#9330,#9331,#9332,
    #9333,#9334,#9335,#9336,#9337,#9338,#9339,#9340,#9341,#9342,#9343,
    #9344,#9345,#9346,#9347,#9348,#9349,#9350,#9351,#9352,#9353,#9354,
    #9355,#9356,#9357,#9358,#9359,#9360,#9361,#9362,#9363),
  .UNSPECIFIED.,.T.,.F.,(4,1,1,1,1,1,1,1,1,1,1,1,1,1,1,1,1,1,1,1,1,1,1,1
    ,1,1,1,1,1,1,1,1,1,1,1,1,1,1,1,1,1,1,1,1,1,1,1,1,1,1,1,1,1,1,1,1,1,1
    ,1,1,1,1,1,1,1,1,1,1,1,1,1,1,1,1,1,1,1,1,1,1,1,1,1,1,1,1,1,1,1,1,1,1
    ,1,1,1,1,1,1,1,1,1,1,1,1,1,1,1,1,1,1,1,1,1,1,1,1,1,1,1,1,1,1,1,1,1,1
    ,1,1,1,1,1,1,1,1,1,1,1,1,1,1,1,1,1,1,1,1,1,1,1,1,1,1,1,1,4),(0.,
    8.658299264771E-03,1.731659852954E-02,2.597489779431E-02,
    3.463319705909E-02,4.329149632386E-02,5.194979558863E-02,
    6.06080948534E-02,6.926639411817E-02,7.792469338294E-02,
    8.658299264771E-02,9.524129191249E-02,0.103899591177,0.112557890442,
    0.121216189707,0.129874488972,0.138532788236,0.147191087501,
    0.155849386766,0.164507686031,0.173165985295,0.18182428456,
    0.190482583825,0.19914088309,0.207799182355,0.216457481619,
    0.225115780884,0.233774080149,0.242432379414,0.251090678678,
    0.259748977943,0.268407277208,0.277065576473,0.285723875737,
    0.294382175002,0.303040474267,0.311698773532,0.320357072797,
    0.329015372061,0.337673671326,0.346331970591,0.354990269856,
    0.36364856912,0.372306868385,0.38096516765,0.389623466915,
    0.398281766179,0.406940065444,0.415598364709,0.424256663974,
    0.432914963239,0.441573262503,0.450231561768,0.458889861033,
    0.467548160298,0.476206459562,0.484864758827,0.493523058092,
    0.502181357357,0.510839656622,0.519497955886,0.528156255151,
    0.536814554416,0.545472853681,0.554131152945,0.56278945221,
    0.571447751475,0.58010605074,0.588764350004,0.597422649269,
    0.606080948534,0.614739247799,0.623397547064,0.632055846328,
    0.640714145593,0.649372444858,0.658030744123,0.666689043387,
    0.675347342652,0.684005641917,0.692663941182,0.701322240446,
    0.709980539711,0.718638838976,0.727297138241,0.735955437506,
    0.74461373677,0.753272036035,0.7619303353,0.770588634565,
    0.779246933829,0.787905233094,0.796563532359,0.805221831624,
    0.813880130889,0.822538430153,0.831196729418,0.839855028683,
    0.848513327948,0.857171627212,0.865829926477,0.874488225742,
    0.883146525007,0.891804824271,0.900463123536,0.909121422801,
    0.917779722066,0.926438021331,0.935096320595,0.94375461986,
    0.952412919125,0.96107121839,0.969729517654,0.978387816919,
    0.987046116184,0.995704415449,1.004362714713,1.013021013978,
    1.021679313243,1.030337612508,1.038995911773,1.047654211037,
    1.056312510302,1.064970809567,1.073629108832,1.082287408096,
    1.090945707361,1.099604006626,1.108262305891,1.116920605156,
    1.12557890442,1.134237203685,1.14289550295,1.151553802215,
    1.160212101479,1.168870400744,1.177528700009,1.186186999274,
    1.194845298538,1.203503597803,1.212161897068,1.220820196333,
    1.229478495598,1.238136794862,1.246795094127,1.255453393392,
    1.264111692657,1.272769991921,1.281428291186,1.290086590451,
    1.298744889716,1.30740318898,1.316061488245,1.32471978751,
    1.333378086775),.QUASI_UNIFORM_KNOTS.);
#9207 = CARTESIAN_POINT('',(4.,7.766043503783));
#9208 = CARTESIAN_POINT('',(4.020413218942,7.766043501966));
#9209 = CARTESIAN_POINT('',(4.061232711254,7.766038061092));
#9210 = CARTESIAN_POINT('',(4.122402119617,7.766013568977));
#9211 = CARTESIAN_POINT('',(4.183473704822,7.765972734987));
#9212 = CARTESIAN_POINT('',(4.244405972628,7.76591552001));
#9213 = CARTESIAN_POINT('',(4.305155077499,7.765841869364));
#9214 = CARTESIAN_POINT('',(4.365674466312,7.765751712031));
#9215 = CARTESIAN_POINT('',(4.425914929951,7.765644963186));
#9216 = CARTESIAN_POINT('',(4.485824546148,7.765521525543));
#9217 = CARTESIAN_POINT('',(4.545348648202,7.765381290691));
#9218 = CARTESIAN_POINT('',(4.604429779684,7.765224140078));
#9219 = CARTESIAN_POINT('',(4.663007642216,7.765049945693));
#9220 = CARTESIAN_POINT('',(4.721019029893,7.764858570409));
#9221 = CARTESIAN_POINT('',(4.778397751069,7.764649867938));
#9222 = CARTESIAN_POINT('',(4.835074523159,7.76442368247));
#9223 = CARTESIAN_POINT('',(4.890976879176,7.764179847633));
#9224 = CARTESIAN_POINT('',(4.946028927545,7.763918185931));
#9225 = CARTESIAN_POINT('',(5.000151542422,7.763638504315));
#9226 = CARTESIAN_POINT('',(5.053260816101,7.763340601902));
#9227 = CARTESIAN_POINT('',(5.105272852052,7.763024229995));
#9228 = CARTESIAN_POINT('',(5.15605802469,7.762689394723));
#9229 = CARTESIAN_POINT('',(5.205510068348,7.762335956698));
#9230 = CARTESIAN_POINT('',(5.253509125159,7.761963838356));
#9231 = CARTESIAN_POINT('',(5.29992784053,7.761573002941));
#9232 = CARTESIAN_POINT('',(5.344630195312,7.761163470664));
#9233 = CARTESIAN_POINT('',(5.387472989885,7.760735318178));
#9234 = CARTESIAN_POINT('',(5.428303983864,7.760288707638));
#9235 = CARTESIAN_POINT('',(5.466960735232,7.759823932844));
#9236 = CARTESIAN_POINT('',(5.503275148715,7.759341395945));
#9237 = CARTESIAN_POINT('',(5.537073288432,7.758841644814));
#9238 = CARTESIAN_POINT('',(5.568176874584,7.758325409303));
#9239 = CARTESIAN_POINT('',(5.596411343263,7.757793513299));
#9240 = CARTESIAN_POINT('',(5.621600940631,7.757247001258));
#9241 = CARTESIAN_POINT('',(5.643568030131,7.756687324145));
#9242 = CARTESIAN_POINT('',(5.662153130077,7.756116038441));
#9243 = CARTESIAN_POINT('',(5.677213375751,7.755534887635));
#9244 = CARTESIAN_POINT('',(5.688627014566,7.754945783896));
#9245 = CARTESIAN_POINT('',(5.696296924291,7.754350822996));
#9246 = CARTESIAN_POINT('',(5.700154597358,7.753752265019));
#9247 = CARTESIAN_POINT('',(5.700165829214,7.753152617587));
#9248 = CARTESIAN_POINT('',(5.696330743989,7.752554001303));
#9249 = CARTESIAN_POINT('',(5.688683473344,7.751958909689));
#9250 = CARTESIAN_POINT('',(5.677292099974,7.751369591357));
#9251 = CARTESIAN_POINT('',(5.662253241045,7.750788140832));
#9252 = CARTESIAN_POINT('',(5.643688236933,7.750216475625));
#9253 = CARTESIAN_POINT('',(5.621739832156,7.749656351252));
#9254 = CARTESIAN_POINT('',(5.596567703677,7.749109339348));
#9255 = CARTESIAN_POINT('',(5.568350528969,7.748576916593));
#9256 = CARTESIAN_POINT('',(5.537264950774,7.748060139462));
#9257 = CARTESIAN_POINT('',(5.503483624167,7.747559803238));
#9258 = CARTESIAN_POINT('',(5.467185311828,7.747076652859));
#9259 = CARTESIAN_POINT('',(5.428543784362,7.74661123949));
#9260 = CARTESIAN_POINT('',(5.387727245707,7.746163972161));
#9261 = CARTESIAN_POINT('',(5.34489798359,7.745735148279));
#9262 = CARTESIAN_POINT('',(5.300208533089,7.745324937792));
#9263 = CARTESIAN_POINT('',(5.253802011046,7.744933420629));
#9264 = CARTESIAN_POINT('',(5.205814414801,7.744560621133));
#9265 = CARTESIAN_POINT('',(5.156373323118,7.744206507476));
#9266 = CARTESIAN_POINT('',(5.105597920412,7.743871002369));
#9267 = CARTESIAN_POINT('',(5.053597325433,7.743553983586));
#9268 = CARTESIAN_POINT('',(5.000476140543,7.743255324743));
#9269 = CARTESIAN_POINT('',(4.946330232493,7.742974869226));
#9270 = CARTESIAN_POINT('',(4.891249497808,7.742712456677));
#9271 = CARTESIAN_POINT('',(4.835318346801,7.742467923293));
#9272 = CARTESIAN_POINT('',(4.778613866538,7.742241094909));
#9273 = CARTESIAN_POINT('',(4.721217637509,7.742031834743));
#9274 = CARTESIAN_POINT('',(4.663193941954,7.741839960719));
#9275 = CARTESIAN_POINT('',(4.60460597121,7.741665313622));
#9276 = CARTESIAN_POINT('',(4.545514246838,7.741507747852));
#9277 = CARTESIAN_POINT('',(4.485977172595,7.741367132303));
#9278 = CARTESIAN_POINT('',(4.426051004076,7.741243348946));
#9279 = CARTESIAN_POINT('',(4.365789961871,7.741136292446));
#9280 = CARTESIAN_POINT('',(4.305246298056,7.741045869928));
#9281 = CARTESIAN_POINT('',(4.244470350893,7.740972001127));
#9282 = CARTESIAN_POINT('',(4.18351063842,7.740914618857));
#9283 = CARTESIAN_POINT('',(4.122413753338,7.740873669805));
#9284 = CARTESIAN_POINT('',(4.06122495888,7.740849115711));
#9285 = CARTESIAN_POINT('',(3.999986124494,7.740840934675));
#9286 = CARTESIAN_POINT('',(3.938743546391,7.740849123583));
#9287 = CARTESIAN_POINT('',(3.877549187072,7.740873688985));
#9288 = CARTESIAN_POINT('',(3.816445743835,7.740914653318));
#9289 = CARTESIAN_POINT('',(3.755479904369,7.740972054257));
#9290 = CARTESIAN_POINT('',(3.694698902122,7.741045943811));
#9291 = CARTESIAN_POINT('',(3.634151493917,7.741136387912));
#9292 = CARTESIAN_POINT('',(3.573887789643,7.741243466206));
#9293 = CARTESIAN_POINT('',(3.513959288286,7.741367272497));
#9294 = CARTESIAN_POINT('',(3.454419273445,7.741507914275));
#9295 = CARTESIAN_POINT('',(3.395321601507,7.74166551722));
#9296 = CARTESIAN_POINT('',(3.33672622798,7.741840210812));
#9297 = CARTESIAN_POINT('',(3.278695338194,7.742032136478));
#9298 = CARTESIAN_POINT('',(3.221294130842,7.742241446186));
#9299 = CARTESIAN_POINT('',(3.164591733086,7.742468299693));
#9300 = CARTESIAN_POINT('',(3.108662077251,7.742712860341));
#9301 = CARTESIAN_POINT('',(3.053583151212,7.742975299613));
#9302 = CARTESIAN_POINT('',(2.999439107706,7.743255782215));
#9303 = CARTESIAN_POINT('',(2.946319963557,7.743554467935));
#9304 = CARTESIAN_POINT('',(2.894321491187,7.743871513881));
#9305 = CARTESIAN_POINT('',(2.843548409477,7.744207045932));
#9306 = CARTESIAN_POINT('',(2.79410982066,7.74456118626));
#9307 = CARTESIAN_POINT('',(2.74612487015,7.744934012496));
#9308 = CARTESIAN_POINT('',(2.699721164466,7.745325556302));
#9309 = CARTESIAN_POINT('',(2.655034716489,7.745735793301));
#9310 = CARTESIAN_POINT('',(2.612208820644,7.746164641569));
#9311 = CARTESIAN_POINT('',(2.571395681072,7.746611934551));
#9312 = CARTESIAN_POINT('',(2.532757822535,7.747077372371));
#9313 = CARTESIAN_POINT('',(2.496463348543,7.747560547141));
#9314 = CARTESIAN_POINT('',(2.462686233739,7.748060904356));
#9315 = CARTESIAN_POINT('',(2.431604688241,7.748577708862));
#9316 = CARTESIAN_POINT('',(2.403393496512,7.749110125347));
#9317 = CARTESIAN_POINT('',(2.378227949594,7.749657110432));
#9318 = CARTESIAN_POINT('',(2.356285842136,7.750217202178));
#9319 = CARTESIAN_POINT('',(2.337726503776,7.750788838092));
#9320 = CARTESIAN_POINT('',(2.322692607688,7.751370270295));
#9321 = CARTESIAN_POINT('',(2.311305684252,7.751959584606));
#9322 = CARTESIAN_POINT('',(2.303662669483,7.752554684839));
#9323 = CARTESIAN_POINT('',(2.299831934411,7.753153312984));
#9324 = CARTESIAN_POINT('',(2.29984768094,7.753752961322));
#9325 = CARTESIAN_POINT('',(2.303709604988,7.754351492594));
#9326 = CARTESIAN_POINT('',(2.311383327768,7.754946422266));
#9327 = CARTESIAN_POINT('',(2.322800581441,7.75553550314));
#9328 = CARTESIAN_POINT('',(2.337864565568,7.756116644498));
#9329 = CARTESIAN_POINT('',(2.356453764153,7.756687932514));
#9330 = CARTESIAN_POINT('',(2.378425209507,7.757247615385));
#9331 = CARTESIAN_POINT('',(2.403619086744,7.757794127077));
#9332 = CARTESIAN_POINT('',(2.431856117488,7.758325990696));
#9333 = CARTESIAN_POINT('',(2.462961539559,7.758842188929));
#9334 = CARTESIAN_POINT('',(2.49676122489,7.759341904586));
#9335 = CARTESIAN_POINT('',(2.533076799543,7.759824406236));
#9336 = CARTESIAN_POINT('',(2.571734371894,7.760289146631));
#9337 = CARTESIAN_POINT('',(2.612565875815,7.76073572378));
#9338 = CARTESIAN_POINT('',(2.65540885355,7.761163843655));
#9339 = CARTESIAN_POINT('',(2.700111158046,7.761573344905));
#9340 = CARTESIAN_POINT('',(2.746529576873,7.761964150558));
#9341 = CARTESIAN_POINT('',(2.79452811507,7.762336240491));
#9342 = CARTESIAN_POINT('',(2.843979422309,7.7626896514));
#9343 = CARTESIAN_POINT('',(2.894763719356,7.763024461251));
#9344 = CARTESIAN_POINT('',(2.946774583049,7.763340808341));
#9345 = CARTESIAN_POINT('',(2.999882411208,7.763638686817));
#9346 = CARTESIAN_POINT('',(3.054003552737,7.763918346635));
#9347 = CARTESIAN_POINT('',(3.109054033467,7.76417998814));
#9348 = CARTESIAN_POINT('',(3.164954745473,7.764423804362));
#9349 = CARTESIAN_POINT('',(3.22162979334,7.764649972678));
#9350 = CARTESIAN_POINT('',(3.279006712981,7.764858659395));
#9351 = CARTESIAN_POINT('',(3.337016223896,7.76505002027));
#9352 = CARTESIAN_POINT('',(3.395592137827,7.765224201555));
#9353 = CARTESIAN_POINT('',(3.454671253099,7.765381340352));
#9354 = CARTESIAN_POINT('',(3.514193276631,7.765521564658));
#9355 = CARTESIAN_POINT('',(3.574100758415,7.765644993016));
#9356 = CARTESIAN_POINT('',(3.634339039386,7.765751733832));
#9357 = CARTESIAN_POINT('',(3.694856206191,7.765841884389));
#9358 = CARTESIAN_POINT('',(3.755603059993,7.765915529514));
#9359 = CARTESIAN_POINT('',(3.816533059331,7.765972740216));
#9360 = CARTESIAN_POINT('',(3.877602371809,7.766013571174));
#9361 = CARTESIAN_POINT('',(3.938769517631,7.766038061487));
#9362 = CARTESIAN_POINT('',(3.979587519306,7.766043501965));
#9363 = CARTESIAN_POINT('',(4.,7.766043503783));
#9364 = ( GEOMETRIC_REPRESENTATION_CONTEXT(2) 
PARAMETRIC_REPRESENTATION_CONTEXT() REPRESENTATION_CONTEXT('2D SPACE',''
  ) );
#9365 = ORIENTED_EDGE('',*,*,#8901,.T.);
#9366 = ADVANCED_FACE('',(#9367),#6444,.F.);
#9367 = FACE_BOUND('',#9368,.F.);
#9368 = EDGE_LOOP('',(#9369,#9370,#9393,#9835));
#9369 = ORIENTED_EDGE('',*,*,#6161,.T.);
#9370 = ORIENTED_EDGE('',*,*,#9371,.F.);
#9371 = EDGE_CURVE('',#9372,#6162,#9374,.T.);
#9372 = VERTEX_POINT('',#9373);
#9373 = CARTESIAN_POINT('',(21.637178966154,118.98341025005,4.));
#9374 = SEAM_CURVE('',#9375,(#9379,#9386),.PCURVE_S1.);
#9375 = LINE('',#9376,#9377);
#9376 = CARTESIAN_POINT('',(23.551584301941,120.10592698248,4.));
#9377 = VECTOR('',#9378,1.);
#9378 = DIRECTION('',(-0.862643091921,-0.505813103785,
    -1.232595164408E-32));
#9379 = PCURVE('',#6444,#9380);
#9380 = DEFINITIONAL_REPRESENTATION('',(#9381),#9385);
#9381 = LINE('',#9382,#9383);
#9382 = CARTESIAN_POINT('',(0.,-0.));
#9383 = VECTOR('',#9384,1.);
#9384 = DIRECTION('',(0.,1.));
#9385 = ( GEOMETRIC_REPRESENTATION_CONTEXT(2) 
PARAMETRIC_REPRESENTATION_CONTEXT() REPRESENTATION_CONTEXT('2D SPACE',''
  ) );
#9386 = PCURVE('',#6444,#9387);
#9387 = DEFINITIONAL_REPRESENTATION('',(#9388),#9392);
#9388 = LINE('',#9389,#9390);
#9389 = CARTESIAN_POINT('',(6.28318530718,-0.));
#9390 = VECTOR('',#9391,1.);
#9391 = DIRECTION('',(0.,1.));
#9392 = ( GEOMETRIC_REPRESENTATION_CONTEXT(2) 
PARAMETRIC_REPRESENTATION_CONTEXT() REPRESENTATION_CONTEXT('2D SPACE',''
  ) );
#9393 = ORIENTED_EDGE('',*,*,#9394,.T.);
#9394 = EDGE_CURVE('',#9372,#9372,#9395,.T.);
#9395 = SURFACE_CURVE('',#9396,(#9513,#9674),.PCURVE_S1.);
#9396 = B_SPLINE_CURVE_WITH_KNOTS('',7,(#9397,#9398,#9399,#9400,#9401,
    #9402,#9403,#9404,#9405,#9406,#9407,#9408,#9409,#9410,#9411,#9412,
    #9413,#9414,#9415,#9416,#9417,#9418,#9419,#9420,#9421,#9422,#9423,
    #9424,#9425,#9426,#9427,#9428,#9429,#9430,#9431,#9432,#9433,#9434,
    #9435,#9436,#9437,#9438,#9439,#9440,#9441,#9442,#9443,#9444,#9445,
    #9446,#9447,#9448,#9449,#9450,#9451,#9452,#9453,#9454,#9455,#9456,
    #9457,#9458,#9459,#9460,#9461,#9462,#9463,#9464,#9465,#9466,#9467,
    #9468,#9469,#9470,#9471,#9472,#9473,#9474,#9475,#9476,#9477,#9478,
    #9479,#9480,#9481,#9482,#9483,#9484,#9485,#9486,#9487,#9488,#9489,
    #9490,#9491,#9492,#9493,#9494,#9495,#9496,#9497,#9498,#9499,#9500,
    #9501,#9502,#9503,#9504,#9505,#9506,#9507,#9508,#9509,#9510,#9511,
    #9512),.UNSPECIFIED.,.T.,.F.,(8,6,6,6,6,6,6,6,6,6,6,6,6,6,6,6,6,6,6,
    8),(0.,0.160405328746,0.217589071224,0.262384795323,0.33270995646,
    0.404413053174,0.449190265514,0.506367573495,0.549576792185,
    0.5818822086,0.666613357116,0.783104172609,0.826253340761,
    0.883251009655,0.927633806022,1.,1.071629312028,1.116225103419,
    1.173321297777,1.333367289315),.UNSPECIFIED.);
#9397 = CARTESIAN_POINT('',(21.637178966154,118.98341025005,4.));
#9398 = CARTESIAN_POINT('',(21.637178966154,118.98341025005,
    3.837908658184));
#9399 = CARTESIAN_POINT('',(21.646655050894,118.96806574066,
    3.676009442826));
#9400 = CARTESIAN_POINT('',(21.665570160626,118.93743633003,
    3.515360897727));
#9401 = CARTESIAN_POINT('',(21.694109328411,118.89116921355,
    3.357365731577));
#9402 = CARTESIAN_POINT('',(21.732521250812,118.82875013108,
    3.203831787328));
#9403 = CARTESIAN_POINT('',(21.781020507332,118.74965716905,
    3.056913390675));
#9404 = CARTESIAN_POINT('',(21.861046347227,118.61849835522,
    2.870349433863));
#9405 = CARTESIAN_POINT('',(21.883398892381,118.58181327362,
    2.822541557149));
#9406 = CARTESIAN_POINT('',(21.907082365475,118.54288525766,
    2.776093187679));
#9407 = CARTESIAN_POINT('',(21.932101120988,118.50169442684,
    2.731164206151));
#9408 = CARTESIAN_POINT('',(21.958451779181,118.45823247184,
    2.687934661977));
#9409 = CARTESIAN_POINT('',(21.986120801742,118.41250691285,
    2.646602293139));
#9410 = CARTESIAN_POINT('',(22.037769300034,118.32697396956,
    2.576654723015));
#9411 = CARTESIAN_POINT('',(22.061248221187,118.28803261005,
    2.547226132264));
#9412 = CARTESIAN_POINT('',(22.085504753349,118.24773715772,
    2.519197719148));
#9413 = CARTESIAN_POINT('',(22.11051776254,118.2061148956,2.492681489567
    ));
#9414 = CARTESIAN_POINT('',(22.13625759636,118.16320728553,
    2.467794536072));
#9415 = CARTESIAN_POINT('',(22.162684622,118.11907274243,2.444655563977)
  );
#9416 = CARTESIAN_POINT('',(22.232234405097,118.00269874507,
    2.389982966803));
#9417 = CARTESIAN_POINT('',(22.276305550555,117.92874879241,
    2.361167040091));
#9418 = CARTESIAN_POINT('',(22.321735979846,117.85228800438,
    2.337414749425));
#9419 = CARTESIAN_POINT('',(22.368244889209,117.77376252785,
    2.319153139108));
#9420 = CARTESIAN_POINT('',(22.415493313384,117.69372497686,
    2.306727427968));
#9421 = CARTESIAN_POINT('',(22.463082097197,117.61284211217,
    2.300347830336));
#9422 = CARTESIAN_POINT('',(22.558948821084,117.44937480686,
    2.299667480409));
#9423 = CARTESIAN_POINT('',(22.607268491915,117.36670879111,
    2.305605483188));
#9424 = CARTESIAN_POINT('',(22.655026904492,117.28472688418,
    2.317841233175));
#9425 = CARTESIAN_POINT('',(22.701815300494,117.20414343531,
    2.336163712765));
#9426 = CARTESIAN_POINT('',(22.74729515181,117.12556484736,2.36021389038
    ));
#9427 = CARTESIAN_POINT('',(22.791193743428,117.0494923351,
    2.389538374528));
#9428 = CARTESIAN_POINT('',(22.859592725853,116.93063540048,
    2.444899179381));
#9429 = CARTESIAN_POINT('',(22.885196791203,116.88606127231,
    2.468043046854));
#9430 = CARTESIAN_POINT('',(22.910067995256,116.84268635072,
    2.49293236355));
#9431 = CARTESIAN_POINT('',(22.934174789763,116.80057353664,
    2.519448605238));
#9432 = CARTESIAN_POINT('',(22.957495464932,116.75976875886,
    2.547474872321));
#9433 = CARTESIAN_POINT('',(22.980016459382,116.72030360411,
    2.576899350662));
#9434 = CARTESIAN_POINT('',(23.029458169136,116.63353973967,
    2.646845284023));
#9435 = CARTESIAN_POINT('',(23.055868125443,116.58710184343,
    2.688180273156));
#9436 = CARTESIAN_POINT('',(23.080948929587,116.54292024554,
    2.731410963972));
#9437 = CARTESIAN_POINT('',(23.104700261608,116.50101013594,
    2.776339781184));
#9438 = CARTESIAN_POINT('',(23.127130594526,116.46137011313,
    2.822786824394));
#9439 = CARTESIAN_POINT('',(23.14825469786,116.42398638996,
    2.870592342425));
#9440 = CARTESIAN_POINT('',(23.183081654814,116.36227440382,
    2.956669090129));
#9441 = CARTESIAN_POINT('',(23.197336003752,116.33698924016,
    2.994414640624));
#9442 = CARTESIAN_POINT('',(23.210862130315,116.31297216724,
    3.032795545638));
#9443 = CARTESIAN_POINT('',(23.223668048875,116.29021331534,
    3.071755859921));
#9444 = CARTESIAN_POINT('',(23.235761845823,116.26870228617,
    3.111244006466));
#9445 = CARTESIAN_POINT('',(23.247151679577,116.24842815285,
    3.151212776512));
#9446 = CARTESIAN_POINT('',(23.265841236089,116.21513768521,
    3.221829330115));
#9447 = CARTESIAN_POINT('',(23.273447652384,116.20158116138,
    3.252283701695));
#9448 = CARTESIAN_POINT('',(23.280668355872,116.18870530547,
    3.282964373519));
#9449 = CARTESIAN_POINT('',(23.287506500866,116.17650573305,
    3.313854152821));
#9450 = CARTESIAN_POINT('',(23.29396506957,116.16497825822,3.34493672483
    ));
#9451 = CARTESIAN_POINT('',(23.300046872084,116.1541188936,3.37619665277
    ));
#9452 = CARTESIAN_POINT('',(23.320724723356,116.11718413236,
    3.490035389846));
#9453 = CARTESIAN_POINT('',(23.333119880768,116.09501678474,
    3.573564036517));
#9454 = CARTESIAN_POINT('',(23.342989846837,116.07734957049,
    3.657951559477));
#9455 = CARTESIAN_POINT('',(23.350369732835,116.06413172974,
    3.742963132575));
#9456 = CARTESIAN_POINT('',(23.355283871637,116.05532756125,
    3.828379719315));
#9457 = CARTESIAN_POINT('',(23.357745943309,116.05091651124,
    3.913996007442));
#9458 = CARTESIAN_POINT('',(23.357768134801,116.05087675293,
    4.117336947355));
#9459 = CARTESIAN_POINT('',(23.35314489096,116.0591597556,4.235021138203
    ));
#9460 = CARTESIAN_POINT('',(23.343890813048,116.07573941495,
    4.352201927201));
#9461 = CARTESIAN_POINT('',(23.329952450298,116.10069740217,
    4.468341727789));
#9462 = CARTESIAN_POINT('',(23.311244356669,116.13415866166,
    4.58283494001));
#9463 = CARTESIAN_POINT('',(23.287649089591,116.17628933759,
    4.69499662457));
#9464 = CARTESIAN_POINT('',(23.248375113099,116.24625012211,
    4.844431045506));
#9465 = CARTESIAN_POINT('',(23.237066516866,116.26638109451,
    4.884388505858));
#9466 = CARTESIAN_POINT('',(23.225056539731,116.28774468327,
    4.92387026822));
#9467 = CARTESIAN_POINT('',(23.212337069097,116.3103517728,
    4.962829562158));
#9468 = CARTESIAN_POINT('',(23.198900046487,116.33421275377,
    5.001215303469));
#9469 = CARTESIAN_POINT('',(23.184737467541,116.35933752312,
    5.038972094173));
#9470 = CARTESIAN_POINT('',(23.150164475433,116.42060573302,
    5.125005173562));
#9471 = CARTESIAN_POINT('',(23.129209037012,116.45769512578,
    5.172765316309));
#9472 = CARTESIAN_POINT('',(23.106956568592,116.49702566803,
    5.219185587825));
#9473 = CARTESIAN_POINT('',(23.083392219807,116.53861147791,
    5.26410874109));
#9474 = CARTESIAN_POINT('',(23.058507201781,116.58245471437,
    5.307357703765));
#9475 = CARTESIAN_POINT('',(23.03230120082,116.62854150552,
    5.348737936943));
#9476 = CARTESIAN_POINT('',(22.98335838665,116.71444516984,
    5.418643261542));
#9477 = CARTESIAN_POINT('',(22.961138657639,116.75339006293,
    5.447984720776));
#9478 = CARTESIAN_POINT('',(22.938132035346,116.79365407732,
    5.475964166966));
#9479 = CARTESIAN_POINT('',(22.914351080063,116.83520760312,
    5.502473278923));
#9480 = CARTESIAN_POINT('',(22.889816086503,116.87800739729,
    5.527398651186));
#9481 = CARTESIAN_POINT('',(22.86455668819,116.92199408153,
    5.550625026273));
#9482 = CARTESIAN_POINT('',(22.796313005307,117.04061799344,
    5.606953261254));
#9483 = CARTESIAN_POINT('',(22.752172946777,117.11713192939,
    5.637066692707));
#9484 = CARTESIAN_POINT('',(22.706402185295,117.19623574969,
    5.661847322737));
#9485 = CARTESIAN_POINT('',(22.659272828856,117.27742800449,
    5.680825461601));
#9486 = CARTESIAN_POINT('',(22.61112712179,117.36009449032,
    5.693622563189));
#9487 = CARTESIAN_POINT('',(22.562383977168,117.44350224862,
    5.700010387409));
#9488 = CARTESIAN_POINT('',(22.465203561919,117.60923874185,
    5.699989698751));
#9489 = CARTESIAN_POINT('',(22.416722856168,117.69164719743,
    5.69371086284));
#9490 = CARTESIAN_POINT('',(22.368583050117,117.7731991247,5.68115493189
    ));
#9491 = CARTESIAN_POINT('',(22.321203816815,117.85319321232,
    5.662538913259));
#9492 = CARTESIAN_POINT('',(22.27494440595,117.93104365486,
    5.638225622973));
#9493 = CARTESIAN_POINT('',(22.230104326661,118.00627453907,
    5.608669558558));
#9494 = CARTESIAN_POINT('',(22.160041528711,118.12348740245,
    5.553045236713));
#9495 = CARTESIAN_POINT('',(22.133792447288,118.16731801084,
    5.529862830964));
#9496 = CARTESIAN_POINT('',(22.108227182938,118.20992857808,
    5.504956569081));
#9497 = CARTESIAN_POINT('',(22.08338425266,118.251262465,5.478443463069)
  );
#9498 = CARTESIAN_POINT('',(22.059292445515,118.29127954347,
    5.450438790674));
#9499 = CARTESIAN_POINT('',(22.03597224847,118.32995349387,
    5.421052741521));
#9500 = CARTESIAN_POINT('',(21.984585639775,118.41504444573,
    5.351125656039));
#9501 = CARTESIAN_POINT('',(21.957023249351,118.46058970275,
    5.309769694129));
#9502 = CARTESIAN_POINT('',(21.93077557236,118.50387824748,
    5.266530506722));
#9503 = CARTESIAN_POINT('',(21.905855709159,118.54490318278,
    5.22160426137));
#9504 = CARTESIAN_POINT('',(21.882266774037,118.58367315404,
    5.175169544105));
#9505 = CARTESIAN_POINT('',(21.860004280175,118.62020816273,
    5.127384939556));
#9506 = CARTESIAN_POINT('',(21.780345605909,118.7507577915,
    4.941039697591));
#9507 = CARTESIAN_POINT('',(21.732076084232,118.82947351297,
    4.794386070541));
#9508 = CARTESIAN_POINT('',(21.693844962365,118.89159779547,
    4.64116813356));
#9509 = CARTESIAN_POINT('',(21.665438718386,118.93764917805,
    4.48352162412));
#9510 = CARTESIAN_POINT('',(21.646611057512,118.96813697782,
    4.323239458851));
#9511 = CARTESIAN_POINT('',(21.637178966154,118.98341025005,
    4.161714588481));
#9512 = CARTESIAN_POINT('',(21.637178966154,118.98341025005,4.));
#9513 = PCURVE('',#6444,#9514);
#9514 = DEFINITIONAL_REPRESENTATION('',(#9515),#9673);
#9515 = B_SPLINE_CURVE_WITH_KNOTS('',3,(#9516,#9517,#9518,#9519,#9520,
    #9521,#9522,#9523,#9524,#9525,#9526,#9527,#9528,#9529,#9530,#9531,
    #9532,#9533,#9534,#9535,#9536,#9537,#9538,#9539,#9540,#9541,#9542,
    #9543,#9544,#9545,#9546,#9547,#9548,#9549,#9550,#9551,#9552,#9553,
    #9554,#9555,#9556,#9557,#9558,#9559,#9560,#9561,#9562,#9563,#9564,
    #9565,#9566,#9567,#9568,#9569,#9570,#9571,#9572,#9573,#9574,#9575,
    #9576,#9577,#9578,#9579,#9580,#9581,#9582,#9583,#9584,#9585,#9586,
    #9587,#9588,#9589,#9590,#9591,#9592,#9593,#9594,#9595,#9596,#9597,
    #9598,#9599,#9600,#9601,#9602,#9603,#9604,#9605,#9606,#9607,#9608,
    #9609,#9610,#9611,#9612,#9613,#9614,#9615,#9616,#9617,#9618,#9619,
    #9620,#9621,#9622,#9623,#9624,#9625,#9626,#9627,#9628,#9629,#9630,
    #9631,#9632,#9633,#9634,#9635,#9636,#9637,#9638,#9639,#9640,#9641,
    #9642,#9643,#9644,#9645,#9646,#9647,#9648,#9649,#9650,#9651,#9652,
    #9653,#9654,#9655,#9656,#9657,#9658,#9659,#9660,#9661,#9662,#9663,
    #9664,#9665,#9666,#9667,#9668,#9669,#9670,#9671,#9672),
  .UNSPECIFIED.,.F.,.F.,(4,1,1,1,1,1,1,1,1,1,1,1,1,1,1,1,1,1,1,1,1,1,1,1
    ,1,1,1,1,1,1,1,1,1,1,1,1,1,1,1,1,1,1,1,1,1,1,1,1,1,1,1,1,1,1,1,1,1,1
    ,1,1,1,1,1,1,1,1,1,1,1,1,1,1,1,1,1,1,1,1,1,1,1,1,1,1,1,1,1,1,1,1,1,1
    ,1,1,1,1,1,1,1,1,1,1,1,1,1,1,1,1,1,1,1,1,1,1,1,1,1,1,1,1,1,1,1,1,1,1
    ,1,1,1,1,1,1,1,1,1,1,1,1,1,1,1,1,1,1,1,1,1,1,1,1,1,1,1,1,4),(0.,
    8.658229151399E-03,1.73164583028E-02,2.59746874542E-02,
    3.46329166056E-02,4.3291145757E-02,5.19493749084E-02,
    6.06076040598E-02,6.926583321119E-02,7.792406236259E-02,
    8.658229151399E-02,9.524052066539E-02,0.103898749817,0.112556978968,
    0.12121520812,0.129873437271,0.138531666422,0.147189895574,
    0.155848124725,0.164506353877,0.173164583028,0.181822812179,
    0.190481041331,0.199139270482,0.207797499634,0.216455728785,
    0.225113957936,0.233772187088,0.242430416239,0.251088645391,
    0.259746874542,0.268405103693,0.277063332845,0.285721561996,
    0.294379791148,0.303038020299,0.31169624945,0.320354478602,
    0.329012707753,0.337670936905,0.346329166056,0.354987395207,
    0.363645624359,0.37230385351,0.380962082662,0.389620311813,
    0.398278540964,0.406936770116,0.415594999267,0.424253228419,
    0.43291145757,0.441569686721,0.450227915873,0.458886145024,
    0.467544374176,0.476202603327,0.484860832478,0.49351906163,
    0.502177290781,0.510835519933,0.519493749084,0.528151978235,
    0.536810207387,0.545468436538,0.55412666569,0.562784894841,
    0.571443123992,0.580101353144,0.588759582295,0.597417811447,
    0.606076040598,0.614734269749,0.623392498901,0.632050728052,
    0.640708957204,0.649367186355,0.658025415506,0.666683644658,
    0.675341873809,0.684000102961,0.692658332112,0.701316561263,
    0.709974790415,0.718633019566,0.727291248718,0.735949477869,
    0.74460770702,0.753265936172,0.761924165323,0.770582394475,
    0.779240623626,0.787898852777,0.796557081929,0.80521531108,
    0.813873540232,0.822531769383,0.831189998534,0.839848227686,
    0.848506456837,0.857164685989,0.86582291514,0.874481144291,
    0.883139373443,0.891797602594,0.900455831746,0.909114060897,
    0.917772290048,0.9264305192,0.935088748351,0.943746977503,
    0.952405206654,0.961063435805,0.969721664957,0.978379894108,
    0.98703812326,0.995696352411,1.004354581562,1.013012810714,
    1.021671039865,1.030329269017,1.038987498168,1.047645727319,
    1.056303956471,1.064962185622,1.073620414774,1.082278643925,
    1.090936873076,1.099595102228,1.108253331379,1.116911560531,
    1.125569789682,1.134228018833,1.142886247985,1.151544477136,
    1.160202706288,1.168860935439,1.17751916459,1.186177393742,
    1.194835622893,1.203493852045,1.212152081196,1.220810310347,
    1.229468539499,1.23812676865,1.246784997802,1.255443226953,
    1.264101456104,1.272759685256,1.281417914407,1.290076143558,
    1.29873437271,1.307392601861,1.316050831013,1.324709060164,
    1.333367289315),.QUASI_UNIFORM_KNOTS.);
#9516 = CARTESIAN_POINT('',(0.,2.219232210535));
#9517 = CARTESIAN_POINT('',(1.200864783559E-02,2.219232221742));
#9518 = CARTESIAN_POINT('',(3.602174423685E-02,2.219215354793));
#9519 = CARTESIAN_POINT('',(7.20528296516E-02,2.219139655905));
#9520 = CARTESIAN_POINT('',(0.108119849126,2.219013772955));
#9521 = CARTESIAN_POINT('',(0.144245704722,2.218838113625));
#9522 = CARTESIAN_POINT('',(0.180452507265,2.218613225364));
#9523 = CARTESIAN_POINT('',(0.216761603735,2.21833982229));
#9524 = CARTESIAN_POINT('',(0.253193802347,2.218018790005));
#9525 = CARTESIAN_POINT('',(0.28976953703,2.217651195797));
#9526 = CARTESIAN_POINT('',(0.326509043187,2.217238296859));
#9527 = CARTESIAN_POINT('',(0.36343252903,2.216781548489));
#9528 = CARTESIAN_POINT('',(0.400560351517,2.216282611733));
#9529 = CARTESIAN_POINT('',(0.437913199038,2.215743360632));
#9530 = CARTESIAN_POINT('',(0.475512290035,2.215165888948));
#9531 = CARTESIAN_POINT('',(0.513379579581,2.214552516651));
#9532 = CARTESIAN_POINT('',(0.551538031214,2.213905795161));
#9533 = CARTESIAN_POINT('',(0.590011770604,2.213228515027));
#9534 = CARTESIAN_POINT('',(0.628826837755,2.212523702296));
#9535 = CARTESIAN_POINT('',(0.668009896411,2.211794654861));
#9536 = CARTESIAN_POINT('',(0.707594791917,2.211044827329));
#9537 = CARTESIAN_POINT('',(0.747584547355,2.210278580082));
#9538 = CARTESIAN_POINT('',(0.788002623424,2.209500211114));
#9539 = CARTESIAN_POINT('',(0.828868903407,2.208714420671));
#9540 = CARTESIAN_POINT('',(0.870201841938,2.207926258325));
#9541 = CARTESIAN_POINT('',(0.912017954994,2.207141123018));
#9542 = CARTESIAN_POINT('',(0.954332328194,2.206364740569));
#9543 = CARTESIAN_POINT('',(0.997157451794,2.205603178378));
#9544 = CARTESIAN_POINT('',(1.040498622184,2.204862847828));
#9545 = CARTESIAN_POINT('',(1.084358213022,2.204150399989));
#9546 = CARTESIAN_POINT('',(1.128732412777,2.203472688909));
#9547 = CARTESIAN_POINT('',(1.173610471614,2.202836672388));
#9548 = CARTESIAN_POINT('',(1.218977874444,2.202249268639));
#9549 = CARTESIAN_POINT('',(1.264814936585,2.201717244234));
#9550 = CARTESIAN_POINT('',(1.311075873251,2.201247273816));
#9551 = CARTESIAN_POINT('',(1.357714935373,2.200845417967));
#9552 = CARTESIAN_POINT('',(1.404679317132,2.200517051456));
#9553 = CARTESIAN_POINT('',(1.45190974867,2.20026668822));
#9554 = CARTESIAN_POINT('',(1.499338397645,2.200097832996));
#9555 = CARTESIAN_POINT('',(1.5468884141,2.200012837935));
#9556 = CARTESIAN_POINT('',(1.594467843422,2.200012720956));
#9557 = CARTESIAN_POINT('',(1.642016327197,2.20009717639));
#9558 = CARTESIAN_POINT('',(1.689442345107,2.200264583417));
#9559 = CARTESIAN_POINT('',(1.736671869262,2.200512043488));
#9560 = CARTESIAN_POINT('',(1.783637740074,2.200835564069));
#9561 = CARTESIAN_POINT('',(1.830280651196,2.201230210185));
#9562 = CARTESIAN_POINT('',(1.876546632545,2.201690254405));
#9563 = CARTESIAN_POINT('',(1.922388483236,2.202209362978));
#9564 = CARTESIAN_POINT('',(1.967756169661,2.202780636725));
#9565 = CARTESIAN_POINT('',(2.012633723664,2.203397265167));
#9566 = CARTESIAN_POINT('',(2.057007840719,2.204052351625));
#9567 = CARTESIAN_POINT('',(2.100867408046,2.204739016593));
#9568 = CARTESIAN_POINT('',(2.144208672342,2.205450557522));
#9569 = CARTESIAN_POINT('',(2.187033947718,2.206180530759));
#9570 = CARTESIAN_POINT('',(2.229348528476,2.206922783415));
#9571 = CARTESIAN_POINT('',(2.271164828664,2.207671542553));
#9572 = CARTESIAN_POINT('',(2.31249793707,2.208421407479));
#9573 = CARTESIAN_POINT('',(2.353364366109,2.209167327515));
#9574 = CARTESIAN_POINT('',(2.393782493228,2.209904615598));
#9575 = CARTESIAN_POINT('',(2.433772403745,2.210628947689));
#9576 = CARTESIAN_POINT('',(2.473356693472,2.211336383121));
#9577 = CARTESIAN_POINT('',(2.512556182835,2.212023263149));
#9578 = CARTESIAN_POINT('',(2.551393885356,2.212686284573));
#9579 = CARTESIAN_POINT('',(2.589892251131,2.213322413187));
#9580 = CARTESIAN_POINT('',(2.628073840447,2.213928893225));
#9581 = CARTESIAN_POINT('',(2.665961766881,2.214503253745));
#9582 = CARTESIAN_POINT('',(2.703578300625,2.215043246368));
#9583 = CARTESIAN_POINT('',(2.740945798475,2.215546857172));
#9584 = CARTESIAN_POINT('',(2.778086370553,2.216012279769));
#9585 = CARTESIAN_POINT('',(2.815021378878,2.216437909482));
#9586 = CARTESIAN_POINT('',(2.851771616403,2.216822323701));
#9587 = CARTESIAN_POINT('',(2.88835955355,2.217164298451));
#9588 = CARTESIAN_POINT('',(2.92480625173,2.217462761724));
#9589 = CARTESIAN_POINT('',(2.961132385019,2.217716799597));
#9590 = CARTESIAN_POINT('',(2.997358220838,2.217925649167));
#9591 = CARTESIAN_POINT('',(3.033503823657,2.218088695002));
#9592 = CARTESIAN_POINT('',(3.069589336643,2.218205464624));
#9593 = CARTESIAN_POINT('',(3.105634686994,2.218275624285));
#9594 = CARTESIAN_POINT('',(3.141661507172,2.218298974429));
#9595 = CARTESIAN_POINT('',(3.177686786039,2.218275446054));
#9596 = CARTESIAN_POINT('',(3.213729091303,2.218205117635));
#9597 = CARTESIAN_POINT('',(3.249811021161,2.218088191014));
#9598 = CARTESIAN_POINT('',(3.285953243004,2.217924998813));
#9599 = CARTESIAN_POINT('',(3.322176334126,2.217716010364));
#9600 = CARTESIAN_POINT('',(3.358500516248,2.217461837972));
#9601 = CARTESIAN_POINT('',(3.394945945043,2.217163243012));
#9602 = CARTESIAN_POINT('',(3.431532849078,2.216821142003));
#9603 = CARTESIAN_POINT('',(3.468281711513,2.21643661264));
#9604 = CARTESIAN_POINT('',(3.50521345935,2.216010899658));
#9605 = CARTESIAN_POINT('',(3.542349640321,2.215545421098));
#9606 = CARTESIAN_POINT('',(3.579712734105,2.215041772786));
#9607 = CARTESIAN_POINT('',(3.617326061462,2.214501739248));
#9608 = CARTESIAN_POINT('',(3.655215318536,2.213927280298));
#9609 = CARTESIAN_POINT('',(3.693397915526,2.213320712392));
#9610 = CARTESIAN_POINT('',(3.731897470683,2.212684501203));
#9611 = CARTESIAN_POINT('',(3.770736368678,2.212021406346));
#9612 = CARTESIAN_POINT('',(3.809937165587,2.211334460447));
#9613 = CARTESIAN_POINT('',(3.849522760737,2.210626969234));
#9614 = CARTESIAN_POINT('',(3.889514086915,2.209902590673));
#9615 = CARTESIAN_POINT('',(3.9299337365,2.209165266898));
#9616 = CARTESIAN_POINT('',(3.970801702288,2.208419324701));
#9617 = CARTESIAN_POINT('',(4.012136378352,2.207669451383));
#9618 = CARTESIAN_POINT('',(4.053954268968,2.206920698264));
#9619 = CARTESIAN_POINT('',(4.096270770668,2.206178463048));
#9620 = CARTESIAN_POINT('',(4.139097707346,2.205448529138));
#9621 = CARTESIAN_POINT('',(4.182440693935,2.204737044391));
#9622 = CARTESIAN_POINT('',(4.226301896279,2.204050456574));
#9623 = CARTESIAN_POINT('',(4.270677812513,2.203395463838));
#9624 = CARTESIAN_POINT('',(4.315556572542,2.202778955408));
#9625 = CARTESIAN_POINT('',(4.360927931889,2.202207792633));
#9626 = CARTESIAN_POINT('',(4.406769250636,2.201688864701));
#9627 = CARTESIAN_POINT('',(4.453033661685,2.201229022435));
#9628 = CARTESIAN_POINT('',(4.499675048423,2.200834585363));
#9629 = CARTESIAN_POINT('',(4.546640412147,2.200511272706));
#9630 = CARTESIAN_POINT('',(4.593870653924,2.200264021965));
#9631 = CARTESIAN_POINT('',(4.641298234255,2.200096831958));
#9632 = CARTESIAN_POINT('',(4.688847501661,2.200012605774));
#9633 = CARTESIAN_POINT('',(4.736425753299,2.200012954947));
#9634 = CARTESIAN_POINT('',(4.783972093813,2.200098171343));
#9635 = CARTESIAN_POINT('',(4.83139595746,2.200267225432));
#9636 = CARTESIAN_POINT('',(4.878622581638,2.200517770916));
#9637 = CARTESIAN_POINT('',(4.925584810857,2.200846312888));
#9638 = CARTESIAN_POINT('',(4.972223400871,2.201248345101));
#9639 = CARTESIAN_POINT('',(5.018484697943,2.201718489936));
#9640 = CARTESIAN_POINT('',(5.064321906464,2.202250676856));
#9641 = CARTESIAN_POINT('',(5.109685928943,2.202838182649));
#9642 = CARTESIAN_POINT('',(5.154558489442,2.203474247613));
#9643 = CARTESIAN_POINT('',(5.198927766294,2.204151990128));
#9644 = CARTESIAN_POINT('',(5.242782356571,2.204864445219));
#9645 = CARTESIAN_POINT('',(5.28611867352,2.20560476464));
#9646 = CARTESIAN_POINT('',(5.328939032171,2.20636629786));
#9647 = CARTESIAN_POINT('',(5.371248871912,2.207142638503));
#9648 = CARTESIAN_POINT('',(5.41306043042,2.207927716947));
#9649 = CARTESIAN_POINT('',(5.454388942174,2.208715811534));
#9650 = CARTESIAN_POINT('',(5.495250909766,2.209501525389));
#9651 = CARTESIAN_POINT('',(5.535664843748,2.210279812207));
#9652 = CARTESIAN_POINT('',(5.575650398213,2.211045969248));
#9653 = CARTESIAN_POINT('',(5.615231707679,2.211795712534));
#9654 = CARTESIAN_POINT('',(5.654411587722,2.212524679282));
#9655 = CARTESIAN_POINT('',(5.693223258372,2.213229404364));
#9656 = CARTESIAN_POINT('',(5.731693602546,2.213906595541));
#9657 = CARTESIAN_POINT('',(5.769848643871,2.214553227742));
#9658 = CARTESIAN_POINT('',(5.807712546412,2.215166512311));
#9659 = CARTESIAN_POINT('',(5.84530828991,2.215743899156));
#9660 = CARTESIAN_POINT('',(5.882657844799,2.216283069485));
#9661 = CARTESIAN_POINT('',(5.919782438922,2.21678193047));
#9662 = CARTESIAN_POINT('',(5.956702765946,2.217238608814));
#9663 = CARTESIAN_POINT('',(5.99343918383,2.21765144404));
#9664 = CARTESIAN_POINT('',(6.030011897759,2.218018981267));
#9665 = CARTESIAN_POINT('',(6.066441136094,2.218339963599));
#9666 = CARTESIAN_POINT('',(6.102747321682,2.218613323952));
#9667 = CARTESIAN_POINT('',(6.138951247487,2.218838176872));
#9668 = CARTESIAN_POINT('',(6.175074240945,2.219013808365));
#9669 = CARTESIAN_POINT('',(6.211138388658,2.219139671118));
#9670 = CARTESIAN_POINT('',(6.247166564203,2.21921535763));
#9671 = CARTESIAN_POINT('',(6.271177671654,2.219232221753));
#9672 = CARTESIAN_POINT('',(6.28318530718,2.219232210535));
#9673 = ( GEOMETRIC_REPRESENTATION_CONTEXT(2) 
PARAMETRIC_REPRESENTATION_CONTEXT() REPRESENTATION_CONTEXT('2D SPACE',''
  ) );
#9674 = PCURVE('',#116,#9675);
#9675 = DEFINITIONAL_REPRESENTATION('',(#9676),#9834);
#9676 = B_SPLINE_CURVE_WITH_KNOTS('',3,(#9677,#9678,#9679,#9680,#9681,
    #9682,#9683,#9684,#9685,#9686,#9687,#9688,#9689,#9690,#9691,#9692,
    #9693,#9694,#9695,#9696,#9697,#9698,#9699,#9700,#9701,#9702,#9703,
    #9704,#9705,#9706,#9707,#9708,#9709,#9710,#9711,#9712,#9713,#9714,
    #9715,#9716,#9717,#9718,#9719,#9720,#9721,#9722,#9723,#9724,#9725,
    #9726,#9727,#9728,#9729,#9730,#9731,#9732,#9733,#9734,#9735,#9736,
    #9737,#9738,#9739,#9740,#9741,#9742,#9743,#9744,#9745,#9746,#9747,
    #9748,#9749,#9750,#9751,#9752,#9753,#9754,#9755,#9756,#9757,#9758,
    #9759,#9760,#9761,#9762,#9763,#9764,#9765,#9766,#9767,#9768,#9769,
    #9770,#9771,#9772,#9773,#9774,#9775,#9776,#9777,#9778,#9779,#9780,
    #9781,#9782,#9783,#9784,#9785,#9786,#9787,#9788,#9789,#9790,#9791,
    #9792,#9793,#9794,#9795,#9796,#9797,#9798,#9799,#9800,#9801,#9802,
    #9803,#9804,#9805,#9806,#9807,#9808,#9809,#9810,#9811,#9812,#9813,
    #9814,#9815,#9816,#9817,#9818,#9819,#9820,#9821,#9822,#9823,#9824,
    #9825,#9826,#9827,#9828,#9829,#9830,#9831,#9832,#9833),
  .UNSPECIFIED.,.T.,.F.,(4,1,1,1,1,1,1,1,1,1,1,1,1,1,1,1,1,1,1,1,1,1,1,1
    ,1,1,1,1,1,1,1,1,1,1,1,1,1,1,1,1,1,1,1,1,1,1,1,1,1,1,1,1,1,1,1,1,1,1
    ,1,1,1,1,1,1,1,1,1,1,1,1,1,1,1,1,1,1,1,1,1,1,1,1,1,1,1,1,1,1,1,1,1,1
    ,1,1,1,1,1,1,1,1,1,1,1,1,1,1,1,1,1,1,1,1,1,1,1,1,1,1,1,1,1,1,1,1,1,1
    ,1,1,1,1,1,1,1,1,1,1,1,1,1,1,1,1,1,1,1,1,1,1,1,1,1,1,1,1,4),(0.,
    8.658229151399E-03,1.73164583028E-02,2.59746874542E-02,
    3.46329166056E-02,4.3291145757E-02,5.19493749084E-02,
    6.06076040598E-02,6.926583321119E-02,7.792406236259E-02,
    8.658229151399E-02,9.524052066539E-02,0.103898749817,0.112556978968,
    0.12121520812,0.129873437271,0.138531666422,0.147189895574,
    0.155848124725,0.164506353877,0.173164583028,0.181822812179,
    0.190481041331,0.199139270482,0.207797499634,0.216455728785,
    0.225113957936,0.233772187088,0.242430416239,0.251088645391,
    0.259746874542,0.268405103693,0.277063332845,0.285721561996,
    0.294379791148,0.303038020299,0.31169624945,0.320354478602,
    0.329012707753,0.337670936905,0.346329166056,0.354987395207,
    0.363645624359,0.37230385351,0.380962082662,0.389620311813,
    0.398278540964,0.406936770116,0.415594999267,0.424253228419,
    0.43291145757,0.441569686721,0.450227915873,0.458886145024,
    0.467544374176,0.476202603327,0.484860832478,0.49351906163,
    0.502177290781,0.510835519933,0.519493749084,0.528151978235,
    0.536810207387,0.545468436538,0.55412666569,0.562784894841,
    0.571443123992,0.580101353144,0.588759582295,0.597417811447,
    0.606076040598,0.614734269749,0.623392498901,0.632050728052,
    0.640708957204,0.649367186355,0.658025415506,0.666683644658,
    0.675341873809,0.684000102961,0.692658332112,0.701316561263,
    0.709974790415,0.718633019566,0.727291248718,0.735949477869,
    0.74460770702,0.753265936172,0.761924165323,0.770582394475,
    0.779240623626,0.787898852777,0.796557081929,0.80521531108,
    0.813873540232,0.822531769383,0.831189998534,0.839848227686,
    0.848506456837,0.857164685989,0.86582291514,0.874481144291,
    0.883139373443,0.891797602594,0.900455831746,0.909114060897,
    0.917772290048,0.9264305192,0.935088748351,0.943746977503,
    0.952405206654,0.961063435805,0.969721664957,0.978379894108,
    0.98703812326,0.995696352411,1.004354581562,1.013012810714,
    1.021671039865,1.030329269017,1.038987498168,1.047645727319,
    1.056303956471,1.064962185622,1.073620414774,1.082278643925,
    1.090936873076,1.099595102228,1.108253331379,1.116911560531,
    1.125569789682,1.134228018833,1.142886247985,1.151544477136,
    1.160202706288,1.168860935439,1.17751916459,1.186177393742,
    1.194835622893,1.203493852045,1.212152081196,1.220810310347,
    1.229468539499,1.23812676865,1.246784997802,1.255443226953,
    1.264101456104,1.272759685256,1.281417914407,1.290076143558,
    1.29873437271,1.307392601861,1.316050831013,1.324709060164,
    1.333367289315),.QUASI_UNIFORM_KNOTS.);
#9677 = CARTESIAN_POINT('',(4.,5.784545439015));
#9678 = CARTESIAN_POINT('',(4.020414671987,5.784545436046));
#9679 = CARTESIAN_POINT('',(4.061236977446,5.784535762769));
#9680 = CARTESIAN_POINT('',(4.122410351203,5.784492222266));
#9681 = CARTESIAN_POINT('',(4.183485675218,5.784419635619));
#9682 = CARTESIAN_POINT('',(4.244421471652,5.784317941751));
#9683 = CARTESIAN_POINT('',(4.305173903787,5.784187054796));
#9684 = CARTESIAN_POINT('',(4.365696418741,5.784026863206));
#9685 = CARTESIAN_POINT('',(4.425939799514,5.783837234206));
#9686 = CARTESIAN_POINT('',(4.485852108024,5.783618016307));
#9687 = CARTESIAN_POINT('',(4.545378654213,5.783369041767));
#9688 = CARTESIAN_POINT('',(4.604461951156,5.783090128449));
#9689 = CARTESIAN_POINT('',(4.663041663396,5.782781081139));
#9690 = CARTESIAN_POINT('',(4.72105454163,5.78244169228));
#9691 = CARTESIAN_POINT('',(4.778434346012,5.78207174202));
#9692 = CARTESIAN_POINT('',(4.835111737834,5.781670997733));
#9693 = CARTESIAN_POINT('',(4.891014200259,5.7812392122));
#9694 = CARTESIAN_POINT('',(4.946065747649,5.780776123295));
#9695 = CARTESIAN_POINT('',(5.000187306587,5.780281444371));
#9696 = CARTESIAN_POINT('',(5.053294458621,5.779754885419));
#9697 = CARTESIAN_POINT('',(5.105304883539,5.779196055341));
#9698 = CARTESIAN_POINT('',(5.156089276867,5.778605026398));
#9699 = CARTESIAN_POINT('',(5.205539953936,5.777981639774));
#9700 = CARTESIAN_POINT('',(5.253537590584,5.777325828349));
#9701 = CARTESIAN_POINT('',(5.299954748401,5.776637607563));
#9702 = CARTESIAN_POINT('',(5.344655473751,5.775917094952));
#9703 = CARTESIAN_POINT('',(5.387496360521,5.77516451577));
#9704 = CARTESIAN_POINT('',(5.42832568419,5.774380234888));
#9705 = CARTESIAN_POINT('',(5.466980763925,5.773564863098));
#9706 = CARTESIAN_POINT('',(5.503293630822,5.77271919549));
#9707 = CARTESIAN_POINT('',(5.537090156587,5.771844289434));
#9708 = CARTESIAN_POINT('',(5.568192551272,5.770941497963));
#9709 = CARTESIAN_POINT('',(5.596424267821,5.77001241633));
#9710 = CARTESIAN_POINT('',(5.621611219192,5.769058914668));
#9711 = CARTESIAN_POINT('',(5.643576160455,5.768083587372));
#9712 = CARTESIAN_POINT('',(5.662159581553,5.767089214388));
#9713 = CARTESIAN_POINT('',(5.6772184805,5.766078890612));
#9714 = CARTESIAN_POINT('',(5.688630868199,5.765055996034));
#9715 = CARTESIAN_POINT('',(5.696299402754,5.764024215635));
#9716 = CARTESIAN_POINT('',(5.700155451472,5.762987517948));
#9717 = CARTESIAN_POINT('',(5.700164989842,5.761950247908));
#9718 = CARTESIAN_POINT('',(5.69632819018,5.760916064092));
#9719 = CARTESIAN_POINT('',(5.688679292224,5.759889262757));
#9720 = CARTESIAN_POINT('',(5.677286339351,5.75887367407));
#9721 = CARTESIAN_POINT('',(5.662245906377,5.757872859377));
#9722 = CARTESIAN_POINT('',(5.643679356391,5.756890062526));
#9723 = CARTESIAN_POINT('',(5.621729695146,5.755928242037));
#9724 = CARTESIAN_POINT('',(5.596556907707,5.754990027999));
#9725 = CARTESIAN_POINT('',(5.568341170022,5.754077901155));
#9726 = CARTESIAN_POINT('',(5.537254905284,5.75319345379));
#9727 = CARTESIAN_POINT('',(5.503473732364,5.752338054853));
#9728 = CARTESIAN_POINT('',(5.467175649645,5.751512861561));
#9729 = CARTESIAN_POINT('',(5.428534705532,5.750718731508));
#9730 = CARTESIAN_POINT('',(5.387718893756,5.749956269098));
#9731 = CARTESIAN_POINT('',(5.344890878378,5.749225900658));
#9732 = CARTESIAN_POINT('',(5.300202453803,5.748527819063));
#9733 = CARTESIAN_POINT('',(5.25379702832,5.747862086053));
#9734 = CARTESIAN_POINT('',(5.205810556099,5.747228665879));
#9735 = CARTESIAN_POINT('',(5.156370597333,5.746627431953));
#9736 = CARTESIAN_POINT('',(5.105596166893,5.746058182896));
#9737 = CARTESIAN_POINT('',(5.053596300805,5.74552064737));
#9738 = CARTESIAN_POINT('',(5.000475767821,5.745014552557));
#9739 = CARTESIAN_POINT('',(4.946330210651,5.744539575705));
#9740 = CARTESIAN_POINT('',(4.891249661768,5.744095395135));
#9741 = CARTESIAN_POINT('',(4.835318217332,5.743681684024));
#9742 = CARTESIAN_POINT('',(4.778613835546,5.743298108122));
#9743 = CARTESIAN_POINT('',(4.721210461669,5.742944351591));
#9744 = CARTESIAN_POINT('',(4.663177216985,5.742620107691));
#9745 = CARTESIAN_POINT('',(4.604579245652,5.74232508639));
#9746 = CARTESIAN_POINT('',(4.545478941349,5.74205901993));
#9747 = CARTESIAN_POINT('',(4.485936088191,5.741821662227));
#9748 = CARTESIAN_POINT('',(4.42600456211,5.741612777762));
#9749 = CARTESIAN_POINT('',(4.365737676058,5.74143216476));
#9750 = CARTESIAN_POINT('',(4.305186960509,5.741279647469));
#9751 = CARTESIAN_POINT('',(4.244402563698,5.74115507688));
#9752 = CARTESIAN_POINT('',(4.183433277389,5.741058329889));
#9753 = CARTESIAN_POINT('',(4.122326403688,5.740989309585));
#9754 = CARTESIAN_POINT('',(4.061128595069,5.740947945927));
#9755 = CARTESIAN_POINT('',(3.999882923441,5.740934197046));
#9756 = CARTESIAN_POINT('',(3.938640024857,5.740948051006));
#9757 = CARTESIAN_POINT('',(3.87744783569,5.740989514585));
#9758 = CARTESIAN_POINT('',(3.816347756886,5.741058628421));
#9759 = CARTESIAN_POINT('',(3.755385161438,5.741155463628));
#9760 = CARTESIAN_POINT('',(3.694606609309,5.741280119424));
#9761 = CARTESIAN_POINT('',(3.63406063569,5.741432721208));
#9762 = CARTESIAN_POINT('',(3.57379759368,5.741613419251));
#9763 = CARTESIAN_POINT('',(3.513869761198,5.741822387952));
#9764 = CARTESIAN_POINT('',(3.454331391746,5.742059825651));
#9765 = CARTESIAN_POINT('',(3.39523878079,5.742325955103));
#9766 = CARTESIAN_POINT('',(3.336650381033,5.742621024195));
#9767 = CARTESIAN_POINT('',(3.278626761721,5.742945308506));
#9768 = CARTESIAN_POINT('',(3.221231198165,5.743299109702));
#9769 = CARTESIAN_POINT('',(3.164527951591,5.74368277226));
#9770 = CARTESIAN_POINT('',(3.108598484245,5.744096568405));
#9771 = CARTESIAN_POINT('',(3.053519962118,5.7445408362));
#9772 = CARTESIAN_POINT('',(2.99937676415,5.745015900825));
#9773 = CARTESIAN_POINT('',(2.946258798112,5.745522085297));
#9774 = CARTESIAN_POINT('',(2.894261889879,5.746059710978));
#9775 = CARTESIAN_POINT('',(2.84349065693,5.746629051779));
#9776 = CARTESIAN_POINT('',(2.794054183739,5.74723037925));
#9777 = CARTESIAN_POINT('',(2.746071614939,5.747863893199));
#9778 = CARTESIAN_POINT('',(2.69967050649,5.748529720246));
#9779 = CARTESIAN_POINT('',(2.654986828103,5.749227895683));
#9780 = CARTESIAN_POINT('',(2.612163717709,5.749958363073));
#9781 = CARTESIAN_POINT('',(2.571353576504,5.750720918996));
#9782 = CARTESIAN_POINT('',(2.532718745575,5.751515142225));
#9783 = CARTESIAN_POINT('',(2.496427365242,5.752340425327));
#9784 = CARTESIAN_POINT('',(2.462653295476,5.753195915072));
#9785 = CARTESIAN_POINT('',(2.431574984909,5.754080438507));
#9786 = CARTESIAN_POINT('',(2.403366267853,5.754992688368));
#9787 = CARTESIAN_POINT('',(2.378203523032,5.755930936741));
#9788 = CARTESIAN_POINT('',(2.356264409465,5.756892763768));
#9789 = CARTESIAN_POINT('',(2.337708336655,5.757875561816));
#9790 = CARTESIAN_POINT('',(2.322678011815,5.758876393137));
#9791 = CARTESIAN_POINT('',(2.311294985243,5.759892018947));
#9792 = CARTESIAN_POINT('',(2.303656154634,5.760918869984));
#9793 = CARTESIAN_POINT('',(2.299829789668,5.761953080622));
#9794 = CARTESIAN_POINT('',(2.299849870755,5.762990328365));
#9795 = CARTESIAN_POINT('',(2.303715925602,5.764026942895));
#9796 = CARTESIAN_POINT('',(2.311393544461,5.765058610242));
#9797 = CARTESIAN_POINT('',(2.322814396949,5.766081408024));
#9798 = CARTESIAN_POINT('',(2.33788162015,5.767091666086));
#9799 = CARTESIAN_POINT('',(2.356473623792,5.768086004549));
#9800 = CARTESIAN_POINT('',(2.378447339166,5.769061309903));
#9801 = CARTESIAN_POINT('',(2.403642859315,5.770014779819));
#9802 = CARTESIAN_POINT('',(2.431880653649,5.770943753105));
#9803 = CARTESIAN_POINT('',(2.462986797049,5.771846392514));
#9804 = CARTESIAN_POINT('',(2.496786517946,5.772721158414));
#9805 = CARTESIAN_POINT('',(2.533101635167,5.773566685196));
#9806 = CARTESIAN_POINT('',(2.571758233144,5.774381920502));
#9807 = CARTESIAN_POINT('',(2.612588339606,5.775166068661));
#9808 = CARTESIAN_POINT('',(2.655429474502,5.775918521806));
#9809 = CARTESIAN_POINT('',(2.700129710992,5.776638910916));
#9810 = CARTESIAN_POINT('',(2.746545837049,5.777327013762));
#9811 = CARTESIAN_POINT('',(2.794541938831,5.7779827128));
#9812 = CARTESIAN_POINT('',(2.843990703213,5.778605993539));
#9813 = CARTESIAN_POINT('',(2.894772558265,5.779196919925));
#9814 = CARTESIAN_POINT('',(2.946780742768,5.779755660519));
#9815 = CARTESIAN_POINT('',(2.99988578501,5.780282139184));
#9816 = CARTESIAN_POINT('',(3.05400454907,5.780776738733));
#9817 = CARTESIAN_POINT('',(3.109052932248,5.781239752457));
#9818 = CARTESIAN_POINT('',(3.164951866221,5.781671466941));
#9819 = CARTESIAN_POINT('',(3.221625445938,5.782072144935));
#9820 = CARTESIAN_POINT('',(3.279001206867,5.782442033906));
#9821 = CARTESIAN_POINT('',(3.337009861792,5.782781366669));
#9822 = CARTESIAN_POINT('',(3.395585213816,5.783090363148));
#9823 = CARTESIAN_POINT('',(3.454664049744,5.783369230893));
#9824 = CARTESIAN_POINT('',(3.514186062563,5.783618165048));
#9825 = CARTESIAN_POINT('',(3.574093785988,5.783837347643));
#9826 = CARTESIAN_POINT('',(3.634332542507,5.784026946286));
#9827 = CARTESIAN_POINT('',(3.694850398282,5.784187112331));
#9828 = CARTESIAN_POINT('',(3.755598132059,5.784317978432));
#9829 = CARTESIAN_POINT('',(3.816529178153,5.784419656048));
#9830 = CARTESIAN_POINT('',(3.877599678138,5.784492231003));
#9831 = CARTESIAN_POINT('',(3.938768124652,5.784535764388));
#9832 = CARTESIAN_POINT('',(3.979587048975,5.784545436054));
#9833 = CARTESIAN_POINT('',(4.,5.784545439015));
#9834 = ( GEOMETRIC_REPRESENTATION_CONTEXT(2) 
PARAMETRIC_REPRESENTATION_CONTEXT() REPRESENTATION_CONTEXT('2D SPACE',''
  ) );
#9835 = ORIENTED_EDGE('',*,*,#9371,.T.);
#9836 = ADVANCED_FACE('',(#9837),#5993,.F.);
#9837 = FACE_BOUND('',#9838,.F.);
#9838 = EDGE_LOOP('',(#9839,#9840,#9863,#10305));
#9839 = ORIENTED_EDGE('',*,*,#5710,.T.);
#9840 = ORIENTED_EDGE('',*,*,#9841,.F.);
#9841 = EDGE_CURVE('',#9842,#5711,#9844,.T.);
#9842 = VERTEX_POINT('',#9843);
#9843 = CARTESIAN_POINT('',(40.370201376704,61.89115551695,4.));
#9844 = SEAM_CURVE('',#9845,(#9849,#9856),.PCURVE_S1.);
#9845 = LINE('',#9846,#9847);
#9846 = CARTESIAN_POINT('',(42.544975523173,62.253861793547,4.));
#9847 = VECTOR('',#9848,1.);
#9848 = DIRECTION('',(-0.986375977927,-0.16450662652,0.));
#9849 = PCURVE('',#5993,#9850);
#9850 = DEFINITIONAL_REPRESENTATION('',(#9851),#9855);
#9851 = LINE('',#9852,#9853);
#9852 = CARTESIAN_POINT('',(0.,-0.));
#9853 = VECTOR('',#9854,1.);
#9854 = DIRECTION('',(0.,1.));
#9855 = ( GEOMETRIC_REPRESENTATION_CONTEXT(2) 
PARAMETRIC_REPRESENTATION_CONTEXT() REPRESENTATION_CONTEXT('2D SPACE',''
  ) );
#9856 = PCURVE('',#5993,#9857);
#9857 = DEFINITIONAL_REPRESENTATION('',(#9858),#9862);
#9858 = LINE('',#9859,#9860);
#9859 = CARTESIAN_POINT('',(6.28318530718,-0.));
#9860 = VECTOR('',#9861,1.);
#9861 = DIRECTION('',(0.,1.));
#9862 = ( GEOMETRIC_REPRESENTATION_CONTEXT(2) 
PARAMETRIC_REPRESENTATION_CONTEXT() REPRESENTATION_CONTEXT('2D SPACE',''
  ) );
#9863 = ORIENTED_EDGE('',*,*,#9864,.T.);
#9864 = EDGE_CURVE('',#9842,#9842,#9865,.T.);
#9865 = SURFACE_CURVE('',#9866,(#9983,#10144),.PCURVE_S1.);
#9866 = B_SPLINE_CURVE_WITH_KNOTS('',7,(#9867,#9868,#9869,#9870,#9871,
    #9872,#9873,#9874,#9875,#9876,#9877,#9878,#9879,#9880,#9881,#9882,
    #9883,#9884,#9885,#9886,#9887,#9888,#9889,#9890,#9891,#9892,#9893,
    #9894,#9895,#9896,#9897,#9898,#9899,#9900,#9901,#9902,#9903,#9904,
    #9905,#9906,#9907,#9908,#9909,#9910,#9911,#9912,#9913,#9914,#9915,
    #9916,#9917,#9918,#9919,#9920,#9921,#9922,#9923,#9924,#9925,#9926,
    #9927,#9928,#9929,#9930,#9931,#9932,#9933,#9934,#9935,#9936,#9937,
    #9938,#9939,#9940,#9941,#9942,#9943,#9944,#9945,#9946,#9947,#9948,
    #9949,#9950,#9951,#9952,#9953,#9954,#9955,#9956,#9957,#9958,#9959,
    #9960,#9961,#9962,#9963,#9964,#9965,#9966,#9967,#9968,#9969,#9970,
    #9971,#9972,#9973,#9974,#9975,#9976,#9977,#9978,#9979,#9980,#9981,
    #9982),.UNSPECIFIED.,.T.,.F.,(8,6,6,6,6,6,6,6,6,6,6,6,6,6,6,6,6,6,6,
    8),(0.,0.160260404313,0.217384772506,0.262150271991,0.332935601357,
    0.405592727802,0.449809327883,0.506685085802,0.549764568666,
    0.666609575321,0.750085236689,0.782333171398,0.825445573655,
    0.882419258253,0.926848064901,1.,1.070590321952,1.115052317748,
    1.172040999648,1.331750326802),.UNSPECIFIED.);
#9867 = CARTESIAN_POINT('',(40.370201376704,61.891155516951,4.));
#9868 = CARTESIAN_POINT('',(40.370201376704,61.891155516951,
    3.837868221406));
#9869 = CARTESIAN_POINT('',(40.373270005238,61.873379183864,
    3.675929168133));
#9870 = CARTESIAN_POINT('',(40.379395234194,61.837895889902,
    3.515240223688));
#9871 = CARTESIAN_POINT('',(40.388638369565,61.784310932034,
    3.357204167622));
#9872 = CARTESIAN_POINT('',(40.401082667901,61.712058932623,
    3.203630313166));
#9873 = CARTESIAN_POINT('',(40.416801553328,61.620583860339,
    3.056675672459));
#9874 = CARTESIAN_POINT('',(40.442751499995,61.469077801947,
    2.870080079209));
#9875 = CARTESIAN_POINT('',(40.450000042452,61.426720060242,
    2.822269543141));
#9876 = CARTESIAN_POINT('',(40.457681349429,61.381789149325,
    2.775819476526));
#9877 = CARTESIAN_POINT('',(40.465797063142,61.334265752476,
    2.730889981161));
#9878 = CARTESIAN_POINT('',(40.474346322749,61.284144275163,
    2.687661349982));
#9879 = CARTESIAN_POINT('',(40.483324967856,61.231437696031,
    2.646331573937));
#9880 = CARTESIAN_POINT('',(40.500090873115,61.132881630463,
    2.576380886582));
#9881 = CARTESIAN_POINT('',(40.507715197923,61.088018165973,
    2.546946781433));
#9882 = CARTESIAN_POINT('',(40.515593246425,61.041612532008,
    2.518915215035));
#9883 = CARTESIAN_POINT('',(40.5237182513,60.9936984923,2.492398431482)
  );
#9884 = CARTESIAN_POINT('',(40.532080666057,60.944326169729,
    2.467513748755));
#9885 = CARTESIAN_POINT('',(40.540667683161,60.893565149323,
    2.444380070161));
#9886 = CARTESIAN_POINT('',(40.563369932097,60.75919168746,
    2.389488103561));
#9887 = CARTESIAN_POINT('',(40.577803044869,60.673600068484,
    2.360518195028));
#9888 = CARTESIAN_POINT('',(40.592687224252,60.585152816147,
    2.336697895778));
#9889 = CARTESIAN_POINT('',(40.607929050104,60.49438336742,
    2.318463203532));
#9890 = CARTESIAN_POINT('',(40.623415641898,60.401947467654,
    2.306164945402));
#9891 = CARTESIAN_POINT('',(40.639013929598,60.308631067132,
    2.300014047757));
#9892 = CARTESIAN_POINT('',(40.670537630539,60.119616765482,
    2.299985618686));
#9893 = CARTESIAN_POINT('',(40.686476685107,60.023825815831,
    2.306436895216));
#9894 = CARTESIAN_POINT('',(40.70222302258,59.928968973167,
    2.319363633954));
#9895 = CARTESIAN_POINT('',(40.717638346503,59.835889214569,
    2.338534968668));
#9896 = CARTESIAN_POINT('',(40.732608923457,59.745292163791,
    2.363566380432));
#9897 = CARTESIAN_POINT('',(40.747043916111,59.657752104281,
    2.393978324934));
#9898 = CARTESIAN_POINT('',(40.769289595733,59.522580444321,
    2.450677293932));
#9899 = CARTESIAN_POINT('',(40.777484572658,59.472721721124,
    2.473927147294));
#9900 = CARTESIAN_POINT('',(40.785445257552,59.424228941825,
    2.498862980837));
#9901 = CARTESIAN_POINT('',(40.793162056856,59.377166547265,
    2.525370460433));
#9902 = CARTESIAN_POINT('',(40.800628377711,59.331580852855,
    2.553337154644));
#9903 = CARTESIAN_POINT('',(40.807840116137,59.287502929232,
    2.582655704393));
#9904 = CARTESIAN_POINT('',(40.823741390517,59.190217610246,
    2.652550802838));
#9905 = CARTESIAN_POINT('',(40.832262237355,59.13801340674,
    2.693944374129));
#9906 = CARTESIAN_POINT('',(40.840354136912,59.088372843383,
    2.73719890518));
#9907 = CARTESIAN_POINT('',(40.848017079167,59.0413075154,2.782120669387
    ));
#9908 = CARTESIAN_POINT('',(40.855253811903,58.996811271647,
    2.828533345824));
#9909 = CARTESIAN_POINT('',(40.862069059707,58.954864843989,
    2.876280350191));
#9910 = CARTESIAN_POINT('',(40.873316063801,58.8855792244,2.962301019039
    ));
#9911 = CARTESIAN_POINT('',(40.877924721194,58.857166456408,
    3.000061400021));
#9912 = CARTESIAN_POINT('',(40.882297263992,58.830190270556,
    3.038448748778));
#9913 = CARTESIAN_POINT('',(40.88643626227,58.804638317099,3.07740780801
    ));
#9914 = CARTESIAN_POINT('',(40.890344307348,58.78049779869,
    3.116887623059));
#9915 = CARTESIAN_POINT('',(40.894024011788,58.757755470388,
    3.156841541908));
#9916 = CARTESIAN_POINT('',(40.90684632921,58.678468534914,
    3.306765769241));
#9917 = CARTESIAN_POINT('',(40.914550615961,58.630746927381,
    3.419440131658));
#9918 = CARTESIAN_POINT('',(40.920648569329,58.592928109562,
    3.534455363201));
#9919 = CARTESIAN_POINT('',(40.925178548231,58.564810745664,
    3.651119344018));
#9920 = CARTESIAN_POINT('',(40.928168419922,58.546245211147,
    3.768820159096));
#9921 = CARTESIAN_POINT('',(40.9296355203,58.537135445083,3.887014524206
    ));
#9922 = CARTESIAN_POINT('',(40.929536435902,58.53775069711,
    4.089680032524));
#9923 = CARTESIAN_POINT('',(40.928716880811,58.542839618707,
    4.174118133355));
#9924 = CARTESIAN_POINT('',(40.92711912853,58.55276054772,4.258356619072
    ));
#9925 = CARTESIAN_POINT('',(40.924738861504,58.567537091794,
    4.342198424999));
#9926 = CARTESIAN_POINT('',(40.921568484654,58.587210117885,
    4.425433420063));
#9927 = CARTESIAN_POINT('',(40.917597091882,58.611837734708,
    4.507836480157));
#9928 = CARTESIAN_POINT('',(40.910959689199,58.652961954787,
    4.620582867955));
#9929 = CARTESIAN_POINT('',(40.908988307942,58.665173081507,
    4.651839715175));
#9930 = CARTESIAN_POINT('',(40.906894298063,58.678140022563,
    4.68292062361));
#9931 = CARTESIAN_POINT('',(40.904676755371,58.691867537232,
    4.713810231175));
#9932 = CARTESIAN_POINT('',(40.90233472028,58.706360640058,
    4.744492304083));
#9933 = CARTESIAN_POINT('',(40.899867177802,58.72162460085,4.77494973684
    ));
#9934 = CARTESIAN_POINT('',(40.893804967063,58.75910934916,
    4.845558868593));
#9935 = CARTESIAN_POINT('',(40.89011072169,58.781940894104,
    4.885518944055));
#9936 = CARTESIAN_POINT('',(40.886187676404,58.806173325365,
    4.925002219461));
#9937 = CARTESIAN_POINT('',(40.882033210628,58.831819920146,
    4.963961803208));
#9938 = CARTESIAN_POINT('',(40.877644728232,58.858893486997,
    5.002346471267));
#9939 = CARTESIAN_POINT('',(40.873019657536,58.887406365821,
    5.040100667181));
#9940 = CARTESIAN_POINT('',(40.861727330004,58.956968384167,
    5.126144914387));
#9941 = CARTESIAN_POINT('',(40.854882028358,58.999097916365,
    5.173916505714));
#9942 = CARTESIAN_POINT('',(40.847613614054,59.043786781502,
    5.220343636956));
#9943 = CARTESIAN_POINT('',(40.839917377638,59.091054072966,
    5.265268363076));
#9944 = CARTESIAN_POINT('',(40.831790628044,59.14090550724,
    5.308512826166));
#9945 = CARTESIAN_POINT('',(40.823233488121,59.193328710657,
    5.349881648528));
#9946 = CARTESIAN_POINT('',(40.807244009815,59.291146856342,
    5.419797458978));
#9947 = CARTESIAN_POINT('',(40.799979276742,59.335545273355,
    5.449160179022));
#9948 = CARTESIAN_POINT('',(40.792457735663,59.3814642393,5.477151626415
    ));
#9949 = CARTESIAN_POINT('',(40.784683665275,59.428871522686,
    5.503662576461));
#9950 = CARTESIAN_POINT('',(40.77666390473,59.477719217577,5.52857872912
    ));
#9951 = CARTESIAN_POINT('',(40.768408380101,59.527940782745,
    5.551783998895));
#9952 = CARTESIAN_POINT('',(40.745972034859,59.664254736955,
    5.608365609249));
#9953 = CARTESIAN_POINT('',(40.731403628336,59.752591745324,
    5.638637695688));
#9954 = CARTESIAN_POINT('',(40.716297135513,59.843996981678,
    5.663428940951));
#9955 = CARTESIAN_POINT('',(40.700745860422,59.937880997365,
    5.682254483843));
#9956 = CARTESIAN_POINT('',(40.684866907741,60.033517841972,
    5.694727304265));
#9957 = CARTESIAN_POINT('',(40.668803072148,60.13003788397,
    5.700620648617));
#9958 = CARTESIAN_POINT('',(40.637208758597,60.31943220184,
    5.699325042994));
#9959 = CARTESIAN_POINT('',(40.621664502208,60.412404500731,
    5.692586416301));
#9960 = CARTESIAN_POINT('',(40.606241750898,60.504439513546,
    5.679750306266));
#9961 = CARTESIAN_POINT('',(40.591070891585,60.594767848797,
    5.661034018191));
#9962 = CARTESIAN_POINT('',(40.576262937447,60.682745181355,
    5.63679086099));
#9963 = CARTESIAN_POINT('',(40.561910041968,60.767845742503,
    5.607458516809));
#9964 = CARTESIAN_POINT('',(40.539379060699,60.901183113819,
    5.552163376984));
#9965 = CARTESIAN_POINT('',(40.530879011415,60.95142225988,5.52896494077
    ));
#9966 = CARTESIAN_POINT('',(40.522601883578,61.000284107475,5.5040517074
    ));
#9967 = CARTESIAN_POINT('',(40.514559943226,61.047702165282,
    5.477540038153));
#9968 = CARTESIAN_POINT('',(40.506762318846,61.093628651719,
    5.449544527582));
#9969 = CARTESIAN_POINT('',(40.499215465393,61.138031510611,
    5.420174694537));
#9970 = CARTESIAN_POINT('',(40.48257739505,61.235826660618,
    5.350255312189));
#9971 = CARTESIAN_POINT('',(40.47365080322,61.288223026583,
    5.308890266807));
#9972 = CARTESIAN_POINT('',(40.465151794722,61.338045857512,
    5.265647305416));
#9973 = CARTESIAN_POINT('',(40.457084318972,61.385283293988,
    5.220722061721));
#9974 = CARTESIAN_POINT('',(40.449449110022,61.429941554665,
    5.174292631984));
#9975 = CARTESIAN_POINT('',(40.442244463668,61.472040206516,
    5.126517172264));
#9976 = CARTESIAN_POINT('',(40.4164733864,61.622493583756,4.940250386651
    ));
#9977 = CARTESIAN_POINT('',(40.400866297518,61.713315171141,
    4.793693500047));
#9978 = CARTESIAN_POINT('',(40.388509911682,61.785055633265,
    4.640594268423));
#9979 = CARTESIAN_POINT('',(40.379331374073,61.838265832642,
    4.483081802522));
#9980 = CARTESIAN_POINT('',(40.373248631433,61.873502999812,
    4.322943018492));
#9981 = CARTESIAN_POINT('',(40.370201376704,61.891155516951,
    4.161566063105));
#9982 = CARTESIAN_POINT('',(40.370201376704,61.891155516951,4.));
#9983 = PCURVE('',#5993,#9984);
#9984 = DEFINITIONAL_REPRESENTATION('',(#9985),#10143);
#9985 = B_SPLINE_CURVE_WITH_KNOTS('',3,(#9986,#9987,#9988,#9989,#9990,
    #9991,#9992,#9993,#9994,#9995,#9996,#9997,#9998,#9999,#10000,#10001,
    #10002,#10003,#10004,#10005,#10006,#10007,#10008,#10009,#10010,
    #10011,#10012,#10013,#10014,#10015,#10016,#10017,#10018,#10019,
    #10020,#10021,#10022,#10023,#10024,#10025,#10026,#10027,#10028,
    #10029,#10030,#10031,#10032,#10033,#10034,#10035,#10036,#10037,
    #10038,#10039,#10040,#10041,#10042,#10043,#10044,#10045,#10046,
    #10047,#10048,#10049,#10050,#10051,#10052,#10053,#10054,#10055,
    #10056,#10057,#10058,#10059,#10060,#10061,#10062,#10063,#10064,
    #10065,#10066,#10067,#10068,#10069,#10070,#10071,#10072,#10073,
    #10074,#10075,#10076,#10077,#10078,#10079,#10080,#10081,#10082,
    #10083,#10084,#10085,#10086,#10087,#10088,#10089,#10090,#10091,
    #10092,#10093,#10094,#10095,#10096,#10097,#10098,#10099,#10100,
    #10101,#10102,#10103,#10104,#10105,#10106,#10107,#10108,#10109,
    #10110,#10111,#10112,#10113,#10114,#10115,#10116,#10117,#10118,
    #10119,#10120,#10121,#10122,#10123,#10124,#10125,#10126,#10127,
    #10128,#10129,#10130,#10131,#10132,#10133,#10134,#10135,#10136,
    #10137,#10138,#10139,#10140,#10141,#10142),.UNSPECIFIED.,.F.,.F.,(4,
    1,1,1,1,1,1,1,1,1,1,1,1,1,1,1,1,1,1,1,1,1,1,1,1,1,1,1,1,1,1,1,1,1,1,
    1,1,1,1,1,1,1,1,1,1,1,1,1,1,1,1,1,1,1,1,1,1,1,1,1,1,1,1,1,1,1,1,1,1,
    1,1,1,1,1,1,1,1,1,1,1,1,1,1,1,1,1,1,1,1,1,1,1,1,1,1,1,1,1,1,1,1,1,1,
    1,1,1,1,1,1,1,1,1,1,1,1,1,1,1,1,1,1,1,1,1,1,1,1,1,1,1,1,1,1,1,1,1,1,
    1,1,1,1,1,1,1,1,1,1,1,1,1,1,1,1,1,4),(0.,8.647729394816E-03,
    1.729545878963E-02,2.594318818445E-02,3.459091757926E-02,
    4.323864697408E-02,5.188637636889E-02,6.053410576371E-02,
    6.918183515852E-02,7.782956455334E-02,8.647729394816E-02,
    9.512502334297E-02,0.103772752738,0.112420482133,0.121068211527,
    0.129715940922,0.138363670317,0.147011399712,0.155659129107,
    0.164306858501,0.172954587896,0.181602317291,0.190250046686,
    0.198897776081,0.207545505476,0.21619323487,0.224840964265,
    0.23348869366,0.242136423055,0.25078415245,0.259431881844,
    0.268079611239,0.276727340634,0.285375070029,0.294022799424,
    0.302670528819,0.311318258213,0.319965987608,0.328613717003,
    0.337261446398,0.345909175793,0.354556905187,0.363204634582,
    0.371852363977,0.380500093372,0.389147822767,0.397795552162,
    0.406443281556,0.415091010951,0.423738740346,0.432386469741,
    0.441034199136,0.44968192853,0.458329657925,0.46697738732,
    0.475625116715,0.48427284611,0.492920575504,0.501568304899,
    0.510216034294,0.518863763689,0.527511493084,0.536159222479,
    0.544806951873,0.553454681268,0.562102410663,0.570750140058,
    0.579397869453,0.588045598847,0.596693328242,0.605341057637,
    0.613988787032,0.622636516427,0.631284245822,0.639931975216,
    0.648579704611,0.657227434006,0.665875163401,0.674522892796,
    0.68317062219,0.691818351585,0.70046608098,0.709113810375,
    0.71776153977,0.726409269165,0.735056998559,0.743704727954,
    0.752352457349,0.761000186744,0.769647916139,0.778295645533,
    0.786943374928,0.795591104323,0.804238833718,0.812886563113,
    0.821534292507,0.830182021902,0.838829751297,0.847477480692,
    0.856125210087,0.864772939482,0.873420668876,0.882068398271,
    0.890716127666,0.899363857061,0.908011586456,0.91665931585,
    0.925307045245,0.93395477464,0.942602504035,0.95125023343,
    0.959897962825,0.968545692219,0.977193421614,0.985841151009,
    0.994488880404,1.003136609799,1.011784339193,1.020432068588,
    1.029079797983,1.037727527378,1.046375256773,1.055022986168,
    1.063670715562,1.072318444957,1.080966174352,1.089613903747,
    1.098261633142,1.106909362536,1.115557091931,1.124204821326,
    1.132852550721,1.141500280116,1.15014800951,1.158795738905,
    1.1674434683,1.176091197695,1.18473892709,1.193386656485,
    1.202034385879,1.210682115274,1.219329844669,1.227977574064,
    1.236625303459,1.245273032853,1.253920762248,1.262568491643,
    1.271216221038,1.279863950433,1.288511679828,1.297159409222,
    1.305807138617,1.314454868012,1.323102597407,1.331750326802),
  .QUASI_UNIFORM_KNOTS.);
#9986 = CARTESIAN_POINT('',(0.,2.204812561474));
#9987 = CARTESIAN_POINT('',(1.200792596176E-02,2.204812564125));
#9988 = CARTESIAN_POINT('',(3.601956813994E-02,2.204808381221));
#9989 = CARTESIAN_POINT('',(7.204846864164E-02,2.20478960667));
#9990 = CARTESIAN_POINT('',(0.10811332868,2.204758383257));
#9991 = CARTESIAN_POINT('',(0.144237075146,2.204714808157));
#9992 = CARTESIAN_POINT('',(0.180441841237,2.204659011885));
#9993 = CARTESIAN_POINT('',(0.216748993641,2.20459116482));
#9994 = CARTESIAN_POINT('',(0.253179357906,2.20451147853));
#9995 = CARTESIAN_POINT('',(0.289753383037,2.204420208376));
#9996 = CARTESIAN_POINT('',(0.326491317386,2.204317655668));
#9997 = CARTESIAN_POINT('',(0.363413380082,2.204204169828));
#9998 = CARTESIAN_POINT('',(0.400539937036,2.204080150447));
#9999 = CARTESIAN_POINT('',(0.437891683651,2.203946049257));
#10000 = CARTESIAN_POINT('',(0.475489843511,2.203802372006));
#10001 = CARTESIAN_POINT('',(0.513356374737,2.203649680299));
#10002 = CARTESIAN_POINT('',(0.551514242515,2.203488593155));
#10003 = CARTESIAN_POINT('',(0.589987569909,2.203319789213));
#10004 = CARTESIAN_POINT('',(0.628802400287,2.20314400608));
#10005 = CARTESIAN_POINT('',(0.667985367997,2.202962049951));
#10006 = CARTESIAN_POINT('',(0.707570400019,2.202774766491));
#10007 = CARTESIAN_POINT('',(0.747560524073,2.202583229385));
#10008 = CARTESIAN_POINT('',(0.787979080178,2.202388499407));
#10009 = CARTESIAN_POINT('',(0.828845962652,2.202191739665));
#10010 = CARTESIAN_POINT('',(0.870179592034,2.201994203925));
#10011 = CARTESIAN_POINT('',(0.911996456579,2.201797237029));
#10012 = CARTESIAN_POINT('',(0.954311588343,2.201602270037));
#10013 = CARTESIAN_POINT('',(0.997137470902,2.201410824358));
#10014 = CARTESIAN_POINT('',(1.040479349375,2.201224513515));
#10015 = CARTESIAN_POINT('',(1.084339558108,2.201045017451));
#10016 = CARTESIAN_POINT('',(1.128714240479,2.200874074063));
#10017 = CARTESIAN_POINT('',(1.173592627619,2.200713454546));
#10018 = CARTESIAN_POINT('',(1.218960091159,2.200564928168));
#10019 = CARTESIAN_POINT('',(1.264797443322,2.200430232136));
#10020 = CARTESIAN_POINT('',(1.311058470927,2.200311091525));
#10021 = CARTESIAN_POINT('',(1.357697324594,2.200209082624));
#10022 = CARTESIAN_POINT('',(1.404661181812,2.200125614894));
#10023 = CARTESIAN_POINT('',(1.45189095656,2.200061885509));
#10024 = CARTESIAN_POINT('',(1.499318947955,2.200018840585));
#10025 = CARTESIAN_POINT('',(1.54686926875,2.199997137148));
#10026 = CARTESIAN_POINT('',(1.594448481413,2.199997095483));
#10027 = CARTESIAN_POINT('',(1.641996832265,2.200018696278));
#10028 = CARTESIAN_POINT('',(1.68942336398,2.200061584573));
#10029 = CARTESIAN_POINT('',(1.736653189564,2.200125073186));
#10030 = CARTESIAN_POINT('',(1.783619139144,2.200208189675));
#10031 = CARTESIAN_POINT('',(1.830262057123,2.200309714061));
#10032 = CARTESIAN_POINT('',(1.876528538957,2.200428217084));
#10033 = CARTESIAN_POINT('',(1.922371880703,2.200562105945));
#10034 = CARTESIAN_POINT('',(1.967744070815,2.200709639938));
#10035 = CARTESIAN_POINT('',(2.012621993568,2.200869061431));
#10036 = CARTESIAN_POINT('',(2.05699761529,2.201038622677));
#10037 = CARTESIAN_POINT('',(2.100858475179,2.201216551989));
#10038 = CARTESIAN_POINT('',(2.144201226978,2.201401122913));
#10039 = CARTESIAN_POINT('',(2.187027934425,2.201590666547));
#10040 = CARTESIAN_POINT('',(2.229344310636,2.201783587));
#10041 = CARTESIAN_POINT('',(2.271161979664,2.201978376895));
#10042 = CARTESIAN_POINT('',(2.312496402734,2.202173625931));
#10043 = CARTESIAN_POINT('',(2.353364063125,2.202368010136));
#10044 = CARTESIAN_POINT('',(2.393783343983,2.202560297374));
#10045 = CARTESIAN_POINT('',(2.433774204205,2.202749346877));
#10046 = CARTESIAN_POINT('',(2.473359214884,2.202934116401));
#10047 = CARTESIAN_POINT('',(2.512559338373,2.203113636757));
#10048 = CARTESIAN_POINT('',(2.551397436137,2.203287028995));
#10049 = CARTESIAN_POINT('',(2.589896086289,2.203453485681));
#10050 = CARTESIAN_POINT('',(2.628077642837,2.203612270097));
#10051 = CARTESIAN_POINT('',(2.665965802413,2.203762722267));
#10052 = CARTESIAN_POINT('',(2.703577891163,2.203904221164));
#10053 = CARTESIAN_POINT('',(2.740939554238,2.204036239578));
#10054 = CARTESIAN_POINT('',(2.778074183894,2.204158297214));
#10055 = CARTESIAN_POINT('',(2.81500428742,2.204269963707));
#10056 = CARTESIAN_POINT('',(2.851751441795,2.20437085608));
#10057 = CARTESIAN_POINT('',(2.888336593555,2.204460637651));
#10058 = CARTESIAN_POINT('',(2.924780239197,2.204539016523));
#10059 = CARTESIAN_POINT('',(2.961102614508,2.204605744139));
#10060 = CARTESIAN_POINT('',(2.997323874224,2.204660613789));
#10061 = CARTESIAN_POINT('',(3.033464239814,2.204703459085));
#10062 = CARTESIAN_POINT('',(3.069544255335,2.204734152427));
#10063 = CARTESIAN_POINT('',(3.105584646314,2.204752603377));
#10064 = CARTESIAN_POINT('',(3.14160769407,2.204758757208));
#10065 = CARTESIAN_POINT('',(3.177633011861,2.204752592689));
#10066 = CARTESIAN_POINT('',(3.213676734121,2.204734128495));
#10067 = CARTESIAN_POINT('',(3.249760719687,2.204703419115));
#10068 = CARTESIAN_POINT('',(3.285904866225,2.20466055547));
#10069 = CARTESIAN_POINT('',(3.322129353695,2.204605666168));
#10070 = CARTESIAN_POINT('',(3.358454263709,2.204538918565));
#10071 = CARTESIAN_POINT('',(3.394899884737,2.204460519909));
#10072 = CARTESIAN_POINT('',(3.431486909428,2.204370718216));
#10073 = CARTESIAN_POINT('',(3.468236419055,2.20426980404));
#10074 = CARTESIAN_POINT('',(3.505170898343,2.204158108848));
#10075 = CARTESIAN_POINT('',(3.542311017162,2.204036017472));
#10076 = CARTESIAN_POINT('',(3.579678294188,2.203903962621));
#10077 = CARTESIAN_POINT('',(3.617294809984,2.203762430894));
#10078 = CARTESIAN_POINT('',(3.655182923692,2.203611963808));
#10079 = CARTESIAN_POINT('',(3.693364940192,2.203453164255));
#10080 = CARTESIAN_POINT('',(3.73186396201,2.203286694355));
#10081 = CARTESIAN_POINT('',(3.77070252231,2.203113290231));
#10082 = CARTESIAN_POINT('',(3.809903117014,2.202933759872));
#10083 = CARTESIAN_POINT('',(3.849488680023,2.202748982058));
#10084 = CARTESIAN_POINT('',(3.889480098915,2.202559926458));
#10085 = CARTESIAN_POINT('',(3.929899956409,2.202367635323));
#10086 = CARTESIAN_POINT('',(3.970768249268,2.202173249389));
#10087 = CARTESIAN_POINT('',(4.012103344986,2.20197800107));
#10088 = CARTESIAN_POINT('',(4.053921724805,2.201783214554));
#10089 = CARTESIAN_POINT('',(4.096238669714,2.201590300868));
#10090 = CARTESIAN_POINT('',(4.139066138101,2.201400766158));
#10091 = CARTESIAN_POINT('',(4.182409606581,2.201216207423));
#10092 = CARTESIAN_POINT('',(4.226271250074,2.201038293082));
#10093 = CARTESIAN_POINT('',(4.270647458263,2.200868750732));
#10094 = CARTESIAN_POINT('',(4.315526532911,2.200709349446));
#10095 = CARTESIAN_POINT('',(4.36089735575,2.200561846789));
#10096 = CARTESIAN_POINT('',(4.406738800829,2.200427992209));
#10097 = CARTESIAN_POINT('',(4.453003322043,2.200309524392));
#10098 = CARTESIAN_POINT('',(4.499644654194,2.20020803481));
#10099 = CARTESIAN_POINT('',(4.546609653181,2.200124952395));
#10100 = CARTESIAN_POINT('',(4.593839340249,2.200061497441));
#10101 = CARTESIAN_POINT('',(4.641266268304,2.200018643164));
#10102 = CARTESIAN_POINT('',(4.688816057799,2.199997077285));
#10103 = CARTESIAN_POINT('',(4.736394293277,2.199997155717));
#10104 = CARTESIAN_POINT('',(4.783939366697,2.20001889126));
#10105 = CARTESIAN_POINT('',(4.831363669151,2.200061964329));
#10106 = CARTESIAN_POINT('',(4.878590572491,2.20012571927));
#10107 = CARTESIAN_POINT('',(4.925552901364,2.200209211617));
#10108 = CARTESIAN_POINT('',(4.972191341567,2.200311245339));
#10109 = CARTESIAN_POINT('',(5.018452608227,2.200430410803));
#10110 = CARTESIAN_POINT('',(5.064290322053,2.200565130738));
#10111 = CARTESIAN_POINT('',(5.109656679707,2.200713674318));
#10112 = CARTESIAN_POINT('',(5.154531483867,2.200874299197));
#10113 = CARTESIAN_POINT('',(5.198903204083,2.201045246252));
#10114 = CARTESIAN_POINT('',(5.24276032224,2.201224742043));
#10115 = CARTESIAN_POINT('',(5.286099240984,2.201411050194));
#10116 = CARTESIAN_POINT('',(5.328922208769,2.201602490503));
#10117 = CARTESIAN_POINT('',(5.371234685825,2.201797450871));
#10118 = CARTESIAN_POINT('',(5.413048758323,2.201994408503));
#10119 = CARTESIAN_POINT('',(5.454379687329,2.202191933456));
#10120 = CARTESIAN_POINT('',(5.495243940647,2.202388681211));
#10121 = CARTESIAN_POINT('',(5.535660025124,2.202583398799));
#10122 = CARTESIAN_POINT('',(5.575647491055,2.202774921766));
#10123 = CARTESIAN_POINT('',(5.615230699064,2.202962194247));
#10124 = CARTESIAN_POINT('',(5.654412383821,2.203144141365));
#10125 = CARTESIAN_POINT('',(5.693225501453,2.203319913028));
#10126 = CARTESIAN_POINT('',(5.731697035866,2.203488704955));
#10127 = CARTESIAN_POINT('',(5.769853010836,2.203649779641));
#10128 = CARTESIAN_POINT('',(5.807717615046,2.203802458938));
#10129 = CARTESIAN_POINT('',(5.845313844238,2.203946124116));
#10130 = CARTESIAN_POINT('',(5.882663685535,2.204080213823));
#10131 = CARTESIAN_POINT('',(5.919788382048,2.20420422249));
#10132 = CARTESIAN_POINT('',(5.9567086422,2.204317698512));
#10133 = CARTESIAN_POINT('',(5.993444838232,2.204420242377));
#10134 = CARTESIAN_POINT('',(6.030017189383,2.204511504701));
#10135 = CARTESIAN_POINT('',(6.066445937979,2.204591184185));
#10136 = CARTESIAN_POINT('',(6.10275152089,2.204659025459));
#10137 = CARTESIAN_POINT('',(6.138954745296,2.204714816941));
#10138 = CARTESIAN_POINT('',(6.175076953156,2.204758388241));
#10139 = CARTESIAN_POINT('',(6.211140246073,2.204789608855));
#10140 = CARTESIAN_POINT('',(6.247167513137,2.204808381642));
#10141 = CARTESIAN_POINT('',(6.271177990262,2.20481256413));
#10142 = CARTESIAN_POINT('',(6.28318530718,2.204812561474));
#10143 = ( GEOMETRIC_REPRESENTATION_CONTEXT(2) 
PARAMETRIC_REPRESENTATION_CONTEXT() REPRESENTATION_CONTEXT('2D SPACE',''
  ) );
#10144 = PCURVE('',#116,#10145);
#10145 = DEFINITIONAL_REPRESENTATION('',(#10146),#10304);
#10146 = B_SPLINE_CURVE_WITH_KNOTS('',3,(#10147,#10148,#10149,#10150,
    #10151,#10152,#10153,#10154,#10155,#10156,#10157,#10158,#10159,
    #10160,#10161,#10162,#10163,#10164,#10165,#10166,#10167,#10168,
    #10169,#10170,#10171,#10172,#10173,#10174,#10175,#10176,#10177,
    #10178,#10179,#10180,#10181,#10182,#10183,#10184,#10185,#10186,
    #10187,#10188,#10189,#10190,#10191,#10192,#10193,#10194,#10195,
    #10196,#10197,#10198,#10199,#10200,#10201,#10202,#10203,#10204,
    #10205,#10206,#10207,#10208,#10209,#10210,#10211,#10212,#10213,
    #10214,#10215,#10216,#10217,#10218,#10219,#10220,#10221,#10222,
    #10223,#10224,#10225,#10226,#10227,#10228,#10229,#10230,#10231,
    #10232,#10233,#10234,#10235,#10236,#10237,#10238,#10239,#10240,
    #10241,#10242,#10243,#10244,#10245,#10246,#10247,#10248,#10249,
    #10250,#10251,#10252,#10253,#10254,#10255,#10256,#10257,#10258,
    #10259,#10260,#10261,#10262,#10263,#10264,#10265,#10266,#10267,
    #10268,#10269,#10270,#10271,#10272,#10273,#10274,#10275,#10276,
    #10277,#10278,#10279,#10280,#10281,#10282,#10283,#10284,#10285,
    #10286,#10287,#10288,#10289,#10290,#10291,#10292,#10293,#10294,
    #10295,#10296,#10297,#10298,#10299,#10300,#10301,#10302,#10303),
  .UNSPECIFIED.,.T.,.F.,(4,1,1,1,1,1,1,1,1,1,1,1,1,1,1,1,1,1,1,1,1,1,1,1
    ,1,1,1,1,1,1,1,1,1,1,1,1,1,1,1,1,1,1,1,1,1,1,1,1,1,1,1,1,1,1,1,1,1,1
    ,1,1,1,1,1,1,1,1,1,1,1,1,1,1,1,1,1,1,1,1,1,1,1,1,1,1,1,1,1,1,1,1,1,1
    ,1,1,1,1,1,1,1,1,1,1,1,1,1,1,1,1,1,1,1,1,1,1,1,1,1,1,1,1,1,1,1,1,1,1
    ,1,1,1,1,1,1,1,1,1,1,1,1,1,1,1,1,1,1,1,1,1,1,1,1,1,1,1,1,4),(0.,
    8.647729394816E-03,1.729545878963E-02,2.594318818445E-02,
    3.459091757926E-02,4.323864697408E-02,5.188637636889E-02,
    6.053410576371E-02,6.918183515852E-02,7.782956455334E-02,
    8.647729394816E-02,9.512502334297E-02,0.103772752738,0.112420482133,
    0.121068211527,0.129715940922,0.138363670317,0.147011399712,
    0.155659129107,0.164306858501,0.172954587896,0.181602317291,
    0.190250046686,0.198897776081,0.207545505476,0.21619323487,
    0.224840964265,0.23348869366,0.242136423055,0.25078415245,
    0.259431881844,0.268079611239,0.276727340634,0.285375070029,
    0.294022799424,0.302670528819,0.311318258213,0.319965987608,
    0.328613717003,0.337261446398,0.345909175793,0.354556905187,
    0.363204634582,0.371852363977,0.380500093372,0.389147822767,
    0.397795552162,0.406443281556,0.415091010951,0.423738740346,
    0.432386469741,0.441034199136,0.44968192853,0.458329657925,
    0.46697738732,0.475625116715,0.48427284611,0.492920575504,
    0.501568304899,0.510216034294,0.518863763689,0.527511493084,
    0.536159222479,0.544806951873,0.553454681268,0.562102410663,
    0.570750140058,0.579397869453,0.588045598847,0.596693328242,
    0.605341057637,0.613988787032,0.622636516427,0.631284245822,
    0.639931975216,0.648579704611,0.657227434006,0.665875163401,
    0.674522892796,0.68317062219,0.691818351585,0.70046608098,
    0.709113810375,0.71776153977,0.726409269165,0.735056998559,
    0.743704727954,0.752352457349,0.761000186744,0.769647916139,
    0.778295645533,0.786943374928,0.795591104323,0.804238833718,
    0.812886563113,0.821534292507,0.830182021902,0.838829751297,
    0.847477480692,0.856125210087,0.864772939482,0.873420668876,
    0.882068398271,0.890716127666,0.899363857061,0.908011586456,
    0.91665931585,0.925307045245,0.93395477464,0.942602504035,
    0.95125023343,0.959897962825,0.968545692219,0.977193421614,
    0.985841151009,0.994488880404,1.003136609799,1.011784339193,
    1.020432068588,1.029079797983,1.037727527378,1.046375256773,
    1.055022986168,1.063670715562,1.072318444957,1.080966174352,
    1.089613903747,1.098261633142,1.106909362536,1.115557091931,
    1.124204821326,1.132852550721,1.141500280116,1.15014800951,
    1.158795738905,1.1674434683,1.176091197695,1.18473892709,
    1.193386656485,1.202034385879,1.210682115274,1.219329844669,
    1.227977574064,1.236625303459,1.245273032853,1.253920762248,
    1.262568491643,1.271216221038,1.279863950433,1.288511679828,
    1.297159409222,1.305807138617,1.314454868012,1.323102597407,
    1.331750326802),.QUASI_UNIFORM_KNOTS.);
#10147 = CARTESIAN_POINT('',(4.,5.186643530736));
#10148 = CARTESIAN_POINT('',(4.020413444775,5.186643528764));
#10149 = CARTESIAN_POINT('',(4.061233278087,5.186637521415));
#10150 = CARTESIAN_POINT('',(4.122402951923,5.186610480026));
#10151 = CARTESIAN_POINT('',(4.183474648077,5.186565396808));
#10152 = CARTESIAN_POINT('',(4.244406944434,5.186502229921));
#10153 = CARTESIAN_POINT('',(4.305156054661,5.186420920743));
#10154 = CARTESIAN_POINT('',(4.365675470161,5.186321393103));
#10155 = CARTESIAN_POINT('',(4.425916012303,5.186203556081));
#10156 = CARTESIAN_POINT('',(4.485825775394,5.186067305533));
#10157 = CARTESIAN_POINT('',(4.545350095821,5.185912525597));
#10158 = CARTESIAN_POINT('',(4.604431507182,5.185739089815));
#10159 = CARTESIAN_POINT('',(4.663009688666,5.18554686192));
#10160 = CARTESIAN_POINT('',(4.721021399777,5.18533569626));
#10161 = CARTESIAN_POINT('',(4.778400403773,5.185105437785));
#10162 = CARTESIAN_POINT('',(4.835077359169,5.184855921713));
#10163 = CARTESIAN_POINT('',(4.890979741549,5.184586972344));
#10164 = CARTESIAN_POINT('',(4.946031549308,5.18429840284));
#10165 = CARTESIAN_POINT('',(5.000153698581,5.183990009081));
#10166 = CARTESIAN_POINT('',(5.053261714671,5.183661583146));
#10167 = CARTESIAN_POINT('',(5.105273367449,5.183312850969));
#10168 = CARTESIAN_POINT('',(5.156059326067,5.182943826205));
#10169 = CARTESIAN_POINT('',(5.205511727497,5.182554377765));
#10170 = CARTESIAN_POINT('',(5.253511241906,5.18214442875));
#10171 = CARTESIAN_POINT('',(5.299930369622,5.181713952531));
#10172 = CARTESIAN_POINT('',(5.34463310854,5.181262984682));
#10173 = CARTESIAN_POINT('',(5.387475984647,5.180791627084));
#10174 = CARTESIAN_POINT('',(5.428307259586,5.180300067365));
#10175 = CARTESIAN_POINT('',(5.466964200827,5.179788647005));
#10176 = CARTESIAN_POINT('',(5.503278812744,5.179257822698));
#10177 = CARTESIAN_POINT('',(5.537076946003,5.178708216095));
#10178 = CARTESIAN_POINT('',(5.568180815643,5.178140635219));
#10179 = CARTESIAN_POINT('',(5.596413850156,5.177556043393));
#10180 = CARTESIAN_POINT('',(5.621602264707,5.176955571255));
#10181 = CARTESIAN_POINT('',(5.643568558379,5.176340821237));
#10182 = CARTESIAN_POINT('',(5.66215323706,5.175713513845));
#10183 = CARTESIAN_POINT('',(5.677213365271,5.175075573043));
#10184 = CARTESIAN_POINT('',(5.688627056822,5.17442910694));
#10185 = CARTESIAN_POINT('',(5.696297037679,5.173776424885));
#10186 = CARTESIAN_POINT('',(5.700154674364,5.173120012715));
#10187 = CARTESIAN_POINT('',(5.700165761182,5.172462638164));
#10188 = CARTESIAN_POINT('',(5.696330551123,5.171806614678));
#10189 = CARTESIAN_POINT('',(5.688683126315,5.171154669832));
#10190 = CARTESIAN_POINT('',(5.677291592805,5.170509264462));
#10191 = CARTESIAN_POINT('',(5.66225258928,5.169872684993));
#10192 = CARTESIAN_POINT('',(5.64368747318,5.169247021027));
#10193 = CARTESIAN_POINT('',(5.621738966529,5.168634181527));
#10194 = CARTESIAN_POINT('',(5.596566724538,5.168035872531));
#10195 = CARTESIAN_POINT('',(5.568349192369,5.167453691334));
#10196 = CARTESIAN_POINT('',(5.53726344048,5.16688878708));
#10197 = CARTESIAN_POINT('',(5.503481889756,5.166342008729));
#10198 = CARTESIAN_POINT('',(5.467183362862,5.165814156127));
#10199 = CARTESIAN_POINT('',(5.428541604197,5.165305815497));
#10200 = CARTESIAN_POINT('',(5.387724836128,5.164817418523));
#10201 = CARTESIAN_POINT('',(5.344895300578,5.164349274476));
#10202 = CARTESIAN_POINT('',(5.300205597697,5.163901555109));
#10203 = CARTESIAN_POINT('',(5.25379881217,5.163474333299));
#10204 = CARTESIAN_POINT('',(5.205810939602,5.163067622275));
#10205 = CARTESIAN_POINT('',(5.15636955487,5.162681374599));
#10206 = CARTESIAN_POINT('',(5.105593850303,5.162315494039));
#10207 = CARTESIAN_POINT('',(5.053592950685,5.161969836011));
#10208 = CARTESIAN_POINT('',(5.000471436825,5.161644252011));
#10209 = CARTESIAN_POINT('',(4.946325193412,5.161338561519));
#10210 = CARTESIAN_POINT('',(4.891244104621,5.161052580459));
#10211 = CARTESIAN_POINT('',(4.835312596708,5.160786121867));
#10212 = CARTESIAN_POINT('',(4.778607716005,5.160538987953));
#10213 = CARTESIAN_POINT('',(4.721211053958,5.160311022513));
#10214 = CARTESIAN_POINT('',(4.663186950634,5.160102020825));
#10215 = CARTESIAN_POINT('',(4.604598570932,5.159911803343));
#10216 = CARTESIAN_POINT('',(4.545506435022,5.159740206078));
#10217 = CARTESIAN_POINT('',(4.485968941038,5.159587081396));
#10218 = CARTESIAN_POINT('',(4.426042342576,5.159452296486));
#10219 = CARTESIAN_POINT('',(4.365780859814,5.159335732914));
#10220 = CARTESIAN_POINT('',(4.305236746504,5.159237286354));
#10221 = CARTESIAN_POINT('',(4.244460344954,5.159156866728));
#10222 = CARTESIAN_POINT('',(4.183500178341,5.159094398706));
#10223 = CARTESIAN_POINT('',(4.122402850817,5.159049822555));
#10224 = CARTESIAN_POINT('',(4.061213624263,5.159023095419));
#10225 = CARTESIAN_POINT('',(3.999974425769,5.159014192715));
#10226 = CARTESIAN_POINT('',(3.938731400705,5.159023110815));
#10227 = CARTESIAN_POINT('',(3.87753662703,5.159049857116));
#10228 = CARTESIAN_POINT('',(3.816432782018,5.159094456761));
#10229 = CARTESIAN_POINT('',(3.755466559866,5.159156951976));
#10230 = CARTESIAN_POINT('',(3.694685193481,5.159237401082));
#10231 = CARTESIAN_POINT('',(3.634137441086,5.159335878061));
#10232 = CARTESIAN_POINT('',(3.573873413413,5.159452472333));
#10233 = CARTESIAN_POINT('',(3.513944610711,5.159587289257));
#10234 = CARTESIAN_POINT('',(3.454404316854,5.159740449624));
#10235 = CARTESIAN_POINT('',(3.395306392249,5.159912094583));
#10236 = CARTESIAN_POINT('',(3.336710824382,5.160102369884));
#10237 = CARTESIAN_POINT('',(3.278679767126,5.160311435061));
#10238 = CARTESIAN_POINT('',(3.221278430396,5.160539461622));
#10239 = CARTESIAN_POINT('',(3.16457594427,5.160786630179));
#10240 = CARTESIAN_POINT('',(3.108646237951,5.161053125981));
#10241 = CARTESIAN_POINT('',(3.053567303959,5.161339143709));
#10242 = CARTESIAN_POINT('',(2.999423302338,5.16164487135));
#10243 = CARTESIAN_POINT('',(2.946304242405,5.161970492351));
#10244 = CARTESIAN_POINT('',(2.894305916577,5.162316187774));
#10245 = CARTESIAN_POINT('',(2.843533025567,5.162682105552));
#10246 = CARTESIAN_POINT('',(2.794094678028,5.163068390222));
#10247 = CARTESIAN_POINT('',(2.74611003328,5.163475138355));
#10248 = CARTESIAN_POINT('',(2.699706696819,5.163902397185));
#10249 = CARTESIAN_POINT('',(2.655020682913,5.164350153424));
#10250 = CARTESIAN_POINT('',(2.61219525364,5.164818332022));
#10251 = CARTESIAN_POINT('',(2.571382685085,5.165306764859));
#10252 = CARTESIAN_POINT('',(2.532745459821,5.165815139904));
#10253 = CARTESIAN_POINT('',(2.496451704379,5.166343026622));
#10254 = CARTESIAN_POINT('',(2.462675352916,5.166889835354));
#10255 = CARTESIAN_POINT('',(2.431594735246,5.167454775807));
#10256 = CARTESIAN_POINT('',(2.403384178199,5.168036959238));
#10257 = CARTESIAN_POINT('',(2.378219097057,5.168635260663));
#10258 = CARTESIAN_POINT('',(2.356277640972,5.169248088881));
#10259 = CARTESIAN_POINT('',(2.337719256615,5.169873743759));
#10260 = CARTESIAN_POINT('',(2.322686655864,5.170510320112));
#10261 = CARTESIAN_POINT('',(2.311301302026,5.171155731023));
#10262 = CARTESIAN_POINT('',(2.303660016401,5.171807686416));
#10263 = CARTESIAN_POINT('',(2.299831039074,5.172463732511));
#10264 = CARTESIAN_POINT('',(2.299848606545,5.173121093849));
#10265 = CARTESIAN_POINT('',(2.303711964553,5.173777431463));
#10266 = CARTESIAN_POINT('',(2.311387011861,5.174430058584));
#10267 = CARTESIAN_POINT('',(2.322805385554,5.17507647935));
#10268 = CARTESIAN_POINT('',(2.337870137702,5.175714391631));
#10269 = CARTESIAN_POINT('',(2.356459620668,5.176341683949));
#10270 = CARTESIAN_POINT('',(2.378430896791,5.176956425848));
#10271 = CARTESIAN_POINT('',(2.403624308308,5.177556889612));
#10272 = CARTESIAN_POINT('',(2.431861348353,5.178141452359));
#10273 = CARTESIAN_POINT('',(2.462967095028,5.178708972244));
#10274 = CARTESIAN_POINT('',(2.496766933436,5.179258526131));
#10275 = CARTESIAN_POINT('',(2.533082624829,5.179789296643));
#10276 = CARTESIAN_POINT('',(2.571740243859,5.180300665534));
#10277 = CARTESIAN_POINT('',(2.612571745833,5.180792175303));
#10278 = CARTESIAN_POINT('',(2.655414656855,5.181263486962));
#10279 = CARTESIAN_POINT('',(2.700116870191,5.18171440856));
#10280 = CARTESIAN_POINT('',(2.746535161883,5.182144840952));
#10281 = CARTESIAN_POINT('',(2.79453354379,5.182554748402));
#10282 = CARTESIAN_POINT('',(2.843984662692,5.182944158338));
#10283 = CARTESIAN_POINT('',(2.894768773859,5.183313144594));
#10284 = CARTESIAN_POINT('',(2.946779370647,5.183661847404));
#10285 = CARTESIAN_POINT('',(2.999886859031,5.183990249552));
#10286 = CARTESIAN_POINT('',(3.054007702621,5.184298617053));
#10287 = CARTESIAN_POINT('',(3.109057892404,5.184587161061));
#10288 = CARTESIAN_POINT('',(3.164958325934,5.184856085666));
#10289 = CARTESIAN_POINT('',(3.221633102782,5.185105578341));
#10290 = CARTESIAN_POINT('',(3.279009757028,5.185335815061));
#10291 = CARTESIAN_POINT('',(3.337019005911,5.185546960823));
#10292 = CARTESIAN_POINT('',(3.395594659518,5.185739170776));
#10293 = CARTESIAN_POINT('',(3.454673514894,5.185912590601));
#10294 = CARTESIAN_POINT('',(3.514195278178,5.186067356529));
#10295 = CARTESIAN_POINT('',(3.574102499092,5.186203594946));
#10296 = CARTESIAN_POINT('',(3.634340518854,5.186321421616));
#10297 = CARTESIAN_POINT('',(3.694857424977,5.186420940584));
#10298 = CARTESIAN_POINT('',(3.755604020096,5.186502242676));
#10299 = CARTESIAN_POINT('',(3.816533764844,5.186565404001));
#10300 = CARTESIAN_POINT('',(3.877602829571,5.186610483159));
#10301 = CARTESIAN_POINT('',(3.938769737807,5.186637522013));
#10302 = CARTESIAN_POINT('',(3.979587590664,5.186643528771));
#10303 = CARTESIAN_POINT('',(4.,5.186643530736));
#10304 = ( GEOMETRIC_REPRESENTATION_CONTEXT(2) 
PARAMETRIC_REPRESENTATION_CONTEXT() REPRESENTATION_CONTEXT('2D SPACE',''
  ) );
#10305 = ORIENTED_EDGE('',*,*,#9841,.T.);
#10306 = ADVANCED_FACE('',(#10307),#5542,.F.);
#10307 = FACE_BOUND('',#10308,.F.);
#10308 = EDGE_LOOP('',(#10309,#10310,#10333,#10775));
#10309 = ORIENTED_EDGE('',*,*,#5259,.T.);
#10310 = ORIENTED_EDGE('',*,*,#10311,.F.);
#10311 = EDGE_CURVE('',#10312,#5260,#10314,.T.);
#10312 = VERTEX_POINT('',#10313);
#10313 = CARTESIAN_POINT('',(45.108610952893,15.301167592928,4.));
#10314 = SEAM_CURVE('',#10315,(#10319,#10326),.PCURVE_S1.);
#10315 = LINE('',#10316,#10317);
#10316 = CARTESIAN_POINT('',(47.310983782692,15.37587477699,4.));
#10317 = VECTOR('',#10318,1.);
#10318 = DIRECTION('',(-0.999425171273,-3.390172600055E-02,
    1.54074395551E-33));
#10319 = PCURVE('',#5542,#10320);
#10320 = DEFINITIONAL_REPRESENTATION('',(#10321),#10325);
#10321 = LINE('',#10322,#10323);
#10322 = CARTESIAN_POINT('',(0.,-0.));
#10323 = VECTOR('',#10324,1.);
#10324 = DIRECTION('',(0.,1.));
#10325 = ( GEOMETRIC_REPRESENTATION_CONTEXT(2) 
PARAMETRIC_REPRESENTATION_CONTEXT() REPRESENTATION_CONTEXT('2D SPACE',''
  ) );
#10326 = PCURVE('',#5542,#10327);
#10327 = DEFINITIONAL_REPRESENTATION('',(#10328),#10332);
#10328 = LINE('',#10329,#10330);
#10329 = CARTESIAN_POINT('',(6.28318530718,-0.));
#10330 = VECTOR('',#10331,1.);
#10331 = DIRECTION('',(0.,1.));
#10332 = ( GEOMETRIC_REPRESENTATION_CONTEXT(2) 
PARAMETRIC_REPRESENTATION_CONTEXT() REPRESENTATION_CONTEXT('2D SPACE',''
  ) );
#10333 = ORIENTED_EDGE('',*,*,#10334,.T.);
#10334 = EDGE_CURVE('',#10312,#10312,#10335,.T.);
#10335 = SURFACE_CURVE('',#10336,(#10453,#10614),.PCURVE_S1.);
#10336 = B_SPLINE_CURVE_WITH_KNOTS('',7,(#10337,#10338,#10339,#10340,
    #10341,#10342,#10343,#10344,#10345,#10346,#10347,#10348,#10349,
    #10350,#10351,#10352,#10353,#10354,#10355,#10356,#10357,#10358,
    #10359,#10360,#10361,#10362,#10363,#10364,#10365,#10366,#10367,
    #10368,#10369,#10370,#10371,#10372,#10373,#10374,#10375,#10376,
    #10377,#10378,#10379,#10380,#10381,#10382,#10383,#10384,#10385,
    #10386,#10387,#10388,#10389,#10390,#10391,#10392,#10393,#10394,
    #10395,#10396,#10397,#10398,#10399,#10400,#10401,#10402,#10403,
    #10404,#10405,#10406,#10407,#10408,#10409,#10410,#10411,#10412,
    #10413,#10414,#10415,#10416,#10417,#10418,#10419,#10420,#10421,
    #10422,#10423,#10424,#10425,#10426,#10427,#10428,#10429,#10430,
    #10431,#10432,#10433,#10434,#10435,#10436,#10437,#10438,#10439,
    #10440,#10441,#10442,#10443,#10444,#10445,#10446,#10447,#10448,
    #10449,#10450,#10451,#10452),.UNSPECIFIED.,.T.,.F.,(8,6,6,6,6,6,6,6,
    6,6,6,6,6,6,6,6,6,6,6,8),(0.,0.160347453197,0.217513910207,
    0.262274964293,0.333264329813,0.38035551139,0.449993516543,
    0.507011320703,0.550168237673,0.582452320001,0.667167859155,
    0.782694247867,0.825806267432,0.88269051844,0.926828504243,1.,
    1.071917435243,1.116430562033,1.173488445405,1.333389631069),
  .UNSPECIFIED.);
#10337 = CARTESIAN_POINT('',(45.108610952893,15.301167592928,4.));
#10338 = CARTESIAN_POINT('',(45.108610952893,15.301167592928,
    3.837973913958));
#10339 = CARTESIAN_POINT('',(45.109298828633,15.283165114837,
    3.676139878981));
#10340 = CARTESIAN_POINT('',(45.110671863861,15.247230226443,
    3.515553667825));
#10341 = CARTESIAN_POINT('',(45.11274024468,15.192964804072,
    3.35761528423));
#10342 = CARTESIAN_POINT('',(45.115515187302,15.119799018605,
    3.204129826265));
#10343 = CARTESIAN_POINT('',(45.119001453431,15.027173094459,
    3.057249090078));
#10344 = CARTESIAN_POINT('',(45.124712935627,14.873767036992,
    2.870714470085));
#10345 = CARTESIAN_POINT('',(45.12630515509,14.830872473194,
    2.822910541741));
#10346 = CARTESIAN_POINT('',(45.127988477631,14.78537276389,
    2.776464360564));
#10347 = CARTESIAN_POINT('',(45.129762390577,14.737248506573,
    2.73153566458));
#10348 = CARTESIAN_POINT('',(45.131625750341,14.686494161325,
    2.688304336288));
#10349 = CARTESIAN_POINT('',(45.133576625132,14.633122941276,
    2.646967926506));
#10350 = CARTESIAN_POINT('',(45.137205933962,14.533362159315,
    2.577023261624));
#10351 = CARTESIAN_POINT('',(45.138851528376,14.487973378163,
    2.547601341312));
#10352 = CARTESIAN_POINT('',(45.140547439265,14.441026053886,
    2.519576616591));
#10353 = CARTESIAN_POINT('',(45.142291667145,14.392554224998,
    2.493060815569));
#10354 = CARTESIAN_POINT('',(45.14408161517,14.342608390491,
    2.468170740914));
#10355 = CARTESIAN_POINT('',(45.145914009594,14.291258626071,
    2.445024815641));
#10356 = CARTESIAN_POINT('',(45.1507518563,14.155079432631,
    2.389982115064));
#10357 = CARTESIAN_POINT('',(45.153816753817,14.068228544607,
    2.360890441992));
#10358 = CARTESIAN_POINT('',(45.156961429018,13.978471382173,
    2.336960415153));
#10359 = CARTESIAN_POINT('',(45.160164094369,13.886350767926,
    2.318631354551));
#10360 = CARTESIAN_POINT('',(45.163399400722,13.792535016696,
    2.306256981128));
#10361 = CARTESIAN_POINT('',(45.16663864067,13.697825169602,
    2.300049979134));
#10362 = CARTESIAN_POINT('',(45.171980294484,13.540364088044,
    2.299967236031));
#10363 = CARTESIAN_POINT('',(45.174099277354,13.477559163319,
    2.302643713726));
#10364 = CARTESIAN_POINT('',(45.176198296486,13.415000914348,
    2.30803034026));
#10365 = CARTESIAN_POINT('',(45.178269517788,13.352928634677,
    2.316090129595));
#10366 = CARTESIAN_POINT('',(45.180305919429,13.291564973966,
    2.326753264994));
#10367 = CARTESIAN_POINT('',(45.182301272947,13.231115242415,
    2.339921927104));
#10368 = CARTESIAN_POINT('',(45.187132067863,13.084002660299,
    2.378475043288));
#10369 = CARTESIAN_POINT('',(45.189912838574,12.998630872515,
    2.406693579233));
#10370 = CARTESIAN_POINT('',(45.192576474084,12.916205277725,
    2.439753994192));
#10371 = CARTESIAN_POINT('',(45.19511318375,12.837114970195,
    2.477209065131));
#10372 = CARTESIAN_POINT('',(45.19751763562,12.761620177174,
    2.518598306241));
#10373 = CARTESIAN_POINT('',(45.199787702715,12.68988025642,
    2.563485494504));
#10374 = CARTESIAN_POINT('',(45.203672542546,12.566373609903,
    2.650770291795));
#10375 = CARTESIAN_POINT('',(45.205331548569,12.51334226919,
    2.692145822179));
#10376 = CARTESIAN_POINT('',(45.20690110178,12.462914721579,
    2.735393038289));
#10377 = CARTESIAN_POINT('',(45.208382252639,12.415103022062,
    2.780317004171));
#10378 = CARTESIAN_POINT('',(45.209776518133,12.369901017694,
    2.826740273402));
#10379 = CARTESIAN_POINT('',(45.211085712893,12.327289101736,
    2.874505265481));
#10380 = CARTESIAN_POINT('',(45.213239793758,12.256924922389,
    2.960543198377));
#10381 = CARTESIAN_POINT('',(45.21412013595,12.228080128808,
    2.998299079682));
#10382 = CARTESIAN_POINT('',(45.214953646406,12.200692470757,
    3.03668448497));
#10383 = CARTESIAN_POINT('',(45.21574113996,12.17474937024,
    3.075643937682));
#10384 = CARTESIAN_POINT('',(45.216483406746,12.150237787578,
    3.11512628586));
#10385 = CARTESIAN_POINT('',(45.217181212206,12.127144221403,
    3.155084702155));
#10386 = CARTESIAN_POINT('',(45.218324593615,12.089229591938,
    3.225692421021));
#10387 = CARTESIAN_POINT('',(45.218789416308,12.073790462355,
    3.256150440829));
#10388 = CARTESIAN_POINT('',(45.219230068478,12.059131704502,
    3.28683278505));
#10389 = CARTESIAN_POINT('',(45.219646834903,12.045247963904,
    3.317722365724));
#10390 = CARTESIAN_POINT('',(45.220039981826,12.03213414702,
    3.348802965132));
#10391 = CARTESIAN_POINT('',(45.220409756953,12.019785421237,
    3.380059235787));
#10392 = CARTESIAN_POINT('',(45.221665975756,11.977789005048,
    3.493918178263));
#10393 = CARTESIAN_POINT('',(45.222416128958,11.952620229739,
    3.577462338038));
#10394 = CARTESIAN_POINT('',(45.223011132436,11.93260384462,
    3.661856504666));
#10395 = CARTESIAN_POINT('',(45.223454013485,11.917678793261,
    3.746866720627));
#10396 = CARTESIAN_POINT('',(45.223746824061,11.907802497213,
    3.832274623941));
#10397 = CARTESIAN_POINT('',(45.223890668834,11.902950870926,
    3.917875386843));
#10398 = CARTESIAN_POINT('',(45.223878405374,11.903364495849,
    4.120211052583));
#10399 = CARTESIAN_POINT('',(45.223594177004,11.912950994549,
    4.23690123033));
#10400 = CARTESIAN_POINT('',(45.223033031113,11.931876695461,
    4.353088369916));
#10401 = CARTESIAN_POINT('',(45.222190727895,11.960237123252,
    4.4682480884));
#10402 = CARTESIAN_POINT('',(45.221060101374,11.99817986552,
    4.581789929097));
#10403 = CARTESIAN_POINT('',(45.219630929053,12.045902832913,
    4.693046511896));
#10404 = CARTESIAN_POINT('',(45.217237742987,12.125272674379,
    4.841632567059));
#10405 = CARTESIAN_POINT('',(45.216543774988,12.148242843995,
    4.881582556706));
#10406 = CARTESIAN_POINT('',(45.215805482141,12.172627300842,
    4.921060155294));
#10407 = CARTESIAN_POINT('',(45.215022103264,12.19843950089,
    4.960018861955));
#10408 = CARTESIAN_POINT('',(45.214192851803,12.225692467343,
    4.99840789182));
#10409 = CARTESIAN_POINT('',(45.213316915838,12.254398790629,
    5.036172176019));
#10410 = CARTESIAN_POINT('',(45.211174999663,12.324380927513,
    5.122177895901));
#10411 = CARTESIAN_POINT('',(45.209873889543,12.366739865638,
    5.169909311941));
#10412 = CARTESIAN_POINT('',(45.20848819653,12.411675743337,
    5.216312798249));
#10413 = CARTESIAN_POINT('',(45.207016112349,12.459208402967,
    5.261232625035));
#10414 = CARTESIAN_POINT('',(45.205456116045,12.509344589879,
    5.304493436665));
#10415 = CARTESIAN_POINT('',(45.203807138404,12.562073313606,
    5.345902544064));
#10416 = CARTESIAN_POINT('',(45.200719846752,12.660260540618,
    5.415784662898));
#10417 = CARTESIAN_POINT('',(45.199317198892,12.704698213141,
    5.445075412681));
#10418 = CARTESIAN_POINT('',(45.197860664766,12.750655915754,
    5.473026432875));
#10419 = CARTESIAN_POINT('',(45.196350481,12.79810304054,5.49953152536)
  );
#10420 = CARTESIAN_POINT('',(45.194787359479,12.846993809873,
    5.524479423356));
#10421 = CARTESIAN_POINT('',(45.193172607965,12.897264403766,
    5.547756887296));
#10422 = CARTESIAN_POINT('',(45.188749096488,13.034315143179,
    5.604885845541));
#10423 = CARTESIAN_POINT('',(45.185852336352,13.123399037071,
    5.635637899167));
#10424 = CARTESIAN_POINT('',(45.182829221945,13.215632502361,
    5.66096106075));
#10425 = CARTESIAN_POINT('',(45.179695670275,13.310435542203,
    5.680367370237));
#10426 = CARTESIAN_POINT('',(45.17647314503,13.407086523231,
    5.693460666201));
#10427 = CARTESIAN_POINT('',(45.173189494016,13.504712968517,
    5.700000913377));
#10428 = CARTESIAN_POINT('',(45.166626716099,13.698182894442,
    5.699999102129));
#10429 = CARTESIAN_POINT('',(45.163345296969,13.794121964406,
    5.69367940943));
#10430 = CARTESIAN_POINT('',(45.16006805458,13.889139462894,
    5.681032030568));
#10431 = CARTESIAN_POINT('',(45.156824603425,13.982409406318,
    5.662277246184));
#10432 = CARTESIAN_POINT('',(45.153641274026,14.073238097774,
    5.637783156763));
#10433 = CARTESIAN_POINT('',(45.150540829888,14.161058803632,
    5.608010512121));
#10434 = CARTESIAN_POINT('',(45.145686254675,14.297642664131,
    5.552113447446));
#10435 = CARTESIAN_POINT('',(45.143868633491,14.34855574301,
    5.528914102399));
#10436 = CARTESIAN_POINT('',(45.142093271443,14.398074412064,
    5.504000475466));
#10437 = CARTESIAN_POINT('',(45.140363338752,14.446131180027,
    5.477488892312));
#10438 = CARTESIAN_POINT('',(45.138681348845,14.492677504633,
    5.449493909588));
#10439 = CARTESIAN_POINT('',(45.137049235728,14.537680775207,
    5.420125008422));
#10440 = CARTESIAN_POINT('',(45.133442122316,14.636804288212,
    5.350206071489));
#10441 = CARTESIAN_POINT('',(45.131500265641,14.689915487386,
    5.308840508042));
#10442 = CARTESIAN_POINT('',(45.129645673706,14.740419490542,
    5.265597333918));
#10443 = CARTESIAN_POINT('',(45.12788023141,14.788304023255,
    5.220672151668));
#10444 = CARTESIAN_POINT('',(45.126205050536,14.833575149762,
    5.174243028441));
#10445 = CARTESIAN_POINT('',(45.124620624108,14.876252483832,
    5.126468094361));
#10446 = CARTESIAN_POINT('',(45.118941137698,15.028775560322,
    4.940205841577));
#10447 = CARTESIAN_POINT('',(45.115475203957,15.120853206515,
    4.793654509906));
#10448 = CARTESIAN_POINT('',(45.112716423629,15.193589756138,
    4.640562041114));
#10449 = CARTESIAN_POINT('',(45.110660001693,15.247540688957,
    4.483057152551));
#10450 = CARTESIAN_POINT('',(45.109294858248,15.283269021787,
    4.322926422084));
#10451 = CARTESIAN_POINT('',(45.108610952893,15.301167592928,
    4.161557744424));
#10452 = CARTESIAN_POINT('',(45.108610952893,15.301167592928,4.));
#10453 = PCURVE('',#5542,#10454);
#10454 = DEFINITIONAL_REPRESENTATION('',(#10455),#10613);
#10455 = B_SPLINE_CURVE_WITH_KNOTS('',3,(#10456,#10457,#10458,#10459,
    #10460,#10461,#10462,#10463,#10464,#10465,#10466,#10467,#10468,
    #10469,#10470,#10471,#10472,#10473,#10474,#10475,#10476,#10477,
    #10478,#10479,#10480,#10481,#10482,#10483,#10484,#10485,#10486,
    #10487,#10488,#10489,#10490,#10491,#10492,#10493,#10494,#10495,
    #10496,#10497,#10498,#10499,#10500,#10501,#10502,#10503,#10504,
    #10505,#10506,#10507,#10508,#10509,#10510,#10511,#10512,#10513,
    #10514,#10515,#10516,#10517,#10518,#10519,#10520,#10521,#10522,
    #10523,#10524,#10525,#10526,#10527,#10528,#10529,#10530,#10531,
    #10532,#10533,#10534,#10535,#10536,#10537,#10538,#10539,#10540,
    #10541,#10542,#10543,#10544,#10545,#10546,#10547,#10548,#10549,
    #10550,#10551,#10552,#10553,#10554,#10555,#10556,#10557,#10558,
    #10559,#10560,#10561,#10562,#10563,#10564,#10565,#10566,#10567,
    #10568,#10569,#10570,#10571,#10572,#10573,#10574,#10575,#10576,
    #10577,#10578,#10579,#10580,#10581,#10582,#10583,#10584,#10585,
    #10586,#10587,#10588,#10589,#10590,#10591,#10592,#10593,#10594,
    #10595,#10596,#10597,#10598,#10599,#10600,#10601,#10602,#10603,
    #10604,#10605,#10606,#10607,#10608,#10609,#10610,#10611,#10612),
  .UNSPECIFIED.,.F.,.F.,(4,1,1,1,1,1,1,1,1,1,1,1,1,1,1,1,1,1,1,1,1,1,1,1
    ,1,1,1,1,1,1,1,1,1,1,1,1,1,1,1,1,1,1,1,1,1,1,1,1,1,1,1,1,1,1,1,1,1,1
    ,1,1,1,1,1,1,1,1,1,1,1,1,1,1,1,1,1,1,1,1,1,1,1,1,1,1,1,1,1,1,1,1,1,1
    ,1,1,1,1,1,1,1,1,1,1,1,1,1,1,1,1,1,1,1,1,1,1,1,1,1,1,1,1,1,1,1,1,1,1
    ,1,1,1,1,1,1,1,1,1,1,1,1,1,1,1,1,1,1,1,1,1,1,1,1,1,1,1,1,4),(0.,
    8.658374227724E-03,1.731674845545E-02,2.597512268317E-02,
    3.463349691089E-02,4.329187113862E-02,5.195024536634E-02,
    6.060861959407E-02,6.926699382179E-02,7.792536804951E-02,
    8.658374227724E-02,9.524211650496E-02,0.103900490733,0.11255886496,
    0.121217239188,0.129875613416,0.138533987644,0.147192361871,
    0.155850736099,0.164509110327,0.173167484554,0.181825858782,
    0.19048423301,0.199142607238,0.207800981465,0.216459355693,
    0.225117729921,0.233776104149,0.242434478376,0.251092852604,
    0.259751226832,0.268409601059,0.277067975287,0.285726349515,
    0.294384723743,0.30304309797,0.311701472198,0.320359846426,
    0.329018220653,0.337676594881,0.346334969109,0.354993343337,
    0.363651717564,0.372310091792,0.38096846602,0.389626840248,
    0.398285214475,0.406943588703,0.415601962931,0.424260337158,
    0.432918711386,0.441577085614,0.450235459842,0.458893834069,
    0.467552208297,0.476210582525,0.484868956753,0.49352733098,
    0.502185705208,0.510844079436,0.519502453663,0.528160827891,
    0.536819202119,0.545477576347,0.554135950574,0.562794324802,
    0.57145269903,0.580111073257,0.588769447485,0.597427821713,
    0.606086195941,0.614744570168,0.623402944396,0.632061318624,
    0.640719692852,0.649378067079,0.658036441307,0.666694815535,
    0.675353189762,0.68401156399,0.692669938218,0.701328312446,
    0.709986686673,0.718645060901,0.727303435129,0.735961809357,
    0.744620183584,0.753278557812,0.76193693204,0.770595306267,
    0.779253680495,0.787912054723,0.796570428951,0.805228803178,
    0.813887177406,0.822545551634,0.831203925861,0.839862300089,
    0.848520674317,0.857179048545,0.865837422772,0.874495797,
    0.883154171228,0.891812545456,0.900470919683,0.909129293911,
    0.917787668139,0.926446042366,0.935104416594,0.943762790822,
    0.95242116505,0.961079539277,0.969737913505,0.978396287733,
    0.98705466196,0.995713036188,1.004371410416,1.013029784644,
    1.021688158871,1.030346533099,1.039004907327,1.047663281555,
    1.056321655782,1.06498003001,1.073638404238,1.082296778465,
    1.090955152693,1.099613526921,1.108271901149,1.116930275376,
    1.125588649604,1.134247023832,1.14290539806,1.151563772287,
    1.160222146515,1.168880520743,1.17753889497,1.186197269198,
    1.194855643426,1.203514017654,1.212172391881,1.220830766109,
    1.229489140337,1.238147514564,1.246805888792,1.25546426302,
    1.264122637248,1.272781011475,1.281439385703,1.290097759931,
    1.298756134159,1.307414508386,1.316072882614,1.324731256842,
    1.333389631069),.QUASI_UNIFORM_KNOTS.);
#10456 = CARTESIAN_POINT('',(0.,2.203639545114));
#10457 = CARTESIAN_POINT('',(1.20083469802E-02,2.203639547092));
#10458 = CARTESIAN_POINT('',(3.602084068273E-02,2.20363639368));
#10459 = CARTESIAN_POINT('',(7.205104260143E-02,2.203622239598));
#10460 = CARTESIAN_POINT('',(0.108117223423,2.203598699909));
#10461 = CARTESIAN_POINT('',(0.144242306787,2.203565847181));
#10462 = CARTESIAN_POINT('',(0.180448423634,2.203523778885));
#10463 = CARTESIAN_POINT('',(0.216756939518,2.203472622291));
#10464 = CARTESIAN_POINT('',(0.253188679945,2.203412535486));
#10465 = CARTESIAN_POINT('',(0.289764094983,2.203343709346));
#10466 = CARTESIAN_POINT('',(0.326503435175,2.203266369176));
#10467 = CARTESIAN_POINT('',(0.363426923021,2.203180776368));
#10468 = CARTESIAN_POINT('',(0.400554929037,2.203087229967));
#10469 = CARTESIAN_POINT('',(0.437908154616,2.202986068193));
#10470 = CARTESIAN_POINT('',(0.475507830735,2.202877669887));
#10471 = CARTESIAN_POINT('',(0.513375924924,2.202762455935));
#10472 = CARTESIAN_POINT('',(0.551535412453,2.20264089049));
#10473 = CARTESIAN_POINT('',(0.590010433292,2.202513482664));
#10474 = CARTESIAN_POINT('',(0.62882703297,2.202380786171));
#10475 = CARTESIAN_POINT('',(0.668011915331,2.202243406351));
#10476 = CARTESIAN_POINT('',(0.7075988397,2.202101979347));
#10477 = CARTESIAN_POINT('',(0.747590741315,2.201957313463));
#10478 = CARTESIAN_POINT('',(0.788011186218,2.201810206494));
#10479 = CARTESIAN_POINT('',(0.828879995839,2.201661534981));
#10480 = CARTESIAN_POINT('',(0.870215609589,2.201512244148));
#10481 = CARTESIAN_POINT('',(0.912034511112,2.201363348758));
#10482 = CARTESIAN_POINT('',(0.954351774968,2.201215929378));
#10483 = CARTESIAN_POINT('',(0.997179809139,2.20107113611));
#10484 = CARTESIAN_POINT('',(1.040523887072,2.200930189326));
#10485 = CARTESIAN_POINT('',(1.084386326801,2.200794360994));
#10486 = CARTESIAN_POINT('',(1.128763297033,2.200664967971));
#10487 = CARTESIAN_POINT('',(1.173643925704,2.200543354007));
#10488 = CARTESIAN_POINT('',(1.219013970338,2.200430861732));
#10489 = CARTESIAN_POINT('',(1.264853844006,2.20032881285));
#10490 = CARTESIAN_POINT('',(1.311117395112,2.200238520254));
#10491 = CARTESIAN_POINT('',(1.357758751514,2.200161185833));
#10492 = CARTESIAN_POINT('',(1.404724988239,2.20009788648));
#10493 = CARTESIAN_POINT('',(1.451956862101,2.200049539272));
#10494 = CARTESIAN_POINT('',(1.499386512198,2.200016871792));
#10495 = CARTESIAN_POINT('',(1.546937833838,2.20000039262));
#10496 = CARTESIAN_POINT('',(1.594517487776,2.200000355927));
#10497 = CARTESIAN_POINT('',(1.642059563125,2.200016753764));
#10498 = CARTESIAN_POINT('',(1.689482144046,2.200049327574));
#10499 = CARTESIAN_POINT('',(1.736711811282,2.200097570775));
#10500 = CARTESIAN_POINT('',(1.783679829255,2.200160756525));
#10501 = CARTESIAN_POINT('',(1.830319460534,2.200237955235));
#10502 = CARTESIAN_POINT('',(1.876572665534,2.200328071852));
#10503 = CARTESIAN_POINT('',(1.922399371072,2.200429909165));
#10504 = CARTESIAN_POINT('',(1.96776553488,2.20054218414));
#10505 = CARTESIAN_POINT('',(2.012646560601,2.200663567986));
#10506 = CARTESIAN_POINT('',(2.05702489562,2.200792711711));
#10507 = CARTESIAN_POINT('',(2.100889525723,2.200928270967));
#10508 = CARTESIAN_POINT('',(2.144235389626,2.201068927123));
#10509 = CARTESIAN_POINT('',(2.187062646355,2.201213403038));
#10510 = CARTESIAN_POINT('',(2.229377745687,2.20136048269));
#10511 = CARTESIAN_POINT('',(2.271194731399,2.201509024954));
#10512 = CARTESIAN_POINT('',(2.312528353528,2.201657950678));
#10513 = CARTESIAN_POINT('',(2.353395252686,2.201806248841));
#10514 = CARTESIAN_POINT('',(2.393813761827,2.201952977112));
#10515 = CARTESIAN_POINT('',(2.433803882401,2.202097262746));
#10516 = CARTESIAN_POINT('',(2.473388194002,2.202238307735));
#10517 = CARTESIAN_POINT('',(2.512587600796,2.202375369258));
#10518 = CARTESIAN_POINT('',(2.551425024199,2.202507773474));
#10519 = CARTESIAN_POINT('',(2.589922968497,2.202634900626));
#10520 = CARTESIAN_POINT('',(2.628103963092,2.202756185674));
#10521 = CARTESIAN_POINT('',(2.665991107376,2.202871119968));
#10522 = CARTESIAN_POINT('',(2.703606711053,2.202979240223));
#10523 = CARTESIAN_POINT('',(2.740973130488,2.203080130047));
#10524 = CARTESIAN_POINT('',(2.778112444665,2.203173415122));
#10525 = CARTESIAN_POINT('',(2.815046176735,2.203258762399));
#10526 = CARTESIAN_POINT('',(2.851794933406,2.203335875471));
#10527 = CARTESIAN_POINT('',(2.888381247283,2.203404499124));
#10528 = CARTESIAN_POINT('',(2.92482621505,2.203464409515));
#10529 = CARTESIAN_POINT('',(2.961150541016,2.203515415509));
#10530 = CARTESIAN_POINT('',(2.99737451106,2.203557357333));
#10531 = CARTESIAN_POINT('',(3.033518205301,2.20359010594));
#10532 = CARTESIAN_POINT('',(3.069601753178,2.203613562159));
#10533 = CARTESIAN_POINT('',(3.105645137354,2.203627655877));
#10534 = CARTESIAN_POINT('',(3.141669746984,2.203632345224));
#10535 = CARTESIAN_POINT('',(3.177693401771,2.203627615646));
#10536 = CARTESIAN_POINT('',(3.213733884271,2.203613483465));
#10537 = CARTESIAN_POINT('',(3.249814028196,2.203589991154));
#10538 = CARTESIAN_POINT('',(3.285954474507,2.203557208607));
#10539 = CARTESIAN_POINT('',(3.322175841174,2.203515234375));
#10540 = CARTESIAN_POINT('',(3.358498369972,2.203464196879));
#10541 = CARTESIAN_POINT('',(3.39494224,2.203404255599));
#10542 = CARTESIAN_POINT('',(3.431527700445,2.203335602228));
#10543 = CARTESIAN_POINT('',(3.468275254956,2.203258461815));
#10544 = CARTESIAN_POINT('',(3.505205848277,2.203173093855));
#10545 = CARTESIAN_POINT('',(3.54234105281,2.203079793418));
#10546 = CARTESIAN_POINT('',(3.57970334559,2.202978892039));
#10547 = CARTESIAN_POINT('',(3.617316146562,2.20287075936));
#10548 = CARTESIAN_POINT('',(3.655204872371,2.20275580183));
#10549 = CARTESIAN_POINT('',(3.693387007414,2.202634496371));
#10550 = CARTESIAN_POINT('',(3.731886315788,2.202507350099));
#10551 = CARTESIAN_POINT('',(3.77072511881,2.202374928893));
#10552 = CARTESIAN_POINT('',(3.809926028968,2.202237852256));
#10553 = CARTESIAN_POINT('',(3.849511855485,2.202096794614));
#10554 = CARTESIAN_POINT('',(3.889503617661,2.201952498586));
#10555 = CARTESIAN_POINT('',(3.929923867777,2.201805762604));
#10556 = CARTESIAN_POINT('',(3.970792534855,2.201657459891));
#10557 = CARTESIAN_POINT('',(4.012128005269,2.201508532743));
#10558 = CARTESIAN_POINT('',(4.053946757149,2.201359992924));
#10559 = CARTESIAN_POINT('',(4.096264361018,2.201212917091));
#10560 = CARTESIAN_POINT('',(4.139092196673,2.201068456055));
#10561 = CARTESIAN_POINT('',(4.182436114461,2.20092782594));
#10562 = CARTESIAN_POINT('',(4.226298130187,2.200792298011));
#10563 = CARTESIAN_POINT('',(4.270674851326,2.200663185925));
#10564 = CARTESIAN_POINT('',(4.315554031694,2.200541835859));
#10565 = CARTESIAN_POINT('',(4.360926870516,2.20042957701));
#10566 = CARTESIAN_POINT('',(4.406766896815,2.200327748628));
#10567 = CARTESIAN_POINT('',(4.453029602086,2.200237659224));
#10568 = CARTESIAN_POINT('',(4.499669353156,2.200160510969));
#10569 = CARTESIAN_POINT('',(4.546633705371,2.200097381426));
#10570 = CARTESIAN_POINT('',(4.593863691475,2.200049189894));
#10571 = CARTESIAN_POINT('',(4.641291605625,2.200016667103));
#10572 = CARTESIAN_POINT('',(4.688841384284,2.200000325735));
#10573 = CARTESIAN_POINT('',(4.736419354356,2.200000423139));
#10574 = CARTESIAN_POINT('',(4.783965536728,2.200016959014));
#10575 = CARTESIAN_POINT('',(4.831389312322,2.200049677957));
#10576 = CARTESIAN_POINT('',(4.878615981243,2.200098071878));
#10577 = CARTESIAN_POINT('',(4.925578428524,2.200161414758));
#10578 = CARTESIAN_POINT('',(4.972217463405,2.200238790767));
#10579 = CARTESIAN_POINT('',(5.018479498937,2.20032912267));
#10580 = CARTESIAN_POINT('',(5.064317788131,2.200431207086));
#10581 = CARTESIAN_POINT('',(5.109683397798,2.200543723428));
#10582 = CARTESIAN_POINT('',(5.154557037311,2.200665348778));
#10583 = CARTESIAN_POINT('',(5.198927713558,2.200794748912));
#10584 = CARTESIAN_POINT('',(5.242783769791,2.200930578489));
#10585 = CARTESIAN_POINT('',(5.28612164987,2.201071522056));
#10586 = CARTESIAN_POINT('',(5.328943593331,2.20121630779));
#10587 = CARTESIAN_POINT('',(5.371255066427,2.201363716563));
#10588 = CARTESIAN_POINT('',(5.413068151179,2.20151259775));
#10589 = CARTESIAN_POINT('',(5.454398110679,2.201661871796));
#10590 = CARTESIAN_POINT('',(5.495261412135,2.201810524441));
#10591 = CARTESIAN_POINT('',(5.53567656246,2.201957611237));
#10592 = CARTESIAN_POINT('',(5.57566310851,2.202102255112));
#10593 = CARTESIAN_POINT('',(5.6152454174,2.202243661437));
#10594 = CARTESIAN_POINT('',(5.654426223291,2.202381021552));
#10595 = CARTESIAN_POINT('',(5.69323847107,2.202513696723));
#10596 = CARTESIAN_POINT('',(5.731709146546,2.202641082976));
#10597 = CARTESIAN_POINT('',(5.76986427199,2.20276262682));
#10598 = CARTESIAN_POINT('',(5.807728035577,2.202877819591));
#10599 = CARTESIAN_POINT('',(5.845323432335,2.202986197447));
#10600 = CARTESIAN_POINT('',(5.882672448766,2.203087339777));
#10601 = CARTESIAN_POINT('',(5.91979632736,2.203180867958));
#10602 = CARTESIAN_POINT('',(5.956715775922,2.203266443943));
#10603 = CARTESIAN_POINT('',(5.993451166072,2.203343768819));
#10604 = CARTESIAN_POINT('',(6.030022716407,2.20341258129));
#10605 = CARTESIAN_POINT('',(6.066450668585,2.203472656119));
#10606 = CARTESIAN_POINT('',(6.102755458768,2.203523802477));
#10607 = CARTESIAN_POINT('',(6.138957893373,2.20356586231));
#10608 = CARTESIAN_POINT('',(6.175079313535,2.203598708376));
#10609 = CARTESIAN_POINT('',(6.211141819949,2.203622243233));
#10610 = CARTESIAN_POINT('',(6.247168300715,2.203636394358));
#10611 = CARTESIAN_POINT('',(6.271178253014,2.203639547094));
#10612 = CARTESIAN_POINT('',(6.28318530718,2.203639545114));
#10613 = ( GEOMETRIC_REPRESENTATION_CONTEXT(2) 
PARAMETRIC_REPRESENTATION_CONTEXT() REPRESENTATION_CONTEXT('2D SPACE',''
  ) );
#10614 = PCURVE('',#116,#10615);
#10615 = DEFINITIONAL_REPRESENTATION('',(#10616),#10774);
#10616 = B_SPLINE_CURVE_WITH_KNOTS('',3,(#10617,#10618,#10619,#10620,
    #10621,#10622,#10623,#10624,#10625,#10626,#10627,#10628,#10629,
    #10630,#10631,#10632,#10633,#10634,#10635,#10636,#10637,#10638,
    #10639,#10640,#10641,#10642,#10643,#10644,#10645,#10646,#10647,
    #10648,#10649,#10650,#10651,#10652,#10653,#10654,#10655,#10656,
    #10657,#10658,#10659,#10660,#10661,#10662,#10663,#10664,#10665,
    #10666,#10667,#10668,#10669,#10670,#10671,#10672,#10673,#10674,
    #10675,#10676,#10677,#10678,#10679,#10680,#10681,#10682,#10683,
    #10684,#10685,#10686,#10687,#10688,#10689,#10690,#10691,#10692,
    #10693,#10694,#10695,#10696,#10697,#10698,#10699,#10700,#10701,
    #10702,#10703,#10704,#10705,#10706,#10707,#10708,#10709,#10710,
    #10711,#10712,#10713,#10714,#10715,#10716,#10717,#10718,#10719,
    #10720,#10721,#10722,#10723,#10724,#10725,#10726,#10727,#10728,
    #10729,#10730,#10731,#10732,#10733,#10734,#10735,#10736,#10737,
    #10738,#10739,#10740,#10741,#10742,#10743,#10744,#10745,#10746,
    #10747,#10748,#10749,#10750,#10751,#10752,#10753,#10754,#10755,
    #10756,#10757,#10758,#10759,#10760,#10761,#10762,#10763,#10764,
    #10765,#10766,#10767,#10768,#10769,#10770,#10771,#10772,#10773),
  .UNSPECIFIED.,.T.,.F.,(4,1,1,1,1,1,1,1,1,1,1,1,1,1,1,1,1,1,1,1,1,1,1,1
    ,1,1,1,1,1,1,1,1,1,1,1,1,1,1,1,1,1,1,1,1,1,1,1,1,1,1,1,1,1,1,1,1,1,1
    ,1,1,1,1,1,1,1,1,1,1,1,1,1,1,1,1,1,1,1,1,1,1,1,1,1,1,1,1,1,1,1,1,1,1
    ,1,1,1,1,1,1,1,1,1,1,1,1,1,1,1,1,1,1,1,1,1,1,1,1,1,1,1,1,1,1,1,1,1,1
    ,1,1,1,1,1,1,1,1,1,1,1,1,1,1,1,1,1,1,1,1,1,1,1,1,1,1,1,1,4),(0.,
    8.658374227724E-03,1.731674845545E-02,2.597512268317E-02,
    3.463349691089E-02,4.329187113862E-02,5.195024536634E-02,
    6.060861959407E-02,6.926699382179E-02,7.792536804951E-02,
    8.658374227724E-02,9.524211650496E-02,0.103900490733,0.11255886496,
    0.121217239188,0.129875613416,0.138533987644,0.147192361871,
    0.155850736099,0.164509110327,0.173167484554,0.181825858782,
    0.19048423301,0.199142607238,0.207800981465,0.216459355693,
    0.225117729921,0.233776104149,0.242434478376,0.251092852604,
    0.259751226832,0.268409601059,0.277067975287,0.285726349515,
    0.294384723743,0.30304309797,0.311701472198,0.320359846426,
    0.329018220653,0.337676594881,0.346334969109,0.354993343337,
    0.363651717564,0.372310091792,0.38096846602,0.389626840248,
    0.398285214475,0.406943588703,0.415601962931,0.424260337158,
    0.432918711386,0.441577085614,0.450235459842,0.458893834069,
    0.467552208297,0.476210582525,0.484868956753,0.49352733098,
    0.502185705208,0.510844079436,0.519502453663,0.528160827891,
    0.536819202119,0.545477576347,0.554135950574,0.562794324802,
    0.57145269903,0.580111073257,0.588769447485,0.597427821713,
    0.606086195941,0.614744570168,0.623402944396,0.632061318624,
    0.640719692852,0.649378067079,0.658036441307,0.666694815535,
    0.675353189762,0.68401156399,0.692669938218,0.701328312446,
    0.709986686673,0.718645060901,0.727303435129,0.735961809357,
    0.744620183584,0.753278557812,0.76193693204,0.770595306267,
    0.779253680495,0.787912054723,0.796570428951,0.805228803178,
    0.813887177406,0.822545551634,0.831203925861,0.839862300089,
    0.848520674317,0.857179048545,0.865837422772,0.874495797,
    0.883154171228,0.891812545456,0.900470919683,0.909129293911,
    0.917787668139,0.926446042366,0.935104416594,0.943762790822,
    0.95242116505,0.961079539277,0.969737913505,0.978396287733,
    0.98705466196,0.995713036188,1.004371410416,1.013029784644,
    1.021688158871,1.030346533099,1.039004907327,1.047663281555,
    1.056321655782,1.06498003001,1.073638404238,1.082296778465,
    1.090955152693,1.099613526921,1.108271901149,1.116930275376,
    1.125588649604,1.134247023832,1.14290539806,1.151563772287,
    1.160222146515,1.168880520743,1.17753889497,1.186197269198,
    1.194855643426,1.203514017654,1.212172391881,1.220830766109,
    1.229489140337,1.238147514564,1.246805888792,1.25546426302,
    1.264122637248,1.272781011475,1.281439385703,1.290097759931,
    1.298756134159,1.307414508386,1.316072882614,1.324731256842,
    1.333389631069),.QUASI_UNIFORM_KNOTS.);
#10617 = CARTESIAN_POINT('',(4.,4.825526951361));
#10618 = CARTESIAN_POINT('',(4.020414160485,4.825526949546));
#10619 = CARTESIAN_POINT('',(4.061235441427,4.825521495878));
#10620 = CARTESIAN_POINT('',(4.122407319152,4.825496946453));
#10621 = CARTESIAN_POINT('',(4.183481234817,4.825456017298));
#10622 = CARTESIAN_POINT('',(4.244415751732,4.82539866961));
#10623 = CARTESIAN_POINT('',(4.30516707049,4.825324849066));
#10624 = CARTESIAN_POINT('',(4.365688671108,4.825234485087));
#10625 = CARTESIAN_POINT('',(4.425931365174,4.825127493382));
#10626 = CARTESIAN_POINT('',(4.485843238785,4.825003777312));
#10627 = CARTESIAN_POINT('',(4.545369621621,4.824863229258));
#10628 = CARTESIAN_POINT('',(4.604453041988,4.824705731619));
#10629 = CARTESIAN_POINT('',(4.663033175103,4.824531157519));
#10630 = CARTESIAN_POINT('',(4.721046777741,4.824339371176));
#10631 = CARTESIAN_POINT('',(4.778427611414,4.824130227877));
#10632 = CARTESIAN_POINT('',(4.835106334305,4.823903573655));
#10633 = CARTESIAN_POINT('',(4.891010420851,4.823659244208));
#10634 = CARTESIAN_POINT('',(4.946063875189,4.82339706463));
#10635 = CARTESIAN_POINT('',(5.000187596657,4.823116843985));
#10636 = CARTESIAN_POINT('',(5.053297180406,4.822818386894));
#10637 = CARTESIAN_POINT('',(5.105310144631,4.822501439217));
#10638 = CARTESIAN_POINT('',(5.156097035586,4.822166007523));
#10639 = CARTESIAN_POINT('',(5.205550263267,4.821811963671));
#10640 = CARTESIAN_POINT('',(5.253550380747,4.821439230758));
#10641 = CARTESIAN_POINT('',(5.2999698903,4.821047776432));
#10642 = CARTESIAN_POINT('',(5.344672761619,4.820637624707));
#10643 = CARTESIAN_POINT('',(5.387515536862,4.820208859061));
#10644 = CARTESIAN_POINT('',(5.42834637632,4.819761641875));
#10645 = CARTESIAN_POINT('',(5.467002556032,4.819296274251));
#10646 = CARTESIAN_POINT('',(5.503316042177,4.818813162452));
#10647 = CARTESIAN_POINT('',(5.537112685117,4.818312862429));
#10648 = CARTESIAN_POINT('',(5.568214618043,4.817796101427));
#10649 = CARTESIAN_POINT('',(5.596445487539,4.81726374266));
#10650 = CARTESIAN_POINT('',(5.621631218453,4.816716811335));
#10651 = CARTESIAN_POINT('',(5.643594355641,4.816156757859));
#10652 = CARTESIAN_POINT('',(5.662175390649,4.815585142256));
#10653 = CARTESIAN_POINT('',(5.677231365554,4.815003712225));
#10654 = CARTESIAN_POINT('',(5.688640403184,4.814414385499));
#10655 = CARTESIAN_POINT('',(5.69630527176,4.813819265027));
#10656 = CARTESIAN_POINT('',(5.70015750603,4.813220617256));
#10657 = CARTESIAN_POINT('',(5.700162888556,4.812620963879));
#10658 = CARTESIAN_POINT('',(5.696322787988,4.812022492824));
#10659 = CARTESIAN_POINT('',(5.688671262111,4.811427580003));
#10660 = CARTESIAN_POINT('',(5.677275159451,4.810838456433));
#10661 = CARTESIAN_POINT('',(5.66223077348,4.810257234322));
#10662 = CARTESIAN_POINT('',(5.643662243428,4.809685920835));
#10663 = CARTESIAN_POINT('',(5.62171591556,4.80912631968));
#10664 = CARTESIAN_POINT('',(5.596550302781,4.808579911478));
#10665 = CARTESIAN_POINT('',(5.568335098056,4.808047999042));
#10666 = CARTESIAN_POINT('',(5.537245681643,4.807531666157));
#10667 = CARTESIAN_POINT('',(5.503460250837,4.807031810672));
#10668 = CARTESIAN_POINT('',(5.467156742425,4.80654915658));
#10669 = CARTESIAN_POINT('',(5.428510162491,4.806084269161));
#10670 = CARTESIAN_POINT('',(5.387690694873,4.805637572229));
#10671 = CARTESIAN_POINT('',(5.34486048606,4.805209347252));
#10672 = CARTESIAN_POINT('',(5.300169691,4.804799735701));
#10673 = CARTESIAN_POINT('',(5.253762094396,4.804408820151));
#10674 = CARTESIAN_POINT('',(5.205773530136,4.804036619321));
#10675 = CARTESIAN_POINT('',(5.156331618704,4.803683098125));
#10676 = CARTESIAN_POINT('',(5.105555496781,4.803348175491));
#10677 = CARTESIAN_POINT('',(5.053554260083,4.803031726065));
#10678 = CARTESIAN_POINT('',(5.000432567245,4.802733620819));
#10679 = CARTESIAN_POINT('',(4.946286210171,4.802453700162));
#10680 = CARTESIAN_POINT('',(4.891205171018,4.802191801714));
#10681 = CARTESIAN_POINT('',(4.835273598501,4.80194775861));
#10682 = CARTESIAN_POINT('',(4.778569472973,4.801721397451));
#10683 = CARTESIAN_POINT('',(4.72116670411,4.801512552973));
#10684 = CARTESIAN_POINT('',(4.663134411977,4.801321063848));
#10685 = CARTESIAN_POINT('',(4.604537797185,4.801146776677));
#10686 = CARTESIAN_POINT('',(4.545438994602,4.800989548654));
#10687 = CARTESIAN_POINT('',(4.485898084502,4.800849249474));
#10688 = CARTESIAN_POINT('',(4.425968842219,4.800725752247));
#10689 = CARTESIAN_POINT('',(4.365704517501,4.800618948578));
#10690 = CARTESIAN_POINT('',(4.305156583002,4.800528743917));
#10691 = CARTESIAN_POINT('',(4.244375146302,4.800455058049));
#10692 = CARTESIAN_POINT('',(4.18340896169,4.800397824608));
#10693 = CARTESIAN_POINT('',(4.122305342827,4.800356991253));
#10694 = CARTESIAN_POINT('',(4.061110835565,4.800332520103));
#10695 = CARTESIAN_POINT('',(3.999868912698,4.800324388412));
#10696 = CARTESIAN_POINT('',(3.938628784255,4.800332589931));
#10697 = CARTESIAN_POINT('',(3.877439709683,4.800357128142));
#10698 = CARTESIAN_POINT('',(3.816342677653,4.800398024844));
#10699 = CARTESIAN_POINT('',(3.755383094478,4.800455318562));
#10700 = CARTESIAN_POINT('',(3.694607440285,4.800529063003));
#10701 = CARTESIAN_POINT('',(3.63406420692,4.800619325924));
#10702 = CARTESIAN_POINT('',(3.573803700343,4.800726188304));
#10703 = CARTESIAN_POINT('',(3.51387815843,4.80084974387));
#10704 = CARTESIAN_POINT('',(3.454341797725,4.800990098936));
#10705 = CARTESIAN_POINT('',(3.395250884117,4.801147372615));
#10706 = CARTESIAN_POINT('',(3.336663833933,4.801321697236));
#10707 = CARTESIAN_POINT('',(3.278641224559,4.801513219576));
#10708 = CARTESIAN_POINT('',(3.22124619162,4.801722100617));
#10709 = CARTESIAN_POINT('',(3.164543425497,4.801948522408));
#10710 = CARTESIAN_POINT('',(3.108614285313,4.802192624397));
#10711 = CARTESIAN_POINT('',(3.053535725001,4.802454583227));
#10712 = CARTESIAN_POINT('',(2.99939223019,4.802734564616));
#10713 = CARTESIAN_POINT('',(2.94627365608,4.80303273171));
#10714 = CARTESIAN_POINT('',(2.894275974161,4.803349243248));
#10715 = CARTESIAN_POINT('',(2.843503699115,4.803684228981));
#10716 = CARTESIAN_POINT('',(2.794066004171,4.804037814123));
#10717 = CARTESIAN_POINT('',(2.746082132141,4.804410078962));
#10718 = CARTESIAN_POINT('',(2.699679668247,4.804801058974));
#10719 = CARTESIAN_POINT('',(2.654994623891,4.805210733594));
#10720 = CARTESIAN_POINT('',(2.612169996932,4.805639028519));
#10721 = CARTESIAN_POINT('',(2.571358640154,4.806085774967));
#10722 = CARTESIAN_POINT('',(2.532722661654,4.806550681974));
#10723 = CARTESIAN_POINT('',(2.496430340233,4.807033344606));
#10724 = CARTESIAN_POINT('',(2.462655439227,4.807533216443));
#10725 = CARTESIAN_POINT('',(2.431576623966,4.808049558951));
#10726 = CARTESIAN_POINT('',(2.403366880748,4.808581577744));
#10727 = CARTESIAN_POINT('',(2.378204776909,4.809128172332));
#10728 = CARTESIAN_POINT('',(2.356266223059,4.809687915019));
#10729 = CARTESIAN_POINT('',(2.337710416029,4.810259252847));
#10730 = CARTESIAN_POINT('',(2.322679909469,4.810840447742));
#10731 = CARTESIAN_POINT('',(2.311296387944,4.811429588813));
#10732 = CARTESIAN_POINT('',(2.303656946319,4.812024577828));
#10733 = CARTESIAN_POINT('',(2.299830032107,4.812623150862));
#10734 = CARTESIAN_POINT('',(2.299849618274,4.813222783132));
#10735 = CARTESIAN_POINT('',(2.303715130776,4.813821361414));
#10736 = CARTESIAN_POINT('',(2.31139220353,4.814416398937));
#10737 = CARTESIAN_POINT('',(2.322812535681,4.815005647426));
#10738 = CARTESIAN_POINT('',(2.337879315361,4.815587013509));
#10739 = CARTESIAN_POINT('',(2.356471015001,4.816158580028));
#10740 = CARTESIAN_POINT('',(2.378444653922,4.816718591048));
#10741 = CARTESIAN_POINT('',(2.403640409296,4.817265475961));
#10742 = CARTESIAN_POINT('',(2.431878955375,4.817797752312));
#10743 = CARTESIAN_POINT('',(2.462985714388,4.818314400869));
#10744 = CARTESIAN_POINT('',(2.496786444043,4.818814596962));
#10745 = CARTESIAN_POINT('',(2.533102817926,4.819297604688));
#10746 = CARTESIAN_POINT('',(2.571760947891,4.819762871615));
#10747 = CARTESIAN_POINT('',(2.612592792595,4.820209990998));
#10748 = CARTESIAN_POINT('',(2.655435893199,4.820638663959));
#10749 = CARTESIAN_POINT('',(2.700138149302,4.821048725038));
#10750 = CARTESIAN_POINT('',(2.746556349042,4.821440092926));
#10751 = CARTESIAN_POINT('',(2.794554513796,4.82181274359));
#10752 = CARTESIAN_POINT('',(2.844005300429,4.822166710024));
#10753 = CARTESIAN_POINT('',(2.894788969466,4.822502066957));
#10754 = CARTESIAN_POINT('',(2.946799032001,4.822818949099));
#10755 = CARTESIAN_POINT('',(2.999905902858,4.823117347579));
#10756 = CARTESIAN_POINT('',(3.054026039159,4.82339751039));
#10757 = CARTESIAN_POINT('',(3.109075442334,4.823659635287));
#10758 = CARTESIAN_POINT('',(3.164975015479,4.823903913134));
#10759 = CARTESIAN_POINT('',(3.221648864682,4.824130519265));
#10760 = CARTESIAN_POINT('',(3.279024529958,4.824339618146));
#10761 = CARTESIAN_POINT('',(3.337032734341,4.824531363867));
#10762 = CARTESIAN_POINT('',(3.395607293451,4.824705901181));
#10763 = CARTESIAN_POINT('',(3.454685009659,4.824863365857));
#10764 = CARTESIAN_POINT('',(3.514205594203,4.825003884715));
#10765 = CARTESIAN_POINT('',(3.574111601685,4.82512757527));
#10766 = CARTESIAN_POINT('',(3.634348377983,4.825234545045));
#10767 = CARTESIAN_POINT('',(3.694864015051,4.825324890576));
#10768 = CARTESIAN_POINT('',(3.755609319736,4.825398696066));
#10769 = CARTESIAN_POINT('',(3.816537756667,4.825456032027));
#10770 = CARTESIAN_POINT('',(3.877605499955,4.825496952749));
#10771 = CARTESIAN_POINT('',(3.938771076689,4.825521497044));
#10772 = CARTESIAN_POINT('',(3.979588037342,4.825526949551));
#10773 = CARTESIAN_POINT('',(4.,4.825526951361));
#10774 = ( GEOMETRIC_REPRESENTATION_CONTEXT(2) 
PARAMETRIC_REPRESENTATION_CONTEXT() REPRESENTATION_CONTEXT('2D SPACE',''
  ) );
#10775 = ORIENTED_EDGE('',*,*,#10311,.T.);
#10776 = ADVANCED_FACE('',(#10777),#200,.F.);
#10777 = FACE_BOUND('',#10778,.F.);
#10778 = EDGE_LOOP('',(#10779,#10780,#10781,#10782));
#10779 = ORIENTED_EDGE('',*,*,#186,.T.);
#10780 = ORIENTED_EDGE('',*,*,#5196,.T.);
#10781 = ORIENTED_EDGE('',*,*,#2116,.T.);
#10782 = ORIENTED_EDGE('',*,*,#10783,.T.);
#10783 = EDGE_CURVE('',#2117,#22,#10784,.T.);
#10784 = SURFACE_CURVE('',#10785,(#10788,#10794),.PCURVE_S1.);
#10785 = B_SPLINE_CURVE_WITH_KNOTS('',1,(#10786,#10787),.UNSPECIFIED.,
  .F.,.F.,(2,2),(0.,8.),.PIECEWISE_BEZIER_KNOTS.);
#10786 = CARTESIAN_POINT('',(45.4,1.650007564202E-15,8.));
#10787 = CARTESIAN_POINT('',(45.4,1.650007564202E-15,0.));
#10788 = PCURVE('',#200,#10789);
#10789 = DEFINITIONAL_REPRESENTATION('',(#10790),#10793);
#10790 = B_SPLINE_CURVE_WITH_KNOTS('',1,(#10791,#10792),.UNSPECIFIED.,
  .F.,.F.,(2,2),(0.,8.),.PIECEWISE_BEZIER_KNOTS.);
#10791 = CARTESIAN_POINT('',(-1.2,4.));
#10792 = CARTESIAN_POINT('',(-1.2,-4.));
#10793 = ( GEOMETRIC_REPRESENTATION_CONTEXT(2) 
PARAMETRIC_REPRESENTATION_CONTEXT() REPRESENTATION_CONTEXT('2D SPACE',''
  ) );
#10794 = PCURVE('',#116,#10795);
#10795 = DEFINITIONAL_REPRESENTATION('',(#10796),#10800);
#10796 = LINE('',#10797,#10798);
#10797 = CARTESIAN_POINT('',(0.,4.712388980385));
#10798 = VECTOR('',#10799,1.);
#10799 = DIRECTION('',(1.,0.));
#10800 = ( GEOMETRIC_REPRESENTATION_CONTEXT(2) 
PARAMETRIC_REPRESENTATION_CONTEXT() REPRESENTATION_CONTEXT('2D SPACE',''
  ) );
#10801 = ADVANCED_FACE('',(#10802,#10816,#10819,#10822,#10825,#10828,
    #10831),#116,.T.);
#10802 = FACE_BOUND('',#10803,.T.);
#10803 = EDGE_LOOP('',(#10804,#10805,#10806,#10807,#10808,#10809,#10810,
    #10811,#10812,#10813,#10814,#10815));
#10804 = ORIENTED_EDGE('',*,*,#2136,.F.);
#10805 = ORIENTED_EDGE('',*,*,#10783,.T.);
#10806 = ORIENTED_EDGE('',*,*,#21,.T.);
#10807 = ORIENTED_EDGE('',*,*,#1632,.T.);
#10808 = ORIENTED_EDGE('',*,*,#1714,.T.);
#10809 = ORIENTED_EDGE('',*,*,#1750,.F.);
#10810 = ORIENTED_EDGE('',*,*,#1456,.T.);
#10811 = ORIENTED_EDGE('',*,*,#1781,.T.);
#10812 = ORIENTED_EDGE('',*,*,#1862,.T.);
#10813 = ORIENTED_EDGE('',*,*,#1921,.F.);
#10814 = ORIENTED_EDGE('',*,*,#1305,.T.);
#10815 = ORIENTED_EDGE('',*,*,#1999,.F.);
#10816 = FACE_BOUND('',#10817,.T.);
#10817 = EDGE_LOOP('',(#10818));
#10818 = ORIENTED_EDGE('',*,*,#10334,.T.);
#10819 = FACE_BOUND('',#10820,.T.);
#10820 = EDGE_LOOP('',(#10821));
#10821 = ORIENTED_EDGE('',*,*,#9864,.T.);
#10822 = FACE_BOUND('',#10823,.T.);
#10823 = EDGE_LOOP('',(#10824));
#10824 = ORIENTED_EDGE('',*,*,#9394,.T.);
#10825 = FACE_BOUND('',#10826,.T.);
#10826 = EDGE_LOOP('',(#10827));
#10827 = ORIENTED_EDGE('',*,*,#7984,.T.);
#10828 = FACE_BOUND('',#10829,.T.);
#10829 = EDGE_LOOP('',(#10830));
#10830 = ORIENTED_EDGE('',*,*,#8454,.T.);
#10831 = FACE_BOUND('',#10832,.T.);
#10832 = EDGE_LOOP('',(#10833));
#10833 = ORIENTED_EDGE('',*,*,#8924,.T.);
#10834 = ( GEOMETRIC_REPRESENTATION_CONTEXT(3) 
GLOBAL_UNCERTAINTY_ASSIGNED_CONTEXT((#10838)) 
GLOBAL_UNIT_ASSIGNED_CONTEXT((#10835,#10836,#10837)) 
REPRESENTATION_CONTEXT('Context #1',
  '3D Context with UNIT and UNCERTAINTY') );
#10835 = ( LENGTH_UNIT() NAMED_UNIT(*) SI_UNIT(.MILLI.,.METRE.) );
#10836 = ( NAMED_UNIT(*) PLANE_ANGLE_UNIT() SI_UNIT($,.RADIAN.) );
#10837 = ( NAMED_UNIT(*) SI_UNIT($,.STERADIAN.) SOLID_ANGLE_UNIT() );
#10838 = UNCERTAINTY_MEASURE_WITH_UNIT(LENGTH_MEASURE(5.E-06),#10835,
  'distance_accuracy_value','confusion accuracy');
#10839 = PRODUCT_RELATED_PRODUCT_CATEGORY('part',$,(#7));
ENDSEC;
END-ISO-10303-21;
