ISO-10303-21;
HEADER;
FILE_DESCRIPTION(('Open CASCADE Model'),'2;1');
FILE_NAME('Open CASCADE Shape Model','2026-07-09T12:14:26',('Author'),(
    'Open CASCADE'),'Open CASCADE STEP processor 7.9','Open CASCADE 7.9'
  ,'Unknown');
FILE_SCHEMA(('AUTOMOTIVE_DESIGN { 1 0 10303 214 1 1 1 1 }'));
ENDSEC;
DATA;
#1 = APPLICATION_PROTOCOL_DEFINITION('international standard',
  'automotive_design',2000,#2);
#2 = APPLICATION_CONTEXT(
  'core data for automotive mechanical design processes');
#3 = SHAPE_DEFINITION_REPRESENTATION(#4,#10);
#4 = PRODUCT_DEFINITION_SHAPE('','',#5);
#5 = PRODUCT_DEFINITION('design','',#6,#9);
#6 = PRODUCT_DEFINITION_FORMATION('','',#7);
#7 = PRODUCT('Open CASCADE STEP translator 7.9 2',
  'Open CASCADE STEP translator 7.9 2','',(#8));
#8 = PRODUCT_CONTEXT('',#2,'mechanical');
#9 = PRODUCT_DEFINITION_CONTEXT('part definition',#2,'design');
#10 = ADVANCED_BREP_SHAPE_REPRESENTATION('',(#11,#15),#6283);
#11 = AXIS2_PLACEMENT_3D('',#12,#13,#14);
#12 = CARTESIAN_POINT('',(0.,0.,0.));
#13 = DIRECTION('',(0.,0.,1.));
#14 = DIRECTION('',(1.,0.,-0.));
#15 = MANIFOLD_SOLID_BREP('',#16);
#16 = CLOSED_SHELL('',(#17,#407,#476,#688,#3413,#3883,#4353,#4823,#5293,
    #5763,#6233,#6258));
#17 = ADVANCED_FACE('',(#18),#68,.T.);
#18 = FACE_BOUND('',#19,.T.);
#19 = EDGE_LOOP('',(#20,#185,#210,#384));
#20 = ORIENTED_EDGE('',*,*,#21,.F.);
#21 = EDGE_CURVE('',#22,#24,#26,.T.);
#22 = VERTEX_POINT('',#23);
#23 = CARTESIAN_POINT('',(45.4,1.650007564202E-15,0.));
#24 = VERTEX_POINT('',#25);
#25 = CARTESIAN_POINT('',(-45.4,1.9251267247E-14,0.));
#26 = SURFACE_CURVE('',#27,(#67,#115),.PCURVE_S1.);
#27 = B_SPLINE_CURVE_WITH_KNOTS('',11,(#28,#29,#30,#31,#32,#33,#34,#35,
    #36,#37,#38,#39,#40,#41,#42,#43,#44,#45,#46,#47,#48,#49,#50,#51,#52,
    #53,#54,#55,#56,#57,#58,#59,#60,#61,#62,#63,#64,#65,#66),
  .UNSPECIFIED.,.F.,.F.,(12,9,9,9,12),(4.712388980385,5.497787143782,
    6.28318530718,7.068583470577,7.853981633974),.UNSPECIFIED.);
#28 = CARTESIAN_POINT('',(45.4,1.650007564188E-15,0.));
#29 = CARTESIAN_POINT('',(45.399999999999,9.677015247033,0.));
#30 = CARTESIAN_POINT('',(45.144414353915,19.354030494077,0.));
#31 = CARTESIAN_POINT('',(44.633236752589,28.964647581673,0.));
#32 = CARTESIAN_POINT('',(43.868673608158,38.442431384578,0.));
#33 = CARTESIAN_POINT('',(42.855128371775,47.7216854176,0.));
#34 = CARTESIAN_POINT('',(41.599163773624,56.738189191862,0.));
#35 = CARTESIAN_POINT('',(40.109441982377,65.429897318729,0.));
#36 = CARTESIAN_POINT('',(38.396642687706,73.737600364768,0.));
#37 = CARTESIAN_POINT('',(36.473359102187,81.605547454517,0.));
#38 = CARTESIAN_POINT('',(32.234584668938,96.358513792314,0.));
#39 = CARTESIAN_POINT('',(27.275475517822,108.95714863961,0.));
#40 = CARTESIAN_POINT('',(24.631798527922,114.67084001787,0.));
#41 = CARTESIAN_POINT('',(21.842216200272,119.7555938502,0.));
#42 = CARTESIAN_POINT('',(18.924205795644,124.17681535747,0.));
#43 = CARTESIAN_POINT('',(15.902048539123,127.8953045887,0.));
#44 = CARTESIAN_POINT('',(12.794058441269,130.89763361369,0.));
#45 = CARTESIAN_POINT('',(9.624712167969,133.14855047829,0.));
#46 = CARTESIAN_POINT('',(6.426736550441,134.6495094468,0.));
#47 = CARTESIAN_POINT('',(6.792762634381E-13,136.15049055319,0.));
#48 = CARTESIAN_POINT('',(-6.426736550442,134.64950944681,0.));
#49 = CARTESIAN_POINT('',(-9.624712167964,133.14855047826,0.));
#50 = CARTESIAN_POINT('',(-12.79405844128,130.89763361376,0.));
#51 = CARTESIAN_POINT('',(-15.9020485391,127.89530458859,0.));
#52 = CARTESIAN_POINT('',(-18.92420579566,124.17681535759,0.));
#53 = CARTESIAN_POINT('',(-21.84221620026,119.75559385011,0.));
#54 = CARTESIAN_POINT('',(-24.63179852792,114.67084001791,0.));
#55 = CARTESIAN_POINT('',(-27.27547551782,108.9571486396,0.));
#56 = CARTESIAN_POINT('',(-32.23458466893,96.358513792318,0.));
#57 = CARTESIAN_POINT('',(-36.47335910219,81.605547454519,0.));
#58 = CARTESIAN_POINT('',(-38.39664268767,73.737600364743,0.));
#59 = CARTESIAN_POINT('',(-40.10944198244,65.429897318794,0.));
#60 = CARTESIAN_POINT('',(-41.59916377352,56.738189191758,0.));
#61 = CARTESIAN_POINT('',(-42.85512837188,47.721685417714,0.));
#62 = CARTESIAN_POINT('',(-43.86867360806,38.442431384486,0.));
#63 = CARTESIAN_POINT('',(-44.63323675264,28.964647581725,0.));
#64 = CARTESIAN_POINT('',(-45.14441435389,19.354030494056,0.));
#65 = CARTESIAN_POINT('',(-45.4,9.677015247038,0.));
#66 = CARTESIAN_POINT('',(-45.4,2.37445260314E-14,0.));
#67 = PCURVE('',#68,#73);
#68 = PLANE('',#69);
#69 = AXIS2_PLACEMENT_3D('',#70,#71,#72);
#70 = CARTESIAN_POINT('',(1.403142794417E-14,81.292958230798,0.));
#71 = DIRECTION('',(0.,0.,-1.));
#72 = DIRECTION('',(-1.595232197133E-15,-1.,0.));
#73 = DEFINITIONAL_REPRESENTATION('',(#74),#114);
#74 = B_SPLINE_CURVE_WITH_KNOTS('',11,(#75,#76,#77,#78,#79,#80,#81,#82,
    #83,#84,#85,#86,#87,#88,#89,#90,#91,#92,#93,#94,#95,#96,#97,#98,#99,
    #100,#101,#102,#103,#104,#105,#106,#107,#108,#109,#110,#111,#112,
    #113),.UNSPECIFIED.,.F.,.F.,(12,9,9,9,12),(4.712388980385,
    5.497787143782,6.28318530718,7.068583470577,7.853981633974),
  .UNSPECIFIED.);
#75 = CARTESIAN_POINT('',(81.292958230798,-45.4));
#76 = CARTESIAN_POINT('',(71.615942983765,-45.39999999999));
#77 = CARTESIAN_POINT('',(61.938927736721,-45.14441435391));
#78 = CARTESIAN_POINT('',(52.328310649126,-44.63323675258));
#79 = CARTESIAN_POINT('',(42.85052684622,-43.86867360815));
#80 = CARTESIAN_POINT('',(33.571272813199,-42.85512837177));
#81 = CARTESIAN_POINT('',(24.554769038937,-41.59916377362));
#82 = CARTESIAN_POINT('',(15.86306091207,-40.10944198237));
#83 = CARTESIAN_POINT('',(7.55535786603,-38.3966426877));
#84 = CARTESIAN_POINT('',(-0.312589223718,-36.47335910218));
#85 = CARTESIAN_POINT('',(-15.06555556151,-32.23458466893));
#86 = CARTESIAN_POINT('',(-27.66419040882,-27.27547551782));
#87 = CARTESIAN_POINT('',(-33.37788178707,-24.63179852792));
#88 = CARTESIAN_POINT('',(-38.4626356194,-21.84221620027));
#89 = CARTESIAN_POINT('',(-42.88385712667,-18.92420579564));
#90 = CARTESIAN_POINT('',(-46.6023463579,-15.90204853912));
#91 = CARTESIAN_POINT('',(-49.6046753829,-12.79405844126));
#92 = CARTESIAN_POINT('',(-51.85559224749,-9.624712167969));
#93 = CARTESIAN_POINT('',(-53.35655121601,-6.426736550441));
#94 = CARTESIAN_POINT('',(-54.85753232239,-5.77734333678E-13));
#95 = CARTESIAN_POINT('',(-53.35655121601,6.426736550442));
#96 = CARTESIAN_POINT('',(-51.85559224746,9.624712167964));
#97 = CARTESIAN_POINT('',(-49.60467538297,12.794058441281));
#98 = CARTESIAN_POINT('',(-46.60234635779,15.902048539106));
#99 = CARTESIAN_POINT('',(-42.8838571268,18.924205795661));
#100 = CARTESIAN_POINT('',(-38.46263561931,21.84221620026));
#101 = CARTESIAN_POINT('',(-33.37788178712,24.631798527927));
#102 = CARTESIAN_POINT('',(-27.66419040881,27.275475517822));
#103 = CARTESIAN_POINT('',(-15.06555556152,32.234584668935));
#104 = CARTESIAN_POINT('',(-0.31258922372,36.473359102192));
#105 = CARTESIAN_POINT('',(7.555357866055,38.396642687677));
#106 = CARTESIAN_POINT('',(15.863060912004,40.109441982444));
#107 = CARTESIAN_POINT('',(24.554769039041,41.599163773521));
#108 = CARTESIAN_POINT('',(33.571272813084,42.855128371887));
#109 = CARTESIAN_POINT('',(42.850526846312,43.868673608069));
#110 = CARTESIAN_POINT('',(52.328310649073,44.63323675264));
#111 = CARTESIAN_POINT('',(61.938927736742,45.144414353895));
#112 = CARTESIAN_POINT('',(71.61594298376,45.400000000003));
#113 = CARTESIAN_POINT('',(81.292958230798,45.4));
#114 = ( GEOMETRIC_REPRESENTATION_CONTEXT(2) 
PARAMETRIC_REPRESENTATION_CONTEXT() REPRESENTATION_CONTEXT('2D SPACE',''
  ) );
#115 = PCURVE('',#116,#179);
#116 = B_SPLINE_SURFACE_WITH_KNOTS('',1,9,(
    (#117,#118,#119,#120,#121,#122,#123,#124,#125,#126,#127,#128,#129
      ,#130,#131,#132,#133,#134,#135,#136,#137,#138,#139,#140,#141,#142
      ,#143,#144,#145,#146,#147)
    ,(#148,#149,#150,#151,#152,#153,#154,#155,#156,#157,#158,#159,#160
      ,#161,#162,#163,#164,#165,#166,#167,#168,#169,#170,#171,#172,#173
      ,#174,#175,#176,#177,#178
    )),.UNSPECIFIED.,.F.,.F.,.F.,(2,2),(10,7,7,7,10),(0.,8.),(
    4.712388980385,5.497787143782,6.28318530718,7.068583470577,
    7.853981633974),.UNSPECIFIED.);
#117 = CARTESIAN_POINT('',(45.4,1.650007564202E-15,8.));
#118 = CARTESIAN_POINT('',(45.399999999999,11.827463079709,8.));
#119 = CARTESIAN_POINT('',(45.009521929585,23.654926159421,8.));
#120 = CARTESIAN_POINT('',(44.22855339583,35.35196428313,7.999999999999)
  );
#121 = CARTESIAN_POINT('',(43.062877227918,46.788055679332,
    8.000000000001));
#122 = CARTESIAN_POINT('',(41.524013976927,57.835425650582,
    7.999999999999));
#123 = CARTESIAN_POINT('',(39.629042982091,68.37168008434,8.));
#124 = CARTESIAN_POINT('',(37.400302002953,78.282228584502,8.));
#125 = CARTESIAN_POINT('',(32.329628833102,96.64276586399,8.));
#126 = CARTESIAN_POINT('',(26.158444288727,111.71196336628,8.));
#127 = CARTESIAN_POINT('',(22.829812909335,118.33145695147,8.));
#128 = CARTESIAN_POINT('',(19.289783530841,123.95333564684,8.));
#129 = CARTESIAN_POINT('',(15.591816023136,128.51533699278,8.));
#130 = CARTESIAN_POINT('',(11.752741148719,131.96151923365,8.));
#131 = CARTESIAN_POINT('',(7.854900228318,134.25341721041,8.));
#132 = CARTESIAN_POINT('',(1.843348939791E-13,136.54658278958,8.));
#133 = CARTESIAN_POINT('',(-7.854900228318,134.25341721041,8.));
#134 = CARTESIAN_POINT('',(-11.75274114871,131.96151923364,
    7.999999999999));
#135 = CARTESIAN_POINT('',(-15.59181602313,128.51533699279,
    8.000000000001));
#136 = CARTESIAN_POINT('',(-19.28978353084,123.95333564682,
    7.999999999999));
#137 = CARTESIAN_POINT('',(-22.82981290933,118.33145695148,
    8.000000000001));
#138 = CARTESIAN_POINT('',(-26.15844428872,111.71196336628,8.));
#139 = CARTESIAN_POINT('',(-32.3296288331,96.642765863991,8.));
#140 = CARTESIAN_POINT('',(-37.40030200295,78.282228584503,8.));
#141 = CARTESIAN_POINT('',(-39.62904298208,68.371680084334,8.));
#142 = CARTESIAN_POINT('',(-41.52401397693,57.835425650592,8.));
#143 = CARTESIAN_POINT('',(-43.06287722791,46.78805567932,8.));
#144 = CARTESIAN_POINT('',(-44.22855339583,35.351964283139,8.));
#145 = CARTESIAN_POINT('',(-45.00952192958,23.654926159418,8.));
#146 = CARTESIAN_POINT('',(-45.4,11.82746307971,8.));
#147 = CARTESIAN_POINT('',(-45.4,1.9251267247E-14,8.));
#148 = CARTESIAN_POINT('',(45.4,1.650007564202E-15,0.));
#149 = CARTESIAN_POINT('',(45.399999999999,11.827463079709,0.));
#150 = CARTESIAN_POINT('',(45.009521929585,23.654926159421,0.));
#151 = CARTESIAN_POINT('',(44.22855339583,35.35196428313,0.));
#152 = CARTESIAN_POINT('',(43.062877227918,46.788055679332,0.));
#153 = CARTESIAN_POINT('',(41.524013976927,57.835425650582,0.));
#154 = CARTESIAN_POINT('',(39.629042982091,68.37168008434,0.));
#155 = CARTESIAN_POINT('',(37.400302002953,78.282228584502,0.));
#156 = CARTESIAN_POINT('',(32.329628833102,96.64276586399,0.));
#157 = CARTESIAN_POINT('',(26.158444288727,111.71196336628,0.));
#158 = CARTESIAN_POINT('',(22.829812909335,118.33145695147,0.));
#159 = CARTESIAN_POINT('',(19.289783530841,123.95333564684,0.));
#160 = CARTESIAN_POINT('',(15.591816023136,128.51533699278,0.));
#161 = CARTESIAN_POINT('',(11.752741148719,131.96151923365,0.));
#162 = CARTESIAN_POINT('',(7.854900228318,134.25341721041,0.));
#163 = CARTESIAN_POINT('',(1.843348939791E-13,136.54658278958,0.));
#164 = CARTESIAN_POINT('',(-7.854900228318,134.25341721041,0.));
#165 = CARTESIAN_POINT('',(-11.75274114871,131.96151923364,0.));
#166 = CARTESIAN_POINT('',(-15.59181602313,128.51533699279,0.));
#167 = CARTESIAN_POINT('',(-19.28978353084,123.95333564682,0.));
#168 = CARTESIAN_POINT('',(-22.82981290933,118.33145695148,0.));
#169 = CARTESIAN_POINT('',(-26.15844428872,111.71196336628,0.));
#170 = CARTESIAN_POINT('',(-32.3296288331,96.642765863991,0.));
#171 = CARTESIAN_POINT('',(-37.40030200295,78.282228584503,0.));
#172 = CARTESIAN_POINT('',(-39.62904298208,68.371680084334,0.));
#173 = CARTESIAN_POINT('',(-41.52401397693,57.835425650592,0.));
#174 = CARTESIAN_POINT('',(-43.06287722791,46.78805567932,0.));
#175 = CARTESIAN_POINT('',(-44.22855339583,35.351964283139,0.));
#176 = CARTESIAN_POINT('',(-45.00952192958,23.654926159418,0.));
#177 = CARTESIAN_POINT('',(-45.4,11.82746307971,0.));
#178 = CARTESIAN_POINT('',(-45.4,1.9251267247E-14,0.));
#179 = DEFINITIONAL_REPRESENTATION('',(#180),#184);
#180 = LINE('',#181,#182);
#181 = CARTESIAN_POINT('',(8.,0.));
#182 = VECTOR('',#183,1.);
#183 = DIRECTION('',(0.,1.));
#184 = ( GEOMETRIC_REPRESENTATION_CONTEXT(2) 
PARAMETRIC_REPRESENTATION_CONTEXT() REPRESENTATION_CONTEXT('2D SPACE',''
  ) );
#185 = ORIENTED_EDGE('',*,*,#186,.T.);
#186 = EDGE_CURVE('',#22,#187,#189,.T.);
#187 = VERTEX_POINT('',#188);
#188 = CARTESIAN_POINT('',(43.,-5.905796992079E-15,0.));
#189 = SURFACE_CURVE('',#190,(#193,#199),.PCURVE_S1.);
#190 = B_SPLINE_CURVE_WITH_KNOTS('',1,(#191,#192),.UNSPECIFIED.,.F.,.F.,
  (2,2),(0.,2.4),.PIECEWISE_BEZIER_KNOTS.);
#191 = CARTESIAN_POINT('',(45.4,1.650007564188E-15,0.));
#192 = CARTESIAN_POINT('',(43.,-5.905796992078E-15,0.));
#193 = PCURVE('',#68,#194);
#194 = DEFINITIONAL_REPRESENTATION('',(#195),#198);
#195 = B_SPLINE_CURVE_WITH_KNOTS('',1,(#196,#197),.UNSPECIFIED.,.F.,.F.,
  (2,2),(0.,2.4),.PIECEWISE_BEZIER_KNOTS.);
#196 = CARTESIAN_POINT('',(81.292958230798,-45.4));
#197 = CARTESIAN_POINT('',(81.292958230798,-43.));
#198 = ( GEOMETRIC_REPRESENTATION_CONTEXT(2) 
PARAMETRIC_REPRESENTATION_CONTEXT() REPRESENTATION_CONTEXT('2D SPACE',''
  ) );
#199 = PCURVE('',#200,#205);
#200 = PLANE('',#201);
#201 = AXIS2_PLACEMENT_3D('',#202,#203,#204);
#202 = CARTESIAN_POINT('',(44.2,-2.53782321534E-15,4.));
#203 = DIRECTION('',(-2.806644813949E-15,1.,0.));
#204 = DIRECTION('',(-1.,-2.806644813949E-15,0.));
#205 = DEFINITIONAL_REPRESENTATION('',(#206),#209);
#206 = B_SPLINE_CURVE_WITH_KNOTS('',1,(#207,#208),.UNSPECIFIED.,.F.,.F.,
  (2,2),(0.,2.4),.PIECEWISE_BEZIER_KNOTS.);
#207 = CARTESIAN_POINT('',(-1.2,-4.));
#208 = CARTESIAN_POINT('',(1.2,-4.));
#209 = ( GEOMETRIC_REPRESENTATION_CONTEXT(2) 
PARAMETRIC_REPRESENTATION_CONTEXT() REPRESENTATION_CONTEXT('2D SPACE',''
  ) );
#210 = ORIENTED_EDGE('',*,*,#211,.T.);
#211 = EDGE_CURVE('',#187,#212,#214,.T.);
#212 = VERTEX_POINT('',#213);
#213 = CARTESIAN_POINT('',(-43.,1.566889822971E-14,0.));
#214 = SURFACE_CURVE('',#215,(#255,#298),.PCURVE_S1.);
#215 = B_SPLINE_CURVE_WITH_KNOTS('',11,(#216,#217,#218,#219,#220,#221,
    #222,#223,#224,#225,#226,#227,#228,#229,#230,#231,#232,#233,#234,
    #235,#236,#237,#238,#239,#240,#241,#242,#243,#244,#245,#246,#247,
    #248,#249,#250,#251,#252,#253,#254),.UNSPECIFIED.,.F.,.F.,(12,9,9,9,
    12),(4.712388980385,5.497787143782,6.28318530718,7.068583470577,
    7.853981633974),.UNSPECIFIED.);
#216 = CARTESIAN_POINT('',(43.,-5.905796992078E-15,0.));
#217 = CARTESIAN_POINT('',(42.999999999997,9.619389895061,0.));
#218 = CARTESIAN_POINT('',(42.745936332799,19.238779790133,0.));
#219 = CARTESIAN_POINT('',(42.237747442017,28.791122830059,0.));
#220 = CARTESIAN_POINT('',(41.477799609016,38.209315329103,0.));
#221 = CARTESIAN_POINT('',(40.470738343426,47.4269577883,0.));
#222 = CARTESIAN_POINT('',(39.223406467374,56.379054342219,0.));
#223 = CARTESIAN_POINT('',(37.744828888322,65.002650631778,0.));
#224 = CARTESIAN_POINT('',(36.046264067117,73.237410107304,0.));
#225 = CARTESIAN_POINT('',(34.141322174311,81.026128757662,0.));
#226 = CARTESIAN_POINT('',(29.950977707037,95.604247779777,0.));
#227 = CARTESIAN_POINT('',(25.075451203008,107.98516611972,0.));
#228 = CARTESIAN_POINT('',(22.484538787872,113.57783127882,0.));
#229 = CARTESIAN_POINT('',(19.76935970149,118.51744130784,0.));
#230 = CARTESIAN_POINT('',(16.932675154986,122.80057117348,0.));
#231 = CARTESIAN_POINT('',(14.051552963567,126.29705687244,0.));
#232 = CARTESIAN_POINT('',(11.113931108857,129.14044797219,0.));
#233 = CARTESIAN_POINT('',(8.179073751843,131.1058498789,0.));
#234 = CARTESIAN_POINT('',(5.407597880998,132.36852069579,0.));
#235 = CARTESIAN_POINT('',(9.882621838202E-13,133.6314793042,0.));
#236 = CARTESIAN_POINT('',(-5.407597881,132.36852069579,0.));
#237 = CARTESIAN_POINT('',(-8.179073751836,131.10584987887,0.));
#238 = CARTESIAN_POINT('',(-11.11393110887,129.14044797226,0.));
#239 = CARTESIAN_POINT('',(-14.05155296354,126.29705687232,0.));
#240 = CARTESIAN_POINT('',(-16.932675155,122.80057117362,0.));
#241 = CARTESIAN_POINT('',(-19.76935970147,118.51744130774,0.));
#242 = CARTESIAN_POINT('',(-22.48453878787,113.57783127887,0.));
#243 = CARTESIAN_POINT('',(-25.075451203,107.9851661197,0.));
#244 = CARTESIAN_POINT('',(-29.95097770703,95.604247779781,0.));
#245 = CARTESIAN_POINT('',(-34.14132217431,81.026128757664,0.));
#246 = CARTESIAN_POINT('',(-36.04626406708,73.237410107277,0.));
#247 = CARTESIAN_POINT('',(-37.74482888839,65.002650631848,0.));
#248 = CARTESIAN_POINT('',(-39.22340646727,56.37905434211,0.));
#249 = CARTESIAN_POINT('',(-40.47073834353,47.426957788419,0.));
#250 = CARTESIAN_POINT('',(-41.47779960893,38.209315329009,0.));
#251 = CARTESIAN_POINT('',(-42.23774744206,28.791122830114,0.));
#252 = CARTESIAN_POINT('',(-42.74593633278,19.238779790112,0.));
#253 = CARTESIAN_POINT('',(-43.,9.619389895066,0.));
#254 = CARTESIAN_POINT('',(-43.,2.277432558731E-14,0.));
#255 = PCURVE('',#68,#256);
#256 = DEFINITIONAL_REPRESENTATION('',(#257),#297);
#257 = B_SPLINE_CURVE_WITH_KNOTS('',11,(#258,#259,#260,#261,#262,#263,
    #264,#265,#266,#267,#268,#269,#270,#271,#272,#273,#274,#275,#276,
    #277,#278,#279,#280,#281,#282,#283,#284,#285,#286,#287,#288,#289,
    #290,#291,#292,#293,#294,#295,#296),.UNSPECIFIED.,.F.,.F.,(12,9,9,9,
    12),(4.712388980385,5.497787143782,6.28318530718,7.068583470577,
    7.853981633974),.UNSPECIFIED.);
#258 = CARTESIAN_POINT('',(81.292958230798,-43.));
#259 = CARTESIAN_POINT('',(71.673568335738,-42.99999999999));
#260 = CARTESIAN_POINT('',(62.054178440665,-42.74593633279));
#261 = CARTESIAN_POINT('',(52.501835400739,-42.23774744201));
#262 = CARTESIAN_POINT('',(43.083642901695,-41.47779960901));
#263 = CARTESIAN_POINT('',(33.866000442498,-40.47073834342));
#264 = CARTESIAN_POINT('',(24.913903888579,-39.22340646737));
#265 = CARTESIAN_POINT('',(16.29030759902,-37.74482888832));
#266 = CARTESIAN_POINT('',(8.055548123494,-36.04626406711));
#267 = CARTESIAN_POINT('',(0.266829473136,-34.14132217431));
#268 = CARTESIAN_POINT('',(-14.31128954897,-29.95097770703));
#269 = CARTESIAN_POINT('',(-26.69220788892,-25.075451203));
#270 = CARTESIAN_POINT('',(-32.28487304802,-22.48453878787));
#271 = CARTESIAN_POINT('',(-37.22448307704,-19.76935970149));
#272 = CARTESIAN_POINT('',(-41.50761294269,-16.93267515498));
#273 = CARTESIAN_POINT('',(-45.00409864164,-14.05155296356));
#274 = CARTESIAN_POINT('',(-47.84748974139,-11.11393110885));
#275 = CARTESIAN_POINT('',(-49.8128916481,-8.179073751843));
#276 = CARTESIAN_POINT('',(-51.07556246499,-5.407597880998));
#277 = CARTESIAN_POINT('',(-52.3385210734,-8.907386619094E-13));
#278 = CARTESIAN_POINT('',(-51.075562465,5.407597881));
#279 = CARTESIAN_POINT('',(-49.81289164807,8.179073751836));
#280 = CARTESIAN_POINT('',(-47.84748974146,11.113931108873));
#281 = CARTESIAN_POINT('',(-45.00409864152,14.051552963544));
#282 = CARTESIAN_POINT('',(-41.50761294282,16.932675155009));
#283 = CARTESIAN_POINT('',(-37.22448307694,19.769359701473));
#284 = CARTESIAN_POINT('',(-32.28487304807,22.484538787879));
#285 = CARTESIAN_POINT('',(-26.69220788891,25.075451203008));
#286 = CARTESIAN_POINT('',(-14.31128954898,29.950977707034));
#287 = CARTESIAN_POINT('',(0.266829473134,34.141322174317));
#288 = CARTESIAN_POINT('',(8.055548123521,36.046264067086));
#289 = CARTESIAN_POINT('',(16.290307598951,37.744828888391));
#290 = CARTESIAN_POINT('',(24.913903888688,39.223406467271));
#291 = CARTESIAN_POINT('',(33.86600044238,40.470738343536));
#292 = CARTESIAN_POINT('',(43.083642901789,41.47779960893));
#293 = CARTESIAN_POINT('',(52.501835400685,42.237747442066));
#294 = CARTESIAN_POINT('',(62.054178440687,42.74593633278));
#295 = CARTESIAN_POINT('',(71.673568335733,43.000000000002));
#296 = CARTESIAN_POINT('',(81.292958230798,43.));
#297 = ( GEOMETRIC_REPRESENTATION_CONTEXT(2) 
PARAMETRIC_REPRESENTATION_CONTEXT() REPRESENTATION_CONTEXT('2D SPACE',''
  ) );
#298 = PCURVE('',#299,#378);
#299 = B_SPLINE_SURFACE_WITH_KNOTS('',1,11,(
    (#300,#301,#302,#303,#304,#305,#306,#307,#308,#309,#310,#311,#312
      ,#313,#314,#315,#316,#317,#318,#319,#320,#321,#322,#323,#324,#325
      ,#326,#327,#328,#329,#330,#331,#332,#333,#334,#335,#336,#337,#338)
    ,(#339,#340,#341,#342,#343,#344,#345,#346,#347,#348,#349,#350,#351
      ,#352,#353,#354,#355,#356,#357,#358,#359,#360,#361,#362,#363,#364
      ,#365,#366,#367,#368,#369,#370,#371,#372,#373,#374,#375,#376,#377
    )),.UNSPECIFIED.,.F.,.F.,.F.,(2,2),(12,9,9,9,12),(0.,8.),(
    4.712388980385,5.497787143782,6.28318530718,7.068583470577,
    7.853981633974),.UNSPECIFIED.);
#300 = CARTESIAN_POINT('',(43.,-5.905796992079E-15,0.));
#301 = CARTESIAN_POINT('',(42.999999999998,9.619389895061,0.));
#302 = CARTESIAN_POINT('',(42.745936332797,19.238779790133,0.));
#303 = CARTESIAN_POINT('',(42.237747442023,28.791122830059,0.));
#304 = CARTESIAN_POINT('',(41.477799609006,38.209315329103,0.));
#305 = CARTESIAN_POINT('',(40.470738343439,47.4269577883,0.));
#306 = CARTESIAN_POINT('',(39.223406467361,56.379054342219,0.));
#307 = CARTESIAN_POINT('',(37.744828888332,65.002650631779,0.));
#308 = CARTESIAN_POINT('',(36.046264067112,73.237410107304,0.));
#309 = CARTESIAN_POINT('',(34.141322174313,81.026128757662,0.));
#310 = CARTESIAN_POINT('',(29.950977707036,95.604247779776,0.));
#311 = CARTESIAN_POINT('',(25.075451203009,107.98516611972,0.));
#312 = CARTESIAN_POINT('',(22.48453878787,113.57783127882,0.));
#313 = CARTESIAN_POINT('',(19.769359701493,118.51744130784,0.));
#314 = CARTESIAN_POINT('',(16.932675154981,122.80057117348,0.));
#315 = CARTESIAN_POINT('',(14.05155296357,126.29705687244,0.));
#316 = CARTESIAN_POINT('',(11.113931108855,129.14044797218,0.));
#317 = CARTESIAN_POINT('',(8.179073751844,131.1058498789,0.));
#318 = CARTESIAN_POINT('',(5.407597880998,132.36852069579,0.));
#319 = CARTESIAN_POINT('',(1.22944588501E-12,133.6314793042,0.));
#320 = CARTESIAN_POINT('',(-5.407597881,132.3685206958,0.));
#321 = CARTESIAN_POINT('',(-8.179073751834,131.10584987886,0.));
#322 = CARTESIAN_POINT('',(-11.11393110887,129.14044797227,0.));
#323 = CARTESIAN_POINT('',(-14.05155296353,126.29705687231,0.));
#324 = CARTESIAN_POINT('',(-16.93267515501,122.80057117362,0.));
#325 = CARTESIAN_POINT('',(-19.76935970147,118.51744130773,0.));
#326 = CARTESIAN_POINT('',(-22.48453878788,113.57783127887,0.));
#327 = CARTESIAN_POINT('',(-25.075451203,107.9851661197,0.));
#328 = CARTESIAN_POINT('',(-29.95097770703,95.604247779781,0.));
#329 = CARTESIAN_POINT('',(-34.14132217431,81.026128757664,0.));
#330 = CARTESIAN_POINT('',(-36.04626406709,73.237410107277,0.));
#331 = CARTESIAN_POINT('',(-37.74482888837,65.002650631848,0.));
#332 = CARTESIAN_POINT('',(-39.22340646729,56.37905434211,0.));
#333 = CARTESIAN_POINT('',(-40.47073834351,47.426957788419,0.));
#334 = CARTESIAN_POINT('',(-41.47779960894,38.209315329009,0.));
#335 = CARTESIAN_POINT('',(-42.23774744205,28.791122830114,0.));
#336 = CARTESIAN_POINT('',(-42.74593633278,19.238779790112,0.));
#337 = CARTESIAN_POINT('',(-43.,9.619389895066,0.));
#338 = CARTESIAN_POINT('',(-43.,1.566889822971E-14,0.));
#339 = CARTESIAN_POINT('',(43.,-5.905796992079E-15,8.));
#340 = CARTESIAN_POINT('',(42.999999999998,9.619389895061,8.));
#341 = CARTESIAN_POINT('',(42.745936332797,19.238779790133,
    8.000000000002));
#342 = CARTESIAN_POINT('',(42.237747442023,28.791122830059,
    7.999999999995));
#343 = CARTESIAN_POINT('',(41.477799609006,38.209315329103,
    8.000000000009));
#344 = CARTESIAN_POINT('',(40.470738343439,47.4269577883,7.999999999989)
  );
#345 = CARTESIAN_POINT('',(39.223406467361,56.379054342219,8.00000000001
    ));
#346 = CARTESIAN_POINT('',(37.744828888332,65.002650631779,
    7.999999999993));
#347 = CARTESIAN_POINT('',(36.046264067112,73.237410107304,
    8.000000000003));
#348 = CARTESIAN_POINT('',(34.141322174313,81.026128757662,8.));
#349 = CARTESIAN_POINT('',(29.950977707036,95.604247779776,8.));
#350 = CARTESIAN_POINT('',(25.075451203009,107.98516611972,8.));
#351 = CARTESIAN_POINT('',(22.48453878787,113.57783127882,7.999999999997
    ));
#352 = CARTESIAN_POINT('',(19.769359701493,118.51744130784,
    8.000000000005));
#353 = CARTESIAN_POINT('',(16.932675154981,122.80057117348,
    7.999999999993));
#354 = CARTESIAN_POINT('',(14.05155296357,126.29705687244,8.000000000006
    ));
#355 = CARTESIAN_POINT('',(11.113931108855,129.14044797218,
    7.999999999996));
#356 = CARTESIAN_POINT('',(8.179073751844,131.1058498789,8.000000000002)
  );
#357 = CARTESIAN_POINT('',(5.407597880998,132.36852069579,8.));
#358 = CARTESIAN_POINT('',(1.22944588501E-12,133.6314793042,8.));
#359 = CARTESIAN_POINT('',(-5.407597881,132.3685206958,8.));
#360 = CARTESIAN_POINT('',(-8.179073751834,131.10584987886,8.));
#361 = CARTESIAN_POINT('',(-11.11393110887,129.14044797227,8.));
#362 = CARTESIAN_POINT('',(-14.05155296353,126.29705687231,8.));
#363 = CARTESIAN_POINT('',(-16.93267515501,122.80057117362,8.));
#364 = CARTESIAN_POINT('',(-19.76935970147,118.51744130773,8.));
#365 = CARTESIAN_POINT('',(-22.48453878788,113.57783127887,8.));
#366 = CARTESIAN_POINT('',(-25.075451203,107.9851661197,8.));
#367 = CARTESIAN_POINT('',(-29.95097770703,95.604247779781,8.));
#368 = CARTESIAN_POINT('',(-34.14132217431,81.026128757664,
    8.000000000001));
#369 = CARTESIAN_POINT('',(-36.04626406709,73.237410107277,
    7.999999999998));
#370 = CARTESIAN_POINT('',(-37.74482888837,65.002650631848,
    8.000000000005));
#371 = CARTESIAN_POINT('',(-39.22340646729,56.37905434211,7.999999999993
    ));
#372 = CARTESIAN_POINT('',(-40.47073834351,47.426957788419,
    8.000000000008));
#373 = CARTESIAN_POINT('',(-41.47779960894,38.209315329009,
    7.999999999994));
#374 = CARTESIAN_POINT('',(-42.23774744205,28.791122830114,
    8.000000000003));
#375 = CARTESIAN_POINT('',(-42.74593633278,19.238779790112,
    7.999999999999));
#376 = CARTESIAN_POINT('',(-43.,9.619389895066,8.));
#377 = CARTESIAN_POINT('',(-43.,1.566889822971E-14,8.));
#378 = DEFINITIONAL_REPRESENTATION('',(#379),#383);
#379 = LINE('',#380,#381);
#380 = CARTESIAN_POINT('',(0.,0.));
#381 = VECTOR('',#382,1.);
#382 = DIRECTION('',(0.,1.));
#383 = ( GEOMETRIC_REPRESENTATION_CONTEXT(2) 
PARAMETRIC_REPRESENTATION_CONTEXT() REPRESENTATION_CONTEXT('2D SPACE',''
  ) );
#384 = ORIENTED_EDGE('',*,*,#385,.F.);
#385 = EDGE_CURVE('',#24,#212,#386,.T.);
#386 = SURFACE_CURVE('',#387,(#390,#396),.PCURVE_S1.);
#387 = B_SPLINE_CURVE_WITH_KNOTS('',1,(#388,#389),.UNSPECIFIED.,.F.,.F.,
  (2,2),(0.,2.4),.PIECEWISE_BEZIER_KNOTS.);
#388 = CARTESIAN_POINT('',(-45.4,2.37445260314E-14,0.));
#389 = CARTESIAN_POINT('',(-43.,2.277432558731E-14,0.));
#390 = PCURVE('',#68,#391);
#391 = DEFINITIONAL_REPRESENTATION('',(#392),#395);
#392 = B_SPLINE_CURVE_WITH_KNOTS('',1,(#393,#394),.UNSPECIFIED.,.F.,.F.,
  (2,2),(0.,2.4),.PIECEWISE_BEZIER_KNOTS.);
#393 = CARTESIAN_POINT('',(81.292958230798,45.4));
#394 = CARTESIAN_POINT('',(81.292958230798,43.));
#395 = ( GEOMETRIC_REPRESENTATION_CONTEXT(2) 
PARAMETRIC_REPRESENTATION_CONTEXT() REPRESENTATION_CONTEXT('2D SPACE',''
  ) );
#396 = PCURVE('',#397,#402);
#397 = PLANE('',#398);
#398 = AXIS2_PLACEMENT_3D('',#399,#400,#401);
#399 = CARTESIAN_POINT('',(-44.2,1.879839267782E-14,4.));
#400 = DIRECTION('',(-1.924697871091E-15,-1.,0.));
#401 = DIRECTION('',(1.,-1.924697871091E-15,0.));
#402 = DEFINITIONAL_REPRESENTATION('',(#403),#406);
#403 = B_SPLINE_CURVE_WITH_KNOTS('',1,(#404,#405),.UNSPECIFIED.,.F.,.F.,
  (2,2),(0.,2.4),.PIECEWISE_BEZIER_KNOTS.);
#404 = CARTESIAN_POINT('',(-1.2,-4.));
#405 = CARTESIAN_POINT('',(1.2,-4.));
#406 = ( GEOMETRIC_REPRESENTATION_CONTEXT(2) 
PARAMETRIC_REPRESENTATION_CONTEXT() REPRESENTATION_CONTEXT('2D SPACE',''
  ) );
#407 = ADVANCED_FACE('',(#408),#397,.T.);
#408 = FACE_BOUND('',#409,.T.);
#409 = EDGE_LOOP('',(#410,#411,#432,#457));
#410 = ORIENTED_EDGE('',*,*,#385,.T.);
#411 = ORIENTED_EDGE('',*,*,#412,.T.);
#412 = EDGE_CURVE('',#212,#413,#415,.T.);
#413 = VERTEX_POINT('',#414);
#414 = CARTESIAN_POINT('',(-43.,1.566889822971E-14,8.));
#415 = SURFACE_CURVE('',#416,(#419,#425),.PCURVE_S1.);
#416 = B_SPLINE_CURVE_WITH_KNOTS('',1,(#417,#418),.UNSPECIFIED.,.F.,.F.,
  (2,2),(0.,8.),.PIECEWISE_BEZIER_KNOTS.);
#417 = CARTESIAN_POINT('',(-43.,1.566889822971E-14,0.));
#418 = CARTESIAN_POINT('',(-43.,1.566889822971E-14,8.));
#419 = PCURVE('',#397,#420);
#420 = DEFINITIONAL_REPRESENTATION('',(#421),#424);
#421 = B_SPLINE_CURVE_WITH_KNOTS('',1,(#422,#423),.UNSPECIFIED.,.F.,.F.,
  (2,2),(0.,8.),.PIECEWISE_BEZIER_KNOTS.);
#422 = CARTESIAN_POINT('',(1.2,-4.));
#423 = CARTESIAN_POINT('',(1.2,4.));
#424 = ( GEOMETRIC_REPRESENTATION_CONTEXT(2) 
PARAMETRIC_REPRESENTATION_CONTEXT() REPRESENTATION_CONTEXT('2D SPACE',''
  ) );
#425 = PCURVE('',#299,#426);
#426 = DEFINITIONAL_REPRESENTATION('',(#427),#431);
#427 = LINE('',#428,#429);
#428 = CARTESIAN_POINT('',(0.,7.853981633974));
#429 = VECTOR('',#430,1.);
#430 = DIRECTION('',(1.,0.));
#431 = ( GEOMETRIC_REPRESENTATION_CONTEXT(2) 
PARAMETRIC_REPRESENTATION_CONTEXT() REPRESENTATION_CONTEXT('2D SPACE',''
  ) );
#432 = ORIENTED_EDGE('',*,*,#433,.T.);
#433 = EDGE_CURVE('',#413,#434,#436,.T.);
#434 = VERTEX_POINT('',#435);
#435 = CARTESIAN_POINT('',(-45.4,1.9251267247E-14,8.));
#436 = SURFACE_CURVE('',#437,(#440,#446),.PCURVE_S1.);
#437 = B_SPLINE_CURVE_WITH_KNOTS('',1,(#438,#439),.UNSPECIFIED.,.F.,.F.,
  (2,2),(0.,2.4),.PIECEWISE_BEZIER_KNOTS.);
#438 = CARTESIAN_POINT('',(-43.,1.566889822971E-14,8.));
#439 = CARTESIAN_POINT('',(-45.4,3.084995338901E-14,8.));
#440 = PCURVE('',#397,#441);
#441 = DEFINITIONAL_REPRESENTATION('',(#442),#445);
#442 = B_SPLINE_CURVE_WITH_KNOTS('',1,(#443,#444),.UNSPECIFIED.,.F.,.F.,
  (2,2),(0.,2.4),.PIECEWISE_BEZIER_KNOTS.);
#443 = CARTESIAN_POINT('',(1.2,4.));
#444 = CARTESIAN_POINT('',(-1.2,4.));
#445 = ( GEOMETRIC_REPRESENTATION_CONTEXT(2) 
PARAMETRIC_REPRESENTATION_CONTEXT() REPRESENTATION_CONTEXT('2D SPACE',''
  ) );
#446 = PCURVE('',#447,#452);
#447 = PLANE('',#448);
#448 = AXIS2_PLACEMENT_3D('',#449,#450,#451);
#449 = CARTESIAN_POINT('',(1.616305615145E-14,81.292958230798,8.));
#450 = DIRECTION('',(-7.01118130276E-17,6.089938009851E-18,1.));
#451 = DIRECTION('',(1.532519102992E-15,1.,-6.089938009851E-18));
#452 = DEFINITIONAL_REPRESENTATION('',(#453),#456);
#453 = B_SPLINE_CURVE_WITH_KNOTS('',1,(#454,#455),.UNSPECIFIED.,.F.,.F.,
  (2,2),(0.,2.4),.PIECEWISE_BEZIER_KNOTS.);
#454 = CARTESIAN_POINT('',(-81.29295823079,43.));
#455 = CARTESIAN_POINT('',(-81.29295823079,45.4));
#456 = ( GEOMETRIC_REPRESENTATION_CONTEXT(2) 
PARAMETRIC_REPRESENTATION_CONTEXT() REPRESENTATION_CONTEXT('2D SPACE',''
  ) );
#457 = ORIENTED_EDGE('',*,*,#458,.T.);
#458 = EDGE_CURVE('',#434,#24,#459,.T.);
#459 = SURFACE_CURVE('',#460,(#463,#469),.PCURVE_S1.);
#460 = B_SPLINE_CURVE_WITH_KNOTS('',1,(#461,#462),.UNSPECIFIED.,.F.,.F.,
  (2,2),(0.,8.),.PIECEWISE_BEZIER_KNOTS.);
#461 = CARTESIAN_POINT('',(-45.4,1.9251267247E-14,8.));
#462 = CARTESIAN_POINT('',(-45.4,1.9251267247E-14,0.));
#463 = PCURVE('',#397,#464);
#464 = DEFINITIONAL_REPRESENTATION('',(#465),#468);
#465 = B_SPLINE_CURVE_WITH_KNOTS('',1,(#466,#467),.UNSPECIFIED.,.F.,.F.,
  (2,2),(0.,8.),.PIECEWISE_BEZIER_KNOTS.);
#466 = CARTESIAN_POINT('',(-1.2,4.));
#467 = CARTESIAN_POINT('',(-1.2,-4.));
#468 = ( GEOMETRIC_REPRESENTATION_CONTEXT(2) 
PARAMETRIC_REPRESENTATION_CONTEXT() REPRESENTATION_CONTEXT('2D SPACE',''
  ) );
#469 = PCURVE('',#116,#470);
#470 = DEFINITIONAL_REPRESENTATION('',(#471),#475);
#471 = LINE('',#472,#473);
#472 = CARTESIAN_POINT('',(0.,7.853981633974));
#473 = VECTOR('',#474,1.);
#474 = DIRECTION('',(1.,0.));
#475 = ( GEOMETRIC_REPRESENTATION_CONTEXT(2) 
PARAMETRIC_REPRESENTATION_CONTEXT() REPRESENTATION_CONTEXT('2D SPACE',''
  ) );
#476 = ADVANCED_FACE('',(#477),#447,.T.);
#477 = FACE_BOUND('',#478,.T.);
#478 = EDGE_LOOP('',(#479,#574,#594,#687));
#479 = ORIENTED_EDGE('',*,*,#480,.F.);
#480 = EDGE_CURVE('',#481,#413,#483,.T.);
#481 = VERTEX_POINT('',#482);
#482 = CARTESIAN_POINT('',(43.,-5.905796992079E-15,8.));
#483 = SURFACE_CURVE('',#484,(#524,#567),.PCURVE_S1.);
#484 = B_SPLINE_CURVE_WITH_KNOTS('',11,(#485,#486,#487,#488,#489,#490,
    #491,#492,#493,#494,#495,#496,#497,#498,#499,#500,#501,#502,#503,
    #504,#505,#506,#507,#508,#509,#510,#511,#512,#513,#514,#515,#516,
    #517,#518,#519,#520,#521,#522,#523),.UNSPECIFIED.,.F.,.F.,(12,9,9,9,
    12),(4.712388980385,5.497787143782,6.28318530718,7.068583470577,
    7.853981633974),.UNSPECIFIED.);
#485 = CARTESIAN_POINT('',(43.,-5.905796992079E-15,8.));
#486 = CARTESIAN_POINT('',(42.999999999998,9.619389895061,8.));
#487 = CARTESIAN_POINT('',(42.745936332797,19.238779790133,
    8.000000000002));
#488 = CARTESIAN_POINT('',(42.237747442023,28.791122830059,
    7.999999999995));
#489 = CARTESIAN_POINT('',(41.477799609006,38.209315329103,
    8.000000000009));
#490 = CARTESIAN_POINT('',(40.470738343439,47.4269577883,7.999999999989)
  );
#491 = CARTESIAN_POINT('',(39.223406467361,56.379054342219,8.00000000001
    ));
#492 = CARTESIAN_POINT('',(37.744828888332,65.002650631779,
    7.999999999993));
#493 = CARTESIAN_POINT('',(36.046264067112,73.237410107304,
    8.000000000003));
#494 = CARTESIAN_POINT('',(34.141322174313,81.026128757662,8.));
#495 = CARTESIAN_POINT('',(29.950977707036,95.604247779776,8.));
#496 = CARTESIAN_POINT('',(25.075451203009,107.98516611972,8.));
#497 = CARTESIAN_POINT('',(22.48453878787,113.57783127882,7.999999999997
    ));
#498 = CARTESIAN_POINT('',(19.769359701493,118.51744130784,
    8.000000000005));
#499 = CARTESIAN_POINT('',(16.932675154981,122.80057117348,
    7.999999999993));
#500 = CARTESIAN_POINT('',(14.05155296357,126.29705687244,8.000000000006
    ));
#501 = CARTESIAN_POINT('',(11.113931108855,129.14044797218,
    7.999999999996));
#502 = CARTESIAN_POINT('',(8.179073751844,131.1058498789,8.000000000002)
  );
#503 = CARTESIAN_POINT('',(5.407597880998,132.36852069579,8.));
#504 = CARTESIAN_POINT('',(1.22944588501E-12,133.6314793042,8.));
#505 = CARTESIAN_POINT('',(-5.407597881,132.3685206958,8.));
#506 = CARTESIAN_POINT('',(-8.179073751834,131.10584987886,8.));
#507 = CARTESIAN_POINT('',(-11.11393110887,129.14044797227,8.));
#508 = CARTESIAN_POINT('',(-14.05155296353,126.29705687231,8.));
#509 = CARTESIAN_POINT('',(-16.93267515501,122.80057117362,8.));
#510 = CARTESIAN_POINT('',(-19.76935970147,118.51744130773,8.));
#511 = CARTESIAN_POINT('',(-22.48453878788,113.57783127887,8.));
#512 = CARTESIAN_POINT('',(-25.075451203,107.9851661197,8.));
#513 = CARTESIAN_POINT('',(-29.95097770703,95.604247779781,8.));
#514 = CARTESIAN_POINT('',(-34.14132217431,81.026128757664,
    8.000000000001));
#515 = CARTESIAN_POINT('',(-36.04626406709,73.237410107277,
    7.999999999998));
#516 = CARTESIAN_POINT('',(-37.74482888837,65.002650631848,
    8.000000000005));
#517 = CARTESIAN_POINT('',(-39.22340646729,56.37905434211,7.999999999993
    ));
#518 = CARTESIAN_POINT('',(-40.47073834351,47.426957788419,
    8.000000000008));
#519 = CARTESIAN_POINT('',(-41.47779960894,38.209315329009,
    7.999999999994));
#520 = CARTESIAN_POINT('',(-42.23774744205,28.791122830114,
    8.000000000003));
#521 = CARTESIAN_POINT('',(-42.74593633278,19.238779790112,
    7.999999999999));
#522 = CARTESIAN_POINT('',(-43.,9.619389895066,8.));
#523 = CARTESIAN_POINT('',(-43.,1.566889822971E-14,8.));
#524 = PCURVE('',#447,#525);
#525 = DEFINITIONAL_REPRESENTATION('',(#526),#566);
#526 = B_SPLINE_CURVE_WITH_KNOTS('',11,(#527,#528,#529,#530,#531,#532,
    #533,#534,#535,#536,#537,#538,#539,#540,#541,#542,#543,#544,#545,
    #546,#547,#548,#549,#550,#551,#552,#553,#554,#555,#556,#557,#558,
    #559,#560,#561,#562,#563,#564,#565),.UNSPECIFIED.,.F.,.F.,(12,9,9,9,
    12),(4.712388980385,5.497787143782,6.28318530718,7.068583470577,
    7.853981633974),.UNSPECIFIED.);
#527 = CARTESIAN_POINT('',(-81.29295823079,-43.));
#528 = CARTESIAN_POINT('',(-71.67356833573,-42.99999999999));
#529 = CARTESIAN_POINT('',(-62.05417844066,-42.74593633279));
#530 = CARTESIAN_POINT('',(-52.50183540073,-42.23774744202));
#531 = CARTESIAN_POINT('',(-43.08364290169,-41.477799609));
#532 = CARTESIAN_POINT('',(-33.86600044249,-40.47073834343));
#533 = CARTESIAN_POINT('',(-24.91390388858,-39.22340646736));
#534 = CARTESIAN_POINT('',(-16.29030759901,-37.74482888833));
#535 = CARTESIAN_POINT('',(-8.055548123494,-36.04626406711));
#536 = CARTESIAN_POINT('',(-0.266829473136,-34.14132217431));
#537 = CARTESIAN_POINT('',(14.311289548978,-29.95097770703));
#538 = CARTESIAN_POINT('',(26.692207888922,-25.075451203));
#539 = CARTESIAN_POINT('',(32.284873048023,-22.48453878787));
#540 = CARTESIAN_POINT('',(37.224483077048,-19.76935970149));
#541 = CARTESIAN_POINT('',(41.507612942683,-16.93267515498));
#542 = CARTESIAN_POINT('',(45.004098641651,-14.05155296357));
#543 = CARTESIAN_POINT('',(47.84748974139,-11.11393110885));
#544 = CARTESIAN_POINT('',(49.812891648105,-8.179073751844));
#545 = CARTESIAN_POINT('',(51.075562464996,-5.407597880998));
#546 = CARTESIAN_POINT('',(52.338521073405,-1.133073045491E-12));
#547 = CARTESIAN_POINT('',(51.075562465001,5.407597881));
#548 = CARTESIAN_POINT('',(49.812891648069,8.179073751834));
#549 = CARTESIAN_POINT('',(47.847489741477,11.113931108876));
#550 = CARTESIAN_POINT('',(45.004098641516,14.051552963539));
#551 = CARTESIAN_POINT('',(41.507612942828,16.932675155014));
#552 = CARTESIAN_POINT('',(37.22448307694,19.76935970147));
#553 = CARTESIAN_POINT('',(32.284873048074,22.484538787881));
#554 = CARTESIAN_POINT('',(26.692207888911,25.075451203007));
#555 = CARTESIAN_POINT('',(14.311289548982,29.950977707035));
#556 = CARTESIAN_POINT('',(-0.266829473134,34.141322174316));
#557 = CARTESIAN_POINT('',(-8.055548123521,36.046264067092));
#558 = CARTESIAN_POINT('',(-16.29030759895,37.744828888377));
#559 = CARTESIAN_POINT('',(-24.91390388868,39.223406467292));
#560 = CARTESIAN_POINT('',(-33.86600044237,40.470738343512));
#561 = CARTESIAN_POINT('',(-43.08364290178,41.477799608949));
#562 = CARTESIAN_POINT('',(-52.50183540068,42.237747442055));
#563 = CARTESIAN_POINT('',(-62.05417844068,42.745936332784));
#564 = CARTESIAN_POINT('',(-71.67356833573,43.000000000001));
#565 = CARTESIAN_POINT('',(-81.29295823079,43.));
#566 = ( GEOMETRIC_REPRESENTATION_CONTEXT(2) 
PARAMETRIC_REPRESENTATION_CONTEXT() REPRESENTATION_CONTEXT('2D SPACE',''
  ) );
#567 = PCURVE('',#299,#568);
#568 = DEFINITIONAL_REPRESENTATION('',(#569),#573);
#569 = LINE('',#570,#571);
#570 = CARTESIAN_POINT('',(8.,0.));
#571 = VECTOR('',#572,1.);
#572 = DIRECTION('',(0.,1.));
#573 = ( GEOMETRIC_REPRESENTATION_CONTEXT(2) 
PARAMETRIC_REPRESENTATION_CONTEXT() REPRESENTATION_CONTEXT('2D SPACE',''
  ) );
#574 = ORIENTED_EDGE('',*,*,#575,.T.);
#575 = EDGE_CURVE('',#481,#576,#578,.T.);
#576 = VERTEX_POINT('',#577);
#577 = CARTESIAN_POINT('',(45.4,1.650007564202E-15,8.));
#578 = SURFACE_CURVE('',#579,(#582,#588),.PCURVE_S1.);
#579 = B_SPLINE_CURVE_WITH_KNOTS('',1,(#580,#581),.UNSPECIFIED.,.F.,.F.,
  (2,2),(0.,2.4),.PIECEWISE_BEZIER_KNOTS.);
#580 = CARTESIAN_POINT('',(43.,-5.905796992079E-15,8.));
#581 = CARTESIAN_POINT('',(45.4,-5.45541979342E-15,8.));
#582 = PCURVE('',#447,#583);
#583 = DEFINITIONAL_REPRESENTATION('',(#584),#587);
#584 = B_SPLINE_CURVE_WITH_KNOTS('',1,(#585,#586),.UNSPECIFIED.,.F.,.F.,
  (2,2),(0.,2.4),.PIECEWISE_BEZIER_KNOTS.);
#585 = CARTESIAN_POINT('',(-81.29295823079,-43.));
#586 = CARTESIAN_POINT('',(-81.29295823079,-45.4));
#587 = ( GEOMETRIC_REPRESENTATION_CONTEXT(2) 
PARAMETRIC_REPRESENTATION_CONTEXT() REPRESENTATION_CONTEXT('2D SPACE',''
  ) );
#588 = PCURVE('',#200,#589);
#589 = DEFINITIONAL_REPRESENTATION('',(#590),#593);
#590 = B_SPLINE_CURVE_WITH_KNOTS('',1,(#591,#592),.UNSPECIFIED.,.F.,.F.,
  (2,2),(0.,2.4),.PIECEWISE_BEZIER_KNOTS.);
#591 = CARTESIAN_POINT('',(1.2,4.));
#592 = CARTESIAN_POINT('',(-1.2,4.));
#593 = ( GEOMETRIC_REPRESENTATION_CONTEXT(2) 
PARAMETRIC_REPRESENTATION_CONTEXT() REPRESENTATION_CONTEXT('2D SPACE',''
  ) );
#594 = ORIENTED_EDGE('',*,*,#595,.T.);
#595 = EDGE_CURVE('',#576,#434,#596,.T.);
#596 = SURFACE_CURVE('',#597,(#637,#680),.PCURVE_S1.);
#597 = B_SPLINE_CURVE_WITH_KNOTS('',11,(#598,#599,#600,#601,#602,#603,
    #604,#605,#606,#607,#608,#609,#610,#611,#612,#613,#614,#615,#616,
    #617,#618,#619,#620,#621,#622,#623,#624,#625,#626,#627,#628,#629,
    #630,#631,#632,#633,#634,#635,#636),.UNSPECIFIED.,.F.,.F.,(12,9,9,9,
    12),(4.712388980385,5.497787143782,6.28318530718,7.068583470577,
    7.853981633974),.UNSPECIFIED.);
#598 = CARTESIAN_POINT('',(45.4,-5.45541979342E-15,8.));
#599 = CARTESIAN_POINT('',(45.399999999998,9.677015247033,8.));
#600 = CARTESIAN_POINT('',(45.144414353919,19.35403049408,8.000000000002
    ));
#601 = CARTESIAN_POINT('',(44.633236752581,28.964647581666,
    7.999999999995));
#602 = CARTESIAN_POINT('',(43.868673608171,38.442431384588,
    8.000000000009));
#603 = CARTESIAN_POINT('',(42.855128371759,47.721685417587,
    7.999999999989));
#604 = CARTESIAN_POINT('',(41.59916377364,56.738189191874,8.00000000001)
  );
#605 = CARTESIAN_POINT('',(40.109441982366,65.429897318719,
    7.999999999993));
#606 = CARTESIAN_POINT('',(38.396642687712,73.737600364773,
    8.000000000003));
#607 = CARTESIAN_POINT('',(36.473359102186,81.605547454516,8.));
#608 = CARTESIAN_POINT('',(32.234584668939,96.358513792315,8.));
#609 = CARTESIAN_POINT('',(27.275475517822,108.95714863961,8.));
#610 = CARTESIAN_POINT('',(24.63179852792,114.67084001786,7.999999999997
    ));
#611 = CARTESIAN_POINT('',(21.842216200276,119.75559385021,
    8.000000000005));
#612 = CARTESIAN_POINT('',(18.924205795638,124.17681535746,
    7.999999999993));
#613 = CARTESIAN_POINT('',(15.902048539129,127.89530458871,
    8.000000000006));
#614 = CARTESIAN_POINT('',(12.794058441265,130.89763361368,
    7.999999999996));
#615 = CARTESIAN_POINT('',(9.624712167971,133.14855047829,8.000000000002
    ));
#616 = CARTESIAN_POINT('',(6.42673655044,134.6495094468,8.));
#617 = CARTESIAN_POINT('',(7.292512645856E-13,136.15049055319,8.));
#618 = CARTESIAN_POINT('',(-6.426736550442,134.64950944681,8.));
#619 = CARTESIAN_POINT('',(-9.624712167965,133.14855047825,8.));
#620 = CARTESIAN_POINT('',(-12.79405844127,130.89763361378,8.));
#621 = CARTESIAN_POINT('',(-15.9020485391,127.89530458856,8.));
#622 = CARTESIAN_POINT('',(-18.92420579565,124.17681535762,8.));
#623 = CARTESIAN_POINT('',(-21.84221620026,119.75559385008,8.));
#624 = CARTESIAN_POINT('',(-24.63179852792,114.67084001792,8.));
#625 = CARTESIAN_POINT('',(-27.27547551782,108.9571486396,8.));
#626 = CARTESIAN_POINT('',(-32.23458466893,96.358513792319,8.));
#627 = CARTESIAN_POINT('',(-36.47335910219,81.605547454519,
    8.000000000001));
#628 = CARTESIAN_POINT('',(-38.39664268768,73.737600364742,
    7.999999999998));
#629 = CARTESIAN_POINT('',(-40.10944198242,65.429897318799,
    8.000000000005));
#630 = CARTESIAN_POINT('',(-41.59916377354,56.738189191751,
    7.999999999993));
#631 = CARTESIAN_POINT('',(-42.85512837185,47.721685417722,
    8.000000000008));
#632 = CARTESIAN_POINT('',(-43.86867360809,38.442431384481,
    7.999999999994));
#633 = CARTESIAN_POINT('',(-44.63323675262,28.964647581728,
    8.000000000003));
#634 = CARTESIAN_POINT('',(-45.1444143539,19.354030494055,7.999999999999
    ));
#635 = CARTESIAN_POINT('',(-45.4,9.677015247039,8.));
#636 = CARTESIAN_POINT('',(-45.4,3.084995338901E-14,8.));
#637 = PCURVE('',#447,#638);
#638 = DEFINITIONAL_REPRESENTATION('',(#639),#679);
#639 = B_SPLINE_CURVE_WITH_KNOTS('',11,(#640,#641,#642,#643,#644,#645,
    #646,#647,#648,#649,#650,#651,#652,#653,#654,#655,#656,#657,#658,
    #659,#660,#661,#662,#663,#664,#665,#666,#667,#668,#669,#670,#671,
    #672,#673,#674,#675,#676,#677,#678),.UNSPECIFIED.,.F.,.F.,(12,9,9,9,
    12),(4.712388980385,5.497787143782,6.28318530718,7.068583470577,
    7.853981633974),.UNSPECIFIED.);
#640 = CARTESIAN_POINT('',(-81.29295823079,-45.4));
#641 = CARTESIAN_POINT('',(-71.61594298376,-45.39999999999));
#642 = CARTESIAN_POINT('',(-61.93892773671,-45.14441435391));
#643 = CARTESIAN_POINT('',(-52.32831064913,-44.63323675258));
#644 = CARTESIAN_POINT('',(-42.85052684621,-43.86867360817));
#645 = CARTESIAN_POINT('',(-33.57127281321,-42.85512837175));
#646 = CARTESIAN_POINT('',(-24.55476903892,-41.59916377364));
#647 = CARTESIAN_POINT('',(-15.86306091207,-40.10944198236));
#648 = CARTESIAN_POINT('',(-7.555357866025,-38.39664268771));
#649 = CARTESIAN_POINT('',(0.312589223717,-36.47335910218));
#650 = CARTESIAN_POINT('',(15.065555561517,-32.23458466893));
#651 = CARTESIAN_POINT('',(27.664190408821,-27.27547551782));
#652 = CARTESIAN_POINT('',(33.377881787071,-24.63179852792));
#653 = CARTESIAN_POINT('',(38.462635619414,-21.84221620027));
#654 = CARTESIAN_POINT('',(42.883857126664,-18.92420579563));
#655 = CARTESIAN_POINT('',(46.60234635792,-15.90204853912));
#656 = CARTESIAN_POINT('',(49.604675382891,-12.79405844126));
#657 = CARTESIAN_POINT('',(51.855592247499,-9.624712167971));
#658 = CARTESIAN_POINT('',(53.356551216009,-6.42673655044));
#659 = CARTESIAN_POINT('',(54.857532322392,-6.29017992207E-13));
#660 = CARTESIAN_POINT('',(53.356551216014,6.426736550442));
#661 = CARTESIAN_POINT('',(51.855592247461,9.624712167965));
#662 = CARTESIAN_POINT('',(49.604675382988,12.794058441279));
#663 = CARTESIAN_POINT('',(46.602346357768,15.902048539109));
#664 = CARTESIAN_POINT('',(42.883857126828,18.924205795659));
#665 = CARTESIAN_POINT('',(38.462635619291,21.842216200261));
#666 = CARTESIAN_POINT('',(33.37788178713,24.631798527927));
#667 = CARTESIAN_POINT('',(27.664190408808,27.275475517822));
#668 = CARTESIAN_POINT('',(15.065555561521,32.234584668936));
#669 = CARTESIAN_POINT('',(0.31258922372,36.473359102191));
#670 = CARTESIAN_POINT('',(-7.555357866057,38.396642687685));
#671 = CARTESIAN_POINT('',(-15.86306091199,40.109441982427));
#672 = CARTESIAN_POINT('',(-24.55476903904,41.599163773547));
#673 = CARTESIAN_POINT('',(-33.57127281307,42.855128371859));
#674 = CARTESIAN_POINT('',(-42.85052684631,43.868673608091));
#675 = CARTESIAN_POINT('',(-52.32831064907,44.633236752627));
#676 = CARTESIAN_POINT('',(-61.93892773674,45.1444143539));
#677 = CARTESIAN_POINT('',(-71.61594298376,45.400000000002));
#678 = CARTESIAN_POINT('',(-81.29295823079,45.4));
#679 = ( GEOMETRIC_REPRESENTATION_CONTEXT(2) 
PARAMETRIC_REPRESENTATION_CONTEXT() REPRESENTATION_CONTEXT('2D SPACE',''
  ) );
#680 = PCURVE('',#116,#681);
#681 = DEFINITIONAL_REPRESENTATION('',(#682),#686);
#682 = LINE('',#683,#684);
#683 = CARTESIAN_POINT('',(0.,0.));
#684 = VECTOR('',#685,1.);
#685 = DIRECTION('',(0.,1.));
#686 = ( GEOMETRIC_REPRESENTATION_CONTEXT(2) 
PARAMETRIC_REPRESENTATION_CONTEXT() REPRESENTATION_CONTEXT('2D SPACE',''
  ) );
#687 = ORIENTED_EDGE('',*,*,#433,.F.);
#688 = ADVANCED_FACE('',(#689,#713,#1164,#1615,#2066,#2517,#2962),#299,
  .T.);
#689 = FACE_BOUND('',#690,.T.);
#690 = EDGE_LOOP('',(#691,#692,#711,#712));
#691 = ORIENTED_EDGE('',*,*,#211,.F.);
#692 = ORIENTED_EDGE('',*,*,#693,.T.);
#693 = EDGE_CURVE('',#187,#481,#694,.T.);
#694 = SURFACE_CURVE('',#695,(#698,#705),.PCURVE_S1.);
#695 = B_SPLINE_CURVE_WITH_KNOTS('',1,(#696,#697),.UNSPECIFIED.,.F.,.F.,
  (2,2),(0.,8.),.PIECEWISE_BEZIER_KNOTS.);
#696 = CARTESIAN_POINT('',(43.,-5.905796992079E-15,0.));
#697 = CARTESIAN_POINT('',(43.,-5.905796992079E-15,8.));
#698 = PCURVE('',#299,#699);
#699 = DEFINITIONAL_REPRESENTATION('',(#700),#704);
#700 = LINE('',#701,#702);
#701 = CARTESIAN_POINT('',(0.,4.712388980385));
#702 = VECTOR('',#703,1.);
#703 = DIRECTION('',(1.,0.));
#704 = ( GEOMETRIC_REPRESENTATION_CONTEXT(2) 
PARAMETRIC_REPRESENTATION_CONTEXT() REPRESENTATION_CONTEXT('2D SPACE',''
  ) );
#705 = PCURVE('',#200,#706);
#706 = DEFINITIONAL_REPRESENTATION('',(#707),#710);
#707 = B_SPLINE_CURVE_WITH_KNOTS('',1,(#708,#709),.UNSPECIFIED.,.F.,.F.,
  (2,2),(0.,8.),.PIECEWISE_BEZIER_KNOTS.);
#708 = CARTESIAN_POINT('',(1.2,-4.));
#709 = CARTESIAN_POINT('',(1.2,4.));
#710 = ( GEOMETRIC_REPRESENTATION_CONTEXT(2) 
PARAMETRIC_REPRESENTATION_CONTEXT() REPRESENTATION_CONTEXT('2D SPACE',''
  ) );
#711 = ORIENTED_EDGE('',*,*,#480,.T.);
#712 = ORIENTED_EDGE('',*,*,#412,.F.);
#713 = FACE_BOUND('',#714,.T.);
#714 = EDGE_LOOP('',(#715));
#715 = ORIENTED_EDGE('',*,*,#716,.T.);
#716 = EDGE_CURVE('',#717,#717,#719,.T.);
#717 = VERTEX_POINT('',#718);
#718 = CARTESIAN_POINT('',(42.709955321632,15.219802255814,4.));
#719 = SURFACE_CURVE('',#720,(#837,#998),.PCURVE_S1.);
#720 = B_SPLINE_CURVE_WITH_KNOTS('',7,(#721,#722,#723,#724,#725,#726,
    #727,#728,#729,#730,#731,#732,#733,#734,#735,#736,#737,#738,#739,
    #740,#741,#742,#743,#744,#745,#746,#747,#748,#749,#750,#751,#752,
    #753,#754,#755,#756,#757,#758,#759,#760,#761,#762,#763,#764,#765,
    #766,#767,#768,#769,#770,#771,#772,#773,#774,#775,#776,#777,#778,
    #779,#780,#781,#782,#783,#784,#785,#786,#787,#788,#789,#790,#791,
    #792,#793,#794,#795,#796,#797,#798,#799,#800,#801,#802,#803,#804,
    #805,#806,#807,#808,#809,#810,#811,#812,#813,#814,#815,#816,#817,
    #818,#819,#820,#821,#822,#823,#824,#825,#826,#827,#828,#829,#830,
    #831,#832,#833,#834,#835,#836),.UNSPECIFIED.,.T.,.F.,(8,6,6,6,6,6,6,
    6,6,6,6,6,6,6,6,6,6,6,6,8),(0.,0.160407807559,0.217602797551,
    0.26236291751,0.333442219636,0.405647778062,0.450165881564,
    0.507247240876,0.550439599888,0.582746975155,0.667516405401,
    0.783674247056,0.826852762855,0.883893145469,0.928322227155,1.,
    1.073310676707,1.117641108485,1.174638137975,1.334245598971),
  .UNSPECIFIED.);
#721 = CARTESIAN_POINT('',(42.709955321632,15.219802255814,4.));
#722 = CARTESIAN_POINT('',(42.709955321632,15.219802255814,
    4.161960076823));
#723 = CARTESIAN_POINT('',(42.710643140279,15.201814460313,
    4.323728689148));
#724 = CARTESIAN_POINT('',(42.712016069224,15.165908675249,
    4.484250881569));
#725 = CARTESIAN_POINT('',(42.714084250462,15.111687625647,
    4.642128265087));
#726 = CARTESIAN_POINT('',(42.716858835515,15.03858234661,4.795558435706
    ));
#727 = CARTESIAN_POINT('',(42.720344497169,14.946033870011,
    4.942392765059));
#728 = CARTESIAN_POINT('',(42.726054838609,14.792752373502,
    5.128889173455));
#729 = CARTESIAN_POINT('',(42.727646870378,14.749888510873,
    5.176688992438));
#730 = CARTESIAN_POINT('',(42.729329977017,14.704421109972,
    5.223132752928));
#731 = CARTESIAN_POINT('',(42.731103641511,14.656330737944,
    5.268060944786));
#732 = CARTESIAN_POINT('',(42.732966716652,14.605611779994,
    5.311293942781));
#733 = CARTESIAN_POINT('',(42.734917268218,14.552277315444,
    5.352634472114));
#734 = CARTESIAN_POINT('',(42.738545102308,14.452606892238,
    5.422575390027));
#735 = CARTESIAN_POINT('',(42.740189506677,14.407272903417,
    5.451989729138));
#736 = CARTESIAN_POINT('',(42.741884151928,14.360382578258,
    5.480010192255));
#737 = CARTESIAN_POINT('',(42.743627042753,14.311969750235,
    5.506525372458));
#738 = CARTESIAN_POINT('',(42.745415588785,14.262084637433,
    5.531418787882));
#739 = CARTESIAN_POINT('',(42.747246525533,14.210796944623,
    5.554572314647));
#740 = CARTESIAN_POINT('',(42.752084308913,14.074673102051,
    5.609689850575));
#741 = CARTESIAN_POINT('',(42.755150886909,13.987805449578,
    5.638844746249));
#742 = CARTESIAN_POINT('',(42.758297309757,13.898026367326,
    5.662835158596));
#743 = CARTESIAN_POINT('',(42.761501729088,13.805879690773,
    5.681221402206));
#744 = CARTESIAN_POINT('',(42.76473885048,13.712031507666,5.69365003288)
  );
#745 = CARTESIAN_POINT('',(42.767980116846,13.617277841588,
    5.699907289686));
#746 = CARTESIAN_POINT('',(42.774458671182,13.426323694946,
    5.700092568048));
#747 = CARTESIAN_POINT('',(42.777697853748,13.330042384633,
    5.693823786764));
#748 = CARTESIAN_POINT('',(42.780878427606,13.234679930414,
    5.681181701609));
#749 = CARTESIAN_POINT('',(42.783973690589,13.141071500303,5.66238794029
    ));
#750 = CARTESIAN_POINT('',(42.786962705288,13.049918448818,
    5.637814112628));
#751 = CARTESIAN_POINT('',(42.789829640423,12.961793718523,
    5.607925795368));
#752 = CARTESIAN_POINT('',(42.794248307357,12.824961582553,
    5.551876089385));
#753 = CARTESIAN_POINT('',(42.795883421621,12.774078194174,
    5.528672392588));
#754 = CARTESIAN_POINT('',(42.797466228767,12.724588089406,
    5.503756852598));
#755 = CARTESIAN_POINT('',(42.798995328924,12.676558609878,
    5.477245623574));
#756 = CARTESIAN_POINT('',(42.800469948609,12.630038198167,
    5.449253078888));
#757 = CARTESIAN_POINT('',(42.801889813778,12.585059405507,
    5.419888516532));
#758 = CARTESIAN_POINT('',(42.805005501555,12.485971732356,
    5.349971661537));
#759 = CARTESIAN_POINT('',(42.806665994102,12.432872489606,
    5.308603701589));
#760 = CARTESIAN_POINT('',(42.808236916628,12.382379563942,
    5.265359555649));
#761 = CARTESIAN_POINT('',(42.809719324191,12.334505252784,
    5.220434665864));
#762 = CARTESIAN_POINT('',(42.811114740843,12.289243538551,
    5.174006950016));
#763 = CARTESIAN_POINT('',(42.812424989666,12.246574868958,
    5.126234405988));
#764 = CARTESIAN_POINT('',(42.814580495045,12.176125068981,
    5.040189220281));
#765 = CARTESIAN_POINT('',(42.815461273245,12.147249289514,
    5.002435226515));
#766 = CARTESIAN_POINT('',(42.816295200078,12.119831492276,
    4.964050636744));
#767 = CARTESIAN_POINT('',(42.817083093412,12.093859102412,
    4.925091019072));
#768 = CARTESIAN_POINT('',(42.817825746322,12.069319076833,
    4.885607607893));
#769 = CARTESIAN_POINT('',(42.818523927096,12.046197904223,
    4.845647303888));
#770 = CARTESIAN_POINT('',(42.819667901711,12.008238069299,
    4.775037967171));
#771 = CARTESIAN_POINT('',(42.820132950699,11.992780823839,
    4.744580601004));
#772 = CARTESIAN_POINT('',(42.820573830551,11.978104248908,
    4.713898555387));
#773 = CARTESIAN_POINT('',(42.820990827033,11.96420298513,4.683008938227
    ));
#774 = CARTESIAN_POINT('',(42.82138420732,11.95107193349,4.651927985472)
  );
#775 = CARTESIAN_POINT('',(42.821754219997,11.938706255347,
    4.620671061109));
#776 = CARTESIAN_POINT('',(42.823011240232,11.896651999624,
    4.506815746735));
#777 = CARTESIAN_POINT('',(42.823762013888,11.871443073074,
    4.423274383736));
#778 = CARTESIAN_POINT('',(42.824357713463,11.851387443621,
    4.338881436963));
#779 = CARTESIAN_POINT('',(42.824801377703,11.836423949216,
    4.253871010815));
#780 = CARTESIAN_POINT('',(42.825095067756,11.826509901818,4.16846157176
    ));
#781 = CARTESIAN_POINT('',(42.825239895453,11.821621103294,
    4.082858010836));
#782 = CARTESIAN_POINT('',(42.825230185209,11.821948882204,
    3.879949331052));
#783 = CARTESIAN_POINT('',(42.824944939958,11.831577595138,
    3.762688850957));
#784 = CARTESIAN_POINT('',(42.824380320751,11.850636271086,
    3.645936157735));
#785 = CARTESIAN_POINT('',(42.823532005725,11.879222228876,3.53022329883
    ));
#786 = CARTESIAN_POINT('',(42.822392688819,11.917485656222,
    3.416149892589));
#787 = CARTESIAN_POINT('',(42.82095194595,11.965627779999,3.304394265515
    ));
#788 = CARTESIAN_POINT('',(42.818541041721,12.045630952502,
    3.155344215268));
#789 = CARTESIAN_POINT('',(42.817844022785,12.068714753385,
    3.115386479248));
#790 = CARTESIAN_POINT('',(42.817102573193,12.093216274446,
    3.075904519433));
#791 = CARTESIAN_POINT('',(42.816315925949,12.119149013367,3.03694513718
    ));
#792 = CARTESIAN_POINT('',(42.815483289065,12.146526008437,
    2.998559455219));
#793 = CARTESIAN_POINT('',(42.814603845555,12.175359838555,
    2.960802917647));
#794 = CARTESIAN_POINT('',(42.812452031194,12.24569369888,2.874767611706
    ));
#795 = CARTESIAN_POINT('',(42.811144238341,12.288285505684,
    2.827005339481));
#796 = CARTESIAN_POINT('',(42.809751426445,12.333466349339,
    2.780583689277));
#797 = CARTESIAN_POINT('',(42.80827177435,12.38125585522,2.735660093442)
  );
#798 = CARTESIAN_POINT('',(42.806703756769,12.431660223512,
    2.692411831028));
#799 = CARTESIAN_POINT('',(42.80504631286,12.484667484329,2.651033658165
    ));
#800 = CARTESIAN_POINT('',(42.801938034328,12.583530648742,
    2.581125829346));
#801 = CARTESIAN_POINT('',(42.800522617789,12.628374064642,
    2.551779922364));
#802 = CARTESIAN_POINT('',(42.799052660635,12.674753676625,
    2.523797915622));
#803 = CARTESIAN_POINT('',(42.797528426176,12.722637425629,
    2.497288325663));
#804 = CARTESIAN_POINT('',(42.795950670983,12.77197754392,2.472364743441
    ));
#805 = CARTESIAN_POINT('',(42.794320770265,12.822707581561,
    2.449142590319));
#806 = CARTESIAN_POINT('',(42.789930604328,12.958682811369,
    2.393200257163));
#807 = CARTESIAN_POINT('',(42.787088874269,13.046054334229,
    2.363372967591));
#808 = CARTESIAN_POINT('',(42.78412650056,13.136423338275,2.338767295749
    ));
#809 = CARTESIAN_POINT('',(42.781058660041,13.229238319789,
    2.319839599513));
#810 = CARTESIAN_POINT('',(42.777905620385,13.323818457817,
    2.306958978676));
#811 = CARTESIAN_POINT('',(42.774693434708,13.419347043684,
    2.300350322595));
#812 = CARTESIAN_POINT('',(42.768141918691,13.612562642365,
    2.299663403245));
#813 = CARTESIAN_POINT('',(42.764798202607,13.710342341852,
    2.305873723178));
#814 = CARTESIAN_POINT('',(42.761457888835,13.807186323545,
    2.318659212161));
#815 = CARTESIAN_POINT('',(42.758152322636,13.902220067669,
    2.337789066261));
#816 = CARTESIAN_POINT('',(42.754909351255,13.994710720396,
    2.362873211839));
#817 = CARTESIAN_POINT('',(42.751753001522,14.08406157584,2.39342241863)
  );
#818 = CARTESIAN_POINT('',(42.746859024153,14.221652534436,
    2.450320091093));
#819 = CARTESIAN_POINT('',(42.745053103355,14.272200959433,
    2.473563554019));
#820 = CARTESIAN_POINT('',(42.743289254821,14.321362970941,
    2.498496573463));
#821 = CARTESIAN_POINT('',(42.74157056937,14.369073190453,2.525004562963
    ));
#822 = CARTESIAN_POINT('',(42.739899497407,14.415284674559,
    2.552974822107));
#823 = CARTESIAN_POINT('',(42.738277924363,14.459965978542,
    2.582299723349));
#824 = CARTESIAN_POINT('',(42.734687775794,14.558554698501,2.6521977916)
  );
#825 = CARTESIAN_POINT('',(42.732752587901,14.611446345531,2.6935878088)
  );
#826 = CARTESIAN_POINT('',(42.730904450608,14.661738967314,
    2.736840900617));
#827 = CARTESIAN_POINT('',(42.729145218699,14.709421068456,
    2.781763099768));
#828 = CARTESIAN_POINT('',(42.727475985477,14.754499147144,
    2.828177861478));
#829 = CARTESIAN_POINT('',(42.725897234632,14.796992990367,
    2.875928403459));
#830 = CARTESIAN_POINT('',(42.720241501075,14.948768365667,
    3.061958195933));
#831 = CARTESIAN_POINT('',(42.716790553085,15.040381376217,
    3.208228873589));
#832 = CARTESIAN_POINT('',(42.714043568254,15.112754158798,3.36098703121
    ));
#833 = CARTESIAN_POINT('',(42.711995809846,15.166438525653,3.5181234013)
  );
#834 = CARTESIAN_POINT('',(42.710636360406,15.201991762864,
    3.677867026379));
#835 = CARTESIAN_POINT('',(42.709955321632,15.219802255814,
    3.838840239193));
#836 = CARTESIAN_POINT('',(42.709955321632,15.219802255814,4.));
#837 = PCURVE('',#299,#838);
#838 = DEFINITIONAL_REPRESENTATION('',(#839),#997);
#839 = B_SPLINE_CURVE_WITH_KNOTS('',3,(#840,#841,#842,#843,#844,#845,
    #846,#847,#848,#849,#850,#851,#852,#853,#854,#855,#856,#857,#858,
    #859,#860,#861,#862,#863,#864,#865,#866,#867,#868,#869,#870,#871,
    #872,#873,#874,#875,#876,#877,#878,#879,#880,#881,#882,#883,#884,
    #885,#886,#887,#888,#889,#890,#891,#892,#893,#894,#895,#896,#897,
    #898,#899,#900,#901,#902,#903,#904,#905,#906,#907,#908,#909,#910,
    #911,#912,#913,#914,#915,#916,#917,#918,#919,#920,#921,#922,#923,
    #924,#925,#926,#927,#928,#929,#930,#931,#932,#933,#934,#935,#936,
    #937,#938,#939,#940,#941,#942,#943,#944,#945,#946,#947,#948,#949,
    #950,#951,#952,#953,#954,#955,#956,#957,#958,#959,#960,#961,#962,
    #963,#964,#965,#966,#967,#968,#969,#970,#971,#972,#973,#974,#975,
    #976,#977,#978,#979,#980,#981,#982,#983,#984,#985,#986,#987,#988,
    #989,#990,#991,#992,#993,#994,#995,#996),.UNSPECIFIED.,.T.,.F.,(4,1,
    1,1,1,1,1,1,1,1,1,1,1,1,1,1,1,1,1,1,1,1,1,1,1,1,1,1,1,1,1,1,1,1,1,1,
    1,1,1,1,1,1,1,1,1,1,1,1,1,1,1,1,1,1,1,1,1,1,1,1,1,1,1,1,1,1,1,1,1,1,
    1,1,1,1,1,1,1,1,1,1,1,1,1,1,1,1,1,1,1,1,1,1,1,1,1,1,1,1,1,1,1,1,1,1,
    1,1,1,1,1,1,1,1,1,1,1,1,1,1,1,1,1,1,1,1,1,1,1,1,1,1,1,1,1,1,1,1,1,1,
    1,1,1,1,1,1,1,1,1,1,1,1,1,1,1,1,4),(0.,8.663932460852E-03,
    1.73278649217E-02,2.599179738255E-02,3.465572984341E-02,
    4.331966230426E-02,5.198359476511E-02,6.064752722596E-02,
    6.931145968681E-02,7.797539214766E-02,8.663932460852E-02,
    9.530325706937E-02,0.10396718953,0.112631121991,0.121295054452,
    0.129958986913,0.138622919374,0.147286851834,0.155950784295,
    0.164614716756,0.173278649217,0.181942581678,0.190606514139,
    0.1992704466,0.20793437906,0.216598311521,0.225262243982,
    0.233926176443,0.242590108904,0.251254041365,0.259917973826,
    0.268581906286,0.277245838747,0.285909771208,0.294573703669,
    0.30323763613,0.311901568591,0.320565501052,0.329229433512,
    0.337893365973,0.346557298434,0.355221230895,0.363885163356,
    0.372549095817,0.381213028277,0.389876960738,0.398540893199,
    0.40720482566,0.415868758121,0.424532690582,0.433196623043,
    0.441860555503,0.450524487964,0.459188420425,0.467852352886,
    0.476516285347,0.485180217808,0.493844150269,0.502508082729,
    0.51117201519,0.519835947651,0.528499880112,0.537163812573,
    0.545827745034,0.554491677495,0.563155609955,0.571819542416,
    0.580483474877,0.589147407338,0.597811339799,0.60647527226,
    0.61513920472,0.623803137181,0.632467069642,0.641131002103,
    0.649794934564,0.658458867025,0.667122799486,0.675786731946,
    0.684450664407,0.693114596868,0.701778529329,0.71044246179,
    0.719106394251,0.727770326712,0.736434259172,0.745098191633,
    0.753762124094,0.762426056555,0.771089989016,0.779753921477,
    0.788417853937,0.797081786398,0.805745718859,0.81440965132,
    0.823073583781,0.831737516242,0.840401448703,0.849065381163,
    0.857729313624,0.866393246085,0.875057178546,0.883721111007,
    0.892385043468,0.901048975929,0.909712908389,0.91837684085,
    0.927040773311,0.935704705772,0.944368638233,0.953032570694,
    0.961696503155,0.970360435615,0.979024368076,0.987688300537,
    0.996352232998,1.005016165459,1.01368009792,1.02234403038,
    1.031007962841,1.039671895302,1.048335827763,1.056999760224,
    1.065663692685,1.074327625146,1.082991557606,1.091655490067,
    1.100319422528,1.108983354989,1.11764728745,1.126311219911,
    1.134975152372,1.143639084832,1.152303017293,1.160966949754,
    1.169630882215,1.178294814676,1.186958747137,1.195622679598,
    1.204286612058,1.212950544519,1.22161447698,1.230278409441,
    1.238942341902,1.247606274363,1.256270206823,1.264934139284,
    1.273598071745,1.282262004206,1.290925936667,1.299589869128,
    1.308253801589,1.316917734049,1.32558166651,1.334245598971),
  .QUASI_UNIFORM_KNOTS.);
#840 = CARTESIAN_POINT('',(4.,4.825603674475));
#841 = CARTESIAN_POINT('',(4.02041126079,4.825603672651));
#842 = CARTESIAN_POINT('',(4.061226761095,4.82559818726));
#843 = CARTESIAN_POINT('',(4.12239002856,4.825573495016));
#844 = CARTESIAN_POINT('',(4.183455397771,4.825532327727));
#845 = CARTESIAN_POINT('',(4.244381439784,4.825474646376));
#846 = CARTESIAN_POINT('',(4.305124366058,4.825400396348));
#847 = CARTESIAN_POINT('',(4.365637671031,4.825309506687));
#848 = CARTESIAN_POINT('',(4.425872184127,4.825201892655));
#849 = CARTESIAN_POINT('',(4.485776012673,4.825077457103));
#850 = CARTESIAN_POINT('',(4.545294510912,4.824936091839));
#851 = CARTESIAN_POINT('',(4.604370235003,4.824777678633));
#852 = CARTESIAN_POINT('',(4.662942891262,4.824602089927));
#853 = CARTESIAN_POINT('',(4.720949270828,4.824409189204));
#854 = CARTESIAN_POINT('',(4.778323172822,4.824198830959));
#855 = CARTESIAN_POINT('',(4.834995296615,4.823970860369));
#856 = CARTESIAN_POINT('',(4.890893160726,4.823725112213));
#857 = CARTESIAN_POINT('',(4.945940819694,4.823461410579));
#858 = CARTESIAN_POINT('',(5.000059218146,4.823179563464));
#859 = CARTESIAN_POINT('',(5.05316403581,4.822879374179));
#860 = CARTESIAN_POINT('',(5.105172751401,4.822560587664));
#861 = CARTESIAN_POINT('',(5.155955942082,4.822223210859));
#862 = CARTESIAN_POINT('',(5.205406194516,4.821867114182));
#863 = CARTESIAN_POINT('',(5.253404100316,4.821492220461));
#864 = CARTESIAN_POINT('',(5.299822251262,4.821098497004));
#865 = CARTESIAN_POINT('',(5.344524700822,4.820685967829));
#866 = CARTESIAN_POINT('',(5.387368096212,4.820254716509));
#867 = CARTESIAN_POINT('',(5.428200662011,4.819804906373));
#868 = CARTESIAN_POINT('',(5.466859786708,4.819336839715));
#869 = CARTESIAN_POINT('',(5.50317752568,4.818850924738));
#870 = CARTESIAN_POINT('',(5.536979844596,4.818347719636));
#871 = CARTESIAN_POINT('',(5.56808889384,4.817827956323));
#872 = CARTESIAN_POINT('',(5.596328657708,4.81729249739));
#873 = CARTESIAN_POINT('',(5.621525150075,4.816742369833));
#874 = CARTESIAN_POINT('',(5.643500441799,4.816179041639));
#875 = CARTESIAN_POINT('',(5.662095084862,4.815604081823));
#876 = CARTESIAN_POINT('',(5.677166235433,4.815019244817));
#877 = CARTESIAN_POINT('',(5.688592122491,4.814426451598));
#878 = CARTESIAN_POINT('',(5.696275453761,4.813827804421));
#879 = CARTESIAN_POINT('',(5.700147371281,4.81322556961));
#880 = CARTESIAN_POINT('',(5.700172915539,4.812622253701));
#881 = CARTESIAN_POINT('',(5.696351727815,4.812020037279));
#882 = CARTESIAN_POINT('',(5.688717886802,4.81142142131));
#883 = CARTESIAN_POINT('',(5.677339324435,4.810828667751));
#884 = CARTESIAN_POINT('',(5.662312561178,4.810243881572));
#885 = CARTESIAN_POINT('',(5.643758871917,4.809668990063));
#886 = CARTESIAN_POINT('',(5.62182103331,4.809105757822));
#887 = CARTESIAN_POINT('',(5.596658732088,4.808555762881));
#888 = CARTESIAN_POINT('',(5.568451165541,4.808020493817));
#889 = CARTESIAN_POINT('',(5.537373326675,4.807500980176));
#890 = CARTESIAN_POINT('',(5.503599127641,4.806998041589));
#891 = CARTESIAN_POINT('',(5.467307047618,4.806512416902));
#892 = CARTESIAN_POINT('',(5.428671023543,4.806044657925));
#893 = CARTESIAN_POINT('',(5.387859225095,4.805595170666));
#894 = CARTESIAN_POINT('',(5.34503417135,4.805164251753));
#895 = CARTESIAN_POINT('',(5.30034816864,4.804752065042));
#896 = CARTESIAN_POINT('',(5.253944514334,4.804358688422));
#897 = CARTESIAN_POINT('',(5.205959254409,4.803984142495));
#898 = CARTESIAN_POINT('',(5.156520024304,4.803628391705));
#899 = CARTESIAN_POINT('',(5.105746010124,4.803291354601));
#900 = CARTESIAN_POINT('',(5.053746345135,4.802972905091));
#901 = CARTESIAN_POINT('',(5.000625754767,4.802672913498));
#902 = CARTESIAN_POINT('',(4.946480051003,4.802391219145));
#903 = CARTESIAN_POINT('',(4.891399262924,4.802127658722));
#904 = CARTESIAN_POINT('',(4.835467567365,4.80188206428));
#905 = CARTESIAN_POINT('',(4.778762972155,4.801654261269));
#906 = CARTESIAN_POINT('',(4.721359420558,4.801444083425));
#907 = CARTESIAN_POINT('',(4.663326056704,4.801251368352));
#908 = CARTESIAN_POINT('',(4.604728095255,4.801075961635));
#909 = CARTESIAN_POINT('',(4.545627724881,4.800917719614));
#910 = CARTESIAN_POINT('',(4.486085003266,4.800776511012));
#911 = CARTESIAN_POINT('',(4.426153730245,4.800652208129));
#912 = CARTESIAN_POINT('',(4.365887176476,4.800544701858));
#913 = CARTESIAN_POINT('',(4.30533683227,4.80045389702));
#914 = CARTESIAN_POINT('',(4.244552819006,4.800379712849));
#915 = CARTESIAN_POINT('',(4.183583903087,4.800322082515));
#916 = CARTESIAN_POINT('',(4.122477400459,4.800280953302));
#917 = CARTESIAN_POINT('',(4.061279879647,4.800256287042));
#918 = CARTESIAN_POINT('',(4.000034743526,4.800248060816));
#919 = CARTESIAN_POINT('',(3.938791460921,4.800256268281));
#920 = CARTESIAN_POINT('',(3.877599146687,4.800280912816));
#921 = CARTESIAN_POINT('',(3.816498787896,4.800322016306));
#922 = CARTESIAN_POINT('',(3.755535768072,4.800379617487));
#923 = CARTESIAN_POINT('',(3.69475655917,4.800453770391));
#924 = CARTESIAN_POINT('',(3.634209649484,4.800544543192));
#925 = CARTESIAN_POINT('',(3.573945348484,4.80065201737));
#926 = CARTESIAN_POINT('',(3.514015903487,4.800776287219));
#927 = CARTESIAN_POINT('',(3.454475547581,4.800917459674));
#928 = CARTESIAN_POINT('',(3.395380566178,4.801075654531));
#929 = CARTESIAN_POINT('',(3.336789413297,4.801251004794));
#930 = CARTESIAN_POINT('',(3.278762665796,4.801443658138));
#931 = CARTESIAN_POINT('',(3.221363631583,4.801653775794));
#932 = CARTESIAN_POINT('',(3.164656559441,4.801881542643));
#933 = CARTESIAN_POINT('',(3.108722839097,4.80212709896));
#934 = CARTESIAN_POINT('',(3.053639692839,4.802390621614));
#935 = CARTESIAN_POINT('',(2.999491503972,4.802672277871));
#936 = CARTESIAN_POINT('',(2.946368216506,4.802972231362));
#937 = CARTESIAN_POINT('',(2.894365676018,4.803290642577));
#938 = CARTESIAN_POINT('',(2.843588552741,4.803627641418));
#939 = CARTESIAN_POINT('',(2.794145975354,4.803983354046));
#940 = CARTESIAN_POINT('',(2.746157133045,4.804357861842));
#941 = CARTESIAN_POINT('',(2.699749639099,4.804751200505));
#942 = CARTESIAN_POINT('',(2.655059521708,4.805163349545));
#943 = CARTESIAN_POINT('',(2.612230000517,4.805594231936));
#944 = CARTESIAN_POINT('',(2.571413492976,4.806043682722));
#945 = CARTESIAN_POINT('',(2.532772426229,4.806511406269));
#946 = CARTESIAN_POINT('',(2.496474976582,4.806996996739));
#947 = CARTESIAN_POINT('',(2.462695080753,4.807499902395));
#948 = CARTESIAN_POINT('',(2.431611119168,4.808019386264));
#949 = CARTESIAN_POINT('',(2.403397343372,4.808554624352));
#950 = CARTESIAN_POINT('',(2.378229985633,4.809104555279));
#951 = CARTESIAN_POINT('',(2.356286352514,4.80966772238));
#952 = CARTESIAN_POINT('',(2.337725852219,4.810242558254));
#953 = CARTESIAN_POINT('',(2.322691243733,4.810827306972));
#954 = CARTESIAN_POINT('',(2.311304155594,4.811420041269));
#955 = CARTESIAN_POINT('',(2.303661513048,4.812018650955));
#956 = CARTESIAN_POINT('',(2.299831550839,4.812620852793));
#957 = CARTESIAN_POINT('',(2.299848063869,4.813224144638));
#958 = CARTESIAN_POINT('',(2.303710856659,4.813826384707));
#959 = CARTESIAN_POINT('',(2.311385424137,4.81442505614));
#960 = CARTESIAN_POINT('',(2.322803494651,4.815017905374));
#961 = CARTESIAN_POINT('',(2.337868309157,4.815602826941));
#962 = CARTESIAN_POINT('',(2.356458412138,4.816177893348));
#963 = CARTESIAN_POINT('',(2.37843090898,4.816741338248));
#964 = CARTESIAN_POINT('',(2.403625961243,4.81729158011));
#965 = CARTESIAN_POINT('',(2.431864479353,4.817827129303));
#966 = CARTESIAN_POINT('',(2.46296997734,4.818346929761));
#967 = CARTESIAN_POINT('',(2.496769924235,4.818850184655));
#968 = CARTESIAN_POINT('',(2.533085544812,4.8193361452));
#969 = CARTESIAN_POINT('',(2.57174311189,4.81980425808));
#970 = CARTESIAN_POINT('',(2.61257447734,4.820254112742));
#971 = CARTESIAN_POINT('',(2.655417395379,4.820685410596));
#972 = CARTESIAN_POINT('',(2.700119418584,4.821097981564));
#973 = CARTESIAN_POINT('',(2.746537496697,4.821491745654));
#974 = CARTESIAN_POINT('',(2.794535632557,4.82186667845));
#975 = CARTESIAN_POINT('',(2.843986548193,4.822222813512));
#976 = CARTESIAN_POINT('',(2.894770235825,4.822560224267));
#977 = CARTESIAN_POINT('',(2.946780959069,4.822879051009));
#978 = CARTESIAN_POINT('',(2.999889216704,4.823179284226));
#979 = CARTESIAN_POINT('',(3.054010318371,4.82346116695));
#980 = CARTESIAN_POINT('',(3.109060634812,4.823724900581));
#981 = CARTESIAN_POINT('',(3.164961026438,4.823970677036));
#982 = CARTESIAN_POINT('',(3.221635661014,4.824198673158));
#983 = CARTESIAN_POINT('',(3.279012105778,4.824409054588));
#984 = CARTESIAN_POINT('',(3.337021113227,4.824601976497));
#985 = CARTESIAN_POINT('',(3.395596520371,4.824777584587));
#986 = CARTESIAN_POINT('',(3.454675145171,4.824936015475));
#987 = CARTESIAN_POINT('',(3.514196707586,4.825077396735));
#988 = CARTESIAN_POINT('',(3.574103763922,4.825201846556));
#989 = CARTESIAN_POINT('',(3.634341654381,4.825309473059));
#990 = CARTESIAN_POINT('',(3.69485845762,4.825400373307));
#991 = CARTESIAN_POINT('',(3.755604959338,4.825474631964));
#992 = CARTESIAN_POINT('',(3.81653459507,4.825532319934));
#993 = CARTESIAN_POINT('',(3.877603501545,4.82557349183));
#994 = CARTESIAN_POINT('',(3.938770161165,4.825598186715));
#995 = CARTESIAN_POINT('',(3.979587753109,4.825603672658));
#996 = CARTESIAN_POINT('',(4.,4.825603674475));
#997 = ( GEOMETRIC_REPRESENTATION_CONTEXT(2) 
PARAMETRIC_REPRESENTATION_CONTEXT() REPRESENTATION_CONTEXT('2D SPACE',''
  ) );
#998 = PCURVE('',#999,#1004);
#999 = CYLINDRICAL_SURFACE('',#1000,1.7);
#1000 = AXIS2_PLACEMENT_3D('',#1001,#1002,#1003);
#1001 = CARTESIAN_POINT('',(47.368616716893,13.676851985826,4.));
#1002 = DIRECTION('',(-0.999425171273,-3.390172600055E-02,0.));
#1003 = DIRECTION('',(-3.390172600055E-02,0.999425171273,0.));
#1004 = DEFINITIONAL_REPRESENTATION('',(#1005),#1163);
#1005 = B_SPLINE_CURVE_WITH_KNOTS('',3,(#1006,#1007,#1008,#1009,#1010,
    #1011,#1012,#1013,#1014,#1015,#1016,#1017,#1018,#1019,#1020,#1021,
    #1022,#1023,#1024,#1025,#1026,#1027,#1028,#1029,#1030,#1031,#1032,
    #1033,#1034,#1035,#1036,#1037,#1038,#1039,#1040,#1041,#1042,#1043,
    #1044,#1045,#1046,#1047,#1048,#1049,#1050,#1051,#1052,#1053,#1054,
    #1055,#1056,#1057,#1058,#1059,#1060,#1061,#1062,#1063,#1064,#1065,
    #1066,#1067,#1068,#1069,#1070,#1071,#1072,#1073,#1074,#1075,#1076,
    #1077,#1078,#1079,#1080,#1081,#1082,#1083,#1084,#1085,#1086,#1087,
    #1088,#1089,#1090,#1091,#1092,#1093,#1094,#1095,#1096,#1097,#1098,
    #1099,#1100,#1101,#1102,#1103,#1104,#1105,#1106,#1107,#1108,#1109,
    #1110,#1111,#1112,#1113,#1114,#1115,#1116,#1117,#1118,#1119,#1120,
    #1121,#1122,#1123,#1124,#1125,#1126,#1127,#1128,#1129,#1130,#1131,
    #1132,#1133,#1134,#1135,#1136,#1137,#1138,#1139,#1140,#1141,#1142,
    #1143,#1144,#1145,#1146,#1147,#1148,#1149,#1150,#1151,#1152,#1153,
    #1154,#1155,#1156,#1157,#1158,#1159,#1160,#1161,#1162),
  .UNSPECIFIED.,.F.,.F.,(4,1,1,1,1,1,1,1,1,1,1,1,1,1,1,1,1,1,1,1,1,1,1,1
    ,1,1,1,1,1,1,1,1,1,1,1,1,1,1,1,1,1,1,1,1,1,1,1,1,1,1,1,1,1,1,1,1,1,1
    ,1,1,1,1,1,1,1,1,1,1,1,1,1,1,1,1,1,1,1,1,1,1,1,1,1,1,1,1,1,1,1,1,1,1
    ,1,1,1,1,1,1,1,1,1,1,1,1,1,1,1,1,1,1,1,1,1,1,1,1,1,1,1,1,1,1,1,1,1,1
    ,1,1,1,1,1,1,1,1,1,1,1,1,1,1,1,1,1,1,1,1,1,1,1,1,1,1,1,1,4),(0.,
    8.663932460852E-03,1.73278649217E-02,2.599179738255E-02,
    3.465572984341E-02,4.331966230426E-02,5.198359476511E-02,
    6.064752722596E-02,6.931145968681E-02,7.797539214766E-02,
    8.663932460852E-02,9.530325706937E-02,0.10396718953,0.112631121991,
    0.121295054452,0.129958986913,0.138622919374,0.147286851834,
    0.155950784295,0.164614716756,0.173278649217,0.181942581678,
    0.190606514139,0.1992704466,0.20793437906,0.216598311521,
    0.225262243982,0.233926176443,0.242590108904,0.251254041365,
    0.259917973826,0.268581906286,0.277245838747,0.285909771208,
    0.294573703669,0.30323763613,0.311901568591,0.320565501052,
    0.329229433512,0.337893365973,0.346557298434,0.355221230895,
    0.363885163356,0.372549095817,0.381213028277,0.389876960738,
    0.398540893199,0.40720482566,0.415868758121,0.424532690582,
    0.433196623043,0.441860555503,0.450524487964,0.459188420425,
    0.467852352886,0.476516285347,0.485180217808,0.493844150269,
    0.502508082729,0.51117201519,0.519835947651,0.528499880112,
    0.537163812573,0.545827745034,0.554491677495,0.563155609955,
    0.571819542416,0.580483474877,0.589147407338,0.597811339799,
    0.60647527226,0.61513920472,0.623803137181,0.632467069642,
    0.641131002103,0.649794934564,0.658458867025,0.667122799486,
    0.675786731946,0.684450664407,0.693114596868,0.701778529329,
    0.71044246179,0.719106394251,0.727770326712,0.736434259172,
    0.745098191633,0.753762124094,0.762426056555,0.771089989016,
    0.779753921477,0.788417853937,0.797081786398,0.805745718859,
    0.81440965132,0.823073583781,0.831737516242,0.840401448703,
    0.849065381163,0.857729313624,0.866393246085,0.875057178546,
    0.883721111007,0.892385043468,0.901048975929,0.909712908389,
    0.91837684085,0.927040773311,0.935704705772,0.944368638233,
    0.953032570694,0.961696503155,0.970360435615,0.979024368076,
    0.987688300537,0.996352232998,1.005016165459,1.01368009792,
    1.02234403038,1.031007962841,1.039671895302,1.048335827763,
    1.056999760224,1.065663692685,1.074327625146,1.082991557606,
    1.091655490067,1.100319422528,1.108983354989,1.11764728745,
    1.126311219911,1.134975152372,1.143639084832,1.152303017293,
    1.160966949754,1.169630882215,1.178294814676,1.186958747137,
    1.195622679598,1.204286612058,1.212950544519,1.22161447698,
    1.230278409441,1.238942341902,1.247606274363,1.256270206823,
    1.264934139284,1.273598071745,1.282262004206,1.290925936667,
    1.299589869128,1.308253801589,1.316917734049,1.32558166651,
    1.334245598971),.QUASI_UNIFORM_KNOTS.);
#1006 = CARTESIAN_POINT('',(6.28318530718,4.603674785576));
#1007 = CARTESIAN_POINT('',(6.271178665906,4.603674787565));
#1008 = CARTESIAN_POINT('',(6.247169572579,4.603671614462));
#1009 = CARTESIAN_POINT('',(6.211144455354,4.603657371952));
#1010 = CARTESIAN_POINT('',(6.1750833613,4.603633685146));
#1011 = CARTESIAN_POINT('',(6.138963382261,4.603600627003));
#1012 = CARTESIAN_POINT('',(6.10276240139,4.603558295526));
#1013 = CARTESIAN_POINT('',(6.06645906577,4.603506818687));
#1014 = CARTESIAN_POINT('',(6.030032561323,4.603446355438));
#1015 = CARTESIAN_POINT('',(5.99346244834,4.603377097703));
#1016 = CARTESIAN_POINT('',(5.956728485742,4.603299272022));
#1017 = CARTESIAN_POINT('',(5.919810459749,4.603213141217));
#1018 = CARTESIAN_POINT('',(5.882688007939,4.603119005967));
#1019 = CARTESIAN_POINT('',(5.845340436499,4.603017206336));
#1020 = CARTESIAN_POINT('',(5.807746521625,4.602908123226));
#1021 = CARTESIAN_POINT('',(5.769884302418,4.602792179807));
#1022 = CARTESIAN_POINT('',(5.731730810334,4.602669842749));
#1023 = CARTESIAN_POINT('',(5.693261909791,4.602541623909));
#1024 = CARTESIAN_POINT('',(5.654451566067,4.602408080004));
#1025 = CARTESIAN_POINT('',(5.615273059324,4.602269819554));
#1026 = CARTESIAN_POINT('',(5.575692710655,4.602127482376));
#1027 = CARTESIAN_POINT('',(5.535707621151,4.601981881354));
#1028 = CARTESIAN_POINT('',(5.495294148337,4.601833818334));
#1029 = CARTESIAN_POINT('',(5.454432503267,4.601684174745));
#1030 = CARTESIAN_POINT('',(5.413104242006,4.60153390095));
#1031 = CARTESIAN_POINT('',(5.371292882391,4.601384017281));
#1032 = CARTESIAN_POINT('',(5.328983330545,4.601235610213));
#1033 = CARTESIAN_POINT('',(5.286163200711,4.601089836306));
#1034 = CARTESIAN_POINT('',(5.242827190522,4.60094792268));
#1035 = CARTESIAN_POINT('',(5.198972971341,4.60081114849));
#1036 = CARTESIAN_POINT('',(5.154604317767,4.60068083797));
#1037 = CARTESIAN_POINT('',(5.109732172217,4.600558342895));
#1038 = CARTESIAN_POINT('',(5.064370333118,4.600445012674));
#1039 = CARTESIAN_POINT('',(5.018538100691,4.600342176732));
#1040 = CARTESIAN_POINT('',(4.97228242848,4.600251158201));
#1041 = CARTESIAN_POINT('',(4.925649200007,4.600173166371));
#1042 = CARTESIAN_POINT('',(4.878691087142,4.600109284724));
#1043 = CARTESIAN_POINT('',(4.831466730454,4.600060436159));
#1044 = CARTESIAN_POINT('',(4.784043000346,4.600027353812));
#1045 = CARTESIAN_POINT('',(4.736494976834,4.600010551988));
#1046 = CARTESIAN_POINT('',(4.688913646405,4.600010290674));
#1047 = CARTESIAN_POINT('',(4.641363273927,4.600026570172));
#1048 = CARTESIAN_POINT('',(4.59393444158,4.600059131408));
#1049 = CARTESIAN_POINT('',(4.546701945833,4.600107461602));
#1050 = CARTESIAN_POINT('',(4.499732959373,4.600170828656));
#1051 = CARTESIAN_POINT('',(4.453086745783,4.600248309735));
#1052 = CARTESIAN_POINT('',(4.406816967284,4.600338819885));
#1053 = CARTESIAN_POINT('',(4.360970473089,4.600441147482));
#1054 = CARTESIAN_POINT('',(4.315596265662,4.6005539635));
#1055 = CARTESIAN_POINT('',(4.270714329419,4.600675934987));
#1056 = CARTESIAN_POINT('',(4.226335152221,4.600805721001));
#1057 = CARTESIAN_POINT('',(4.18247061899,4.600941968065));
#1058 = CARTESIAN_POINT('',(4.139124304403,4.601083353664));
#1059 = CARTESIAN_POINT('',(4.096294053349,4.601228599221));
#1060 = CARTESIAN_POINT('',(4.053974394877,4.6013764798));
#1061 = CARTESIAN_POINT('',(4.01215336982,4.601525839165));
#1062 = CARTESIAN_POINT('',(3.970815701187,4.601675593183));
#1063 = CARTESIAN_POINT('',(3.929944908451,4.601824723644));
#1064 = CARTESIAN_POINT('',(3.889522623924,4.601972282167));
#1065 = CARTESIAN_POINT('',(3.849528848897,4.60211739026));
#1066 = CARTESIAN_POINT('',(3.809940998232,4.602259244676));
#1067 = CARTESIAN_POINT('',(3.770738182931,4.602397097622));
#1068 = CARTESIAN_POINT('',(3.731897465022,4.602530270835));
#1069 = CARTESIAN_POINT('',(3.693396345956,4.602658140391));
#1070 = CARTESIAN_POINT('',(3.655212288803,4.602780137514));
#1071 = CARTESIAN_POINT('',(3.617322187151,4.602895750184));
#1072 = CARTESIAN_POINT('',(3.579703732633,4.603004511984));
#1073 = CARTESIAN_POINT('',(3.542334563237,4.603106003738));
#1074 = CARTESIAN_POINT('',(3.505192590526,4.603199848625));
#1075 = CARTESIAN_POINT('',(3.4682563076,4.603285711316));
#1076 = CARTESIAN_POINT('',(3.431505077699,4.603363293452));
#1077 = CARTESIAN_POINT('',(3.394916369013,4.603432338073));
#1078 = CARTESIAN_POINT('',(3.358469084283,4.603492619799));
#1079 = CARTESIAN_POINT('',(3.322142517564,4.603543946176));
#1080 = CARTESIAN_POINT('',(3.285916379895,4.603586156322));
#1081 = CARTESIAN_POINT('',(3.249770587893,4.60361912028));
#1082 = CARTESIAN_POINT('',(3.213685003864,4.603642738166));
#1083 = CARTESIAN_POINT('',(3.17763964961,4.603656939342));
#1084 = CARTESIAN_POINT('',(3.141613086651,4.603661681585));
#1085 = CARTESIAN_POINT('',(3.105587639839,4.60365695018));
#1086 = CARTESIAN_POINT('',(3.069545434718,4.603642761523));
#1087 = CARTESIAN_POINT('',(3.033463630506,4.603619158289));
#1088 = CARTESIAN_POINT('',(2.997321567086,4.603586210737));
#1089 = CARTESIAN_POINT('',(2.961098616164,4.60354401796));
#1090 = CARTESIAN_POINT('',(2.924774528506,4.603492709105));
#1091 = CARTESIAN_POINT('',(2.8883291219,4.603432444577));
#1092 = CARTESIAN_POINT('',(2.851742147816,4.603363417204));
#1093 = CARTESIAN_POINT('',(2.81499310802,4.603285853396));
#1094 = CARTESIAN_POINT('',(2.778061065486,4.603200014234));
#1095 = CARTESIAN_POINT('',(2.74092446836,4.603106196649));
#1096 = CARTESIAN_POINT('',(2.703560835613,4.603004734188));
#1097 = CARTESIAN_POINT('',(2.665946860606,4.602895999151));
#1098 = CARTESIAN_POINT('',(2.628056830602,4.602780399534));
#1099 = CARTESIAN_POINT('',(2.58987327585,4.602658415328));
#1100 = CARTESIAN_POINT('',(2.551372600074,4.602530557142));
#1101 = CARTESIAN_POINT('',(2.512532404913,4.602397394046));
#1102 = CARTESIAN_POINT('',(2.47333014145,4.602259549678));
#1103 = CARTESIAN_POINT('',(2.433742902713,4.602117702284));
#1104 = CARTESIAN_POINT('',(2.393749770149,4.601972599435));
#1105 = CARTESIAN_POINT('',(2.353328160622,4.601825044287));
#1106 = CARTESIAN_POINT('',(2.312458088359,4.601675915259));
#1107 = CARTESIAN_POINT('',(2.271121177081,4.60152616056));
#1108 = CARTESIAN_POINT('',(2.229300941929,4.601376798249));
#1109 = CARTESIAN_POINT('',(2.186982033595,4.601228912163));
#1110 = CARTESIAN_POINT('',(2.144152611686,4.601083658813));
#1111 = CARTESIAN_POINT('',(2.100807120434,4.60094226277));
#1112 = CARTESIAN_POINT('',(2.05694340628,4.600806002609));
#1113 = CARTESIAN_POINT('',(2.012565049359,4.600676200783));
#1114 = CARTESIAN_POINT('',(1.967683788793,4.600554210383));
#1115 = CARTESIAN_POINT('',(1.92231051627,4.600441373749));
#1116 = CARTESIAN_POINT('',(1.876467836715,4.600339028932));
#1117 = CARTESIAN_POINT('',(1.830202035844,4.60024849752));
#1118 = CARTESIAN_POINT('',(1.783559145611,4.600170989936));
#1119 = CARTESIAN_POINT('',(1.736592186449,4.600107591071));
#1120 = CARTESIAN_POINT('',(1.689360478342,4.600059225332));
#1121 = CARTESIAN_POINT('',(1.64193164344,4.600026626726));
#1122 = CARTESIAN_POINT('',(1.59438216915,4.600010309596));
#1123 = CARTESIAN_POINT('',(1.546802731044,4.60001053193));
#1124 = CARTESIAN_POINT('',(1.499254543337,4.600027294788));
#1125 = CARTESIAN_POINT('',(1.451829395524,4.600060339929));
#1126 = CARTESIAN_POINT('',(1.404601316537,4.60010915585));
#1127 = CARTESIAN_POINT('',(1.357637356701,4.600173011907));
#1128 = CARTESIAN_POINT('',(1.31099658307,4.600250986602));
#1129 = CARTESIAN_POINT('',(1.264732534975,4.600341996071));
#1130 = CARTESIAN_POINT('',(1.218892049784,4.600444829133));
#1131 = CARTESIAN_POINT('',(1.173523856613,4.600558157428));
#1132 = CARTESIAN_POINT('',(1.12864988778,4.600680642415));
#1133 = CARTESIAN_POINT('',(1.08427834773,4.600810948245));
#1134 = CARTESIAN_POINT('',(1.040421597603,4.600947719321));
#1135 = CARTESIAN_POINT('',(0.997082965319,4.601089632718));
#1136 = CARTESIAN_POINT('',(0.954260325147,4.601235408233));
#1137 = CARTESIAN_POINT('',(0.911947993638,4.601383819879));
#1138 = CARTESIAN_POINT('',(0.870134230353,4.601533708803));
#1139 = CARTESIAN_POINT('',(0.828803592761,4.601683989209));
#1140 = CARTESIAN_POINT('',(0.787939627842,4.60183364056));
#1141 = CARTESIAN_POINT('',(0.747523773943,4.601981712806));
#1142 = CARTESIAN_POINT('',(0.707536687591,4.602127322731));
#1143 = CARTESIAN_POINT('',(0.667953415217,4.602269672815));
#1144 = CARTESIAN_POINT('',(0.628771206363,4.602407949415));
#1145 = CARTESIAN_POINT('',(0.589957954111,4.60254150684));
#1146 = CARTESIAN_POINT('',(0.55148637723,4.602669738504));
#1147 = CARTESIAN_POINT('',(0.513330473504,4.602792087454));
#1148 = CARTESIAN_POINT('',(0.475466000716,4.602908042106));
#1149 = CARTESIAN_POINT('',(0.437869938898,4.603017135857));
#1150 = CARTESIAN_POINT('',(0.400520277023,4.603118945593));
#1151 = CARTESIAN_POINT('',(0.363395755329,4.603213090412));
#1152 = CARTESIAN_POINT('',(0.326475653463,4.603299230215));
#1153 = CARTESIAN_POINT('',(0.289739592151,4.603377064257));
#1154 = CARTESIAN_POINT('',(0.253167349634,4.60344632963));
#1155 = CARTESIAN_POINT('',(0.21673868547,4.603506799691));
#1156 = CARTESIAN_POINT('',(0.180433169041,4.603558282417));
#1157 = CARTESIAN_POINT('',(0.144230003838,4.603600618759));
#1158 = CARTESIAN_POINT('',(0.108107863053,4.603633680677));
#1159 = CARTESIAN_POINT('',(7.204466503627E-02,4.603657370128));
#1160 = CARTESIAN_POINT('',(3.601754497722E-02,4.603671614153));
#1161 = CARTESIAN_POINT('',(1.200722139276E-02,4.603674787571));
#1162 = CARTESIAN_POINT('',(-8.881784197001E-16,4.603674785576));
#1163 = ( GEOMETRIC_REPRESENTATION_CONTEXT(2) 
PARAMETRIC_REPRESENTATION_CONTEXT() REPRESENTATION_CONTEXT('2D SPACE',''
  ) );
#1164 = FACE_BOUND('',#1165,.T.);
#1165 = EDGE_LOOP('',(#1166));
#1166 = ORIENTED_EDGE('',*,*,#1167,.T.);
#1167 = EDGE_CURVE('',#1168,#1168,#1170,.T.);
#1168 = VERTEX_POINT('',#1169);
#1169 = CARTESIAN_POINT('',(38.002891003724,61.496338274743,4.));
#1170 = SURFACE_CURVE('',#1171,(#1288,#1449),.PCURVE_S1.);
#1171 = B_SPLINE_CURVE_WITH_KNOTS('',7,(#1172,#1173,#1174,#1175,#1176,
    #1177,#1178,#1179,#1180,#1181,#1182,#1183,#1184,#1185,#1186,#1187,
    #1188,#1189,#1190,#1191,#1192,#1193,#1194,#1195,#1196,#1197,#1198,
    #1199,#1200,#1201,#1202,#1203,#1204,#1205,#1206,#1207,#1208,#1209,
    #1210,#1211,#1212,#1213,#1214,#1215,#1216,#1217,#1218,#1219,#1220,
    #1221,#1222,#1223,#1224,#1225,#1226,#1227,#1228,#1229,#1230,#1231,
    #1232,#1233,#1234,#1235,#1236,#1237,#1238,#1239,#1240,#1241,#1242,
    #1243,#1244,#1245,#1246,#1247,#1248,#1249,#1250,#1251,#1252,#1253,
    #1254,#1255,#1256,#1257,#1258,#1259,#1260,#1261,#1262,#1263,#1264,
    #1265,#1266,#1267,#1268,#1269,#1270,#1271,#1272,#1273,#1274,#1275,
    #1276,#1277,#1278,#1279,#1280,#1281,#1282,#1283,#1284,#1285,#1286,
    #1287),.UNSPECIFIED.,.T.,.F.,(8,6,6,6,6,6,6,6,6,6,6,6,6,6,6,6,6,6,6,
    8),(0.,0.159459518033,0.216385583512,0.260715835284,0.332846026142,
    0.405670692051,0.449859317565,0.506720852489,0.549794723599,
    0.665502112076,0.750563658752,0.78283050193,0.825988445811,
    0.883101415484,0.927839926341,1.,1.070645253329,1.115080773255,
    1.172056961074,1.331716311179),.UNSPECIFIED.);
#1172 = CARTESIAN_POINT('',(38.002891003724,61.496338274743,4.));
#1173 = CARTESIAN_POINT('',(38.002891003724,61.496338274743,
    4.161323737645));
#1174 = CARTESIAN_POINT('',(38.005929893484,61.478738791047,
    4.32245995597));
#1175 = CARTESIAN_POINT('',(38.011996018072,61.44360702622,4.48236309934
    ));
#1176 = CARTESIAN_POINT('',(38.021149217248,61.390557307434,
    4.639651223901));
#1177 = CARTESIAN_POINT('',(38.03347094766,61.319035821302,
    4.792546961652));
#1178 = CARTESIAN_POINT('',(38.049033651761,61.22849396344,
    4.938933033839));
#1179 = CARTESIAN_POINT('',(38.074733290349,61.078490787082,
    5.125058357777));
#1180 = CARTESIAN_POINT('',(38.081920559538,61.036502747712,
    5.17281887312));
#1181 = CARTESIAN_POINT('',(38.089537475916,60.991960866913,
    5.219239482063));
#1182 = CARTESIAN_POINT('',(38.097585756993,60.944845472288,
    5.26416285209));
#1183 = CARTESIAN_POINT('',(38.106064707687,60.895150082273,
    5.307411817089));
#1184 = CARTESIAN_POINT('',(38.114970451481,60.842886084921,
    5.348791742373));
#1185 = CARTESIAN_POINT('',(38.131556628587,60.745413841081,
    5.418698021808));
#1186 = CARTESIAN_POINT('',(38.139071752865,60.701205613704,
    5.448040722412));
#1187 = CARTESIAN_POINT('',(38.146836373776,60.655481556277,
    5.476020920256));
#1188 = CARTESIAN_POINT('',(38.154844156944,60.608273018147,
    5.502530234467));
#1189 = CARTESIAN_POINT('',(38.163086137932,60.559626811407,
    5.527455209825));
#1190 = CARTESIAN_POINT('',(38.171550265914,60.509608146008,
    5.550680552035));
#1191 = CARTESIAN_POINT('',(38.194329098806,60.374825373787,
    5.606931732319));
#1192 = CARTESIAN_POINT('',(38.208991271364,60.287900305086,
    5.636987940018));
#1193 = CARTESIAN_POINT('',(38.224129283977,60.197966177626,
    5.661732743794));
#1194 = CARTESIAN_POINT('',(38.239645248939,60.105581095463,
    5.680699477785));
#1195 = CARTESIAN_POINT('',(38.255420635471,60.011432924453,
    5.693511806418));
#1196 = CARTESIAN_POINT('',(38.271315479118,59.91634789617,5.69994213781
    ));
#1197 = CARTESIAN_POINT('',(38.303172621558,59.725333637625,
    5.700057809832));
#1198 = CARTESIAN_POINT('',(38.31914947098,59.629312907139,
    5.693619933149));
#1199 = CARTESIAN_POINT('',(38.334932823005,59.534228092091,
    5.680675206739));
#1200 = CARTESIAN_POINT('',(38.35038340367,59.440928242894,5.66145587048
    ));
#1201 = CARTESIAN_POINT('',(38.365386728803,59.350123870247,
    5.636349258348));
#1202 = CARTESIAN_POINT('',(38.379851416945,59.262393001582,
    5.605838541164));
#1203 = CARTESIAN_POINT('',(38.402114648209,59.127095512592,
    5.549012603852));
#1204 = CARTESIAN_POINT('',(38.410300973006,59.077281911725,
    5.525757226784));
#1205 = CARTESIAN_POINT('',(38.418253144726,59.028833253306,
    5.500818964718));
#1206 = CARTESIAN_POINT('',(38.425961620056,58.981813720401,
    5.474311933781));
#1207 = CARTESIAN_POINT('',(38.433419845468,58.936269433628,
    5.446348333236));
#1208 = CARTESIAN_POINT('',(38.440623746978,58.892231321855,
    5.417035290594));
#1209 = CARTESIAN_POINT('',(38.456511167042,58.795012214891,
    5.347142755627));
#1210 = CARTESIAN_POINT('',(38.465025855951,58.742835231486,
    5.305746093825));
#1211 = CARTESIAN_POINT('',(38.473111777134,58.693220866454,
    5.262490309201));
#1212 = CARTESIAN_POINT('',(38.480768949447,58.646180620848,
    5.217568921612));
#1213 = CARTESIAN_POINT('',(38.488000140898,58.601708291927,
    5.171158059638));
#1214 = CARTESIAN_POINT('',(38.49481008942,58.559784592073,
    5.123414137355));
#1215 = CARTESIAN_POINT('',(38.506048800604,58.490533256228,
    5.037396423688));
#1216 = CARTESIAN_POINT('',(38.510654300969,58.462132894005,
    4.999635269131));
#1217 = CARTESIAN_POINT('',(38.515023778034,58.435168775882,
    4.961247586083));
#1218 = CARTESIAN_POINT('',(38.519159805509,58.40962855166,
    4.922288594313));
#1219 = CARTESIAN_POINT('',(38.523064977536,58.385499426096,
    4.882809214696));
#1220 = CARTESIAN_POINT('',(38.526741908678,58.36276815891,
    4.842856069212));
#1221 = CARTESIAN_POINT('',(38.539464372589,58.284077332958,
    4.693988191135));
#1222 = CARTESIAN_POINT('',(38.547104106892,58.236743075953,
    4.582430364159));
#1223 = CARTESIAN_POINT('',(38.553168375741,58.199123264669,
    4.468570790563));
#1224 = CARTESIAN_POINT('',(38.557694632442,58.171021482081,
    4.353082895938));
#1225 = CARTESIAN_POINT('',(38.560710201438,58.152291169224,
    4.236562260338));
#1226 = CARTESIAN_POINT('',(38.562232237908,58.142837431069,
    4.119537633128));
#1227 = CARTESIAN_POINT('',(38.562279177614,58.142545876988,
    3.916410982391));
#1228 = CARTESIAN_POINT('',(38.561491124797,58.147440666384,
    3.830352894142));
#1229 = CARTESIAN_POINT('',(38.559895433538,58.157351953417,
    3.744492485541));
#1230 = CARTESIAN_POINT('',(38.557487641524,58.172304148154,
    3.659037984186));
#1231 = CARTESIAN_POINT('',(38.554259762867,58.192340191817,
    3.574211562914));
#1232 = CARTESIAN_POINT('',(38.550200250471,58.217521542251,
    3.490251459588));
#1233 = CARTESIAN_POINT('',(38.543431065924,58.259473056397,
    3.375992475599));
#1234 = CARTESIAN_POINT('',(38.54144748446,58.271762867288,
    3.344732551468));
#1235 = CARTESIAN_POINT('',(38.539341080388,58.284809807928,
    3.313649979704));
#1236 = CARTESIAN_POINT('',(38.537110943067,58.298618665371,
    3.282760200248));
#1237 = CARTESIAN_POINT('',(38.534756106717,58.313194479274,
    3.25207953287));
#1238 = CARTESIAN_POINT('',(38.532275550428,58.328542541898,
    3.221625177167));
#1239 = CARTESIAN_POINT('',(38.526180780358,58.366237251121,
    3.151008410139));
#1240 = CARTESIAN_POINT('',(38.522466606057,58.389197063505,
    3.111039433398));
#1241 = CARTESIAN_POINT('',(38.518523011469,58.413561656966,
    3.071551144882));
#1242 = CARTESIAN_POINT('',(38.51434736152,58.439344353813,
    3.032590782569));
#1243 = CARTESIAN_POINT('',(38.509937049835,58.466557976964,
    2.994209959865));
#1244 = CARTESIAN_POINT('',(38.505289498748,58.495214849941,
    2.956464665609));
#1245 = CARTESIAN_POINT('',(38.493934509425,58.565175375316,
    2.870386020411));
#1246 = CARTESIAN_POINT('',(38.487047384083,58.607569331551,
    2.822578666387));
#1247 = CARTESIAN_POINT('',(38.479734824363,58.652536418244,
    2.776130474114));
#1248 = CARTESIAN_POINT('',(38.47199213209,58.700095466152,
    2.731201368964));
#1249 = CARTESIAN_POINT('',(38.463816686717,58.750251547868,
    2.687971444681));
#1250 = CARTESIAN_POINT('',(38.455208762222,58.802991141566,
    2.646638478502));
#1251 = CARTESIAN_POINT('',(38.439093813564,58.901584798774,
    2.576690725362));
#1252 = CARTESIAN_POINT('',(38.431752762476,58.946452405323,
    2.547262514638));
#1253 = CARTESIAN_POINT('',(38.424151604495,58.992859377119,
    2.519234261991));
#1254 = CARTESIAN_POINT('',(38.416294871872,59.040771739721,
    2.492717961509));
#1255 = CARTESIAN_POINT('',(38.40818976402,59.090139200866,
    2.467830681551));
#1256 = CARTESIAN_POINT('',(38.399846696167,59.140892069827,
    2.444691092821));
#1257 = CARTESIAN_POINT('',(38.377462124067,59.276884889279,
    2.389100761274));
#1258 = CARTESIAN_POINT('',(38.363055921174,59.364234333523,
    2.359619989758));
#1259 = CARTESIAN_POINT('',(38.348130726114,59.454539005549,
    2.335497747616));
#1260 = CARTESIAN_POINT('',(38.332776953695,59.547227950841,
    2.317196420089));
#1261 = CARTESIAN_POINT('',(38.317107982867,59.641598568169,
    2.305083925345));
#1262 = CARTESIAN_POINT('',(38.301261621059,59.736811767002,
    2.299374153914));
#1263 = CARTESIAN_POINT('',(38.269873326561,59.924973250075,
    2.300693123284));
#1264 = CARTESIAN_POINT('',(38.254316998984,60.01801696255,
    2.307457590576));
#1265 = CARTESIAN_POINT('',(38.238882507589,60.110119384592,
    2.320328822071));
#1266 = CARTESIAN_POINT('',(38.223700527793,60.20050953431,
    2.339088513312));
#1267 = CARTESIAN_POINT('',(38.20888228607,60.288542042215,
    2.363382068057));
#1268 = CARTESIAN_POINT('',(38.19452007972,60.373690563408,
    2.392770479079));
#1269 = CARTESIAN_POINT('',(38.171987603273,60.507023285839,
    2.448134830065));
#1270 = CARTESIAN_POINT('',(38.163494159186,60.557217851505,
    2.471338735017));
#1271 = CARTESIAN_POINT('',(38.155223434021,60.606036084688,
    2.496254372632));
#1272 = CARTESIAN_POINT('',(38.147187657401,60.653411755054,
    2.522765597157));
#1273 = CARTESIAN_POINT('',(38.13939593173,60.699297278802,
    2.550758044368));
#1274 = CARTESIAN_POINT('',(38.131854694427,60.743660744259,
    2.580122425581));
#1275 = CARTESIAN_POINT('',(38.115225253482,60.84139048279,2.65003919127
    ));
#1276 = CARTESIAN_POINT('',(38.106301801104,60.893760000457,
    2.691407247449));
#1277 = CARTESIAN_POINT('',(38.097805755262,60.943556973228,
    2.734651429683));
#1278 = CARTESIAN_POINT('',(38.089741063144,60.990769639035,
    2.779576305896));
#1279 = CARTESIAN_POINT('',(38.082108462243,61.035404271533,
    2.826003967577));
#1280 = CARTESIAN_POINT('',(38.074906255701,61.077480460642,
    2.873776424897));
#1281 = CARTESIAN_POINT('',(38.049145631299,61.227842474614,
    3.060014758349));
#1282 = CARTESIAN_POINT('',(38.033544779356,61.318607265959,
    3.206537275403));
#1283 = CARTESIAN_POINT('',(38.02119305574,61.390303230526,
    3.359595548399));
#1284 = CARTESIAN_POINT('',(38.012017811985,61.443480806595,
    3.517062858124));
#1285 = CARTESIAN_POINT('',(38.005937189065,61.478696539573,
    3.677154208119));
#1286 = CARTESIAN_POINT('',(38.002891003724,61.496338274743,
    3.838482705647));
#1287 = CARTESIAN_POINT('',(38.002891003724,61.496338274743,4.));
#1288 = PCURVE('',#299,#1289);
#1289 = DEFINITIONAL_REPRESENTATION('',(#1290),#1448);
#1290 = B_SPLINE_CURVE_WITH_KNOTS('',3,(#1291,#1292,#1293,#1294,#1295,
    #1296,#1297,#1298,#1299,#1300,#1301,#1302,#1303,#1304,#1305,#1306,
    #1307,#1308,#1309,#1310,#1311,#1312,#1313,#1314,#1315,#1316,#1317,
    #1318,#1319,#1320,#1321,#1322,#1323,#1324,#1325,#1326,#1327,#1328,
    #1329,#1330,#1331,#1332,#1333,#1334,#1335,#1336,#1337,#1338,#1339,
    #1340,#1341,#1342,#1343,#1344,#1345,#1346,#1347,#1348,#1349,#1350,
    #1351,#1352,#1353,#1354,#1355,#1356,#1357,#1358,#1359,#1360,#1361,
    #1362,#1363,#1364,#1365,#1366,#1367,#1368,#1369,#1370,#1371,#1372,
    #1373,#1374,#1375,#1376,#1377,#1378,#1379,#1380,#1381,#1382,#1383,
    #1384,#1385,#1386,#1387,#1388,#1389,#1390,#1391,#1392,#1393,#1394,
    #1395,#1396,#1397,#1398,#1399,#1400,#1401,#1402,#1403,#1404,#1405,
    #1406,#1407,#1408,#1409,#1410,#1411,#1412,#1413,#1414,#1415,#1416,
    #1417,#1418,#1419,#1420,#1421,#1422,#1423,#1424,#1425,#1426,#1427,
    #1428,#1429,#1430,#1431,#1432,#1433,#1434,#1435,#1436,#1437,#1438,
    #1439,#1440,#1441,#1442,#1443,#1444,#1445,#1446,#1447),
  .UNSPECIFIED.,.T.,.F.,(4,1,1,1,1,1,1,1,1,1,1,1,1,1,1,1,1,1,1,1,1,1,1,1
    ,1,1,1,1,1,1,1,1,1,1,1,1,1,1,1,1,1,1,1,1,1,1,1,1,1,1,1,1,1,1,1,1,1,1
    ,1,1,1,1,1,1,1,1,1,1,1,1,1,1,1,1,1,1,1,1,1,1,1,1,1,1,1,1,1,1,1,1,1,1
    ,1,1,1,1,1,1,1,1,1,1,1,1,1,1,1,1,1,1,1,1,1,1,1,1,1,1,1,1,1,1,1,1,1,1
    ,1,1,1,1,1,1,1,1,1,1,1,1,1,1,1,1,1,1,1,1,1,1,1,1,1,1,1,1,4),(0.,
    8.647508514149E-03,1.72950170283E-02,2.594252554245E-02,
    3.459003405659E-02,4.323754257074E-02,5.188505108489E-02,
    6.053255959904E-02,6.918006811319E-02,7.782757662734E-02,
    8.647508514149E-02,9.512259365563E-02,0.10377010217,0.112417610684,
    0.121065119198,0.129712627712,0.138360136226,0.147007644741,
    0.155655153255,0.164302661769,0.172950170283,0.181597678797,
    0.190245187311,0.198892695825,0.20754020434,0.216187712854,
    0.224835221368,0.233482729882,0.242130238396,0.25077774691,
    0.259425255424,0.268072763939,0.276720272453,0.285367780967,
    0.294015289481,0.302662797995,0.311310306509,0.319957815023,
    0.328605323538,0.337252832052,0.345900340566,0.35454784908,
    0.363195357594,0.371842866108,0.380490374623,0.389137883137,
    0.397785391651,0.406432900165,0.415080408679,0.423727917193,
    0.432375425707,0.441022934222,0.449670442736,0.45831795125,
    0.466965459764,0.475612968278,0.484260476792,0.492907985306,
    0.501555493821,0.510203002335,0.518850510849,0.527498019363,
    0.536145527877,0.544793036391,0.553440544906,0.56208805342,
    0.570735561934,0.579383070448,0.588030578962,0.596678087476,
    0.60532559599,0.613973104505,0.622620613019,0.631268121533,
    0.639915630047,0.648563138561,0.657210647075,0.665858155589,
    0.674505664104,0.683153172618,0.691800681132,0.700448189646,
    0.70909569816,0.717743206674,0.726390715188,0.735038223703,
    0.743685732217,0.752333240731,0.760980749245,0.769628257759,
    0.778275766273,0.786923274788,0.795570783302,0.804218291816,
    0.81286580033,0.821513308844,0.830160817358,0.838808325872,
    0.847455834387,0.856103342901,0.864750851415,0.873398359929,
    0.882045868443,0.890693376957,0.899340885471,0.907988393986,
    0.9166359025,0.925283411014,0.933930919528,0.942578428042,
    0.951225936556,0.95987344507,0.968520953585,0.977168462099,
    0.985815970613,0.994463479127,1.003110987641,1.011758496155,
    1.02040600467,1.029053513184,1.037701021698,1.046348530212,
    1.054996038726,1.06364354724,1.072291055754,1.080938564269,
    1.089586072783,1.098233581297,1.106881089811,1.115528598325,
    1.124176106839,1.132823615353,1.141471123868,1.150118632382,
    1.158766140896,1.16741364941,1.176061157924,1.184708666438,
    1.193356174952,1.202003683467,1.210651191981,1.219298700495,
    1.227946209009,1.236593717523,1.245241226037,1.253888734552,
    1.262536243066,1.27118375158,1.279831260094,1.288478768608,
    1.297126277122,1.305773785636,1.314421294151,1.323068802665,
    1.331716311179),.QUASI_UNIFORM_KNOTS.);
#1291 = CARTESIAN_POINT('',(4.,5.186755972664));
#1292 = CARTESIAN_POINT('',(4.020413202794,5.186755970686));
#1293 = CARTESIAN_POINT('',(4.061232682553,5.186749914117));
#1294 = CARTESIAN_POINT('',(4.122402114026,5.18672265099));
#1295 = CARTESIAN_POINT('',(4.183473745946,5.186677197871));
#1296 = CARTESIAN_POINT('',(4.244406069403,5.186613512565));
#1297 = CARTESIAN_POINT('',(4.305155226641,5.186531536035));
#1298 = CARTESIAN_POINT('',(4.365674655094,5.186431191626));
#1299 = CARTESIAN_POINT('',(4.425915138874,5.186312387864));
#1300 = CARTESIAN_POINT('',(4.485824751586,5.186175019969));
#1301 = CARTESIAN_POINT('',(4.545348824977,5.186018971353));
#1302 = CARTESIAN_POINT('',(4.604429903572,5.185844114728));
#1303 = CARTESIAN_POINT('',(4.663007692343,5.185650312873));
#1304 = CARTESIAN_POINT('',(4.721018991096,5.185437419031));
#1305 = CARTESIAN_POINT('',(4.778397615934,5.185205276881));
#1306 = CARTESIAN_POINT('',(4.835074294754,5.184953720135));
#1307 = CARTESIAN_POINT('',(4.890976570698,5.184682571435));
#1308 = CARTESIAN_POINT('',(4.94602857298,5.184391641663));
#1309 = CARTESIAN_POINT('',(5.000151165622,5.18408072532));
#1310 = CARTESIAN_POINT('',(5.053260554625,5.183749608109));
#1311 = CARTESIAN_POINT('',(5.105272503003,5.183398026348));
#1312 = CARTESIAN_POINT('',(5.156057413611,5.183025998357));
#1313 = CARTESIAN_POINT('',(5.205509254313,5.182633379651));
#1314 = CARTESIAN_POINT('',(5.253508091631,5.182220097371));
#1315 = CARTESIAN_POINT('',(5.299926596924,5.181786123974));
#1316 = CARTESIAN_POINT('',(5.34462875214,5.181331496042));
#1317 = CARTESIAN_POINT('',(5.387471413207,5.180856312736));
#1318 = CARTESIAN_POINT('',(5.428302243281,5.180360770431));
#1319 = CARTESIAN_POINT('',(5.466958871602,5.179845210062));
#1320 = CARTESIAN_POINT('',(5.503273178294,5.179310094092));
#1321 = CARTESIAN_POINT('',(5.537071284987,5.178756045323));
#1322 = CARTESIAN_POINT('',(5.568174776728,5.178183891766));
#1323 = CARTESIAN_POINT('',(5.596409636341,5.177594551034));
#1324 = CARTESIAN_POINT('',(5.6215996666,5.176989202093));
#1325 = CARTESIAN_POINT('',(5.643567085629,5.176369470145));
#1326 = CARTESIAN_POINT('',(5.662152408782,5.175737092804));
#1327 = CARTESIAN_POINT('',(5.677212814365,5.17509401142));
#1328 = CARTESIAN_POINT('',(5.688626604739,5.174442350261));
#1329 = CARTESIAN_POINT('',(5.696296687209,5.173784433335));
#1330 = CARTESIAN_POINT('',(5.70015454347,5.17312276214));
#1331 = CARTESIAN_POINT('',(5.700165888191,5.172460111447));
#1332 = CARTESIAN_POINT('',(5.696330812519,5.171798828084));
#1333 = CARTESIAN_POINT('',(5.688683443848,5.171141663116));
#1334 = CARTESIAN_POINT('',(5.677291882035,5.170491095835));
#1335 = CARTESIAN_POINT('',(5.662252764389,5.169849430595));
#1336 = CARTESIAN_POINT('',(5.643687442802,5.169218773227));
#1337 = CARTESIAN_POINT('',(5.621738630774,5.168601047525));
#1338 = CARTESIAN_POINT('',(5.596565995816,5.167997973079));
#1339 = CARTESIAN_POINT('',(5.568347937507,5.167411158851));
#1340 = CARTESIAN_POINT('',(5.537261803838,5.166841767595));
#1341 = CARTESIAN_POINT('',(5.50347978422,5.166290649629));
#1342 = CARTESIAN_POINT('',(5.467180767222,5.165758611977));
#1343 = CARTESIAN_POINT('',(5.428538478489,5.165246244692));
#1344 = CARTESIAN_POINT('',(5.387721158522,5.164753982656));
#1345 = CARTESIAN_POINT('',(5.344891022543,5.164282136839));
#1346 = CARTESIAN_POINT('',(5.300200717914,5.163830880459));
#1347 = CARTESIAN_POINT('',(5.253793311701,5.163400286335));
#1348 = CARTESIAN_POINT('',(5.205804801512,5.162990367442));
#1349 = CARTESIAN_POINT('',(5.156362762614,5.162601075612));
#1350 = CARTESIAN_POINT('',(5.10558639514,5.162232313582));
#1351 = CARTESIAN_POINT('',(5.053584830504,5.161883935332));
#1352 = CARTESIAN_POINT('',(5.000462637018,5.16155579083));
#1353 = CARTESIAN_POINT('',(4.946315712692,5.161247697939));
#1354 = CARTESIAN_POINT('',(4.891233937041,5.160959470838));
#1355 = CARTESIAN_POINT('',(4.835301740197,5.160690920892));
#1356 = CARTESIAN_POINT('',(4.77859617212,5.160441848551));
#1357 = CARTESIAN_POINT('',(4.721198615801,5.160212095395));
#1358 = CARTESIAN_POINT('',(4.663173546375,5.160001455617));
#1359 = CARTESIAN_POINT('',(4.604584167694,5.159809748278));
#1360 = CARTESIAN_POINT('',(4.545491047393,5.159636808127));
#1361 = CARTESIAN_POINT('',(4.485952611157,5.159482486294));
#1362 = CARTESIAN_POINT('',(4.426025127504,5.159346648805));
#1363 = CARTESIAN_POINT('',(4.365762815952,5.159229176142));
#1364 = CARTESIAN_POINT('',(4.305217915772,5.159129963));
#1365 = CARTESIAN_POINT('',(4.24444073366,5.159048918453));
#1366 = CARTESIAN_POINT('',(4.183479759809,5.158985966475));
#1367 = CARTESIAN_POINT('',(4.122381476094,5.158941046842));
#1368 = CARTESIAN_POINT('',(4.061191272054,5.15891411638));
#1369 = CARTESIAN_POINT('',(3.999950182228,5.15890515064));
#1370 = CARTESIAN_POINT('',(3.938707229926,5.158914145735));
#1371 = CARTESIAN_POINT('',(3.877511934548,5.15894110876));
#1372 = CARTESIAN_POINT('',(3.8164076587,5.158986065271));
#1373 = CARTESIAN_POINT('',(3.755440962892,5.159049057843));
#1374 = CARTESIAN_POINT('',(3.694659154198,5.159130145301));
#1375 = CARTESIAN_POINT('',(3.63411099805,5.159229402236));
#1376 = CARTESIAN_POINT('',(3.573846620118,5.15934691881));
#1377 = CARTESIAN_POINT('',(3.51391752124,5.159482801276));
#1378 = CARTESIAN_POINT('',(3.454376986633,5.15963717146));
#1379 = CARTESIAN_POINT('',(3.395278841515,5.159810171817));
#1380 = CARTESIAN_POINT('',(3.336682890061,5.160001950027));
#1381 = CARTESIAN_POINT('',(3.278651546912,5.160212666306));
#1382 = CARTESIAN_POINT('',(3.221249956467,5.160442493832));
#1383 = CARTESIAN_POINT('',(3.164547253945,5.16069161495));
#1384 = CARTESIAN_POINT('',(3.108617405173,5.160960216171));
#1385 = CARTESIAN_POINT('',(3.053538396405,5.161248494162));
#1386 = CARTESIAN_POINT('',(2.999394358958,5.161556638862));
#1387 = CARTESIAN_POINT('',(2.946275370345,5.161884834899));
#1388 = CARTESIAN_POINT('',(2.894277122729,5.162233265601));
#1389 = CARTESIAN_POINT('',(2.843504445035,5.162602079829));
#1390 = CARTESIAN_POINT('',(2.794066441633,5.162991423334));
#1391 = CARTESIAN_POINT('',(2.746082198096,5.163401394454));
#1392 = CARTESIAN_POINT('',(2.699679351587,5.16383204098));
#1393 = CARTESIAN_POINT('',(2.654993934429,5.164283349909));
#1394 = CARTESIAN_POINT('',(2.612169439661,5.164755243192));
#1395 = CARTESIAN_POINT('',(2.571357725461,5.165247556497));
#1396 = CARTESIAN_POINT('',(2.532721532723,5.165759973039));
#1397 = CARTESIAN_POINT('',(2.496428902405,5.166292060386));
#1398 = CARTESIAN_POINT('',(2.462653968428,5.166843221365));
#1399 = CARTESIAN_POINT('',(2.43157459223,5.167412669407));
#1400 = CARTESIAN_POINT('',(2.403366993751,5.167999469175));
#1401 = CARTESIAN_POINT('',(2.378204751185,5.168602516775));
#1402 = CARTESIAN_POINT('',(2.356265801781,5.169220216342));
#1403 = CARTESIAN_POINT('',(2.337709665192,5.169850855223));
#1404 = CARTESIAN_POINT('',(2.322679171427,5.17049251258));
#1405 = CARTESIAN_POINT('',(2.311295908858,5.171143082369));
#1406 = CARTESIAN_POINT('',(2.303656767692,5.171800252878));
#1407 = CARTESIAN_POINT('',(2.299829983467,5.172461548118));
#1408 = CARTESIAN_POINT('',(2.29984968694,5.17312416776));
#1409 = CARTESIAN_POINT('',(2.303715043936,5.173785759754));
#1410 = CARTESIAN_POINT('',(2.311391957739,5.174443616762));
#1411 = CARTESIAN_POINT('',(2.322812043457,5.175095222154));
#1412 = CARTESIAN_POINT('',(2.337878338686,5.175738255277));
#1413 = CARTESIAN_POINT('',(2.356469186107,5.176370587655));
#1414 = CARTESIAN_POINT('',(2.378441654937,5.176990273514));
#1415 = CARTESIAN_POINT('',(2.403636100282,5.177595571357));
#1416 = CARTESIAN_POINT('',(2.431874097212,5.178184846192));
#1417 = CARTESIAN_POINT('',(2.462980524764,5.178756942631));
#1418 = CARTESIAN_POINT('',(2.49678091502,5.179310932802));
#1419 = CARTESIAN_POINT('',(2.533097003452,5.179845991669));
#1420 = CARTESIAN_POINT('',(2.571754889463,5.180361495884));
#1421 = CARTESIAN_POINT('',(2.612586529791,5.180856983773));
#1422 = CARTESIAN_POINT('',(2.655429483493,5.181332113481));
#1423 = CARTESIAN_POINT('',(2.70013161678,5.181786690717));
#1424 = CARTESIAN_POINT('',(2.746549734092,5.182220615396));
#1425 = CARTESIAN_POINT('',(2.79454785495,5.182633851119));
#1426 = CARTESIAN_POINT('',(2.843998643436,5.183026425244));
#1427 = CARTESIAN_POINT('',(2.894782329951,5.18339841164));
#1428 = CARTESIAN_POINT('',(2.94679251125,5.183749952033));
#1429 = CARTESIAN_POINT('',(2.999899599546,5.184081028617));
#1430 = CARTESIAN_POINT('',(3.054019939182,5.18439190851));
#1431 = CARTESIAN_POINT('',(3.109069567223,5.184682804612));
#1432 = CARTESIAN_POINT('',(3.164969381923,5.184953922418));
#1433 = CARTESIAN_POINT('',(3.221643494601,5.185205450753));
#1434 = CARTESIAN_POINT('',(3.279019446995,5.185437566835));
#1435 = CARTESIAN_POINT('',(3.337027963925,5.185650436831));
#1436 = CARTESIAN_POINT('',(3.395602861865,5.185844216987));
#1437 = CARTESIAN_POINT('',(3.454680943317,5.186019054013));
#1438 = CARTESIAN_POINT('',(3.514201918822,5.186175085105));
#1439 = CARTESIAN_POINT('',(3.574108341444,5.186312437548));
#1440 = CARTESIAN_POINT('',(3.634345554641,5.186431227931));
#1441 = CARTESIAN_POINT('',(3.694861647044,5.186531561041));
#1442 = CARTESIAN_POINT('',(3.755607421253,5.186613528361));
#1443 = CARTESIAN_POINT('',(3.816536336711,5.186677206546));
#1444 = CARTESIAN_POINT('',(3.877604561375,5.186722654625));
#1445 = CARTESIAN_POINT('',(3.938770615323,5.186749914766));
#1446 = CARTESIAN_POINT('',(3.979587885818,5.186755970685));
#1447 = CARTESIAN_POINT('',(4.,5.186755972664));
#1448 = ( GEOMETRIC_REPRESENTATION_CONTEXT(2) 
PARAMETRIC_REPRESENTATION_CONTEXT() REPRESENTATION_CONTEXT('2D SPACE',''
  ) );
#1449 = PCURVE('',#1450,#1455);
#1450 = CYLINDRICAL_SURFACE('',#1451,1.7);
#1451 = AXIS2_PLACEMENT_3D('',#1452,#1453,#1454);
#1452 = CARTESIAN_POINT('',(42.824636788256,60.577022631072,4.));
#1453 = DIRECTION('',(-0.986375977927,-0.16450662652,0.));
#1454 = DIRECTION('',(-0.16450662652,0.986375977927,0.));
#1455 = DEFINITIONAL_REPRESENTATION('',(#1456),#1614);
#1456 = B_SPLINE_CURVE_WITH_KNOTS('',3,(#1457,#1458,#1459,#1460,#1461,
    #1462,#1463,#1464,#1465,#1466,#1467,#1468,#1469,#1470,#1471,#1472,
    #1473,#1474,#1475,#1476,#1477,#1478,#1479,#1480,#1481,#1482,#1483,
    #1484,#1485,#1486,#1487,#1488,#1489,#1490,#1491,#1492,#1493,#1494,
    #1495,#1496,#1497,#1498,#1499,#1500,#1501,#1502,#1503,#1504,#1505,
    #1506,#1507,#1508,#1509,#1510,#1511,#1512,#1513,#1514,#1515,#1516,
    #1517,#1518,#1519,#1520,#1521,#1522,#1523,#1524,#1525,#1526,#1527,
    #1528,#1529,#1530,#1531,#1532,#1533,#1534,#1535,#1536,#1537,#1538,
    #1539,#1540,#1541,#1542,#1543,#1544,#1545,#1546,#1547,#1548,#1549,
    #1550,#1551,#1552,#1553,#1554,#1555,#1556,#1557,#1558,#1559,#1560,
    #1561,#1562,#1563,#1564,#1565,#1566,#1567,#1568,#1569,#1570,#1571,
    #1572,#1573,#1574,#1575,#1576,#1577,#1578,#1579,#1580,#1581,#1582,
    #1583,#1584,#1585,#1586,#1587,#1588,#1589,#1590,#1591,#1592,#1593,
    #1594,#1595,#1596,#1597,#1598,#1599,#1600,#1601,#1602,#1603,#1604,
    #1605,#1606,#1607,#1608,#1609,#1610,#1611,#1612,#1613),
  .UNSPECIFIED.,.F.,.F.,(4,1,1,1,1,1,1,1,1,1,1,1,1,1,1,1,1,1,1,1,1,1,1,1
    ,1,1,1,1,1,1,1,1,1,1,1,1,1,1,1,1,1,1,1,1,1,1,1,1,1,1,1,1,1,1,1,1,1,1
    ,1,1,1,1,1,1,1,1,1,1,1,1,1,1,1,1,1,1,1,1,1,1,1,1,1,1,1,1,1,1,1,1,1,1
    ,1,1,1,1,1,1,1,1,1,1,1,1,1,1,1,1,1,1,1,1,1,1,1,1,1,1,1,1,1,1,1,1,1,1
    ,1,1,1,1,1,1,1,1,1,1,1,1,1,1,1,1,1,1,1,1,1,1,1,1,1,1,1,1,4),(0.,
    8.647508514149E-03,1.72950170283E-02,2.594252554245E-02,
    3.459003405659E-02,4.323754257074E-02,5.188505108489E-02,
    6.053255959904E-02,6.918006811319E-02,7.782757662734E-02,
    8.647508514149E-02,9.512259365563E-02,0.10377010217,0.112417610684,
    0.121065119198,0.129712627712,0.138360136226,0.147007644741,
    0.155655153255,0.164302661769,0.172950170283,0.181597678797,
    0.190245187311,0.198892695825,0.20754020434,0.216187712854,
    0.224835221368,0.233482729882,0.242130238396,0.25077774691,
    0.259425255424,0.268072763939,0.276720272453,0.285367780967,
    0.294015289481,0.302662797995,0.311310306509,0.319957815023,
    0.328605323538,0.337252832052,0.345900340566,0.35454784908,
    0.363195357594,0.371842866108,0.380490374623,0.389137883137,
    0.397785391651,0.406432900165,0.415080408679,0.423727917193,
    0.432375425707,0.441022934222,0.449670442736,0.45831795125,
    0.466965459764,0.475612968278,0.484260476792,0.492907985306,
    0.501555493821,0.510203002335,0.518850510849,0.527498019363,
    0.536145527877,0.544793036391,0.553440544906,0.56208805342,
    0.570735561934,0.579383070448,0.588030578962,0.596678087476,
    0.60532559599,0.613973104505,0.622620613019,0.631268121533,
    0.639915630047,0.648563138561,0.657210647075,0.665858155589,
    0.674505664104,0.683153172618,0.691800681132,0.700448189646,
    0.70909569816,0.717743206674,0.726390715188,0.735038223703,
    0.743685732217,0.752333240731,0.760980749245,0.769628257759,
    0.778275766273,0.786923274788,0.795570783302,0.804218291816,
    0.81286580033,0.821513308844,0.830160817358,0.838808325872,
    0.847455834387,0.856103342901,0.864750851415,0.873398359929,
    0.882045868443,0.890693376957,0.899340885471,0.907988393986,
    0.9166359025,0.925283411014,0.933930919528,0.942578428042,
    0.951225936556,0.95987344507,0.968520953585,0.977168462099,
    0.985815970613,0.994463479127,1.003110987641,1.011758496155,
    1.02040600467,1.029053513184,1.037701021698,1.046348530212,
    1.054996038726,1.06364354724,1.072291055754,1.080938564269,
    1.089586072783,1.098233581297,1.106881089811,1.115528598325,
    1.124176106839,1.132823615353,1.141471123868,1.150118632382,
    1.158766140896,1.16741364941,1.176061157924,1.184708666438,
    1.193356174952,1.202003683467,1.210651191981,1.219298700495,
    1.227946209009,1.236593717523,1.245241226037,1.253888734552,
    1.262536243066,1.27118375158,1.279831260094,1.288478768608,
    1.297126277122,1.305773785636,1.314421294151,1.323068802665,
    1.331716311179),.QUASI_UNIFORM_KNOTS.);
#1457 = CARTESIAN_POINT('',(6.28318530718,4.604820698286));
#1458 = CARTESIAN_POINT('',(6.271177523499,4.604820700968));
#1459 = CARTESIAN_POINT('',(6.247166089418,4.604816486059));
#1460 = CARTESIAN_POINT('',(6.211137332423,4.604797567745));
#1461 = CARTESIAN_POINT('',(6.175072512042,4.604766105109));
#1462 = CARTESIAN_POINT('',(6.138948752048,4.604722196135));
#1463 = CARTESIAN_POINT('',(6.102743961095,4.604665972475));
#1464 = CARTESIAN_POINT('',(6.06643680457,4.604597606032));
#1465 = CARTESIAN_POINT('',(6.030006479891,4.604517310262));
#1466 = CARTESIAN_POINT('',(5.993432552051,4.604425342793));
#1467 = CARTESIAN_POINT('',(5.956694777862,4.604322007572));
#1468 = CARTESIAN_POINT('',(5.919772934453,4.604207657036));
#1469 = CARTESIAN_POINT('',(5.882646643086,4.604082694167));
#1470 = CARTESIAN_POINT('',(5.845295185706,4.603947574471));
#1471 = CARTESIAN_POINT('',(5.807697306487,4.603802807856));
#1472 = CARTESIAN_POINT('',(5.76983100092,4.603648960461));
#1473 = CARTESIAN_POINT('',(5.731673255238,4.603486656278));
#1474 = CARTESIAN_POINT('',(5.693199844676,4.603316579132));
#1475 = CARTESIAN_POINT('',(5.654384753404,4.60313947291));
#1476 = CARTESIAN_POINT('',(5.615200814325,4.602956147912));
#1477 = CARTESIAN_POINT('',(5.575615570659,4.602767463955));
#1478 = CARTESIAN_POINT('',(5.535626307632,4.602574505089));
#1479 = CARTESIAN_POINT('',(5.495208282531,4.602378334415));
#1480 = CARTESIAN_POINT('',(5.454342074961,4.602180126834));
#1481 = CARTESIAN_POINT('',(5.413009142661,4.601981145643));
#1482 = CARTESIAN_POINT('',(5.371193026679,4.601782746609));
#1483 = CARTESIAN_POINT('',(5.328878356741,4.60158637122));
#1484 = CARTESIAN_POINT('',(5.286053254098,4.601393555754));
#1485 = CARTESIAN_POINT('',(5.242712136833,4.601205925006));
#1486 = CARTESIAN_POINT('',(5.198852814723,4.601025173222));
#1487 = CARTESIAN_POINT('',(5.154478798945,4.60085305042));
#1488 = CARTESIAN_POINT('',(5.109601869141,4.600691345139));
#1489 = CARTESIAN_POINT('',(5.064232515454,4.600541827328));
#1490 = CARTESIAN_POINT('',(5.018393023909,4.60040625958));
#1491 = CARTESIAN_POINT('',(4.972130286411,4.600286382384));
#1492 = CARTESIAN_POINT('',(4.925490341181,4.600183783904));
#1493 = CARTESIAN_POINT('',(4.878526098827,4.600099883467));
#1494 = CARTESIAN_POINT('',(4.83129654856,4.600035885837));
#1495 = CARTESIAN_POINT('',(4.783869086255,4.599992742641));
#1496 = CARTESIAN_POINT('',(4.736319281804,4.599971114376));
#1497 = CARTESIAN_POINT('',(4.688739485117,4.599971322938));
#1498 = CARTESIAN_POINT('',(4.641190514764,4.599993348627));
#1499 = CARTESIAN_POINT('',(4.593763449661,4.600036831991));
#1500 = CARTESIAN_POINT('',(4.546533097692,4.600101079104));
#1501 = CARTESIAN_POINT('',(4.49956661702,4.600185108547));
#1502 = CARTESIAN_POINT('',(4.452923147536,4.600287689501));
#1503 = CARTESIAN_POINT('',(4.406656084778,4.600407380288));
#1504 = CARTESIAN_POINT('',(4.360812153988,4.600542574388));
#1505 = CARTESIAN_POINT('',(4.315439309879,4.600691516524));
#1506 = CARTESIAN_POINT('',(4.270561052534,4.600852432975));
#1507 = CARTESIAN_POINT('',(4.226185031328,4.601023562759));
#1508 = CARTESIAN_POINT('',(4.182323803799,4.601203119256));
#1509 = CARTESIAN_POINT('',(4.138980683925,4.601389362026));
#1510 = CARTESIAN_POINT('',(4.096153623765,4.601580608529));
#1511 = CARTESIAN_POINT('',(4.053836879041,4.601775250102));
#1512 = CARTESIAN_POINT('',(4.012018869595,4.60197176708));
#1513 = CARTESIAN_POINT('',(3.970684111274,4.602168737957));
#1514 = CARTESIAN_POINT('',(3.929816120238,4.602364828235));
#1515 = CARTESIAN_POINT('',(3.889396511088,4.602558796025));
#1516 = CARTESIAN_POINT('',(3.849405329101,4.602749491536));
#1517 = CARTESIAN_POINT('',(3.809820004974,4.602935864313));
#1518 = CARTESIAN_POINT('',(3.770619565745,4.603116937623));
#1519 = CARTESIAN_POINT('',(3.731781157842,4.603291825621));
#1520 = CARTESIAN_POINT('',(3.693282197417,4.60345971463));
#1521 = CARTESIAN_POINT('',(3.65510033204,4.603619862203));
#1522 = CARTESIAN_POINT('',(3.617211865961,4.603771603252));
#1523 = CARTESIAN_POINT('',(3.579599336254,4.603914312472));
#1524 = CARTESIAN_POINT('',(3.542237189715,4.604047458179));
#1525 = CARTESIAN_POINT('',(3.505102058244,4.604170556291));
#1526 = CARTESIAN_POINT('',(3.468171463098,4.604283173048));
#1527 = CARTESIAN_POINT('',(3.431423841858,4.604384922514));
#1528 = CARTESIAN_POINT('',(3.394838254326,4.604475465449));
#1529 = CARTESIAN_POINT('',(3.358394200862,4.60455450777));
#1530 = CARTESIAN_POINT('',(3.322071434602,4.604621799084));
#1531 = CARTESIAN_POINT('',(3.285849777769,4.604677131165));
#1532 = CARTESIAN_POINT('',(3.249708987948,4.604720336408));
#1533 = CARTESIAN_POINT('',(3.213628448013,4.604751286245));
#1534 = CARTESIAN_POINT('',(3.177587506435,4.604769889537));
#1535 = CARTESIAN_POINT('',(3.141563355245,4.604776090945));
#1536 = CARTESIAN_POINT('',(3.105538071119,4.604769869204));
#1537 = CARTESIAN_POINT('',(3.069494013684,4.604751243422));
#1538 = CARTESIAN_POINT('',(3.033409725836,4.604720268382));
#1539 = CARTESIAN_POINT('',(2.997265229693,4.604677035726));
#1540 = CARTESIAN_POINT('',(2.961040387376,4.604621675059));
#1541 = CARTESIAN_POINT('',(2.924715120086,4.604554355047));
#1542 = CARTESIAN_POINT('',(2.888269146824,4.604475284557));
#1543 = CARTESIAN_POINT('',(2.85168177389,4.604384713526));
#1544 = CARTESIAN_POINT('',(2.81493191929,4.604282934764));
#1545 = CARTESIAN_POINT('',(2.777997074871,4.604170282202));
#1546 = CARTESIAN_POINT('',(2.740856451228,4.604047143288));
#1547 = CARTESIAN_POINT('',(2.70348868872,4.60391395449));
#1548 = CARTESIAN_POINT('',(2.665871664138,4.603771206052));
#1549 = CARTESIAN_POINT('',(2.627983013407,4.60361944365));
#1550 = CARTESIAN_POINT('',(2.589800461072,4.603459275155));
#1551 = CARTESIAN_POINT('',(2.551300889731,4.603291367645));
#1552 = CARTESIAN_POINT('',(2.512461738224,4.603116462782));
#1553 = CARTESIAN_POINT('',(2.473260560498,4.602935375254));
#1554 = CARTESIAN_POINT('',(2.433674347312,4.602748990449));
#1555 = CARTESIAN_POINT('',(2.393682289111,4.602558286051));
#1556 = CARTESIAN_POINT('',(2.353261807238,4.602364312473));
#1557 = CARTESIAN_POINT('',(2.312392835351,4.602168219177));
#1558 = CARTESIAN_POINT('',(2.271057022161,4.601971248591));
#1559 = CARTESIAN_POINT('',(2.229237886055,4.601774735614));
#1560 = CARTESIAN_POINT('',(2.186920382149,4.601580103427));
#1561 = CARTESIAN_POINT('',(2.144092127057,4.601388868522));
#1562 = CARTESIAN_POINT('',(2.10074788408,4.601202642034));
#1563 = CARTESIAN_POINT('',(2.056885377767,4.601023105348));
#1564 = CARTESIAN_POINT('',(2.012508476349,4.600852001431));
#1565 = CARTESIAN_POINT('',(1.967628128198,4.600691111424));
#1566 = CARTESIAN_POINT('',(1.922258527272,4.600542217194));
#1567 = CARTESIAN_POINT('',(1.876418420993,4.600407073734));
#1568 = CARTESIAN_POINT('',(1.830154806783,4.600287432714));
#1569 = CARTESIAN_POINT('',(1.783513919733,4.600184899641));
#1570 = CARTESIAN_POINT('',(1.736548977537,4.600100916485));
#1571 = CARTESIAN_POINT('',(1.689319167033,4.60003671502));
#1572 = CARTESIAN_POINT('',(1.64189219378,4.599993277688));
#1573 = CARTESIAN_POINT('',(1.594342632345,4.599971298786));
#1574 = CARTESIAN_POINT('',(1.546765092842,4.599971137936));
#1575 = CARTESIAN_POINT('',(1.499220782682,4.599992808693));
#1576 = CARTESIAN_POINT('',(1.45179724219,4.600035990155));
#1577 = CARTESIAN_POINT('',(1.404571149401,4.600100022447));
#1578 = CARTESIAN_POINT('',(1.35760967488,4.600183954493));
#1579 = CARTESIAN_POINT('',(1.310972123278,4.60028658157));
#1580 = CARTESIAN_POINT('',(1.264711748324,4.600406483625));
#1581 = CARTESIAN_POINT('',(1.218874900232,4.600542071548));
#1582 = CARTESIAN_POINT('',(1.173509280359,4.600691601668));
#1583 = CARTESIAN_POINT('',(1.128635395964,4.600853317076));
#1584 = CARTESIAN_POINT('',(1.084264542553,4.601025445611));
#1585 = CARTESIAN_POINT('',(1.040408291211,4.601206199703));
#1586 = CARTESIAN_POINT('',(0.997070216984,4.601393829317));
#1587 = CARTESIAN_POINT('',(0.954248079035,4.601586640816));
#1588 = CARTESIAN_POINT('',(0.911936393724,4.601783009295));
#1589 = CARTESIAN_POINT('',(0.870123111166,4.60198139954));
#1590 = CARTESIAN_POINT('',(0.828792950003,4.602180370102));
#1591 = CARTESIAN_POINT('',(0.787929444088,4.602378565539));
#1592 = CARTESIAN_POINT('',(0.747514080199,4.602574722697));
#1593 = CARTESIAN_POINT('',(0.707527333964,4.602767667463));
#1594 = CARTESIAN_POINT('',(0.667944771324,4.602956335612));
#1595 = CARTESIAN_POINT('',(0.628763664712,4.603139643428));
#1596 = CARTESIAN_POINT('',(0.589951150916,4.603316733287));
#1597 = CARTESIAN_POINT('',(0.551480215016,4.603486794361));
#1598 = CARTESIAN_POINT('',(0.513324836573,4.603649082976));
#1599 = CARTESIAN_POINT('',(0.475460822069,4.603802915337));
#1600 = CARTESIAN_POINT('',(0.437865174047,4.603947667541));
#1601 = CARTESIAN_POINT('',(0.400515903679,4.604082773532));
#1602 = CARTESIAN_POINT('',(0.363391766925,4.604207723492));
#1603 = CARTESIAN_POINT('',(0.326472054946,4.604322062011));
#1604 = CARTESIAN_POINT('',(0.289736395628,4.6044253862));
#1605 = CARTESIAN_POINT('',(0.253164570378,4.604517343713));
#1606 = CARTESIAN_POINT('',(0.216736338029,4.604597630691));
#1607 = CARTESIAN_POINT('',(0.180431263396,4.604665989585));
#1608 = CARTESIAN_POINT('',(0.14422854153,4.604722207005));
#1609 = CARTESIAN_POINT('',(0.108106833265,4.604766111104));
#1610 = CARTESIAN_POINT('',(7.204404041057E-02,4.604797570262));
#1611 = CARTESIAN_POINT('',(3.601727785351E-02,4.604816486509));
#1612 = CARTESIAN_POINT('',(1.200714330019E-02,4.604820700966));
#1613 = CARTESIAN_POINT('',(0.,4.604820698286));
#1614 = ( GEOMETRIC_REPRESENTATION_CONTEXT(2) 
PARAMETRIC_REPRESENTATION_CONTEXT() REPRESENTATION_CONTEXT('2D SPACE',''
  ) );
#1615 = FACE_BOUND('',#1616,.T.);
#1616 = EDGE_LOOP('',(#1617));
#1617 = ORIENTED_EDGE('',*,*,#1618,.T.);
#1618 = EDGE_CURVE('',#1619,#1619,#1621,.T.);
#1619 = VERTEX_POINT('',#1620);
#1620 = CARTESIAN_POINT('',(19.566280222894,117.76913318603,4.));
#1621 = SURFACE_CURVE('',#1622,(#1739,#1900),.PCURVE_S1.);
#1622 = B_SPLINE_CURVE_WITH_KNOTS('',7,(#1623,#1624,#1625,#1626,#1627,
    #1628,#1629,#1630,#1631,#1632,#1633,#1634,#1635,#1636,#1637,#1638,
    #1639,#1640,#1641,#1642,#1643,#1644,#1645,#1646,#1647,#1648,#1649,
    #1650,#1651,#1652,#1653,#1654,#1655,#1656,#1657,#1658,#1659,#1660,
    #1661,#1662,#1663,#1664,#1665,#1666,#1667,#1668,#1669,#1670,#1671,
    #1672,#1673,#1674,#1675,#1676,#1677,#1678,#1679,#1680,#1681,#1682,
    #1683,#1684,#1685,#1686,#1687,#1688,#1689,#1690,#1691,#1692,#1693,
    #1694,#1695,#1696,#1697,#1698,#1699,#1700,#1701,#1702,#1703,#1704,
    #1705,#1706,#1707,#1708,#1709,#1710,#1711,#1712,#1713,#1714,#1715,
    #1716,#1717,#1718,#1719,#1720,#1721,#1722,#1723,#1724,#1725,#1726,
    #1727,#1728,#1729,#1730,#1731,#1732,#1733,#1734,#1735,#1736,#1737,
    #1738),.UNSPECIFIED.,.T.,.F.,(8,6,6,6,6,6,6,6,6,6,6,6,6,6,6,6,6,6,6,
    8),(0.,0.160095815923,0.217193454361,0.261842478701,0.333393622023,
    0.404141907886,0.448906066999,0.506054798787,0.549239612044,
    0.581526041875,0.666205707053,0.782579682872,0.825696340114,
    0.882641167211,0.92695787495,1.,1.070041857439,1.114893760307,
    1.172077819224,1.332528606958),.UNSPECIFIED.);
#1623 = CARTESIAN_POINT('',(19.566280222894,117.76913318603,4.));
#1624 = CARTESIAN_POINT('',(19.566280222894,117.76913318603,
    4.161866620572));
#1625 = CARTESIAN_POINT('',(19.575742500851,117.75383848622,
    4.323542651272));
#1626 = CARTESIAN_POINT('',(19.5946302881,117.72330810721,4.483972658431
    ));
#1627 = CARTESIAN_POINT('',(19.623126714523,117.67719121892,
    4.641759639585));
#1628 = CARTESIAN_POINT('',(19.661477503294,117.61497568906,
    4.795104687309));
#1629 = CARTESIAN_POINT('',(19.709893969919,117.53614030305,
    4.941864588697));
#1630 = CARTESIAN_POINT('',(19.78977990203,117.40539272765,
    5.128297480365));
#1631 = CARTESIAN_POINT('',(19.812100053603,117.36881004917,
    5.176091349934));
#1632 = CARTESIAN_POINT('',(19.835748793605,117.32998943605,
    5.222531458554));
#1633 = CARTESIAN_POINT('',(19.860730365536,117.28891082345,
    5.267458707525));
#1634 = CARTESIAN_POINT('',(19.887041337454,117.24556557443,
    5.310693929995));
#1635 = CARTESIAN_POINT('',(19.914668204309,117.19996069633,
    5.352040334485));
#1636 = CARTESIAN_POINT('',(19.96619724386,117.11471513674,
    5.421975105114));
#1637 = CARTESIAN_POINT('',(19.989596964537,117.07594406707,
    5.451377826828));
#1638 = CARTESIAN_POINT('',(20.013770239393,117.03582525397,
    5.479391693944));
#1639 = CARTESIAN_POINT('',(20.038696200311,116.99438532293,
    5.505905796972));
#1640 = CARTESIAN_POINT('',(20.064345587921,116.95166485266,
    5.530804137897));
#1641 = CARTESIAN_POINT('',(20.090679315573,116.90772110881,
    5.553969031519));
#1642 = CARTESIAN_POINT('',(20.160863454352,116.79037242892,
    5.609443072394));
#1643 = CARTESIAN_POINT('',(20.205727287693,116.71513734114,
    5.638867815301));
#1644 = CARTESIAN_POINT('',(20.252000355768,116.63729276704,
    5.663048279624));
#1645 = CARTESIAN_POINT('',(20.299385414234,116.55730991722,
    5.681532997079));
#1646 = CARTESIAN_POINT('',(20.347523789456,116.47577293823,
    5.693959343827));
#1647 = CARTESIAN_POINT('',(20.395993878528,116.39338615044,
    5.700110404105));
#1648 = CARTESIAN_POINT('',(20.492084996237,116.22949760506,
    5.699888529029));
#1649 = CARTESIAN_POINT('',(20.539753123158,116.14792179734,
    5.693655295024));
#1650 = CARTESIAN_POINT('',(20.586851494244,116.06704383904,
    5.681293003144));
#1651 = CARTESIAN_POINT('',(20.632988581767,115.98754913166,
    5.663010390253));
#1652 = CARTESIAN_POINT('',(20.677840716068,115.91001879622,
    5.639155679447));
#1653 = CARTESIAN_POINT('',(20.721147422482,115.83493294867,
    5.610165490043));
#1654 = CARTESIAN_POINT('',(20.789001297348,115.71695599379,
    5.555261141482));
#1655 = CARTESIAN_POINT('',(20.814605696217,115.67235330199,
    5.532120297821));
#1656 = CARTESIAN_POINT('',(20.839476263607,115.62894988277,
    5.507232303701));
#1657 = CARTESIAN_POINT('',(20.863581507877,115.58680883939,
    5.480715802922));
#1658 = CARTESIAN_POINT('',(20.886899789999,115.54597626955,
    5.452687822727));
#1659 = CARTESIAN_POINT('',(20.909417627147,115.50648389843,
    5.423260304459));
#1660 = CARTESIAN_POINT('',(20.95884481455,115.41966977148,
    5.353312870693));
#1661 = CARTESIAN_POINT('',(20.985243523339,115.3732083404,
    5.311979539967));
#1662 = CARTESIAN_POINT('',(21.010312694218,115.32900360248,
    5.268749527041));
#1663 = CARTESIAN_POINT('',(21.034052178098,115.28707090718,
    5.223820512972));
#1664 = CARTESIAN_POINT('',(21.056470606157,115.24740897983,
    5.177372496601));
#1665 = CARTESIAN_POINT('',(21.077582890764,115.21000413197,
    5.129565316287));
#1666 = CARTESIAN_POINT('',(21.11238849323,115.14825828784,
    5.043486977576));
#1667 = CARTESIAN_POINT('',(21.126633312027,115.12295985949,
    5.005741854618));
#1668 = CARTESIAN_POINT('',(21.140150177567,115.09892987994,
    4.96736113654));
#1669 = CARTESIAN_POINT('',(21.152947151789,115.07615850952,
    4.928400787219));
#1670 = CARTESIAN_POINT('',(21.165032363808,115.05463537569,
    4.888912400648));
#1671 = CARTESIAN_POINT('',(21.17641400991,115.034349573,4.848943200937)
  );
#1672 = CARTESIAN_POINT('',(21.195089826199,115.00103982865,
    4.778326281212));
#1673 = CARTESIAN_POINT('',(21.202690518148,114.98747546682,
    4.747872062065));
#1674 = CARTESIAN_POINT('',(21.209905769489,114.97459200246,
    4.71719146016));
#1675 = CARTESIAN_POINT('',(21.21673874705,114.96238505802,4.68630167251
    ));
#1676 = CARTESIAN_POINT('',(21.223192444401,114.95085045367,
    4.655219017853));
#1677 = CARTESIAN_POINT('',(21.229269681856,114.93998420726,
    4.62395893665));
#1678 = CARTESIAN_POINT('',(21.249931839569,114.90302596037,4.5101210408
    ));
#1679 = CARTESIAN_POINT('',(21.262317826036,114.88084331108,
    4.426593038513));
#1680 = CARTESIAN_POINT('',(21.27218105455,114.86316243154,
    4.342205788175));
#1681 = CARTESIAN_POINT('',(21.279556753133,114.84993261483,
    4.257194153598));
#1682 = CARTESIAN_POINT('',(21.28446933287,114.84111818607,
    4.171777201784));
#1683 = CARTESIAN_POINT('',(21.286932518047,114.83669859384,
    4.086160268442));
#1684 = CARTESIAN_POINT('',(21.286963727208,114.83664259652,
    3.882863741347));
#1685 = CARTESIAN_POINT('',(21.282354440748,114.84491284463,
    3.765224293624));
#1686 = CARTESIAN_POINT('',(21.273123076723,114.86147635951,
    3.648087221095));
#1687 = CARTESIAN_POINT('',(21.259216205782,114.88641454375,
    3.531989479558));
#1688 = CARTESIAN_POINT('',(21.240548310729,114.91985194539,
    3.417535866498));
#1689 = CARTESIAN_POINT('',(21.217001750771,114.96195417923,
    3.305410321823));
#1690 = CARTESIAN_POINT('',(21.177803129921,115.03187335162,
    3.156008875947));
#1691 = CARTESIAN_POINT('',(21.166513745263,115.05199640153,
    3.116052524976));
#1692 = CARTESIAN_POINT('',(21.154523730574,115.07335192075,
    3.076571390086));
#1693 = CARTESIAN_POINT('',(21.141824942184,115.09595076669,
    3.037612197383));
#1694 = CARTESIAN_POINT('',(21.128409283337,115.11980330353,
    2.999225980968));
#1695 = CARTESIAN_POINT('',(21.114268704184,115.14491940215,
    2.961468082933));
#1696 = CARTESIAN_POINT('',(21.079751540235,115.20616084531,
    2.875439331768));
#1697 = CARTESIAN_POINT('',(21.05883080453,115.24323118655,2.82768368626
    ));
#1698 = CARTESIAN_POINT('',(21.036614383841,115.2825414007,
    2.781266071416));
#1699 = CARTESIAN_POINT('',(21.01308727714,115.32410555344,
    2.736343481424));
#1700 = CARTESIAN_POINT('',(20.988240498216,115.36792578113,
    2.693092702984));
#1701 = CARTESIAN_POINT('',(20.962073480679,115.41398823272,
    2.65170796821));
#1702 = CARTESIAN_POINT('',(20.913212800935,115.49982523323,
    2.581806514491));
#1703 = CARTESIAN_POINT('',(20.891036944526,115.53872679343,
    2.552473192012));
#1704 = CARTESIAN_POINT('',(20.868075177757,115.57894529172,
    2.524498323562));
#1705 = CARTESIAN_POINT('',(20.844339852419,115.62045124746,
    2.497989886986));
#1706 = CARTESIAN_POINT('',(20.819851007054,115.66320161172,
    2.473060944287));
#1707 = CARTESIAN_POINT('',(20.794637965935,115.70713727915,
    2.449826431422));
#1708 = CARTESIAN_POINT('',(20.726057849699,115.82642031738,
    2.393085143487));
#1709 = CARTESIAN_POINT('',(20.681499970112,115.90369811179,
    2.362667603653));
#1710 = CARTESIAN_POINT('',(20.635276227758,115.98361600269,
    2.337687852118));
#1711 = CARTESIAN_POINT('',(20.587663429303,116.06566215873,
    2.318629401144));
#1712 = CARTESIAN_POINT('',(20.539013569517,116.14920373964,
    2.305883144698));
#1713 = CARTESIAN_POINT('',(20.489760054025,116.23348196445,
    2.299682537013));
#1714 = CARTESIAN_POINT('',(20.393112184078,116.39828124064,
    2.300323143871));
#1715 = CARTESIAN_POINT('',(20.345682055104,116.4788869009,
    2.306639299084));
#1716 = CARTESIAN_POINT('',(20.298581710829,116.55865855721,
    2.318959693507));
#1717 = CARTESIAN_POINT('',(20.252204354397,116.63693956945,
    2.337080066843));
#1718 = CARTESIAN_POINT('',(20.206887571017,116.71317994752,
    2.360662320835));
#1719 = CARTESIAN_POINT('',(20.162914208537,116.7869307277,
    2.389283409971));
#1720 = CARTESIAN_POINT('',(20.093362166197,116.90324287191,
    2.443706601992));
#1721 = CARTESIAN_POINT('',(20.066846627559,116.94749716455,
    2.466827804604));
#1722 = CARTESIAN_POINT('',(20.041018876094,116.99052110274,
    2.491707178485));
#1723 = CARTESIAN_POINT('',(20.015919147117,117.03225559636,
    2.518225300839));
#1724 = CARTESIAN_POINT('',(19.991577589113,117.07265869717,
    2.546264310109));
#1725 = CARTESIAN_POINT('',(19.968015736824,117.11170279126,
    2.575711431223));
#1726 = CARTESIAN_POINT('',(19.916220174652,117.1973979887,
    2.645668663033));
#1727 = CARTESIAN_POINT('',(19.888485317806,117.24318542107,
    2.686991409103));
#1728 = CARTESIAN_POINT('',(19.862070052351,117.28670622274,
    2.730217124977));
#1729 = CARTESIAN_POINT('',(19.836988330547,117.32795275347,
    2.775147424641));
#1730 = CARTESIAN_POINT('',(19.813243856029,117.36693330917,
    2.821601655121));
#1731 = CARTESIAN_POINT('',(19.790832521489,117.40366783234,
    2.86941940146));
#1732 = CARTESIAN_POINT('',(19.710575662649,117.53503029332,
    3.056072717791));
#1733 = CARTESIAN_POINT('',(19.661927164311,117.61424621422,
    3.203099285879));
#1734 = CARTESIAN_POINT('',(19.623393768032,117.67675903615,
    3.356762719439));
#1735 = CARTESIAN_POINT('',(19.594763066814,117.72309348013,
    3.514901066521));
#1736 = CARTESIAN_POINT('',(19.575786949963,117.75376664006,
    3.675700292416));
#1737 = CARTESIAN_POINT('',(19.566280222894,117.76913318603,
    3.837753589502));
#1738 = CARTESIAN_POINT('',(19.566280222894,117.76913318603,4.));
#1739 = PCURVE('',#299,#1740);
#1740 = DEFINITIONAL_REPRESENTATION('',(#1741),#1899);
#1741 = B_SPLINE_CURVE_WITH_KNOTS('',3,(#1742,#1743,#1744,#1745,#1746,
    #1747,#1748,#1749,#1750,#1751,#1752,#1753,#1754,#1755,#1756,#1757,
    #1758,#1759,#1760,#1761,#1762,#1763,#1764,#1765,#1766,#1767,#1768,
    #1769,#1770,#1771,#1772,#1773,#1774,#1775,#1776,#1777,#1778,#1779,
    #1780,#1781,#1782,#1783,#1784,#1785,#1786,#1787,#1788,#1789,#1790,
    #1791,#1792,#1793,#1794,#1795,#1796,#1797,#1798,#1799,#1800,#1801,
    #1802,#1803,#1804,#1805,#1806,#1807,#1808,#1809,#1810,#1811,#1812,
    #1813,#1814,#1815,#1816,#1817,#1818,#1819,#1820,#1821,#1822,#1823,
    #1824,#1825,#1826,#1827,#1828,#1829,#1830,#1831,#1832,#1833,#1834,
    #1835,#1836,#1837,#1838,#1839,#1840,#1841,#1842,#1843,#1844,#1845,
    #1846,#1847,#1848,#1849,#1850,#1851,#1852,#1853,#1854,#1855,#1856,
    #1857,#1858,#1859,#1860,#1861,#1862,#1863,#1864,#1865,#1866,#1867,
    #1868,#1869,#1870,#1871,#1872,#1873,#1874,#1875,#1876,#1877,#1878,
    #1879,#1880,#1881,#1882,#1883,#1884,#1885,#1886,#1887,#1888,#1889,
    #1890,#1891,#1892,#1893,#1894,#1895,#1896,#1897,#1898),
  .UNSPECIFIED.,.T.,.F.,(4,1,1,1,1,1,1,1,1,1,1,1,1,1,1,1,1,1,1,1,1,1,1,1
    ,1,1,1,1,1,1,1,1,1,1,1,1,1,1,1,1,1,1,1,1,1,1,1,1,1,1,1,1,1,1,1,1,1,1
    ,1,1,1,1,1,1,1,1,1,1,1,1,1,1,1,1,1,1,1,1,1,1,1,1,1,1,1,1,1,1,1,1,1,1
    ,1,1,1,1,1,1,1,1,1,1,1,1,1,1,1,1,1,1,1,1,1,1,1,1,1,1,1,1,1,1,1,1,1,1
    ,1,1,1,1,1,1,1,1,1,1,1,1,1,1,1,1,1,1,1,1,1,1,1,1,1,1,1,1,4),(0.,
    8.652783162062E-03,1.730556632412E-02,2.595834948619E-02,
    3.461113264825E-02,4.326391581031E-02,5.191669897237E-02,
    6.056948213444E-02,6.92222652965E-02,7.787504845856E-02,
    8.652783162062E-02,9.518061478269E-02,0.103833397945,0.112486181107,
    0.121138964269,0.129791747431,0.138444530593,0.147097313755,
    0.155750096917,0.164402880079,0.173055663241,0.181708446403,
    0.190361229565,0.199014012727,0.207666795889,0.216319579052,
    0.224972362214,0.233625145376,0.242277928538,0.2509307117,
    0.259583494862,0.268236278024,0.276889061186,0.285541844348,
    0.29419462751,0.302847410672,0.311500193834,0.320152976996,
    0.328805760158,0.33745854332,0.346111326482,0.354764109645,
    0.363416892807,0.372069675969,0.380722459131,0.389375242293,
    0.398028025455,0.406680808617,0.415333591779,0.423986374941,
    0.432639158103,0.441291941265,0.449944724427,0.458597507589,
    0.467250290751,0.475903073913,0.484555857075,0.493208640238,
    0.5018614234,0.510514206562,0.519166989724,0.527819772886,
    0.536472556048,0.54512533921,0.553778122372,0.562430905534,
    0.571083688696,0.579736471858,0.58838925502,0.597042038182,
    0.605694821344,0.614347604506,0.623000387668,0.631653170831,
    0.640305953993,0.648958737155,0.657611520317,0.666264303479,
    0.674917086641,0.683569869803,0.692222652965,0.700875436127,
    0.709528219289,0.718181002451,0.726833785613,0.735486568775,
    0.744139351937,0.752792135099,0.761444918261,0.770097701424,
    0.778750484586,0.787403267748,0.79605605091,0.804708834072,
    0.813361617234,0.822014400396,0.830667183558,0.83931996672,
    0.847972749882,0.856625533044,0.865278316206,0.873931099368,
    0.88258388253,0.891236665692,0.899889448854,0.908542232017,
    0.917195015179,0.925847798341,0.934500581503,0.943153364665,
    0.951806147827,0.960458930989,0.969111714151,0.977764497313,
    0.986417280475,0.995070063637,1.003722846799,1.012375629961,
    1.021028413123,1.029681196285,1.038333979447,1.04698676261,
    1.055639545772,1.064292328934,1.072945112096,1.081597895258,
    1.09025067842,1.098903461582,1.107556244744,1.116209027906,
    1.124861811068,1.13351459423,1.142167377392,1.150820160554,
    1.159472943716,1.168125726878,1.17677851004,1.185431293203,
    1.194084076365,1.202736859527,1.211389642689,1.220042425851,
    1.228695209013,1.237347992175,1.246000775337,1.254653558499,
    1.263306341661,1.271959124823,1.280611907985,1.289264691147,
    1.297917474309,1.306570257471,1.315223040633,1.323875823796,
    1.332528606958),.QUASI_UNIFORM_KNOTS.);
#1742 = CARTESIAN_POINT('',(4.,5.785294067627));
#1743 = CARTESIAN_POINT('',(4.020412935032,5.785294064596));
#1744 = CARTESIAN_POINT('',(4.061231807077,5.785284046472));
#1745 = CARTESIAN_POINT('',(4.122400128035,5.785238954188));
#1746 = CARTESIAN_POINT('',(4.183470470008,5.785163781161));
#1747 = CARTESIAN_POINT('',(4.244401337018,5.785058465317));
#1748 = CARTESIAN_POINT('',(4.30514887984,5.784922919361));
#1749 = CARTESIAN_POINT('',(4.3656665395,5.784757029919));
#1750 = CARTESIAN_POINT('',(4.425905099067,5.784560662125));
#1751 = CARTESIAN_POINT('',(4.485812626652,5.784333662224));
#1752 = CARTESIAN_POINT('',(4.545334444388,5.784075860121));
#1753 = CARTESIAN_POINT('',(4.604413083399,5.783787071293));
#1754 = CARTESIAN_POINT('',(4.662988231966,5.783467098158));
#1755 = CARTESIAN_POINT('',(4.720996670136,5.783115730826));
#1756 = CARTESIAN_POINT('',(4.778372192579,5.782732747151));
#1757 = CARTESIAN_POINT('',(4.835045501267,5.782317912216));
#1758 = CARTESIAN_POINT('',(4.890944121931,5.781870976498));
#1759 = CARTESIAN_POINT('',(4.945992128943,5.781391675364));
#1760 = CARTESIAN_POINT('',(5.000110468059,5.780879719754));
#1761 = CARTESIAN_POINT('',(5.053214916749,5.780334815738));
#1762 = CARTESIAN_POINT('',(5.105222715736,5.77975657209));
#1763 = CARTESIAN_POINT('',(5.156004459047,5.779145075439));
#1764 = CARTESIAN_POINT('',(5.205453038062,5.778500165102));
#1765 = CARTESIAN_POINT('',(5.25344900509,5.777821783765));
#1766 = CARTESIAN_POINT('',(5.299865022361,5.777109957424));
#1767 = CARTESIAN_POINT('',(5.344565187631,5.776364818654));
#1768 = CARTESIAN_POINT('',(5.387406235729,5.775586609964));
#1769 = CARTESIAN_POINT('',(5.428236359724,5.774775722659));
#1770 = CARTESIAN_POINT('',(5.466893019674,5.773932798428));
#1771 = CARTESIAN_POINT('',(5.503208284283,5.773058671132));
#1772 = CARTESIAN_POINT('',(5.537008151949,5.7721544432));
#1773 = CARTESIAN_POINT('',(5.568114722264,5.771221529272));
#1774 = CARTESIAN_POINT('',(5.596352160279,5.770261565747));
#1775 = CARTESIAN_POINT('',(5.62154612233,5.769276496572));
#1776 = CARTESIAN_POINT('',(5.643518857752,5.768269028391));
#1777 = CARTESIAN_POINT('',(5.662110821001,5.767242044498));
#1778 = CARTESIAN_POINT('',(5.677179035189,5.766198749852));
#1779 = CARTESIAN_POINT('',(5.688601614313,5.765142633968));
#1780 = CARTESIAN_POINT('',(5.696281260286,5.764077497249));
#1781 = CARTESIAN_POINT('',(5.700149256476,5.763007403419));
#1782 = CARTESIAN_POINT('',(5.700171054822,5.761936862171));
#1783 = CARTESIAN_POINT('',(5.696346769939,5.760869673988));
#1784 = CARTESIAN_POINT('',(5.68871037234,5.759810233545));
#1785 = CARTESIAN_POINT('',(5.677329844881,5.758762513577));
#1786 = CARTESIAN_POINT('',(5.662301765525,5.757730183139));
#1787 = CARTESIAN_POINT('',(5.643747501313,5.75671658195));
#1788 = CARTESIAN_POINT('',(5.621809960422,5.75572474776));
#1789 = CARTESIAN_POINT('',(5.596648959695,5.754757377413));
#1790 = CARTESIAN_POINT('',(5.568444031175,5.753817001613));
#1791 = CARTESIAN_POINT('',(5.537367913621,5.752905268153));
#1792 = CARTESIAN_POINT('',(5.503596395947,5.752023582388));
#1793 = CARTESIAN_POINT('',(5.467307427951,5.751173124787));
#1794 = CARTESIAN_POINT('',(5.42867507843,5.75035476866));
#1795 = CARTESIAN_POINT('',(5.387867351132,5.749569126047));
#1796 = CARTESIAN_POINT('',(5.345046929045,5.748816625851));
#1797 = CARTESIAN_POINT('',(5.300365624274,5.748097456676));
#1798 = CARTESIAN_POINT('',(5.25396686607,5.747411672489));
#1799 = CARTESIAN_POINT('',(5.205986629971,5.74675922729));
#1800 = CARTESIAN_POINT('',(5.156552497957,5.746139982014));
#1801 = CARTESIAN_POINT('',(5.105783507116,5.74555372108));
#1802 = CARTESIAN_POINT('',(5.053788713264,5.745000157367));
#1803 = CARTESIAN_POINT('',(5.000672904234,5.744479002776));
#1804 = CARTESIAN_POINT('',(4.946531741982,5.743989918301));
#1805 = CARTESIAN_POINT('',(4.891455275661,5.743532566545));
#1806 = CARTESIAN_POINT('',(4.835527618122,5.743106605323));
#1807 = CARTESIAN_POINT('',(4.778826742589,5.742711685269));
#1808 = CARTESIAN_POINT('',(4.721426607889,5.742347476424));
#1809 = CARTESIAN_POINT('',(4.663396347936,5.742013658646));
#1810 = CARTESIAN_POINT('',(4.604801119894,5.741709929411));
#1811 = CARTESIAN_POINT('',(4.54570332358,5.741436009507));
#1812 = CARTESIAN_POINT('',(4.486162758816,5.741191642463));
#1813 = CARTESIAN_POINT('',(4.426233308511,5.740976583012));
#1814 = CARTESIAN_POINT('',(4.365968292826,5.740790620988));
#1815 = CARTESIAN_POINT('',(4.30541924856,5.740633573351));
#1816 = CARTESIAN_POINT('',(4.244636329774,5.740505284923));
#1817 = CARTESIAN_POINT('',(4.183668333178,5.740405627512));
#1818 = CARTESIAN_POINT('',(4.122562566116,5.740334500197));
#1819 = CARTESIAN_POINT('',(4.061365682313,5.740291830024));
#1820 = CARTESIAN_POINT('',(4.000120766879,5.740277573327));
#1821 = CARTESIAN_POINT('',(3.938878420894,5.740291717573));
#1822 = CARTESIAN_POINT('',(3.877686610306,5.740334269799));
#1823 = CARTESIAN_POINT('',(3.816586730533,5.740405272162));
#1824 = CARTESIAN_POINT('',(3.755624155874,5.740504798497));
#1825 = CARTESIAN_POINT('',(3.694845443238,5.740632951872));
#1826 = CARTESIAN_POINT('',(3.634299123438,5.740789862625));
#1827 = CARTESIAN_POINT('',(3.574035543063,5.740975687018));
#1828 = CARTESIAN_POINT('',(3.514106971636,5.741190606493));
#1829 = CARTESIAN_POINT('',(3.454567652229,5.741434827482));
#1830 = CARTESIAN_POINT('',(3.395473868107,5.741708581919));
#1831 = CARTESIAN_POINT('',(3.336884056982,5.742012127992));
#1832 = CARTESIAN_POINT('',(3.27885877395,5.742345752774));
#1833 = CARTESIAN_POINT('',(3.221461267248,5.742709770692));
#1834 = CARTESIAN_POINT('',(3.164755809232,5.743104540394));
#1835 = CARTESIAN_POINT('',(3.108823836164,5.743530346893));
#1836 = CARTESIAN_POINT('',(3.053742469999,5.743987543534));
#1837 = CARTESIAN_POINT('',(2.999596069341,5.744476470766));
#1838 = CARTESIAN_POINT('',(2.946474505274,5.744997467494));
#1839 = CARTESIAN_POINT('',(2.894473578998,5.745550871336));
#1840 = CARTESIAN_POINT('',(2.84369786059,5.74613697185));
#1841 = CARTESIAN_POINT('',(2.794256398346,5.746756056688));
#1842 = CARTESIAN_POINT('',(2.746268299054,5.747408340235));
#1843 = CARTESIAN_POINT('',(2.699861072378,5.748093962252));
#1844 = CARTESIAN_POINT('',(2.655170642057,5.748812969079));
#1845 = CARTESIAN_POINT('',(2.612340082032,5.74956531359));
#1846 = CARTESIAN_POINT('',(2.571521786049,5.750350796858));
#1847 = CARTESIAN_POINT('',(2.532878030546,5.751168997158));
#1848 = CARTESIAN_POINT('',(2.496576907417,5.752019301499));
#1849 = CARTESIAN_POINT('',(2.462792306604,5.752900841631));
#1850 = CARTESIAN_POINT('',(2.431702408255,5.753812429528));
#1851 = CARTESIAN_POINT('',(2.403481958946,5.754752703355));
#1852 = CARTESIAN_POINT('',(2.378307981272,5.755719854167));
#1853 = CARTESIAN_POINT('',(2.356356266442,5.756711456063));
#1854 = CARTESIAN_POINT('',(2.337785934553,5.757724853254));
#1855 = CARTESIAN_POINT('',(2.322739680422,5.758757047048));
#1856 = CARTESIAN_POINT('',(2.31133943956,5.7598047184));
#1857 = CARTESIAN_POINT('',(2.303682685818,5.760864196977));
#1858 = CARTESIAN_POINT('',(2.299838340598,5.761931510919));
#1859 = CARTESIAN_POINT('',(2.299841162551,5.763002169886));
#1860 = CARTESIAN_POINT('',(2.303690800177,5.764072346132));
#1861 = CARTESIAN_POINT('',(2.311353094636,5.765137620484));
#1862 = CARTESIAN_POINT('',(2.322759822898,5.766193918991));
#1863 = CARTESIAN_POINT('',(2.337814149562,5.767237444366));
#1864 = CARTESIAN_POINT('',(2.356394457127,5.768264694304));
#1865 = CARTESIAN_POINT('',(2.378357629315,5.769272442572));
#1866 = CARTESIAN_POINT('',(2.403543649672,5.770257781019));
#1867 = CARTESIAN_POINT('',(2.431772991907,5.771217953745));
#1868 = CARTESIAN_POINT('',(2.462873379161,5.772151096251));
#1869 = CARTESIAN_POINT('',(2.496668323718,5.773055546899));
#1870 = CARTESIAN_POINT('',(2.532979982152,5.773929894664));
#1871 = CARTESIAN_POINT('',(2.571634196335,5.774773033863));
#1872 = CARTESIAN_POINT('',(2.612462977553,5.775584130017));
#1873 = CARTESIAN_POINT('',(2.655303578532,5.776362538612));
#1874 = CARTESIAN_POINT('',(2.700004348112,5.777107872028));
#1875 = CARTESIAN_POINT('',(2.746421805011,5.77781988457));
#1876 = CARTESIAN_POINT('',(2.794419981015,5.77849844353));
#1877 = CARTESIAN_POINT('',(2.843871385783,5.779143521808));
#1878 = CARTESIAN_POINT('',(2.894656808841,5.779755180073));
#1879 = CARTESIAN_POINT('',(2.946668151203,5.780333568401));
#1880 = CARTESIAN_POINT('',(2.999776241313,5.780878605075));
#1881 = CARTESIAN_POINT('',(3.05389905236,5.781390689183));
#1882 = CARTESIAN_POINT('',(3.108952047029,5.781870111474));
#1883 = CARTESIAN_POINT('',(3.164856146365,5.782317161046));
#1884 = CARTESIAN_POINT('',(3.221535331734,5.782732101931));
#1885 = CARTESIAN_POINT('',(3.278917063659,5.783115183426));
#1886 = CARTESIAN_POINT('',(3.33693198112,5.783466640286));
#1887 = CARTESIAN_POINT('',(3.395513825099,5.78378669462));
#1888 = CARTESIAN_POINT('',(3.454599329649,5.784075556359));
#1889 = CARTESIAN_POINT('',(3.514128145504,5.78433342319));
#1890 = CARTESIAN_POINT('',(3.574042774821,5.784560479784));
#1891 = CARTESIAN_POINT('',(3.634288519641,5.784756896401));
#1892 = CARTESIAN_POINT('',(3.69481343708,5.784922826966));
#1893 = CARTESIAN_POINT('',(3.755568308528,5.785058406494));
#1894 = CARTESIAN_POINT('',(3.816506582708,5.785163748474));
#1895 = CARTESIAN_POINT('',(3.877584427857,5.785238940255));
#1896 = CARTESIAN_POINT('',(3.93876037405,5.785284043904));
#1897 = CARTESIAN_POINT('',(3.97958443688,5.785294064588));
#1898 = CARTESIAN_POINT('',(4.,5.785294067627));
#1899 = ( GEOMETRIC_REPRESENTATION_CONTEXT(2) 
PARAMETRIC_REPRESENTATION_CONTEXT() REPRESENTATION_CONTEXT('2D SPACE',''
  ) );
#1900 = PCURVE('',#1901,#1906);
#1901 = CYLINDRICAL_SURFACE('',#1902,1.7);
#1902 = AXIS2_PLACEMENT_3D('',#1903,#1904,#1905);
#1903 = CARTESIAN_POINT('',(24.411466578376,118.63943372621,4.));
#1904 = DIRECTION('',(-0.862643091921,-0.505813103785,0.));
#1905 = DIRECTION('',(-0.505813103785,0.862643091921,0.));
#1906 = DEFINITIONAL_REPRESENTATION('',(#1907),#2065);
#1907 = B_SPLINE_CURVE_WITH_KNOTS('',3,(#1908,#1909,#1910,#1911,#1912,
    #1913,#1914,#1915,#1916,#1917,#1918,#1919,#1920,#1921,#1922,#1923,
    #1924,#1925,#1926,#1927,#1928,#1929,#1930,#1931,#1932,#1933,#1934,
    #1935,#1936,#1937,#1938,#1939,#1940,#1941,#1942,#1943,#1944,#1945,
    #1946,#1947,#1948,#1949,#1950,#1951,#1952,#1953,#1954,#1955,#1956,
    #1957,#1958,#1959,#1960,#1961,#1962,#1963,#1964,#1965,#1966,#1967,
    #1968,#1969,#1970,#1971,#1972,#1973,#1974,#1975,#1976,#1977,#1978,
    #1979,#1980,#1981,#1982,#1983,#1984,#1985,#1986,#1987,#1988,#1989,
    #1990,#1991,#1992,#1993,#1994,#1995,#1996,#1997,#1998,#1999,#2000,
    #2001,#2002,#2003,#2004,#2005,#2006,#2007,#2008,#2009,#2010,#2011,
    #2012,#2013,#2014,#2015,#2016,#2017,#2018,#2019,#2020,#2021,#2022,
    #2023,#2024,#2025,#2026,#2027,#2028,#2029,#2030,#2031,#2032,#2033,
    #2034,#2035,#2036,#2037,#2038,#2039,#2040,#2041,#2042,#2043,#2044,
    #2045,#2046,#2047,#2048,#2049,#2050,#2051,#2052,#2053,#2054,#2055,
    #2056,#2057,#2058,#2059,#2060,#2061,#2062,#2063,#2064),
  .UNSPECIFIED.,.F.,.F.,(4,1,1,1,1,1,1,1,1,1,1,1,1,1,1,1,1,1,1,1,1,1,1,1
    ,1,1,1,1,1,1,1,1,1,1,1,1,1,1,1,1,1,1,1,1,1,1,1,1,1,1,1,1,1,1,1,1,1,1
    ,1,1,1,1,1,1,1,1,1,1,1,1,1,1,1,1,1,1,1,1,1,1,1,1,1,1,1,1,1,1,1,1,1,1
    ,1,1,1,1,1,1,1,1,1,1,1,1,1,1,1,1,1,1,1,1,1,1,1,1,1,1,1,1,1,1,1,1,1,1
    ,1,1,1,1,1,1,1,1,1,1,1,1,1,1,1,1,1,1,1,1,1,1,1,1,1,1,1,1,4),(0.,
    8.652783162062E-03,1.730556632412E-02,2.595834948619E-02,
    3.461113264825E-02,4.326391581031E-02,5.191669897237E-02,
    6.056948213444E-02,6.92222652965E-02,7.787504845856E-02,
    8.652783162062E-02,9.518061478269E-02,0.103833397945,0.112486181107,
    0.121138964269,0.129791747431,0.138444530593,0.147097313755,
    0.155750096917,0.164402880079,0.173055663241,0.181708446403,
    0.190361229565,0.199014012727,0.207666795889,0.216319579052,
    0.224972362214,0.233625145376,0.242277928538,0.2509307117,
    0.259583494862,0.268236278024,0.276889061186,0.285541844348,
    0.29419462751,0.302847410672,0.311500193834,0.320152976996,
    0.328805760158,0.33745854332,0.346111326482,0.354764109645,
    0.363416892807,0.372069675969,0.380722459131,0.389375242293,
    0.398028025455,0.406680808617,0.415333591779,0.423986374941,
    0.432639158103,0.441291941265,0.449944724427,0.458597507589,
    0.467250290751,0.475903073913,0.484555857075,0.493208640238,
    0.5018614234,0.510514206562,0.519166989724,0.527819772886,
    0.536472556048,0.54512533921,0.553778122372,0.562430905534,
    0.571083688696,0.579736471858,0.58838925502,0.597042038182,
    0.605694821344,0.614347604506,0.623000387668,0.631653170831,
    0.640305953993,0.648958737155,0.657611520317,0.666264303479,
    0.674917086641,0.683569869803,0.692222652965,0.700875436127,
    0.709528219289,0.718181002451,0.726833785613,0.735486568775,
    0.744139351937,0.752792135099,0.761444918261,0.770097701424,
    0.778750484586,0.787403267748,0.79605605091,0.804708834072,
    0.813361617234,0.822014400396,0.830667183558,0.83931996672,
    0.847972749882,0.856625533044,0.865278316206,0.873931099368,
    0.88258388253,0.891236665692,0.899889448854,0.908542232017,
    0.917195015179,0.925847798341,0.934500581503,0.943153364665,
    0.951806147827,0.960458930989,0.969111714151,0.977764497313,
    0.986417280475,0.995070063637,1.003722846799,1.012375629961,
    1.021028413123,1.029681196285,1.038333979447,1.04698676261,
    1.055639545772,1.064292328934,1.072945112096,1.081597895258,
    1.09025067842,1.098903461582,1.107556244744,1.116209027906,
    1.124861811068,1.13351459423,1.142167377392,1.150820160554,
    1.159472943716,1.168125726878,1.17677851004,1.185431293203,
    1.194084076365,1.202736859527,1.211389642689,1.220042425851,
    1.228695209013,1.237347992175,1.246000775337,1.254653558499,
    1.263306341661,1.271959124823,1.280611907985,1.289264691147,
    1.297917474309,1.306570257471,1.315223040633,1.323875823796,
    1.332528606958),.QUASI_UNIFORM_KNOTS.);
#1908 = CARTESIAN_POINT('',(6.28318530718,4.619875956083));
#1909 = CARTESIAN_POINT('',(6.271177681073,4.619875967734));
#1910 = CARTESIAN_POINT('',(6.247166604352,4.6198585128));
#1911 = CARTESIAN_POINT('',(6.211138502894,4.619780175422));
#1912 = CARTESIAN_POINT('',(6.175074448972,4.619649905416));
#1913 = CARTESIAN_POINT('',(6.138951562813,4.619468125998));
#1914 = CARTESIAN_POINT('',(6.102747752942,4.619235405538));
#1915 = CARTESIAN_POINT('',(6.066441688526,4.61895248542));
#1916 = CARTESIAN_POINT('',(6.03001257461,4.618620284963));
#1917 = CARTESIAN_POINT('',(5.99343998776,4.618239911921));
#1918 = CARTESIAN_POINT('',(5.956703700439,4.617812670918));
#1919 = CARTESIAN_POINT('',(5.919783509742,4.617340071863));
#1920 = CARTESIAN_POINT('',(5.882659061512,4.616823837782));
#1921 = CARTESIAN_POINT('',(5.845309667543,4.616265912221));
#1922 = CARTESIAN_POINT('',(5.807714107085,4.615668466123));
#1923 = CARTESIAN_POINT('',(5.76985041924,4.615033904415));
#1924 = CARTESIAN_POINT('',(5.731695634004,4.614364871383));
#1925 = CARTESIAN_POINT('',(5.693225606561,4.613664258262));
#1926 = CARTESIAN_POINT('',(5.654414308343,4.612935200223));
#1927 = CARTESIAN_POINT('',(5.615234954143,4.612181110568));
#1928 = CARTESIAN_POINT('',(5.575654052061,4.611405573657));
#1929 = CARTESIAN_POINT('',(5.535668719812,4.610613105829));
#1930 = CARTESIAN_POINT('',(5.495255093475,4.60980814749));
#1931 = CARTESIAN_POINT('',(5.454393426264,4.608995564305));
#1932 = CARTESIAN_POINT('',(5.413065229306,4.608180578414));
#1933 = CARTESIAN_POINT('',(5.37125399232,4.607368772551));
#1934 = CARTESIAN_POINT('',(5.328944541629,4.606566064573));
#1935 = CARTESIAN_POINT('',(5.286124524026,4.605778727414));
#1936 = CARTESIAN_POINT('',(5.242788561171,4.605013383446));
#1937 = CARTESIAN_POINT('',(5.198934292575,4.604276902961));
#1938 = CARTESIAN_POINT('',(5.154565425325,4.603576361245));
#1939 = CARTESIAN_POINT('',(5.109692944453,4.602918943713));
#1940 = CARTESIAN_POINT('',(5.064330280046,4.602311775097));
#1941 = CARTESIAN_POINT('',(5.018497226755,4.601761840161));
#1942 = CARTESIAN_POINT('',(4.972240365488,4.601276033596));
#1943 = CARTESIAN_POINT('',(4.925605592765,4.600860602786));
#1944 = CARTESIAN_POINT('',(4.878645775889,4.600521083257));
#1945 = CARTESIAN_POINT('',(4.83141989766,4.60026211787));
#1946 = CARTESIAN_POINT('',(4.783995431025,4.600087307373));
#1947 = CARTESIAN_POINT('',(4.736447671195,4.59999906466));
#1948 = CARTESIAN_POINT('',(4.688869675339,4.599998435713));
#1949 = CARTESIAN_POINT('',(4.641322973448,4.600085086783));
#1950 = CARTESIAN_POINT('',(4.593897515065,4.600257335786));
#1951 = CARTESIAN_POINT('',(4.546668492105,4.60051217645));
#1952 = CARTESIAN_POINT('',(4.499703156318,4.600845473813));
#1953 = CARTESIAN_POINT('',(4.453060911467,4.601252122585));
#1954 = CARTESIAN_POINT('',(4.406795544596,4.601726204629));
#1955 = CARTESIAN_POINT('',(4.360954023039,4.602261180367));
#1956 = CARTESIAN_POINT('',(4.315585579095,4.602849938632));
#1957 = CARTESIAN_POINT('',(4.27070698636,4.603485441518));
#1958 = CARTESIAN_POINT('',(4.226331824116,4.604160568332));
#1959 = CARTESIAN_POINT('',(4.182471160901,4.604868222635));
#1960 = CARTESIAN_POINT('',(4.139128787514,4.605601491071));
#1961 = CARTESIAN_POINT('',(4.096302402184,4.606353729264));
#1962 = CARTESIAN_POINT('',(4.053986727185,4.607118594094));
#1963 = CARTESIAN_POINT('',(4.012169357285,4.607890135557));
#1964 = CARTESIAN_POINT('',(3.97083521287,4.608662788521));
#1965 = CARTESIAN_POINT('',(3.929967788687,4.609431349656));
#1966 = CARTESIAN_POINT('',(3.889548713211,4.610190991261));
#1967 = CARTESIAN_POINT('',(3.84955790631,4.61093726047));
#1968 = CARTESIAN_POINT('',(3.80997277481,4.611666100053));
#1969 = CARTESIAN_POINT('',(3.770772500833,4.612373743722));
#1970 = CARTESIAN_POINT('',(3.731934073153,4.613056791961));
#1971 = CARTESIAN_POINT('',(3.69343504272,4.613712122494));
#1972 = CARTESIAN_POINT('',(3.655252850842,4.61433690003));
#1973 = CARTESIAN_POINT('',(3.617364384796,4.614928582907));
#1974 = CARTESIAN_POINT('',(3.579747374813,4.615484858652));
#1975 = CARTESIAN_POINT('',(3.542379464714,4.616003656233));
#1976 = CARTESIAN_POINT('',(3.505238545773,4.616483118232));
#1977 = CARTESIAN_POINT('',(3.468303253786,4.616921594904));
#1978 = CARTESIAN_POINT('',(3.431552800256,4.617317623722));
#1979 = CARTESIAN_POINT('',(3.394964714318,4.617669946571));
#1980 = CARTESIAN_POINT('',(3.35851793506,4.617977461551));
#1981 = CARTESIAN_POINT('',(3.322191789048,4.618239229277));
#1982 = CARTESIAN_POINT('',(3.285966009898,4.618454465569));
#1983 = CARTESIAN_POINT('',(3.249820534334,4.618622537781));
#1984 = CARTESIAN_POINT('',(3.213735221228,4.618742960131));
#1985 = CARTESIAN_POINT('',(3.177690143777,4.61881538934));
#1986 = CARTESIAN_POINT('',(3.141663677662,4.618839619961));
#1987 = CARTESIAN_POINT('',(3.105638814597,4.618815580577));
#1988 = CARTESIAN_POINT('',(3.069597006085,4.618743351239));
#1989 = CARTESIAN_POINT('',(3.033515653318,4.618623138707));
#1990 = CARTESIAN_POINT('',(2.997374093177,4.618455284019));
#1991 = CARTESIAN_POINT('',(2.961151750956,4.618240268612));
#1992 = CARTESIAN_POINT('',(2.924828407659,4.617978720768));
#1993 = CARTESIAN_POINT('',(2.888383910019,4.617671421905));
#1994 = CARTESIAN_POINT('',(2.851798031731,4.617319312841));
#1995 = CARTESIAN_POINT('',(2.815050291695,4.616923500021));
#1996 = CARTESIAN_POINT('',(2.778119764979,4.616485261584));
#1997 = CARTESIAN_POINT('',(2.740984905296,4.616006053829));
#1998 = CARTESIAN_POINT('',(2.703623236289,4.615487515899));
#1999 = CARTESIAN_POINT('',(2.666011433214,4.614931480907));
#2000 = CARTESIAN_POINT('',(2.628123823113,4.614339962762));
#2001 = CARTESIAN_POINT('',(2.589942995209,4.613715342075));
#2002 = CARTESIAN_POINT('',(2.55144532087,4.61306015294));
#2003 = CARTESIAN_POINT('',(2.512608421701,4.612377232553));
#2004 = CARTESIAN_POINT('',(2.473409737253,4.611669699153));
#2005 = CARTESIAN_POINT('',(2.433826374421,4.610940952511));
#2006 = CARTESIAN_POINT('',(2.393837391084,4.610194755405));
#2007 = CARTESIAN_POINT('',(2.353420193437,4.609435163929));
#2008 = CARTESIAN_POINT('',(2.312554787359,4.608666630979));
#2009 = CARTESIAN_POINT('',(2.27122276982,4.607893981502));
#2010 = CARTESIAN_POINT('',(2.22940762679,4.607122416494));
#2011 = CARTESIAN_POINT('',(2.18709392989,4.606357494801));
#2012 = CARTESIAN_POINT('',(2.14426987685,4.60560517497));
#2013 = CARTESIAN_POINT('',(2.100929812909,4.604871791906));
#2014 = CARTESIAN_POINT('',(2.057071527903,4.604163991777));
#2015 = CARTESIAN_POINT('',(2.012698588534,4.603488682522));
#2016 = CARTESIAN_POINT('',(1.967822461311,4.602852965428));
#2017 = CARTESIAN_POINT('',(1.922454713575,4.602263939959));
#2018 = CARTESIAN_POINT('',(1.876619800739,4.601728733264));
#2019 = CARTESIAN_POINT('',(1.830361828071,4.601254381808));
#2020 = CARTESIAN_POINT('',(1.783725951564,4.60084740868));
#2021 = CARTESIAN_POINT('',(1.736764288308,4.600513726944));
#2022 = CARTESIAN_POINT('',(1.689535445956,4.600258455383));
#2023 = CARTESIAN_POINT('',(1.642106833776,4.600085751925));
#2024 = CARTESIAN_POINT('',(1.594553658471,4.599998648221));
#2025 = CARTESIAN_POINT('',(1.546970116456,4.599998846222));
#2026 = CARTESIAN_POINT('',(1.499418906808,4.600086671075));
#2027 = CARTESIAN_POINT('',(1.451989034501,4.600261088764));
#2028 = CARTESIAN_POINT('',(1.404756191653,4.600519700576));
#2029 = CARTESIAN_POINT('',(1.357787628834,4.600858918377));
#2030 = CARTESIAN_POINT('',(1.311142796843,4.601274106172));
#2031 = CARTESIAN_POINT('',(1.264875424608,4.601759725221));
#2032 = CARTESIAN_POINT('',(1.219032458427,4.602309516926));
#2033 = CARTESIAN_POINT('',(1.173662792616,4.602916549372));
#2034 = CARTESIAN_POINT('',(1.128782461083,4.603573880999));
#2035 = CARTESIAN_POINT('',(1.084406010592,4.604274372449));
#2036 = CARTESIAN_POINT('',(1.040544208681,4.605010838228));
#2037 = CARTESIAN_POINT('',(0.997200878433,4.605776197716));
#2038 = CARTESIAN_POINT('',(0.954373646876,4.606563578292));
#2039 = CARTESIAN_POINT('',(0.91205725608,4.60736635159));
#2040 = CARTESIAN_POINT('',(0.870239121534,4.608178245533));
#2041 = CARTESIAN_POINT('',(0.828904212765,4.608993336893));
#2042 = CARTESIAN_POINT('',(0.788036006234,4.609806039713));
#2043 = CARTESIAN_POINT('',(0.747616069862,4.610611127402));
#2044 = CARTESIAN_POINT('',(0.707624416869,4.611403736107));
#2045 = CARTESIAN_POINT('',(0.668037889395,4.612179409346));
#2046 = CARTESIAN_POINT('',(0.628853330478,4.612933633705));
#2047 = CARTESIAN_POINT('',(0.590036669556,4.613662833979));
#2048 = CARTESIAN_POINT('',(0.551561324369,4.614363590595));
#2049 = CARTESIAN_POINT('',(0.513401250449,4.615032766684));
#2050 = CARTESIAN_POINT('',(0.47553233733,4.615667468507));
#2051 = CARTESIAN_POINT('',(0.437931628415,4.616265049894));
#2052 = CARTESIAN_POINT('',(0.400577175102,4.616823104248));
#2053 = CARTESIAN_POINT('',(0.363447763121,4.617339459253));
#2054 = CARTESIAN_POINT('',(0.326522706648,4.617812170235));
#2055 = CARTESIAN_POINT('',(0.289781649636,4.618239513266));
#2056 = CARTESIAN_POINT('',(0.253204383229,4.618619977734));
#2057 = CARTESIAN_POINT('',(0.216770669838,4.618952258474));
#2058 = CARTESIAN_POINT('',(0.180460071792,4.619235247325));
#2059 = CARTESIAN_POINT('',(0.144251775529,4.619468024653));
#2060 = CARTESIAN_POINT('',(0.108124427069,4.619649848816));
#2061 = CARTESIAN_POINT('',(7.205590678881E-02,4.619780151197));
#2062 = CARTESIAN_POINT('',(3.602330219208E-02,4.619858508313));
#2063 = CARTESIAN_POINT('',(1.200917202148E-02,4.619875967725));
#2064 = CARTESIAN_POINT('',(-8.881784197001E-16,4.619875956083));
#2065 = ( GEOMETRIC_REPRESENTATION_CONTEXT(2) 
PARAMETRIC_REPRESENTATION_CONTEXT() REPRESENTATION_CONTEXT('2D SPACE',''
  ) );
#2066 = FACE_BOUND('',#2067,.T.);
#2067 = EDGE_LOOP('',(#2068));
#2068 = ORIENTED_EDGE('',*,*,#2069,.T.);
#2069 = EDGE_CURVE('',#2070,#2070,#2072,.T.);
#2070 = VERTEX_POINT('',#2071);
#2071 = CARTESIAN_POINT('',(-42.82523586452,11.821757171262,4.));
#2072 = SURFACE_CURVE('',#2073,(#2190,#2351),.PCURVE_S1.);
#2073 = B_SPLINE_CURVE_WITH_KNOTS('',7,(#2074,#2075,#2076,#2077,#2078,
    #2079,#2080,#2081,#2082,#2083,#2084,#2085,#2086,#2087,#2088,#2089,
    #2090,#2091,#2092,#2093,#2094,#2095,#2096,#2097,#2098,#2099,#2100,
    #2101,#2102,#2103,#2104,#2105,#2106,#2107,#2108,#2109,#2110,#2111,
    #2112,#2113,#2114,#2115,#2116,#2117,#2118,#2119,#2120,#2121,#2122,
    #2123,#2124,#2125,#2126,#2127,#2128,#2129,#2130,#2131,#2132,#2133,
    #2134,#2135,#2136,#2137,#2138,#2139,#2140,#2141,#2142,#2143,#2144,
    #2145,#2146,#2147,#2148,#2149,#2150,#2151,#2152,#2153,#2154,#2155,
    #2156,#2157,#2158,#2159,#2160,#2161,#2162,#2163,#2164,#2165,#2166,
    #2167,#2168,#2169,#2170,#2171,#2172,#2173,#2174,#2175,#2176,#2177,
    #2178,#2179,#2180,#2181,#2182,#2183,#2184,#2185,#2186,#2187,#2188,
    #2189),.UNSPECIFIED.,.T.,.F.,(8,6,6,6,6,6,6,6,6,6,6,6,6,6,6,6,6,6,6,
    8),(0.,0.160088118095,0.217208594791,0.261782953364,0.333793729212,
    0.40646832559,0.450789317355,0.50779278088,0.550967469127,
    0.668068524153,0.751548712565,0.783859428535,0.827048080208,
    0.884092774012,0.928502506777,1.,1.073494615031,1.117889423212,
    1.174928563821,1.334683247166),.UNSPECIFIED.);
#2074 = CARTESIAN_POINT('',(-42.82523586452,11.821757171262,4.));
#2075 = CARTESIAN_POINT('',(-42.82523586452,11.821757171262,
    4.161594256229));
#2076 = CARTESIAN_POINT('',(-42.82470524205,11.839669038227,
    4.322999485543));
#2077 = CARTESIAN_POINT('',(-42.82364599678,11.875423979964,
    4.483166015634));
#2078 = CARTESIAN_POINT('',(-42.8220415216,11.929414857345,
    4.640704853872));
#2079 = CARTESIAN_POINT('',(-42.81986469949,12.002204834799,
    4.793828105204));
#2080 = CARTESIAN_POINT('',(-42.81708266403,12.094348438737,
    4.940405101697));
#2081 = CARTESIAN_POINT('',(-42.81241271272,12.246974902144,
    5.126688777661));
#2082 = CARTESIAN_POINT('',(-42.81110134986,12.289678431832,
    5.174465923506));
#2083 = CARTESIAN_POINT('',(-42.80970475176,12.334976821199,
    5.22089633142));
#2084 = CARTESIAN_POINT('',(-42.80822109447,12.382889588951,
    5.265821746741));
#2085 = CARTESIAN_POINT('',(-42.80664885452,12.433422669223,
    5.30906396173));
#2086 = CARTESIAN_POINT('',(-42.80498697949,12.486563615165,
    5.350427222931));
#2087 = CARTESIAN_POINT('',(-42.80186793508,12.585752973147,
    5.420347919707));
#2088 = CARTESIAN_POINT('',(-42.800446056,12.630793035095,5.449720760337
    ));
#2089 = CARTESIAN_POINT('',(-42.79896932574,12.677377163746,5.4777179013
    ));
#2090 = CARTESIAN_POINT('',(-42.79743802328,12.725472583229,
    5.504229690285));
#2091 = CARTESIAN_POINT('',(-42.79585292982,12.775030543216,
    5.529141399485));
#2092 = CARTESIAN_POINT('',(-42.7942154565,12.825983295706,
    5.552336543274));
#2093 = CARTESIAN_POINT('',(-42.7898012837,12.96266456375,5.608213607846
    ));
#2094 = CARTESIAN_POINT('',(-42.78694240896,13.050535593486,
    5.637964410216));
#2095 = CARTESIAN_POINT('',(-42.7839623771,13.141410670307,
    5.662431503156));
#2096 = CARTESIAN_POINT('',(-42.78087672141,13.234727026502,
    5.681155780594));
#2097 = CARTESIAN_POINT('',(-42.77770606632,13.329793220645,
    5.693767957858));
#2098 = CARTESIAN_POINT('',(-42.77447689398,13.425780564591,
    5.700045665025));
#2099 = CARTESIAN_POINT('',(-42.76793768457,13.618534544453,
    5.699953524217));
#2100 = CARTESIAN_POINT('',(-42.76462411665,13.715390395201,
    5.693466551786));
#2101 = CARTESIAN_POINT('',(-42.76131516386,13.81129158293,
    5.680530571234));
#2102 = CARTESIAN_POINT('',(-42.7580412834,13.905389744912,
    5.661375764966));
#2103 = CARTESIAN_POINT('',(-42.75482948167,13.99697507636,
    5.636384683803));
#2104 = CARTESIAN_POINT('',(-42.75170303131,14.085470187134,
    5.60603410976));
#2105 = CARTESIAN_POINT('',(-42.74683837759,14.222230701132,
    5.549416790149));
#2106 = CARTESIAN_POINT('',(-42.74503377883,14.272740072528,
    5.526168622496));
#2107 = CARTESIAN_POINT('',(-42.74327123526,14.321863889135,
    5.501233535009));
#2108 = CARTESIAN_POINT('',(-42.74155382867,14.369536996304,
    5.474725928559));
#2109 = CARTESIAN_POINT('',(-42.73988400221,14.415712619986,
    5.446758305809));
#2110 = CARTESIAN_POINT('',(-42.73826363564,14.460359438935,
    5.417438097014));
#2111 = CARTESIAN_POINT('',(-42.73467548794,14.558890735512,
    5.347542222035));
#2112 = CARTESIAN_POINT('',(-42.73274112084,14.611758733511,
    5.306149576974));
#2113 = CARTESIAN_POINT('',(-42.73089378157,14.662028586245,
    5.262895419203));
#2114 = CARTESIAN_POINT('',(-42.72913532072,14.709688881489,
    5.217973540376));
#2115 = CARTESIAN_POINT('',(-42.72746682875,14.754746163689,
    5.171560321836));
#2116 = CARTESIAN_POINT('',(-42.72588878761,14.7972202382,5.1238124012)
  );
#2117 = CARTESIAN_POINT('',(-42.72327453343,14.867374491444,
    5.037790849069));
#2118 = CARTESIAN_POINT('',(-42.722199808,14.896142302652,5.000030690879
    ));
#2119 = CARTESIAN_POINT('',(-42.72117706455,14.923455075739,
    4.961643437517));
#2120 = CARTESIAN_POINT('',(-42.720206266,14.949325421503,4.922684358175
    ));
#2121 = CARTESIAN_POINT('',(-42.71928731968,14.973766394951,
    4.883204418092));
#2122 = CARTESIAN_POINT('',(-42.71842007733,14.9967914953,4.84325027856)
  );
#2123 = CARTESIAN_POINT('',(-42.71539182865,15.077062364497,
    4.693326944115));
#2124 = CARTESIAN_POINT('',(-42.71355903185,15.125374428495,
    4.580653263728));
#2125 = CARTESIAN_POINT('',(-42.71210071175,15.163660959977,
    4.46563829654));
#2126 = CARTESIAN_POINT('',(-42.71101360055,15.192126918409,
    4.348974231437));
#2127 = CARTESIAN_POINT('',(-42.71029478563,15.210924512962,
    4.231273025237));
#2128 = CARTESIAN_POINT('',(-42.70994197213,15.220151374003,
    4.113077978203));
#2129 = CARTESIAN_POINT('',(-42.70996534609,15.219540094564,
    3.910590873918));
#2130 = CARTESIAN_POINT('',(-42.71016130872,15.214415241465,
    3.826331906626));
#2131 = CARTESIAN_POINT('',(-42.71054347241,15.204420480917,
    3.742271167198));
#2132 = CARTESIAN_POINT('',(-42.71111235219,15.189532044288,
    3.658604451547));
#2133 = CARTESIAN_POINT('',(-42.71186874904,15.169708731318,
    3.575540479302));
#2134 = CARTESIAN_POINT('',(-42.71281372278,15.144891919431,
    3.493302798932));
#2135 = CARTESIAN_POINT('',(-42.7143881283,15.103428645989,3.38071604942
    ));
#2136 = CARTESIAN_POINT('',(-42.71485592005,15.091098491885,
    3.349460370206));
#2137 = CARTESIAN_POINT('',(-42.71535225582,15.078003675869,
    3.318380092686));
#2138 = CARTESIAN_POINT('',(-42.71587721486,15.0641393651,3.287490549535
    ));
#2139 = CARTESIAN_POINT('',(-42.71643087551,15.049500464646,
    3.25680794212));
#2140 = CARTESIAN_POINT('',(-42.71701331525,15.034081617484,
    3.226349340492));
#2141 = CARTESIAN_POINT('',(-42.71844170877,14.996217308482,
    3.155743090056));
#2142 = CARTESIAN_POINT('',(-42.71931034265,14.973154361561,
    3.115786379708));
#2143 = CARTESIAN_POINT('',(-42.72023071619,14.94867439748,
    3.076304997449));
#2144 = CARTESIAN_POINT('',(-42.7212029773,14.92276390308,3.0373457048)
  );
#2145 = CARTESIAN_POINT('',(-42.72222721787,14.895409818301,
    2.998959579693));
#2146 = CARTESIAN_POINT('',(-42.72330347382,14.866599536183,
    2.961202016474));
#2147 = CARTESIAN_POINT('',(-42.72592194861,14.796328096884,
    2.875170643314));
#2148 = CARTESIAN_POINT('',(-42.72750277548,14.753776421916,
    2.827412468482));
#2149 = CARTESIAN_POINT('',(-42.72917417698,14.708637505744,
    2.780993230706));
#2150 = CARTESIAN_POINT('',(-42.73093566429,14.660891615533,
    2.736070135948));
#2151 = CARTESIAN_POINT('',(-42.73278613575,14.610532389065,
    2.692820207553));
#2152 = CARTESIAN_POINT('',(-42.7347237243,14.557571565982,
    2.651437926966));
#2153 = CARTESIAN_POINT('',(-42.73831972548,14.458814863199,
    2.581533588838));
#2154 = CARTESIAN_POINT('',(-42.73994482774,14.414032670351,
    2.552195062085));
#2155 = CARTESIAN_POINT('',(-42.74161954298,14.36771627647,
    2.524217202044));
#2156 = CARTESIAN_POINT('',(-42.74334196905,14.319897489392,
    2.49770821445));
#2157 = CARTESIAN_POINT('',(-42.74510963422,14.270623750422,
    2.472781378961));
#2158 = CARTESIAN_POINT('',(-42.74691942123,14.219961095948,
    2.449551825187));
#2159 = CARTESIAN_POINT('',(-42.75174279341,14.084337663031,
    2.393650546958));
#2160 = CARTESIAN_POINT('',(-42.75481872001,13.997266016925,
    2.363845316106));
#2161 = CARTESIAN_POINT('',(-42.75797710529,13.907207731971,
    2.33922634354));
#2162 = CARTESIAN_POINT('',(-42.76119596275,13.814707801057,
    2.320246803805));
#2163 = CARTESIAN_POINT('',(-42.76444965918,13.720439225738,
    2.307273782316));
#2164 = CARTESIAN_POINT('',(-42.7677091671,13.625209240578,
    2.300532338398));
#2165 = CARTESIAN_POINT('',(-42.77426593682,13.432056664815,
    2.299501802345));
#2166 = CARTESIAN_POINT('',(-42.77756476459,13.334043177979,
    2.305565311455));
#2167 = CARTESIAN_POINT('',(-42.7808039121,13.236949526502,
    2.318236365199));
#2168 = CARTESIAN_POINT('',(-42.7839551454,13.141657587193,
    2.337285634864));
#2169 = CARTESIAN_POINT('',(-42.78699636581,13.048907334812,
    2.362322415206));
#2170 = CARTESIAN_POINT('',(-42.78991091849,12.959302051627,
    2.392855078601));
#2171 = CARTESIAN_POINT('',(-42.79436359701,12.821375245954,
    2.449746559145));
#2172 = CARTESIAN_POINT('',(-42.79599043547,12.770735272541,
    2.472979723046));
#2173 = CARTESIAN_POINT('',(-42.797565223,12.721483251036,2.497908215376
    ));
#2174 = CARTESIAN_POINT('',(-42.79908659878,12.673685110328,
    2.524417043494));
#2175 = CARTESIAN_POINT('',(-42.80055381612,12.627388223692,
    2.552393073962));
#2176 = CARTESIAN_POINT('',(-42.80196661801,12.582624362388,
    2.58172824709));
#2177 = CARTESIAN_POINT('',(-42.80507052753,12.48389356758,
    2.651631138371));
#2178 = CARTESIAN_POINT('',(-42.80672616636,12.430940770289,
    2.693015416671));
#2179 = CARTESIAN_POINT('',(-42.80829246378,12.380588842701,
    2.736266180735));
#2180 = CARTESIAN_POINT('',(-42.80977048402,12.332849561551,
    2.781189079634));
#2181 = CARTESIAN_POINT('',(-42.81116175309,12.287716618985,
    2.827607211529));
#2182 = CARTESIAN_POINT('',(-42.81246809102,12.245170346556,
    2.875363478045));
#2183 = CARTESIAN_POINT('',(-42.81711779953,12.093184688108,
    3.061448130913));
#2184 = CARTESIAN_POINT('',(-42.81988759926,12.001439072785,
    3.20778500564));
#2185 = CARTESIAN_POINT('',(-42.82205501176,11.928960900672,
    3.36062197424));
#2186 = CARTESIAN_POINT('',(-42.82365267864,11.875198440968,
    3.517845198338));
#2187 = CARTESIAN_POINT('',(-42.82470747673,11.839593601082,
    3.677680049609));
#2188 = CARTESIAN_POINT('',(-42.82523586452,11.821757171262,
    3.838746455321));
#2189 = CARTESIAN_POINT('',(-42.82523586452,11.821757171262,4.));
#2190 = PCURVE('',#299,#2191);
#2191 = DEFINITIONAL_REPRESENTATION('',(#2192),#2350);
#2192 = B_SPLINE_CURVE_WITH_KNOTS('',3,(#2193,#2194,#2195,#2196,#2197,
    #2198,#2199,#2200,#2201,#2202,#2203,#2204,#2205,#2206,#2207,#2208,
    #2209,#2210,#2211,#2212,#2213,#2214,#2215,#2216,#2217,#2218,#2219,
    #2220,#2221,#2222,#2223,#2224,#2225,#2226,#2227,#2228,#2229,#2230,
    #2231,#2232,#2233,#2234,#2235,#2236,#2237,#2238,#2239,#2240,#2241,
    #2242,#2243,#2244,#2245,#2246,#2247,#2248,#2249,#2250,#2251,#2252,
    #2253,#2254,#2255,#2256,#2257,#2258,#2259,#2260,#2261,#2262,#2263,
    #2264,#2265,#2266,#2267,#2268,#2269,#2270,#2271,#2272,#2273,#2274,
    #2275,#2276,#2277,#2278,#2279,#2280,#2281,#2282,#2283,#2284,#2285,
    #2286,#2287,#2288,#2289,#2290,#2291,#2292,#2293,#2294,#2295,#2296,
    #2297,#2298,#2299,#2300,#2301,#2302,#2303,#2304,#2305,#2306,#2307,
    #2308,#2309,#2310,#2311,#2312,#2313,#2314,#2315,#2316,#2317,#2318,
    #2319,#2320,#2321,#2322,#2323,#2324,#2325,#2326,#2327,#2328,#2329,
    #2330,#2331,#2332,#2333,#2334,#2335,#2336,#2337,#2338,#2339,#2340,
    #2341,#2342,#2343,#2344,#2345,#2346,#2347,#2348,#2349),
  .UNSPECIFIED.,.T.,.F.,(4,1,1,1,1,1,1,1,1,1,1,1,1,1,1,1,1,1,1,1,1,1,1,1
    ,1,1,1,1,1,1,1,1,1,1,1,1,1,1,1,1,1,1,1,1,1,1,1,1,1,1,1,1,1,1,1,1,1,1
    ,1,1,1,1,1,1,1,1,1,1,1,1,1,1,1,1,1,1,1,1,1,1,1,1,1,1,1,1,1,1,1,1,1,1
    ,1,1,1,1,1,1,1,1,1,1,1,1,1,1,1,1,1,1,1,1,1,1,1,1,1,1,1,1,1,1,1,1,1,1
    ,1,1,1,1,1,1,1,1,1,1,1,1,1,1,1,1,1,1,1,1,1,1,1,1,1,1,1,1,4),(0.,
    8.66677433225E-03,1.73335486645E-02,2.600032299675E-02,
    3.4667097329E-02,4.333387166125E-02,5.20006459935E-02,
    6.066742032575E-02,6.9334194658E-02,7.800096899025E-02,
    8.66677433225E-02,9.533451765475E-02,0.104001291987,0.112668066319,
    0.121334840651,0.130001614984,0.138668389316,0.147335163648,
    0.15600193798,0.164668712313,0.173335486645,0.182002260977,
    0.190669035309,0.199335809642,0.208002583974,0.216669358306,
    0.225336132638,0.234002906971,0.242669681303,0.251336455635,
    0.260003229967,0.2686700043,0.277336778632,0.286003552964,
    0.294670327296,0.303337101629,0.312003875961,0.320670650293,
    0.329337424625,0.338004198958,0.34667097329,0.355337747622,
    0.364004521954,0.372671296287,0.381338070619,0.390004844951,
    0.398671619283,0.407338393616,0.416005167948,0.42467194228,
    0.433338716612,0.442005490945,0.450672265277,0.459339039609,
    0.468005813941,0.476672588274,0.485339362606,0.494006136938,
    0.50267291127,0.511339685603,0.520006459935,0.528673234267,
    0.537340008599,0.546006782932,0.554673557264,0.563340331596,
    0.572007105928,0.580673880261,0.589340654593,0.598007428925,
    0.606674203257,0.61534097759,0.624007751922,0.632674526254,
    0.641341300586,0.650008074919,0.658674849251,0.667341623583,
    0.676008397915,0.684675172248,0.69334194658,0.702008720912,
    0.710675495244,0.719342269577,0.728009043909,0.736675818241,
    0.745342592573,0.754009366906,0.762676141238,0.77134291557,
    0.780009689902,0.788676464235,0.797343238567,0.806010012899,
    0.814676787231,0.823343561564,0.832010335896,0.840677110228,
    0.84934388456,0.858010658893,0.866677433225,0.875344207557,
    0.884010981889,0.892677756222,0.901344530554,0.910011304886,
    0.918678079218,0.927344853551,0.936011627883,0.944678402215,
    0.953345176547,0.96201195088,0.970678725212,0.979345499544,
    0.988012273876,0.996679048209,1.005345822541,1.014012596873,
    1.022679371205,1.031346145538,1.04001291987,1.048679694202,
    1.057346468534,1.066013242867,1.074680017199,1.083346791531,
    1.092013565863,1.100680340196,1.109347114528,1.11801388886,
    1.126680663192,1.135347437525,1.144014211857,1.152680986189,
    1.161347760521,1.170014534854,1.178681309186,1.187348083518,
    1.19601485785,1.204681632183,1.213348406515,1.222015180847,
    1.230681955179,1.239348729512,1.248015503844,1.256682278176,
    1.265349052508,1.274015826841,1.282682601173,1.291349375505,
    1.300016149837,1.30868292417,1.317349698502,1.326016472834,
    1.334683247166),.QUASI_UNIFORM_KNOTS.);
#2193 = CARTESIAN_POINT('',(4.,7.766119814597));
#2194 = CARTESIAN_POINT('',(4.020412520048,7.766119812769));
#2195 = CARTESIAN_POINT('',(4.06123060024,7.766114339374));
#2196 = CARTESIAN_POINT('',(4.122397864765,7.76608970088));
#2197 = CARTESIAN_POINT('',(4.183467298561,7.766048622863));
#2198 = CARTESIAN_POINT('',(4.244397422844,7.765991065978));
#2199 = CARTESIAN_POINT('',(4.30514440581,7.76591697521));
#2200 = CARTESIAN_POINT('',(4.365661706081,7.765826279105));
#2201 = CARTESIAN_POINT('',(4.425900124356,7.765718892314));
#2202 = CARTESIAN_POINT('',(4.485807746225,7.765594716948));
#2203 = CARTESIAN_POINT('',(4.54532991091,7.765453643931));
#2204 = CARTESIAN_POINT('',(4.604409166007,7.765295553989));
#2205 = CARTESIAN_POINT('',(4.662985215365,7.765120318342));
#2206 = CARTESIAN_POINT('',(4.720994853567,7.764927799052));
#2207 = CARTESIAN_POINT('',(4.778371888168,7.764717848981));
#2208 = CARTESIAN_POINT('',(4.835047033758,7.764490311436));
#2209 = CARTESIAN_POINT('',(4.89094782253,7.764245019106));
#2210 = CARTESIAN_POINT('',(4.945998350721,7.763981793578));
#2211 = CARTESIAN_POINT('',(5.00011952088,7.763700440582));
#2212 = CARTESIAN_POINT('',(5.053227302969,7.763400758887));
#2213 = CARTESIAN_POINT('',(5.105238244378,7.763082495845));
#2214 = CARTESIAN_POINT('',(5.156022712261,7.762745657274));
#2215 = CARTESIAN_POINT('',(5.205474139859,7.762390104904));
#2216 = CARTESIAN_POINT('',(5.253472794435,7.762015759948));
#2217 = CARTESIAN_POINT('',(5.299891310556,7.761622585523));
#2218 = CARTESIAN_POINT('',(5.344593693129,7.761210601809));
#2219 = CARTESIAN_POINT('',(5.387436698981,7.760779886521));
#2220 = CARTESIAN_POINT('',(5.428268234478,7.760330601369));
#2221 = CARTESIAN_POINT('',(5.466925802996,7.759863042498));
#2222 = CARTESIAN_POINT('',(5.503241359791,7.759377613965));
#2223 = CARTESIAN_POINT('',(5.537040948694,7.758874867304));
#2224 = CARTESIAN_POINT('',(5.56814639522,7.758355534836));
#2225 = CARTESIAN_POINT('',(5.596382803884,7.757820452158));
#2226 = CARTESIAN_POINT('',(5.621575063056,7.757270657648));
#2227 = CARTESIAN_POINT('',(5.643545149039,7.756707617317));
#2228 = CARTESIAN_POINT('',(5.662133594984,7.75613289719));
#2229 = CARTESIAN_POINT('',(5.677197563744,7.755548250223));
#2230 = CARTESIAN_POINT('',(5.68861534412,7.754955596739));
#2231 = CARTESIAN_POINT('',(5.696289779553,7.754357041098));
#2232 = CARTESIAN_POINT('',(5.700152233338,7.75375484936));
#2233 = CARTESIAN_POINT('',(5.700168164969,7.753151546197));
#2234 = CARTESIAN_POINT('',(5.69633759436,7.752549280563));
#2235 = CARTESIAN_POINT('',(5.688694588433,7.751950553708));
#2236 = CARTESIAN_POINT('',(5.67730720872,7.751357633037));
#2237 = CARTESIAN_POINT('',(5.66227207825,7.750772626215));
#2238 = CARTESIAN_POINT('',(5.64371054404,7.750197462957));
#2239 = CARTESIAN_POINT('',(5.621765319274,7.749633908768));
#2240 = CARTESIAN_POINT('',(5.596596046134,7.749083544305));
#2241 = CARTESIAN_POINT('',(5.568381131336,7.748547851376));
#2242 = CARTESIAN_POINT('',(5.537297606887,7.748027900974));
#2243 = CARTESIAN_POINT('',(5.503517988461,7.747524490359));
#2244 = CARTESIAN_POINT('',(5.467221092992,7.747038370044));
#2245 = CARTESIAN_POINT('',(5.428580690009,7.74657009452));
#2246 = CARTESIAN_POINT('',(5.387765018321,7.746120075704));
#2247 = CARTESIAN_POINT('',(5.344936345688,7.745688612603));
#2248 = CARTESIAN_POINT('',(5.300247284315,7.74527587696));
#2249 = CARTESIAN_POINT('',(5.253840941715,7.744881949));
#2250 = CARTESIAN_POINT('',(5.205853332086,7.744506853335));
#2251 = CARTESIAN_POINT('',(5.15641204818,7.744150558014));
#2252 = CARTESIAN_POINT('',(5.105636297727,7.743812985414));
#2253 = CARTESIAN_POINT('',(5.053635219545,7.743494012628));
#2254 = CARTESIAN_POINT('',(5.000513410596,7.743193512464));
#2255 = CARTESIAN_POINT('',(4.946366765875,7.742911327476));
#2256 = CARTESIAN_POINT('',(4.891285182139,7.742647296289));
#2257 = CARTESIAN_POINT('',(4.83535309394,7.742401254189));
#2258 = CARTESIAN_POINT('',(4.778647561146,7.742173025844));
#2259 = CARTESIAN_POINT('',(4.721250183169,7.741962473698));
#2260 = CARTESIAN_POINT('',(4.663225299653,7.741769414759));
#2261 = CARTESIAN_POINT('',(4.604636084679,7.741593688739));
#2262 = CARTESIAN_POINT('',(4.545543064058,7.741435149149));
#2263 = CARTESIAN_POINT('',(4.486004641562,7.741293664069));
#2264 = CARTESIAN_POINT('',(4.426077075501,7.741169114747));
#2265 = CARTESIAN_POINT('',(4.365814590092,7.741061395207));
#2266 = CARTESIAN_POINT('',(4.30526944241,7.740970412016));
#2267 = CARTESIAN_POINT('',(4.244491977346,7.740896084424));
#2268 = CARTESIAN_POINT('',(4.183530720047,7.740838344841));
#2269 = CARTESIAN_POINT('',(4.122432275542,7.740797139629));
#2270 = CARTESIAN_POINT('',(4.061241907242,7.74077243029));
#2271 = CARTESIAN_POINT('',(4.00000153788,7.740764194771));
#2272 = CARTESIAN_POINT('',(3.938757326907,7.740772429935));
#2273 = CARTESIAN_POINT('',(3.877561331757,7.740797142399));
#2274 = CARTESIAN_POINT('',(3.816456246651,7.740838354725));
#2275 = CARTESIAN_POINT('',(3.755488770505,7.740896104809));
#2276 = CARTESIAN_POINT('',(3.694706140514,7.740970444963));
#2277 = CARTESIAN_POINT('',(3.634157115721,7.741061441515));
#2278 = CARTESIAN_POINT('',(3.573891804956,7.741169174594));
#2279 = CARTESIAN_POINT('',(3.51396170417,7.741293738587));
#2280 = CARTESIAN_POINT('',(3.454420088706,7.741435241665));
#2281 = CARTESIAN_POINT('',(3.395320813267,7.741593810308));
#2282 = CARTESIAN_POINT('',(3.336723951223,7.741769574448));
#2283 = CARTESIAN_POINT('',(3.278691581577,7.741962676641));
#2284 = CARTESIAN_POINT('',(3.221288937126,7.742173269715));
#2285 = CARTESIAN_POINT('',(3.164585153889,7.742401514308));
#2286 = CARTESIAN_POINT('',(3.10865415018,7.742647574943));
#2287 = CARTESIAN_POINT('',(3.053573929619,7.742911623993));
#2288 = CARTESIAN_POINT('',(2.999428669463,7.743193827032));
#2289 = CARTESIAN_POINT('',(2.946308358954,7.743494345062));
#2290 = CARTESIAN_POINT('',(2.89430884384,7.743813335772));
#2291 = CARTESIAN_POINT('',(2.843534776137,7.744150926107));
#2292 = CARTESIAN_POINT('',(2.794095286275,7.744507238961));
#2293 = CARTESIAN_POINT('',(2.746109570041,7.744882352071));
#2294 = CARTESIAN_POINT('',(2.699705233642,7.745276297295));
#2295 = CARTESIAN_POINT('',(2.655018299529,7.745689049984));
#2296 = CARTESIAN_POINT('',(2.612191950407,7.746120529049));
#2297 = CARTESIAN_POINT('',(2.571378659724,7.746570564175));
#2298 = CARTESIAN_POINT('',(2.532740803636,7.747038855153));
#2299 = CARTESIAN_POINT('',(2.496446563678,7.747524990767));
#2300 = CARTESIAN_POINT('',(2.462669843487,7.748028414199));
#2301 = CARTESIAN_POINT('',(2.431589046736,7.748548382196));
#2302 = CARTESIAN_POINT('',(2.403378250709,7.74908406867));
#2303 = CARTESIAN_POINT('',(2.378214003801,7.749634400018));
#2304 = CARTESIAN_POINT('',(2.356273401442,7.750197916727));
#2305 = CARTESIAN_POINT('',(2.337715799098,7.75077304706));
#2306 = CARTESIAN_POINT('',(2.322683888561,7.751358031847));
#2307 = CARTESIAN_POINT('',(2.311299250958,7.751950940785));
#2308 = CARTESIAN_POINT('',(2.303658781262,7.752549663202));
#2309 = CARTESIAN_POINT('',(2.299830713205,7.753151911115));
#2310 = CARTESIAN_POINT('',(2.299848934245,7.753755200318));
#2311 = CARTESIAN_POINT('',(2.303713418269,7.754357369392));
#2312 = CARTESIAN_POINT('',(2.311389560744,7.75495590101));
#2313 = CARTESIAN_POINT('',(2.322809110754,7.755548547293));
#2314 = CARTESIAN_POINT('',(2.337875332674,7.756133206335));
#2315 = CARTESIAN_POINT('',(2.356466792593,7.756707954424));
#2316 = CARTESIAN_POINT('',(2.378440559442,7.757271028304));
#2317 = CARTESIAN_POINT('',(2.403636750608,7.757820850235));
#2318 = CARTESIAN_POINT('',(2.431875912974,7.758355930498));
#2319 = CARTESIAN_POINT('',(2.46298214227,7.758875229901));
#2320 = CARTESIAN_POINT('',(2.496782641003,7.759377951519));
#2321 = CARTESIAN_POINT('',(2.53309870998,7.759863353426));
#2322 = CARTESIAN_POINT('',(2.571756598583,7.760330887207));
#2323 = CARTESIAN_POINT('',(2.612588190085,7.760780147758));
#2324 = CARTESIAN_POINT('',(2.655431189874,7.761210840876));
#2325 = CARTESIAN_POINT('',(2.700133243096,7.761622802026));
#2326 = CARTESIAN_POINT('',(2.746551265406,7.76201595512));
#2327 = CARTESIAN_POINT('',(2.794549269312,7.762390279884));
#2328 = CARTESIAN_POINT('',(2.843999967139,7.762745813589));
#2329 = CARTESIAN_POINT('',(2.894783415846,7.763082633576));
#2330 = CARTESIAN_POINT('',(2.946793717822,7.763400882271));
#2331 = CARTESIAN_POINT('',(2.999901334324,7.763700553414));
#2332 = CARTESIAN_POINT('',(3.054021867062,7.763981894235));
#2333 = CARTESIAN_POINT('',(3.109071597526,7.764245107938));
#2334 = CARTESIAN_POINT('',(3.16497140015,7.764490388682));
#2335 = CARTESIAN_POINT('',(3.221645430279,7.764717915233));
#2336 = CARTESIAN_POINT('',(3.279021251167,7.764927855043));
#2337 = CARTESIAN_POINT('',(3.337029610546,7.765120364929));
#2338 = CARTESIAN_POINT('',(3.395604342475,7.765295592087));
#2339 = CARTESIAN_POINT('',(3.454682263208,7.765453674479));
#2340 = CARTESIAN_POINT('',(3.514203092506,7.765594740874));
#2341 = CARTESIAN_POINT('',(3.574109388021,7.765718910514));
#2342 = CARTESIAN_POINT('',(3.634346492942,7.76582629243));
#2343 = CARTESIAN_POINT('',(3.694862490606,7.76591698446));
#2344 = CARTESIAN_POINT('',(3.75560817314,7.765991071909));
#2345 = CARTESIAN_POINT('',(3.816536984287,7.766048626197));
#2346 = CARTESIAN_POINT('',(3.877605070838,7.766089702327));
#2347 = CARTESIAN_POINT('',(3.938770926891,7.766114339648));
#2348 = CARTESIAN_POINT('',(3.979588003466,7.766119812771));
#2349 = CARTESIAN_POINT('',(4.,7.766119814597));
#2350 = ( GEOMETRIC_REPRESENTATION_CONTEXT(2) 
PARAMETRIC_REPRESENTATION_CONTEXT() REPRESENTATION_CONTEXT('2D SPACE',''
  ) );
#2351 = PCURVE('',#2352,#2357);
#2352 = CYLINDRICAL_SURFACE('',#2353,1.7);
#2353 = AXIS2_PLACEMENT_3D('',#2354,#2355,#2356);
#2354 = CARTESIAN_POINT('',(-47.36861671689,13.676851985826,4.));
#2355 = DIRECTION('',(0.999425171273,-3.390172600055E-02,0.));
#2356 = DIRECTION('',(-3.390172600055E-02,-0.999425171273,0.));
#2357 = DEFINITIONAL_REPRESENTATION('',(#2358),#2516);
#2358 = B_SPLINE_CURVE_WITH_KNOTS('',3,(#2359,#2360,#2361,#2362,#2363,
    #2364,#2365,#2366,#2367,#2368,#2369,#2370,#2371,#2372,#2373,#2374,
    #2375,#2376,#2377,#2378,#2379,#2380,#2381,#2382,#2383,#2384,#2385,
    #2386,#2387,#2388,#2389,#2390,#2391,#2392,#2393,#2394,#2395,#2396,
    #2397,#2398,#2399,#2400,#2401,#2402,#2403,#2404,#2405,#2406,#2407,
    #2408,#2409,#2410,#2411,#2412,#2413,#2414,#2415,#2416,#2417,#2418,
    #2419,#2420,#2421,#2422,#2423,#2424,#2425,#2426,#2427,#2428,#2429,
    #2430,#2431,#2432,#2433,#2434,#2435,#2436,#2437,#2438,#2439,#2440,
    #2441,#2442,#2443,#2444,#2445,#2446,#2447,#2448,#2449,#2450,#2451,
    #2452,#2453,#2454,#2455,#2456,#2457,#2458,#2459,#2460,#2461,#2462,
    #2463,#2464,#2465,#2466,#2467,#2468,#2469,#2470,#2471,#2472,#2473,
    #2474,#2475,#2476,#2477,#2478,#2479,#2480,#2481,#2482,#2483,#2484,
    #2485,#2486,#2487,#2488,#2489,#2490,#2491,#2492,#2493,#2494,#2495,
    #2496,#2497,#2498,#2499,#2500,#2501,#2502,#2503,#2504,#2505,#2506,
    #2507,#2508,#2509,#2510,#2511,#2512,#2513,#2514,#2515),
  .UNSPECIFIED.,.F.,.F.,(4,1,1,1,1,1,1,1,1,1,1,1,1,1,1,1,1,1,1,1,1,1,1,1
    ,1,1,1,1,1,1,1,1,1,1,1,1,1,1,1,1,1,1,1,1,1,1,1,1,1,1,1,1,1,1,1,1,1,1
    ,1,1,1,1,1,1,1,1,1,1,1,1,1,1,1,1,1,1,1,1,1,1,1,1,1,1,1,1,1,1,1,1,1,1
    ,1,1,1,1,1,1,1,1,1,1,1,1,1,1,1,1,1,1,1,1,1,1,1,1,1,1,1,1,1,1,1,1,1,1
    ,1,1,1,1,1,1,1,1,1,1,1,1,1,1,1,1,1,1,1,1,1,1,1,1,1,1,1,1,4),(0.,
    8.66677433225E-03,1.73335486645E-02,2.600032299675E-02,
    3.4667097329E-02,4.333387166125E-02,5.20006459935E-02,
    6.066742032575E-02,6.9334194658E-02,7.800096899025E-02,
    8.66677433225E-02,9.533451765475E-02,0.104001291987,0.112668066319,
    0.121334840651,0.130001614984,0.138668389316,0.147335163648,
    0.15600193798,0.164668712313,0.173335486645,0.182002260977,
    0.190669035309,0.199335809642,0.208002583974,0.216669358306,
    0.225336132638,0.234002906971,0.242669681303,0.251336455635,
    0.260003229967,0.2686700043,0.277336778632,0.286003552964,
    0.294670327296,0.303337101629,0.312003875961,0.320670650293,
    0.329337424625,0.338004198958,0.34667097329,0.355337747622,
    0.364004521954,0.372671296287,0.381338070619,0.390004844951,
    0.398671619283,0.407338393616,0.416005167948,0.42467194228,
    0.433338716612,0.442005490945,0.450672265277,0.459339039609,
    0.468005813941,0.476672588274,0.485339362606,0.494006136938,
    0.50267291127,0.511339685603,0.520006459935,0.528673234267,
    0.537340008599,0.546006782932,0.554673557264,0.563340331596,
    0.572007105928,0.580673880261,0.589340654593,0.598007428925,
    0.606674203257,0.61534097759,0.624007751922,0.632674526254,
    0.641341300586,0.650008074919,0.658674849251,0.667341623583,
    0.676008397915,0.684675172248,0.69334194658,0.702008720912,
    0.710675495244,0.719342269577,0.728009043909,0.736675818241,
    0.745342592573,0.754009366906,0.762676141238,0.77134291557,
    0.780009689902,0.788676464235,0.797343238567,0.806010012899,
    0.814676787231,0.823343561564,0.832010335896,0.840677110228,
    0.84934388456,0.858010658893,0.866677433225,0.875344207557,
    0.884010981889,0.892677756222,0.901344530554,0.910011304886,
    0.918678079218,0.927344853551,0.936011627883,0.944678402215,
    0.953345176547,0.96201195088,0.970678725212,0.979345499544,
    0.988012273876,0.996679048209,1.005345822541,1.014012596873,
    1.022679371205,1.031346145538,1.04001291987,1.048679694202,
    1.057346468534,1.066013242867,1.074680017199,1.083346791531,
    1.092013565863,1.100680340196,1.109347114528,1.11801388886,
    1.126680663192,1.135347437525,1.144014211857,1.152680986189,
    1.161347760521,1.170014534854,1.178681309186,1.187348083518,
    1.19601485785,1.204681632183,1.213348406515,1.222015180847,
    1.230681955179,1.239348729512,1.248015503844,1.256682278176,
    1.265349052508,1.274015826841,1.282682601173,1.291349375505,
    1.300016149837,1.30868292417,1.317349698502,1.326016472834,
    1.334683247166),.QUASI_UNIFORM_KNOTS.);
#2359 = CARTESIAN_POINT('',(6.28318530718,4.603660102645));
#2360 = CARTESIAN_POINT('',(6.27117792513,4.603660104621));
#2361 = CARTESIAN_POINT('',(6.247167314293,4.603656944692));
#2362 = CARTESIAN_POINT('',(6.211139836864,4.603642761158));
#2363 = CARTESIAN_POINT('',(6.175076324391,4.603619172226));
#2364 = CARTESIAN_POINT('',(6.138953888192,4.603586250315));
#2365 = CARTESIAN_POINT('',(6.102750426933,4.603544092725));
#2366 = CARTESIAN_POINT('',(6.066444598771,4.603492826533));
#2367 = CARTESIAN_POINT('',(6.030015596517,4.603432609601));
#2368 = CARTESIAN_POINT('',(5.993442983192,4.603363632564));
#2369 = CARTESIAN_POINT('',(5.956706516306,4.603286120468));
#2370 = CARTESIAN_POINT('',(5.919785976446,4.603200334435));
#2371 = CARTESIAN_POINT('',(5.882660991207,4.603106573242));
#2372 = CARTESIAN_POINT('',(5.845310852035,4.60300517485));
#2373 = CARTESIAN_POINT('',(5.807714315636,4.60289651787));
#2374 = CARTESIAN_POINT('',(5.769849394688,4.602781022995));
#2375 = CARTESIAN_POINT('',(5.731693092536,4.602659154265));
#2376 = CARTESIAN_POINT('',(5.693221220476,4.602531420693));
#2377 = CARTESIAN_POINT('',(5.654407748138,4.602398376264));
#2378 = CARTESIAN_POINT('',(5.615225704192,4.602260625748));
#2379 = CARTESIAN_POINT('',(5.575642065414,4.602118808537));
#2380 = CARTESIAN_POINT('',(5.53565411733,4.601973734946));
#2381 = CARTESIAN_POINT('',(5.495237540934,4.601826201516));
#2382 = CARTESIAN_POINT('',(5.454372771301,4.601677087481));
#2383 = CARTESIAN_POINT('',(5.413041305499,4.601527340022));
#2384 = CARTESIAN_POINT('',(5.371226675178,4.601377976667));
#2385 = CARTESIAN_POINT('',(5.328913631712,4.601230080866));
#2386 = CARTESIAN_POINT('',(5.286090068287,4.6010848077));
#2387 = CARTESIAN_POINT('',(5.242750540278,4.600943381611));
#2388 = CARTESIAN_POINT('',(5.198892790624,4.600807080339));
#2389 = CARTESIAN_POINT('',(5.154520450448,4.600677226252));
#2390 = CARTESIAN_POINT('',(5.109644934229,4.600555171461));
#2391 = CARTESIAN_POINT('',(5.064278186249,4.600442260685));
#2392 = CARTESIAN_POINT('',(5.018440942501,4.60033982779));
#2393 = CARTESIAN_POINT('',(4.972180383574,4.600249197281));
#2394 = CARTESIAN_POINT('',(4.925542500264,4.600171580096));
#2395 = CARTESIAN_POINT('',(4.878580148222,4.600108061898));
#2396 = CARTESIAN_POINT('',(4.831352164366,4.6000595681));
#2397 = CARTESIAN_POINT('',(4.783925774736,4.600026834502));
#2398 = CARTESIAN_POINT('',(4.736376164933,4.600010378071));
#2399 = CARTESIAN_POINT('',(4.68879581292,4.600010460843));
#2400 = CARTESIAN_POINT('',(4.641246491694,4.600027085354));
#2401 = CARTESIAN_POINT('',(4.593818734957,4.600059996456));
#2402 = CARTESIAN_POINT('',(4.546587623042,4.600108684341));
#2403 = CARTESIAN_POINT('',(4.499620331934,4.600172419654));
#2404 = CARTESIAN_POINT('',(4.452976051453,4.600250281985));
#2405 = CARTESIAN_POINT('',(4.406708188555,4.600341188776));
#2406 = CARTESIAN_POINT('',(4.360863437961,4.600443930107));
#2407 = CARTESIAN_POINT('',(4.31548976344,4.600557180511));
#2408 = CARTESIAN_POINT('',(4.270610253284,4.600679599265));
#2409 = CARTESIAN_POINT('',(4.226233079868,4.600809850574));
#2410 = CARTESIAN_POINT('',(4.182370679728,4.600946578518));
#2411 = CARTESIAN_POINT('',(4.139026416512,4.601088459822));
#2412 = CARTESIAN_POINT('',(4.0961982286,4.601234213653));
#2413 = CARTESIAN_POINT('',(4.053880413481,4.601382613599));
#2414 = CARTESIAN_POINT('',(4.012061342237,4.601532499895));
#2415 = CARTESIAN_POINT('',(3.970725559568,4.601682786154));
#2416 = CARTESIAN_POINT('',(3.929856583475,4.601832451342));
#2417 = CARTESIAN_POINT('',(3.88943603171,4.601980544184));
#2418 = CARTESIAN_POINT('',(3.849443944545,4.602126182993));
#2419 = CARTESIAN_POINT('',(3.809857749757,4.602268561368));
#2420 = CARTESIAN_POINT('',(3.770656485778,4.60240692873));
#2421 = CARTESIAN_POINT('',(3.731817288269,4.602540603558));
#2422 = CARTESIAN_POINT('',(3.693317578699,4.602668959348));
#2423 = CARTESIAN_POINT('',(3.655135000155,4.60279142397));
#2424 = CARTESIAN_POINT('',(3.617245857063,4.602907484251));
#2425 = CARTESIAN_POINT('',(3.579632821394,4.603016657132));
#2426 = CARTESIAN_POINT('',(3.542270241022,4.603118532013));
#2427 = CARTESIAN_POINT('',(3.505134723674,4.603212734581));
#2428 = CARTESIAN_POINT('',(3.468203760134,4.603298929227));
#2429 = CARTESIAN_POINT('',(3.431455771929,4.603376817123));
#2430 = CARTESIAN_POINT('',(3.394869810804,4.603446135418));
#2431 = CARTESIAN_POINT('',(3.358425378473,4.603506656102));
#2432 = CARTESIAN_POINT('',(3.322102237221,4.603558184926));
#2433 = CARTESIAN_POINT('',(3.285880230213,4.603600560272));
#2434 = CARTESIAN_POINT('',(3.249739133763,4.603633651995));
#2435 = CARTESIAN_POINT('',(3.213658401164,4.603657360252));
#2436 = CARTESIAN_POINT('',(3.177617304804,4.603671614264));
#2437 = CARTESIAN_POINT('',(3.141593557962,4.603676371191));
#2438 = CARTESIAN_POINT('',(3.105567552928,4.603671614432));
#2439 = CARTESIAN_POINT('',(3.069523140522,4.603657358583));
#2440 = CARTESIAN_POINT('',(3.033438469227,4.603633646272));
#2441 = CARTESIAN_POINT('',(2.997293641569,4.603600548628));
#2442 = CARTESIAN_POINT('',(2.961068477564,4.603558166255));
#2443 = CARTESIAN_POINT('',(2.924742893533,4.60350663002));
#2444 = CARTESIAN_POINT('',(2.888296597252,4.603446101929));
#2445 = CARTESIAN_POINT('',(2.851708890686,4.603376775779));
#2446 = CARTESIAN_POINT('',(2.814958684335,4.603298878492));
#2447 = CARTESIAN_POINT('',(2.778023486364,4.603212668854));
#2448 = CARTESIAN_POINT('',(2.740882677663,4.603118447197));
#2449 = CARTESIAN_POINT('',(2.703514689841,4.60301655084));
#2450 = CARTESIAN_POINT('',(2.665897452396,4.602907358915));
#2451 = CARTESIAN_POINT('',(2.628008607905,4.602791293063));
#2452 = CARTESIAN_POINT('',(2.589825836496,4.602668822213));
#2453 = CARTESIAN_POINT('',(2.551326041054,4.602540461211));
#2454 = CARTESIAN_POINT('',(2.51248669642,4.602406781745));
#2455 = CARTESIAN_POINT('',(2.473285284025,4.602268410576));
#2456 = CARTESIAN_POINT('',(2.433698902098,4.602126029151));
#2457 = CARTESIAN_POINT('',(2.393706623744,4.601980388229));
#2458 = CARTESIAN_POINT('',(2.353285870516,4.601832294208));
#2459 = CARTESIAN_POINT('',(2.312416668239,4.601682628778));
#2460 = CARTESIAN_POINT('',(2.271080641889,4.601532343308));
#2461 = CARTESIAN_POINT('',(2.229261310869,4.601382458906));
#2462 = CARTESIAN_POINT('',(2.18694329692,4.601234062199));
#2463 = CARTESIAN_POINT('',(2.144114827847,4.601088312546));
#2464 = CARTESIAN_POINT('',(2.10077031138,4.600946436739));
#2465 = CARTESIAN_POINT('',(2.056907616052,4.600809715392));
#2466 = CARTESIAN_POINT('',(2.012530300772,4.600679472355));
#2467 = CARTESIAN_POINT('',(1.967650175434,4.600557061887));
#2468 = CARTESIAN_POINT('',(1.922277857613,4.600443825929));
#2469 = CARTESIAN_POINT('',(1.876436528244,4.600341103641));
#2470 = CARTESIAN_POINT('',(1.830172257279,4.600250215026));
#2471 = CARTESIAN_POINT('',(1.783531038467,4.600172368538));
#2472 = CARTESIAN_POINT('',(1.736565807211,4.60010864641));
#2473 = CARTESIAN_POINT('',(1.689335837671,4.600059969935));
#2474 = CARTESIAN_POINT('',(1.641908568045,4.600027069613));
#2475 = CARTESIAN_POINT('',(1.594360710597,4.600010455977));
#2476 = CARTESIAN_POINT('',(1.546781456674,4.600010382959));
#2477 = CARTESIAN_POINT('',(1.49923357306,4.60002684828));
#2478 = CARTESIAN_POINT('',(1.451808972161,4.6000595891));
#2479 = CARTESIAN_POINT('',(1.404581401166,4.60010809017));
#2480 = CARTESIAN_POINT('',(1.357617863158,4.600171617521));
#2481 = CARTESIAN_POINT('',(1.310977419922,4.600249246847));
#2482 = CARTESIAN_POINT('',(1.264713715484,4.600339891876));
#2483 = CARTESIAN_POINT('',(1.218873677299,4.600442339679));
#2484 = CARTESIAN_POINT('',(1.173506512505,4.600555259823));
#2485 = CARTESIAN_POINT('',(1.128633189074,4.600677315926));
#2486 = CARTESIAN_POINT('',(1.084262373605,4.60080717151));
#2487 = CARTESIAN_POINT('',(1.040406310955,4.600943472436));
#2488 = CARTESIAN_POINT('',(0.997068368272,4.601084897294));
#2489 = CARTESIAN_POINT('',(0.954246392635,4.601230168093));
#2490 = CARTESIAN_POINT('',(0.911934755684,4.60137806115));
#2491 = CARTESIAN_POINT('',(0.870121630976,4.601527420644));
#2492 = CARTESIAN_POINT('',(0.828791619947,4.601677163641));
#2493 = CARTESIAN_POINT('',(0.787928266249,4.601826272748));
#2494 = CARTESIAN_POINT('',(0.747513020903,4.601973801108));
#2495 = CARTESIAN_POINT('',(0.707526495183,4.602118868978));
#2496 = CARTESIAN_POINT('',(0.667943865319,4.602260681646));
#2497 = CARTESIAN_POINT('',(0.628762401437,4.602398428927));
#2498 = CARTESIAN_POINT('',(0.589949786158,4.602531468958));
#2499 = CARTESIAN_POINT('',(0.551478812755,4.602659197918));
#2500 = CARTESIAN_POINT('',(0.513323474216,4.602781061817));
#2501 = CARTESIAN_POINT('',(0.475459542179,4.602896551855));
#2502 = CARTESIAN_POINT('',(0.437864003245,4.603005204111));
#2503 = CARTESIAN_POINT('',(0.400514852885,4.603106598));
#2504 = CARTESIAN_POINT('',(0.363390836045,4.603200354987));
#2505 = CARTESIAN_POINT('',(0.326471235939,4.603286137166));
#2506 = CARTESIAN_POINT('',(0.289735675671,4.603363645793));
#2507 = CARTESIAN_POINT('',(0.25316393478,4.603432619764));
#2508 = CARTESIAN_POINT('',(0.216735773084,4.603492834036));
#2509 = CARTESIAN_POINT('',(0.180430759196,4.603544097973));
#2510 = CARTESIAN_POINT('',(0.144228094817,4.603586253702));
#2511 = CARTESIAN_POINT('',(0.108106450315,4.603619174142));
#2512 = CARTESIAN_POINT('',(7.204374012851E-02,4.603642761995));
#2513 = CARTESIAN_POINT('',(3.601709455777E-02,4.603656944853));
#2514 = CARTESIAN_POINT('',(1.200707411583E-02,4.603660104623));
#2515 = CARTESIAN_POINT('',(0.,4.603660102645));
#2516 = ( GEOMETRIC_REPRESENTATION_CONTEXT(2) 
PARAMETRIC_REPRESENTATION_CONTEXT() REPRESENTATION_CONTEXT('2D SPACE',''
  ) );
#2517 = FACE_BOUND('',#2518,.T.);
#2518 = EDGE_LOOP('',(#2519));
#2519 = ORIENTED_EDGE('',*,*,#2520,.T.);
#2520 = EDGE_CURVE('',#2521,#2521,#2523,.T.);
#2521 = VERTEX_POINT('',#2522);
#2522 = CARTESIAN_POINT('',(-21.28694570384,114.83667493511,4.));
#2523 = SURFACE_CURVE('',#2524,(#2635,#2796),.PCURVE_S1.);
#2524 = B_SPLINE_CURVE_WITH_KNOTS('',7,(#2525,#2526,#2527,#2528,#2529,
    #2530,#2531,#2532,#2533,#2534,#2535,#2536,#2537,#2538,#2539,#2540,
    #2541,#2542,#2543,#2544,#2545,#2546,#2547,#2548,#2549,#2550,#2551,
    #2552,#2553,#2554,#2555,#2556,#2557,#2558,#2559,#2560,#2561,#2562,
    #2563,#2564,#2565,#2566,#2567,#2568,#2569,#2570,#2571,#2572,#2573,
    #2574,#2575,#2576,#2577,#2578,#2579,#2580,#2581,#2582,#2583,#2584,
    #2585,#2586,#2587,#2588,#2589,#2590,#2591,#2592,#2593,#2594,#2595,
    #2596,#2597,#2598,#2599,#2600,#2601,#2602,#2603,#2604,#2605,#2606,
    #2607,#2608,#2609,#2610,#2611,#2612,#2613,#2614,#2615,#2616,#2617,
    #2618,#2619,#2620,#2621,#2622,#2623,#2624,#2625,#2626,#2627,#2628,
    #2629,#2630,#2631,#2632,#2633,#2634),.UNSPECIFIED.,.T.,.F.,(8,6,6,6,
    6,6,6,6,6,6,6,6,6,6,6,6,6,6,8),(0.,0.155350506766,0.210736867612,
    0.25410897548,0.323376602059,0.391677776121,0.43508778065,
    0.490493343165,0.532357522481,0.563655666958,0.645741060421,
    0.758484600976,0.800271970501,0.85544774596,0.898353952844,1.,
    1.088489752648,1.141136614781,1.29146729449),.UNSPECIFIED.);
#2525 = CARTESIAN_POINT('',(-21.28694570384,114.83667493511,4.));
#2526 = CARTESIAN_POINT('',(-21.28694570384,114.83667493511,
    4.162045174132));
#2527 = CARTESIAN_POINT('',(-21.27817112072,114.85241886823,
    4.323898560565));
#2528 = CARTESIAN_POINT('',(-21.26065587803,114.88384545983,
    4.484502400421));
#2529 = CARTESIAN_POINT('',(-21.23418518393,114.9312895311,
    4.642455208912));
#2530 = CARTESIAN_POINT('',(-21.19843731098,114.99522189329,
    4.795950969901));
#2531 = CARTESIAN_POINT('',(-21.15306954732,115.07608882571,
    4.942837486469));
#2532 = CARTESIAN_POINT('',(-21.07766557827,115.20985760186,
    5.129375211988));
#2533 = CARTESIAN_POINT('',(-21.05656068649,115.2472495388,
    5.177180261883));
#2534 = CARTESIAN_POINT('',(-21.03415006083,115.28689788078,
    5.223626968367));
#2535 = CARTESIAN_POINT('',(-21.01041878549,115.3288163309,
    5.268555604155));
#2536 = CARTESIAN_POINT('',(-20.98535821547,115.37300619743,
    5.311786295868));
#2537 = CARTESIAN_POINT('',(-20.95896847192,115.41945218939,
    5.353121497134));
#2538 = CARTESIAN_POINT('',(-20.90956364329,115.50622773857,
    5.423066423885));
#2539 = CARTESIAN_POINT('',(-20.88705950766,115.54569642968,
    5.452489743102));
#2540 = CARTESIAN_POINT('',(-20.86375552316,115.5865043637,
    5.480515184396));
#2541 = CARTESIAN_POINT('',(-20.8396651269,115.62861990632,
    5.507030968364));
#2542 = CARTESIAN_POINT('',(-20.81480989299,115.67199708362,
    5.531920229823));
#2543 = CARTESIAN_POINT('',(-20.78922122493,115.71657295493,
    5.555064476474));
#2544 = CARTESIAN_POINT('',(-20.72097276642,115.83523765639,
    5.610336476708));
#2545 = CARTESIAN_POINT('',(-20.67722409709,115.91108882728,
    5.639592706954));
#2546 = CARTESIAN_POINT('',(-20.63190014395,115.98943136377,
    5.663608326789));
#2547 = CARTESIAN_POINT('',(-20.58526648796,116.06977541604,
    5.681934711031));
#2548 = CARTESIAN_POINT('',(-20.53765686267,116.15152182406,
    5.694212045017));
#2549 = CARTESIAN_POINT('',(-20.48947890492,116.23395736211,
    5.700226561739));
#2550 = CARTESIAN_POINT('',(-20.39363240058,116.39739807586,
    5.699766653029));
#2551 = CARTESIAN_POINT('',(-20.34591986832,116.47848603662,
    5.693465113823));
#2552 = CARTESIAN_POINT('',(-20.29853879052,116.55873381526,
    5.681086820075));
#2553 = CARTESIAN_POINT('',(-20.25188939997,116.63747299435,
    5.662839314685));
#2554 = CARTESIAN_POINT('',(-20.20631510317,116.71414415192,
    5.639067113594));
#2555 = CARTESIAN_POINT('',(-20.16210331928,116.78829119096,
    5.61020146555));
#2556 = CARTESIAN_POINT('',(-20.09240114423,116.9048471017,5.55546316051
    ));
#2557 = CARTESIAN_POINT('',(-20.0659507625,116.94899009056,
    5.532326111111));
#2558 = CARTESIAN_POINT('',(-20.04018693965,116.9919052519,
    5.507439773613));
#2559 = CARTESIAN_POINT('',(-20.01514949667,117.03353415399,
    5.480922947333));
#2560 = CARTESIAN_POINT('',(-19.99086826126,117.07383534293,
    5.452892824351));
#2561 = CARTESIAN_POINT('',(-19.96736452754,117.11278156181,
    5.423461509053));
#2562 = CARTESIAN_POINT('',(-19.91566445656,117.198315652,5.353512179086
    ));
#2563 = CARTESIAN_POINT('',(-19.88796826671,117.24403771489,
    5.312180899581));
#2564 = CARTESIAN_POINT('',(-19.86159034646,117.28749565164,
    5.268951724945));
#2565 = CARTESIAN_POINT('',(-19.83654448713,117.32868204994,
    5.22402246946));
#2566 = CARTESIAN_POINT('',(-19.81283429454,117.36760532869,
    5.177573253084));
#2567 = CARTESIAN_POINT('',(-19.79045561224,117.40428547472,
    5.129764018604));
#2568 = CARTESIAN_POINT('',(-19.75348862723,117.46479084432,
    5.043683725813));
#2569 = CARTESIAN_POINT('',(-19.73833393772,117.48956544207,
    5.005939148431));
#2570 = CARTESIAN_POINT('',(-19.72393087405,117.51308521923,
    4.967558673115));
#2571 = CARTESIAN_POINT('',(-19.71027499281,117.53536213673,
    4.928598284523));
#2572 = CARTESIAN_POINT('',(-19.69736140942,117.55640847011,
    4.889109595517));
#2573 = CARTESIAN_POINT('',(-19.68518479815,117.57623680944,
    4.849139847167));
#2574 = CARTESIAN_POINT('',(-19.66518267423,117.60878301638,4.7785224668
    ));
#2575 = CARTESIAN_POINT('',(-19.65703479602,117.62203217789,
    4.748068452429));
#2576 = CARTESIAN_POINT('',(-19.64929347031,117.63461273672,
    4.717387945754));
#2577 = CARTESIAN_POINT('',(-19.64195649333,117.64652963533,
    4.68649814844));
#2578 = CARTESIAN_POINT('',(-19.63502174477,117.65778756592,
    4.655415383689));
#2579 = CARTESIAN_POINT('',(-19.62848718773,117.66839097037,
    4.624155096247));
#2580 = CARTESIAN_POINT('',(-19.60625719399,117.70444787712,
    4.510318361813));
#2581 = CARTESIAN_POINT('',(-19.59290425105,117.72607604837,
    4.426791245118));
#2582 = CARTESIAN_POINT('',(-19.58225449142,117.74330800316,
    4.342404362761));
#2583 = CARTESIAN_POINT('',(-19.57428165381,117.75619971091,4.2573926304
    ));
#2584 = CARTESIAN_POINT('',(-19.56896705172,117.76479021517,
    4.171975163451));
#2585 = CARTESIAN_POINT('',(-19.56629970358,117.76910169758,
    4.086357342824));
#2586 = CARTESIAN_POINT('',(-19.56625366308,117.76917611711,
    3.883125900864));
#2587 = CARTESIAN_POINT('',(-19.57122238199,117.76114471123,
    3.765552004092));
#2588 = CARTESIAN_POINT('',(-19.58118080985,117.74504804799,
    3.64847912854));
#2589 = CARTESIAN_POINT('',(-19.59617283064,117.72079955051,
    3.532443344364));
#2590 = CARTESIAN_POINT('',(-19.61626327679,117.68826308468,
    3.418048294868));
#2591 = CARTESIAN_POINT('',(-19.64153621027,117.64725397221,
    3.305976462589));
#2592 = CARTESIAN_POINT('',(-19.68345570364,117.57905199189,
    3.156624189451));
#2593 = CARTESIAN_POINT('',(-19.69551933439,117.55940973785,
    3.116669383893));
#2594 = CARTESIAN_POINT('',(-19.70831668633,117.53855524164,
    3.077189126903));
#2595 = CARTESIAN_POINT('',(-19.72185306819,117.51647599513,
    3.038230080416));
#2596 = CARTESIAN_POINT('',(-19.7361333761,117.49315976164,
    2.999843206164));
#2597 = CARTESIAN_POINT('',(-19.75116209354,117.46859457598,
    2.962083765673));
#2598 = CARTESIAN_POINT('',(-19.7877806841,117.40866848156,2.87606110046
    ));
#2599 = CARTESIAN_POINT('',(-19.80992851938,117.37237272598,
    2.828311770123));
#2600 = CARTESIAN_POINT('',(-19.83339639174,117.33385424993,
    2.781897886109));
#2601 = CARTESIAN_POINT('',(-19.85818879535,117.29309276692,
    2.736976084965));
#2602 = CARTESIAN_POINT('',(-19.88430280055,117.25007901244,
    2.693722752403));
#2603 = CARTESIAN_POINT('',(-19.91172573047,117.20481882476,
    2.652331692771));
#2604 = CARTESIAN_POINT('',(-19.96275627683,117.12041422293,
    2.582435562789));
#2605 = CARTESIAN_POINT('',(-19.98585498882,117.08215003333,
    2.553113574222));
#2606 = CARTESIAN_POINT('',(-20.00971593059,117.04255883339,
    2.525145071096));
#2607 = CARTESIAN_POINT('',(-20.03431943951,117.00166546385,
    2.498637556675));
#2608 = CARTESIAN_POINT('',(-20.0596378645,116.95950802947,
    2.473703619214));
#2609 = CARTESIAN_POINT('',(-20.0856341971,116.9161404988,2.450457751964
    ));
#2610 = CARTESIAN_POINT('',(-20.17533966621,116.76620120804,
    2.378210344729));
#2611 = CARTESIAN_POINT('',(-20.24219534934,116.65398110977,
    2.337323063089));
#2612 = CARTESIAN_POINT('',(-20.31188594527,116.53644546801,
    2.308276121741));
#2613 = CARTESIAN_POINT('',(-20.38328326871,116.41540858911,
    2.292401845553));
#2614 = CARTESIAN_POINT('',(-20.45512129585,116.29297443045,
    2.290399455608));
#2615 = CARTESIAN_POINT('',(-20.52601774096,116.17152177631,
    2.302233166641));
#2616 = CARTESIAN_POINT('',(-20.6541295446,115.95102474215,
    2.347943853842));
#2617 = CARTESIAN_POINT('',(-20.71203870429,115.85092408168,2.3788091057
    ));
#2618 = CARTESIAN_POINT('',(-20.76748191973,115.75467927447,
    2.418596167062));
#2619 = CARTESIAN_POINT('',(-20.81998673872,115.66317772976,
    2.466296226172));
#2620 = CARTESIAN_POINT('',(-20.86926756361,115.5769916889,
    2.520860349729));
#2621 = CARTESIAN_POINT('',(-20.91518457566,115.49643684773,
    2.581278821815));
#2622 = CARTESIAN_POINT('',(-20.98299620582,115.37714188836,
    2.685590432312));
#2623 = CARTESIAN_POINT('',(-21.0070937842,115.33467026699,
    2.726273910867));
#2624 = CARTESIAN_POINT('',(-21.02999041021,115.29424584367,
    2.768556417039));
#2625 = CARTESIAN_POINT('',(-21.05169017788,115.25587384155,
    2.812276858159));
#2626 = CARTESIAN_POINT('',(-21.07220300211,115.21954820825,
    2.857288591657));
#2627 = CARTESIAN_POINT('',(-21.09154294865,115.18525446151,
    2.903460894521));
#2628 = CARTESIAN_POINT('',(-21.16164903647,115.06079298617,
    3.085513640072));
#2629 = CARTESIAN_POINT('',(-21.20406957197,114.98514794497,
    3.228692470363));
#2630 = CARTESIAN_POINT('',(-21.23752032195,114.92531166222,
    3.377799896926));
#2631 = CARTESIAN_POINT('',(-21.2623118188,114.88087432816,
    3.530929051446));
#2632 = CARTESIAN_POINT('',(-21.27872519422,114.85142470368,
    3.686471083951));
#2633 = CARTESIAN_POINT('',(-21.28694570384,114.83667493511,
    3.843155204766));
#2634 = CARTESIAN_POINT('',(-21.28694570384,114.83667493511,4.));
#2635 = PCURVE('',#299,#2636);
#2636 = DEFINITIONAL_REPRESENTATION('',(#2637),#2795);
#2637 = B_SPLINE_CURVE_WITH_KNOTS('',3,(#2638,#2639,#2640,#2641,#2642,
    #2643,#2644,#2645,#2646,#2647,#2648,#2649,#2650,#2651,#2652,#2653,
    #2654,#2655,#2656,#2657,#2658,#2659,#2660,#2661,#2662,#2663,#2664,
    #2665,#2666,#2667,#2668,#2669,#2670,#2671,#2672,#2673,#2674,#2675,
    #2676,#2677,#2678,#2679,#2680,#2681,#2682,#2683,#2684,#2685,#2686,
    #2687,#2688,#2689,#2690,#2691,#2692,#2693,#2694,#2695,#2696,#2697,
    #2698,#2699,#2700,#2701,#2702,#2703,#2704,#2705,#2706,#2707,#2708,
    #2709,#2710,#2711,#2712,#2713,#2714,#2715,#2716,#2717,#2718,#2719,
    #2720,#2721,#2722,#2723,#2724,#2725,#2726,#2727,#2728,#2729,#2730,
    #2731,#2732,#2733,#2734,#2735,#2736,#2737,#2738,#2739,#2740,#2741,
    #2742,#2743,#2744,#2745,#2746,#2747,#2748,#2749,#2750,#2751,#2752,
    #2753,#2754,#2755,#2756,#2757,#2758,#2759,#2760,#2761,#2762,#2763,
    #2764,#2765,#2766,#2767,#2768,#2769,#2770,#2771,#2772,#2773,#2774,
    #2775,#2776,#2777,#2778,#2779,#2780,#2781,#2782,#2783,#2784,#2785,
    #2786,#2787,#2788,#2789,#2790,#2791,#2792,#2793,#2794),
  .UNSPECIFIED.,.T.,.F.,(4,1,1,1,1,1,1,1,1,1,1,1,1,1,1,1,1,1,1,1,1,1,1,1
    ,1,1,1,1,1,1,1,1,1,1,1,1,1,1,1,1,1,1,1,1,1,1,1,1,1,1,1,1,1,1,1,1,1,1
    ,1,1,1,1,1,1,1,1,1,1,1,1,1,1,1,1,1,1,1,1,1,1,1,1,1,1,1,1,1,1,1,1,1,1
    ,1,1,1,1,1,1,1,1,1,1,1,1,1,1,1,1,1,1,1,1,1,1,1,1,1,1,1,1,1,1,1,1,1,1
    ,1,1,1,1,1,1,1,1,1,1,1,1,1,1,1,1,1,1,1,1,1,1,1,1,1,1,1,1,4),(0.,
    8.386151262922E-03,1.677230252584E-02,2.515845378877E-02,
    3.354460505169E-02,4.193075631461E-02,5.031690757753E-02,
    5.870305884045E-02,6.708921010338E-02,7.54753613663E-02,
    8.386151262922E-02,9.224766389214E-02,0.100633815155,0.109019966418,
    0.117406117681,0.125792268944,0.134178420207,0.14256457147,
    0.150950722733,0.159336873996,0.167723025258,0.176109176521,
    0.184495327784,0.192881479047,0.20126763031,0.209653781573,
    0.218039932836,0.226426084099,0.234812235362,0.243198386625,
    0.251584537888,0.259970689151,0.268356840414,0.276742991676,
    0.285129142939,0.293515294202,0.301901445465,0.310287596728,
    0.318673747991,0.327059899254,0.335446050517,0.34383220178,
    0.352218353043,0.360604504306,0.368990655569,0.377376806831,
    0.385762958094,0.394149109357,0.40253526062,0.410921411883,
    0.419307563146,0.427693714409,0.436079865672,0.444466016935,
    0.452852168198,0.461238319461,0.469624470724,0.478010621987,
    0.486396773249,0.494782924512,0.503169075775,0.511555227038,
    0.519941378301,0.528327529564,0.536713680827,0.54509983209,
    0.553485983353,0.561872134616,0.570258285879,0.578644437142,
    0.587030588405,0.595416739667,0.60380289093,0.612189042193,
    0.620575193456,0.628961344719,0.637347495982,0.645733647245,
    0.654119798508,0.662505949771,0.670892101034,0.679278252297,
    0.68766440356,0.696050554823,0.704436706085,0.712822857348,
    0.721209008611,0.729595159874,0.737981311137,0.7463674624,
    0.754753613663,0.763139764926,0.771525916189,0.779912067452,
    0.788298218715,0.796684369978,0.805070521241,0.813456672503,
    0.821842823766,0.830228975029,0.838615126292,0.847001277555,
    0.855387428818,0.863773580081,0.872159731344,0.880545882607,
    0.88893203387,0.897318185133,0.905704336396,0.914090487658,
    0.922476638921,0.930862790184,0.939248941447,0.94763509271,
    0.956021243973,0.964407395236,0.972793546499,0.981179697762,
    0.989565849025,0.997952000288,1.006338151551,1.014724302814,
    1.023110454076,1.031496605339,1.039882756602,1.048268907865,
    1.056655059128,1.065041210391,1.073427361654,1.081813512917,
    1.09019966418,1.098585815443,1.106971966706,1.115358117969,
    1.123744269232,1.132130420494,1.140516571757,1.14890272302,
    1.157288874283,1.165675025546,1.174061176809,1.182447328072,
    1.190833479335,1.199219630598,1.207605781861,1.215991933124,
    1.224378084387,1.23276423565,1.241150386912,1.249536538175,
    1.257922689438,1.266308840701,1.274694991964,1.283081143227,
    1.29146729449),.QUASI_UNIFORM_KNOTS.);
#2638 = CARTESIAN_POINT('',(4.,6.826088307597));
#2639 = CARTESIAN_POINT('',(4.020410724805,6.826088304202));
#2640 = CARTESIAN_POINT('',(4.061225147537,6.826078846844));
#2641 = CARTESIAN_POINT('',(4.122386752191,6.826036271691));
#2642 = CARTESIAN_POINT('',(4.18345038122,6.825965285052));
#2643 = CARTESIAN_POINT('',(4.244374579262,6.825865811898));
#2644 = CARTESIAN_POINT('',(4.305115534355,6.825737747529));
#2645 = CARTESIAN_POINT('',(4.365626720991,6.825580955852));
#2646 = CARTESIAN_POINT('',(4.425858952103,6.825395273808));
#2647 = CARTESIAN_POINT('',(4.48576032213,6.825180513628));
#2648 = CARTESIAN_POINT('',(4.545276176131,6.824936465097));
#2649 = CARTESIAN_POINT('',(4.604349064924,6.82466289718));
#2650 = CARTESIAN_POINT('',(4.662918693456,6.824359559118));
#2651 = CARTESIAN_POINT('',(4.720921855561,6.824026180938));
#2652 = CARTESIAN_POINT('',(4.778292357348,6.823662473258));
#2653 = CARTESIAN_POINT('',(4.834960909111,6.823268126576));
#2654 = CARTESIAN_POINT('',(4.890855045949,6.822842809197));
#2655 = CARTESIAN_POINT('',(4.945898838506,6.822386166617));
#2656 = CARTESIAN_POINT('',(5.000013270032,6.821897811713));
#2657 = CARTESIAN_POINT('',(5.053113995536,6.821377345186));
#2658 = CARTESIAN_POINT('',(5.105118725836,6.820824258809));
#2659 = CARTESIAN_POINT('',(5.15589824048,6.820238493614));
#2660 = CARTESIAN_POINT('',(5.205344978947,6.819619753098));
#2661 = CARTESIAN_POINT('',(5.25333970137,6.818967823201));
#2662 = CARTESIAN_POINT('',(5.299755077825,6.81828256318));
#2663 = CARTESIAN_POINT('',(5.344455267327,6.817563925807));
#2664 = CARTESIAN_POINT('',(5.387296988304,6.816811963687));
#2665 = CARTESIAN_POINT('',(5.428128633414,6.816026862489));
#2666 = CARTESIAN_POINT('',(5.466787660458,6.815209048545));
#2667 = CARTESIAN_POINT('',(5.503106231452,6.81435913005));
#2668 = CARTESIAN_POINT('',(5.536910361737,6.813477977342));
#2669 = CARTESIAN_POINT('',(5.56802233993,6.812566762057));
#2670 = CARTESIAN_POINT('',(5.596265890846,6.811626899801));
#2671 = CARTESIAN_POINT('',(5.621467319416,6.810660081799));
#2672 = CARTESIAN_POINT('',(5.643448887085,6.809668778088));
#2673 = CARTESIAN_POINT('',(5.662050981363,6.808655658786));
#2674 = CARTESIAN_POINT('',(5.677130536685,6.807623738891));
#2675 = CARTESIAN_POINT('',(5.6885655702,6.806576347459));
#2676 = CARTESIAN_POINT('',(5.696258716154,6.805517161688));
#2677 = CARTESIAN_POINT('',(5.70014124245,6.804450154863));
#2678 = CARTESIAN_POINT('',(5.700178731416,6.803379821477));
#2679 = CARTESIAN_POINT('',(5.696371475735,6.802309919991));
#2680 = CARTESIAN_POINT('',(5.688753182932,6.801244875799));
#2681 = CARTESIAN_POINT('',(5.677391693737,6.80018875817));
#2682 = CARTESIAN_POINT('',(5.662383438559,6.799145363916));
#2683 = CARTESIAN_POINT('',(5.643849642794,6.798118194747));
#2684 = CARTESIAN_POINT('',(5.621933048262,6.797110477478));
#2685 = CARTESIAN_POINT('',(5.596793295847,6.796125120348));
#2686 = CARTESIAN_POINT('',(5.56860962172,6.795164883521));
#2687 = CARTESIAN_POINT('',(5.537554742908,6.794231652735));
#2688 = CARTESIAN_POINT('',(5.503804419814,6.793327072701));
#2689 = CARTESIAN_POINT('',(5.467536512035,6.792452562201));
#2690 = CARTESIAN_POINT('',(5.428925032693,6.791609228253));
#2691 = CARTESIAN_POINT('',(5.388137939139,6.79079790847));
#2692 = CARTESIAN_POINT('',(5.345337874422,6.790019248718));
#2693 = CARTESIAN_POINT('',(5.300676628624,6.789273641501));
#2694 = CARTESIAN_POINT('',(5.254297602443,6.788561332711));
#2695 = CARTESIAN_POINT('',(5.20633675235,6.78788245666));
#2696 = CARTESIAN_POINT('',(5.156921645468,6.787237042158));
#2697 = CARTESIAN_POINT('',(5.106171312626,6.786625029075));
#2698 = CARTESIAN_POINT('',(5.054194799009,6.786046272765));
#2699 = CARTESIAN_POINT('',(5.001096880266,6.785500617753));
#2700 = CARTESIAN_POINT('',(4.946973217581,6.784987845526));
#2701 = CARTESIAN_POINT('',(4.891913851373,6.784507729373));
#2702 = CARTESIAN_POINT('',(4.836002892865,6.784060028066));
#2703 = CARTESIAN_POINT('',(4.779318311878,6.783644483416));
#2704 = CARTESIAN_POINT('',(4.721934062008,6.783260848417));
#2705 = CARTESIAN_POINT('',(4.663919273534,6.782908877581));
#2706 = CARTESIAN_POINT('',(4.605339107365,6.782588335372));
#2707 = CARTESIAN_POINT('',(4.546255936564,6.782299002357));
#2708 = CARTESIAN_POINT('',(4.486729587734,6.782040675277));
#2709 = CARTESIAN_POINT('',(4.426813932856,6.781813154624));
#2710 = CARTESIAN_POINT('',(4.36656228503,6.781616270371));
#2711 = CARTESIAN_POINT('',(4.306026173269,6.781449873742));
#2712 = CARTESIAN_POINT('',(4.24525574472,6.78131383818));
#2713 = CARTESIAN_POINT('',(4.184299788216,6.781208058578));
#2714 = CARTESIAN_POINT('',(4.123205607982,6.781132451705));
#2715 = CARTESIAN_POINT('',(4.062019838288,6.781086957048));
#2716 = CARTESIAN_POINT('',(4.000785607084,6.781071538247));
#2717 = CARTESIAN_POINT('',(3.939553325646,6.781086185214));
#2718 = CARTESIAN_POINT('',(3.878371118883,6.781130901828));
#2719 = CARTESIAN_POINT('',(3.817280310208,6.781205722276));
#2720 = CARTESIAN_POINT('',(3.756326257972,6.78131070752));
#2721 = CARTESIAN_POINT('',(3.695555482262,6.781445942593));
#2722 = CARTESIAN_POINT('',(3.635016476748,6.781611534429));
#2723 = CARTESIAN_POINT('',(3.574759544972,6.781807610305));
#2724 = CARTESIAN_POINT('',(3.514836908881,6.782034316892));
#2725 = CARTESIAN_POINT('',(3.455302758969,6.782291819885));
#2726 = CARTESIAN_POINT('',(3.396213320757,6.782580304319));
#2727 = CARTESIAN_POINT('',(3.337626969371,6.782899975131));
#2728 = CARTESIAN_POINT('',(3.279604190428,6.783251059672));
#2729 = CARTESIAN_POINT('',(3.22220816262,6.783633805744));
#2730 = CARTESIAN_POINT('',(3.165503062234,6.78404849913));
#2731 = CARTESIAN_POINT('',(3.109570192599,6.784495339683));
#2732 = CARTESIAN_POINT('',(3.054486576632,6.784974589777));
#2733 = CARTESIAN_POINT('',(3.000336440154,6.785486489162));
#2734 = CARTESIAN_POINT('',(2.947209518838,6.786031266495));
#2735 = CARTESIAN_POINT('',(2.895201457965,6.786609139534));
#2736 = CARTESIAN_POINT('',(2.844416667278,6.787220266196));
#2737 = CARTESIAN_POINT('',(2.794964018708,6.787864792835));
#2738 = CARTESIAN_POINT('',(2.746962427248,6.788542780072));
#2739 = CARTESIAN_POINT('',(2.700539203022,6.789254201936));
#2740 = CARTESIAN_POINT('',(2.655830066478,6.789998927014));
#2741 = CARTESIAN_POINT('',(2.612977877455,6.790776719693));
#2742 = CARTESIAN_POINT('',(2.572134845615,6.791587179818));
#2743 = CARTESIAN_POINT('',(2.533462939288,6.792429676802));
#2744 = CARTESIAN_POINT('',(2.497130438701,6.793303365426));
#2745 = CARTESIAN_POINT('',(2.463309644871,6.794207194854));
#2746 = CARTESIAN_POINT('',(2.432183923767,6.795139577803));
#2747 = CARTESIAN_POINT('',(2.403908106359,6.79609954704));
#2748 = CARTESIAN_POINT('',(2.378648611427,6.797085813334));
#2749 = CARTESIAN_POINT('',(2.356613498427,6.798094847167));
#2750 = CARTESIAN_POINT('',(2.337970084536,6.799123475084));
#2751 = CARTESIAN_POINT('',(2.322865427844,6.800168218271));
#2752 = CARTESIAN_POINT('',(2.311419696546,6.801225480697));
#2753 = CARTESIAN_POINT('',(2.303726497088,6.802291508912));
#2754 = CARTESIAN_POINT('',(2.29985098403,6.803362412232));
#2755 = CARTESIAN_POINT('',(2.299828152328,6.804434167087));
#2756 = CARTESIAN_POINT('',(2.303660651119,6.805502622546));
#2757 = CARTESIAN_POINT('',(2.311316126714,6.806563516016));
#2758 = CARTESIAN_POINT('',(2.322724489562,6.807612446927));
#2759 = CARTESIAN_POINT('',(2.337773283141,6.808645008981));
#2760 = CARTESIAN_POINT('',(2.356346595695,6.809658692445));
#2761 = CARTESIAN_POINT('',(2.378297993477,6.81065034262));
#2762 = CARTESIAN_POINT('',(2.403469515669,6.811617467765));
#2763 = CARTESIAN_POINT('',(2.431692663919,6.812557891056));
#2764 = CARTESIAN_POINT('',(2.462792851238,6.813469802236));
#2765 = CARTESIAN_POINT('',(2.496592252337,6.814351705642));
#2766 = CARTESIAN_POINT('',(2.532912640131,6.815202400934));
#2767 = CARTESIAN_POINT('',(2.5715774244,6.816020951716));
#2768 = CARTESIAN_POINT('',(2.612414940871,6.816806682114));
#2769 = CARTESIAN_POINT('',(2.655256078702,6.817559082983));
#2770 = CARTESIAN_POINT('',(2.699953657414,6.818278080346));
#2771 = CARTESIAN_POINT('',(2.746368205962,6.818963690733));
#2772 = CARTESIAN_POINT('',(2.794363541963,6.819615956581));
#2773 = CARTESIAN_POINT('',(2.843812737452,6.820235024751));
#2774 = CARTESIAN_POINT('',(2.894595699766,6.820821097897));
#2775 = CARTESIAN_POINT('',(2.946605160801,6.821374482608));
#2776 = CARTESIAN_POINT('',(2.999727417637,6.821895378187));
#2777 = CARTESIAN_POINT('',(3.053856144305,6.822384049968));
#2778 = CARTESIAN_POINT('',(3.108914116888,6.822840978664));
#2779 = CARTESIAN_POINT('',(3.16482113135,6.823266543359));
#2780 = CARTESIAN_POINT('',(3.221502220053,6.823661111251));
#2781 = CARTESIAN_POINT('',(3.278885220711,6.824025018366));
#2782 = CARTESIAN_POINT('',(3.336901233304,6.82435857839));
#2783 = CARTESIAN_POINT('',(3.395484334476,6.824662082936));
#2784 = CARTESIAN_POINT('',(3.454571518512,6.824935803128));
#2785 = CARTESIAN_POINT('',(3.514102601609,6.825179989922));
#2786 = CARTESIAN_POINT('',(3.574020156167,6.825394873917));
#2787 = CARTESIAN_POINT('',(3.634269454178,6.825580664498));
#2788 = CARTESIAN_POINT('',(3.694798419306,6.825737548462));
#2789 = CARTESIAN_POINT('',(3.755557592917,6.825865687985));
#2790 = CARTESIAN_POINT('',(3.81650007606,6.825965218569));
#2791 = CARTESIAN_POINT('',(3.87758157682,6.826036244847));
#2792 = CARTESIAN_POINT('',(3.938760066038,6.82607884237));
#2793 = CARTESIAN_POINT('',(3.979584610453,6.826088304283));
#2794 = CARTESIAN_POINT('',(4.,6.826088307597));
#2795 = ( GEOMETRIC_REPRESENTATION_CONTEXT(2) 
PARAMETRIC_REPRESENTATION_CONTEXT() REPRESENTATION_CONTEXT('2D SPACE',''
  ) );
#2796 = PCURVE('',#2797,#2802);
#2797 = CYLINDRICAL_SURFACE('',#2798,1.7);
#2798 = AXIS2_PLACEMENT_3D('',#2799,#2800,#2801);
#2799 = CARTESIAN_POINT('',(-24.41146657837,118.63943372621,4.));
#2800 = DIRECTION('',(0.862643091921,-0.505813103785,0.));
#2801 = DIRECTION('',(-0.505813103785,-0.862643091921,0.));
#2802 = DEFINITIONAL_REPRESENTATION('',(#2803),#2961);
#2803 = B_SPLINE_CURVE_WITH_KNOTS('',3,(#2804,#2805,#2806,#2807,#2808,
    #2809,#2810,#2811,#2812,#2813,#2814,#2815,#2816,#2817,#2818,#2819,
    #2820,#2821,#2822,#2823,#2824,#2825,#2826,#2827,#2828,#2829,#2830,
    #2831,#2832,#2833,#2834,#2835,#2836,#2837,#2838,#2839,#2840,#2841,
    #2842,#2843,#2844,#2845,#2846,#2847,#2848,#2849,#2850,#2851,#2852,
    #2853,#2854,#2855,#2856,#2857,#2858,#2859,#2860,#2861,#2862,#2863,
    #2864,#2865,#2866,#2867,#2868,#2869,#2870,#2871,#2872,#2873,#2874,
    #2875,#2876,#2877,#2878,#2879,#2880,#2881,#2882,#2883,#2884,#2885,
    #2886,#2887,#2888,#2889,#2890,#2891,#2892,#2893,#2894,#2895,#2896,
    #2897,#2898,#2899,#2900,#2901,#2902,#2903,#2904,#2905,#2906,#2907,
    #2908,#2909,#2910,#2911,#2912,#2913,#2914,#2915,#2916,#2917,#2918,
    #2919,#2920,#2921,#2922,#2923,#2924,#2925,#2926,#2927,#2928,#2929,
    #2930,#2931,#2932,#2933,#2934,#2935,#2936,#2937,#2938,#2939,#2940,
    #2941,#2942,#2943,#2944,#2945,#2946,#2947,#2948,#2949,#2950,#2951,
    #2952,#2953,#2954,#2955,#2956,#2957,#2958,#2959,#2960),
  .UNSPECIFIED.,.F.,.F.,(4,1,1,1,1,1,1,1,1,1,1,1,1,1,1,1,1,1,1,1,1,1,1,1
    ,1,1,1,1,1,1,1,1,1,1,1,1,1,1,1,1,1,1,1,1,1,1,1,1,1,1,1,1,1,1,1,1,1,1
    ,1,1,1,1,1,1,1,1,1,1,1,1,1,1,1,1,1,1,1,1,1,1,1,1,1,1,1,1,1,1,1,1,1,1
    ,1,1,1,1,1,1,1,1,1,1,1,1,1,1,1,1,1,1,1,1,1,1,1,1,1,1,1,1,1,1,1,1,1,1
    ,1,1,1,1,1,1,1,1,1,1,1,1,1,1,1,1,1,1,1,1,1,1,1,1,1,1,1,1,4),(0.,
    8.386151262922E-03,1.677230252584E-02,2.515845378877E-02,
    3.354460505169E-02,4.193075631461E-02,5.031690757753E-02,
    5.870305884045E-02,6.708921010338E-02,7.54753613663E-02,
    8.386151262922E-02,9.224766389214E-02,0.100633815155,0.109019966418,
    0.117406117681,0.125792268944,0.134178420207,0.14256457147,
    0.150950722733,0.159336873996,0.167723025258,0.176109176521,
    0.184495327784,0.192881479047,0.20126763031,0.209653781573,
    0.218039932836,0.226426084099,0.234812235362,0.243198386625,
    0.251584537888,0.259970689151,0.268356840414,0.276742991676,
    0.285129142939,0.293515294202,0.301901445465,0.310287596728,
    0.318673747991,0.327059899254,0.335446050517,0.34383220178,
    0.352218353043,0.360604504306,0.368990655569,0.377376806831,
    0.385762958094,0.394149109357,0.40253526062,0.410921411883,
    0.419307563146,0.427693714409,0.436079865672,0.444466016935,
    0.452852168198,0.461238319461,0.469624470724,0.478010621987,
    0.486396773249,0.494782924512,0.503169075775,0.511555227038,
    0.519941378301,0.528327529564,0.536713680827,0.54509983209,
    0.553485983353,0.561872134616,0.570258285879,0.578644437142,
    0.587030588405,0.595416739667,0.60380289093,0.612189042193,
    0.620575193456,0.628961344719,0.637347495982,0.645733647245,
    0.654119798508,0.662505949771,0.670892101034,0.679278252297,
    0.68766440356,0.696050554823,0.704436706085,0.712822857348,
    0.721209008611,0.729595159874,0.737981311137,0.7463674624,
    0.754753613663,0.763139764926,0.771525916189,0.779912067452,
    0.788298218715,0.796684369978,0.805070521241,0.813456672503,
    0.821842823766,0.830228975029,0.838615126292,0.847001277555,
    0.855387428818,0.863773580081,0.872159731344,0.880545882607,
    0.88893203387,0.897318185133,0.905704336396,0.914090487658,
    0.922476638921,0.930862790184,0.939248941447,0.94763509271,
    0.956021243973,0.964407395236,0.972793546499,0.981179697762,
    0.989565849025,0.997952000288,1.006338151551,1.014724302814,
    1.023110454076,1.031496605339,1.039882756602,1.048268907865,
    1.056655059128,1.065041210391,1.073427361654,1.081813512917,
    1.09019966418,1.098585815443,1.106971966706,1.115358117969,
    1.123744269232,1.132130420494,1.140516571757,1.14890272302,
    1.157288874283,1.165675025546,1.174061176809,1.182447328072,
    1.190833479335,1.199219630598,1.207605781861,1.215991933124,
    1.224378084387,1.23276423565,1.241150386912,1.249536538175,
    1.257922689438,1.266308840701,1.274694991964,1.283081143227,
    1.29146729449),.QUASI_UNIFORM_KNOTS.);
#2804 = CARTESIAN_POINT('',(6.28318530718,4.618831575055));
#2805 = CARTESIAN_POINT('',(6.271178981226,4.618831584548));
#2806 = CARTESIAN_POINT('',(6.247170521712,4.618815487464));
#2807 = CARTESIAN_POINT('',(6.211146386363,4.618743227662));
#2808 = CARTESIAN_POINT('',(6.175086327512,4.618623040641));
#2809 = CARTESIAN_POINT('',(6.138967457307,4.618455278108));
#2810 = CARTESIAN_POINT('',(6.102767678312,4.618240412554));
#2811 = CARTESIAN_POINT('',(6.06646565613,4.617979061511));
#2812 = CARTESIAN_POINT('',(6.030040594547,4.617671993228));
#2813 = CARTESIAN_POINT('',(5.993472071215,4.61732013703));
#2814 = CARTESIAN_POINT('',(5.956739862066,4.616924592137));
#2815 = CARTESIAN_POINT('',(5.91982377014,4.616486636634));
#2816 = CARTESIAN_POINT('',(5.882703449818,4.616007736131));
#2817 = CARTESIAN_POINT('',(5.845358224298,4.615489552282));
#2818 = CARTESIAN_POINT('',(5.807766887157,4.614933951049));
#2819 = CARTESIAN_POINT('',(5.769907495891,4.614343011003));
#2820 = CARTESIAN_POINT('',(5.731757100507,4.613719030704));
#2821 = CARTESIAN_POINT('',(5.693291589184,4.613064538742));
#2822 = CARTESIAN_POINT('',(5.654484939602,4.612382293128));
#2823 = CARTESIAN_POINT('',(5.615310497529,4.611675319728));
#2824 = CARTESIAN_POINT('',(5.575734465098,4.61094680438));
#2825 = CARTESIAN_POINT('',(5.535753830764,4.610200825024));
#2826 = CARTESIAN_POINT('',(5.495345118468,4.609441417666));
#2827 = CARTESIAN_POINT('',(5.454488464611,4.608673032686));
#2828 = CARTESIAN_POINT('',(5.413165419108,4.607900490069));
#2829 = CARTESIAN_POINT('',(5.371359469912,4.607128986581));
#2830 = CARTESIAN_POINT('',(5.329055526095,4.606364080599));
#2831 = CARTESIAN_POINT('',(5.286241101168,4.605611714346));
#2832 = CARTESIAN_POINT('',(5.242910876717,4.604878224506));
#2833 = CARTESIAN_POINT('',(5.199062458646,4.604170248596));
#2834 = CARTESIAN_POINT('',(5.154699607407,4.603494695334));
#2835 = CARTESIAN_POINT('',(5.109833087847,4.602858653867));
#2836 = CARTESIAN_POINT('',(5.064477131175,4.602269253169));
#2837 = CARTESIAN_POINT('',(5.018650650446,4.601733551846));
#2838 = CARTESIAN_POINT('',(4.972400091278,4.601258623863));
#2839 = CARTESIAN_POINT('',(4.925771378514,4.600851005361));
#2840 = CARTESIAN_POINT('',(4.878817463389,4.600516620377));
#2841 = CARTESIAN_POINT('',(4.831597469277,4.600260591948));
#2842 = CARTESIAN_POINT('',(4.784179174979,4.6000870787));
#2843 = CARTESIAN_POINT('',(4.736637917299,4.599999111466));
#2844 = CARTESIAN_POINT('',(4.689068154244,4.599998391631));
#2845 = CARTESIAN_POINT('',(4.641529601028,4.60008525139));
#2846 = CARTESIAN_POINT('',(4.594111622084,4.600258673165));
#2847 = CARTESIAN_POINT('',(4.546889759086,4.600516273964));
#2848 = CARTESIAN_POINT('',(4.499931276566,4.600854481881));
#2849 = CARTESIAN_POINT('',(4.453295611231,4.601268676749));
#2850 = CARTESIAN_POINT('',(4.407036509052,4.601753334774));
#2851 = CARTESIAN_POINT('',(4.361200890854,4.602302211654));
#2852 = CARTESIAN_POINT('',(4.315837793403,4.602908386353));
#2853 = CARTESIAN_POINT('',(4.270964224456,4.603564913247));
#2854 = CARTESIAN_POINT('',(4.226593882829,4.604264671894));
#2855 = CARTESIAN_POINT('',(4.18273784794,4.605000479382));
#2856 = CARTESIAN_POINT('',(4.139399948293,4.605765260632));
#2857 = CARTESIAN_POINT('',(4.096577911756,4.606552144843));
#2858 = CARTESIAN_POINT('',(4.054266486045,4.607354506806));
#2859 = CARTESIAN_POINT('',(4.012453295734,4.608166072363));
#2860 = CARTESIAN_POINT('',(3.971123276454,4.608980919537));
#2861 = CARTESIAN_POINT('',(3.930259941116,4.60979346218));
#2862 = CARTESIAN_POINT('',(3.889844934413,4.610598472254));
#2863 = CARTESIAN_POINT('',(3.849858194872,4.611391086281));
#2864 = CARTESIAN_POINT('',(3.810277140169,4.612166836508));
#2865 = CARTESIAN_POINT('',(3.771080961788,4.612921544393));
#2866 = CARTESIAN_POINT('',(3.732246662652,4.61365140298));
#2867 = CARTESIAN_POINT('',(3.69375180107,4.614352897459));
#2868 = CARTESIAN_POINT('',(3.655573830296,4.615022812828));
#2869 = CARTESIAN_POINT('',(3.617689647531,4.615658239799));
#2870 = CARTESIAN_POINT('',(3.580076990438,4.61625651947));
#2871 = CARTESIAN_POINT('',(3.542713512192,4.616815254366));
#2872 = CARTESIAN_POINT('',(3.505577117587,4.61733228315));
#2873 = CARTESIAN_POINT('',(3.468646437388,4.617805673791));
#2874 = CARTESIAN_POINT('',(3.431900711869,4.618233706082));
#2875 = CARTESIAN_POINT('',(3.39531747551,4.618614891034));
#2876 = CARTESIAN_POINT('',(3.358875676229,4.618947920458));
#2877 = CARTESIAN_POINT('',(3.322554649924,4.619231674867));
#2878 = CARTESIAN_POINT('',(3.286334141153,4.619465216634));
#2879 = CARTESIAN_POINT('',(3.250194098201,4.619647786874));
#2880 = CARTESIAN_POINT('',(3.214114395629,4.619778801088));
#2881 = CARTESIAN_POINT('',(3.178075114225,4.619857844923));
#2882 = CARTESIAN_POINT('',(3.142054675631,4.619884669575));
#2883 = CARTESIAN_POINT('',(3.106035982692,4.619859187429));
#2884 = CARTESIAN_POINT('',(3.070000605042,4.619781491658));
#2885 = CARTESIAN_POINT('',(3.033925928676,4.619651829053));
#2886 = CARTESIAN_POINT('',(2.997791310948,4.619470607768));
#2887 = CARTESIAN_POINT('',(2.961576188212,4.619238403765));
#2888 = CARTESIAN_POINT('',(2.925260355389,4.61895596729));
#2889 = CARTESIAN_POINT('',(2.888823672912,4.618624228998));
#2890 = CARTESIAN_POINT('',(2.852245929025,4.618244305844));
#2891 = CARTESIAN_POINT('',(2.815506658034,4.617817506733));
#2892 = CARTESIAN_POINT('',(2.778584951527,4.617345337779));
#2893 = CARTESIAN_POINT('',(2.741459281474,4.616829507823));
#2894 = CARTESIAN_POINT('',(2.704107190671,4.616271931725));
#2895 = CARTESIAN_POINT('',(2.666505379445,4.615674740737));
#2896 = CARTESIAN_POINT('',(2.628628189213,4.61504026524));
#2897 = CARTESIAN_POINT('',(2.590458202566,4.614371231831));
#2898 = CARTESIAN_POINT('',(2.551971813877,4.613670535472));
#2899 = CARTESIAN_POINT('',(2.513146650226,4.612941386536));
#2900 = CARTESIAN_POINT('',(2.473960160836,4.612187289312));
#2901 = CARTESIAN_POINT('',(2.434389454426,4.611412044365));
#2902 = CARTESIAN_POINT('',(2.394413590495,4.610619818649));
#2903 = CARTESIAN_POINT('',(2.354009970748,4.609815071682));
#2904 = CARTESIAN_POINT('',(2.313158586275,4.609002659022));
#2905 = CARTESIAN_POINT('',(2.271841012243,4.608187798025));
#2906 = CARTESIAN_POINT('',(2.230040708014,4.607376064739));
#2907 = CARTESIAN_POINT('',(2.187742197605,4.606573367213));
#2908 = CARTESIAN_POINT('',(2.144933667084,4.605785982026));
#2909 = CARTESIAN_POINT('',(2.101609235606,4.605020517569));
#2910 = CARTESIAN_POINT('',(2.05776717649,4.604283849644));
#2911 = CARTESIAN_POINT('',(2.013408816495,4.60358301413));
#2912 = CARTESIAN_POINT('',(1.96855347482,4.602925312312));
#2913 = CARTESIAN_POINT('',(1.923182818034,4.602317418104));
#2914 = CARTESIAN_POINT('',(1.877287939327,4.6017661235));
#2915 = CARTESIAN_POINT('',(1.830955015411,4.601278980459));
#2916 = CARTESIAN_POINT('',(1.784242972722,4.60086242109));
#2917 = CARTESIAN_POINT('',(1.73721651847,4.600522088519));
#2918 = CARTESIAN_POINT('',(1.689938676738,4.600262601827));
#2919 = CARTESIAN_POINT('',(1.64247425553,4.600087485683));
#2920 = CARTESIAN_POINT('',(1.594890500702,4.599999070681));
#2921 = CARTESIAN_POINT('',(1.547258610839,4.5999984179));
#2922 = CARTESIAN_POINT('',(1.499655319729,4.600085255743));
#2923 = CARTESIAN_POINT('',(1.452164236387,4.600257931538));
#2924 = CARTESIAN_POINT('',(1.404879193453,4.600513388));
#2925 = CARTESIAN_POINT('',(1.357901148243,4.600847129924));
#2926 = CARTESIAN_POINT('',(1.31125244252,4.60125417233));
#2927 = CARTESIAN_POINT('',(1.264992468752,4.601728518919));
#2928 = CARTESIAN_POINT('',(1.219159132911,4.602263676891));
#2929 = CARTESIAN_POINT('',(1.173784582963,4.602852765463));
#2930 = CARTESIAN_POINT('',(1.128892733181,4.603488694262));
#2931 = CARTESIAN_POINT('',(1.084501278333,4.604164298116));
#2932 = CARTESIAN_POINT('',(1.040622075699,4.604872461753));
#2933 = CARTESIAN_POINT('',(0.997262039335,4.605606218139));
#2934 = CARTESIAN_POINT('',(0.95442236885,4.606358856412));
#2935 = CARTESIAN_POINT('',(0.912102875994,4.607123916197));
#2936 = CARTESIAN_POINT('',(0.870285379623,4.607895553308));
#2937 = CARTESIAN_POINT('',(0.828950873785,4.608668265167));
#2938 = CARTESIAN_POINT('',(0.788083072433,4.609436846002));
#2939 = CARTESIAN_POINT('',(0.747663095146,4.610196481865));
#2940 = CARTESIAN_POINT('',(0.70767172838,4.610942707679));
#2941 = CARTESIAN_POINT('',(0.668085013263,4.611671486129));
#2942 = CARTESIAN_POINT('',(0.628888756086,4.612378937116));
#2943 = CARTESIAN_POINT('',(0.590067008938,4.613061540552));
#2944 = CARTESIAN_POINT('',(0.551587479031,4.613716373103));
#2945 = CARTESIAN_POINT('',(0.51342487005,4.614340660858));
#2946 = CARTESIAN_POINT('',(0.475554227732,4.614931888265));
#2947 = CARTESIAN_POINT('',(0.437952301281,4.61548775944));
#2948 = CARTESIAN_POINT('',(0.400596810123,4.616006198882));
#2949 = CARTESIAN_POINT('',(0.363466316314,4.616485341479));
#2950 = CARTESIAN_POINT('',(0.326539970435,4.616923525207));
#2951 = CARTESIAN_POINT('',(0.289797318992,4.61731928293));
#2952 = CARTESIAN_POINT('',(0.253218115441,4.617671334238));
#2953 = CARTESIAN_POINT('',(0.216782143154,4.617978577087));
#2954 = CARTESIAN_POINT('',(0.180469043205,4.618240079185));
#2955 = CARTESIAN_POINT('',(0.144258139258,4.618455069541));
#2956 = CARTESIAN_POINT('',(0.108128273743,4.618622928484));
#2957 = CARTESIAN_POINT('',(7.205758685102E-02,4.618743182479));
#2958 = CARTESIAN_POINT('',(3.602348296753E-02,4.618815480013));
#2959 = CARTESIAN_POINT('',(1.200907031362E-02,4.61883158474));
#2960 = CARTESIAN_POINT('',(0.,4.618831575055));
#2961 = ( GEOMETRIC_REPRESENTATION_CONTEXT(2) 
PARAMETRIC_REPRESENTATION_CONTEXT() REPRESENTATION_CONTEXT('2D SPACE',''
  ) );
#2962 = FACE_BOUND('',#2963,.T.);
#2963 = EDGE_LOOP('',(#2964));
#2964 = ORIENTED_EDGE('',*,*,#2965,.T.);
#2965 = EDGE_CURVE('',#2966,#2966,#2968,.T.);
#2966 = VERTEX_POINT('',#2967);
#2967 = CARTESIAN_POINT('',(-38.56225957581,58.142667628609,4.));
#2968 = SURFACE_CURVE('',#2969,(#3086,#3247),.PCURVE_S1.);
#2969 = B_SPLINE_CURVE_WITH_KNOTS('',7,(#2970,#2971,#2972,#2973,#2974,
    #2975,#2976,#2977,#2978,#2979,#2980,#2981,#2982,#2983,#2984,#2985,
    #2986,#2987,#2988,#2989,#2990,#2991,#2992,#2993,#2994,#2995,#2996,
    #2997,#2998,#2999,#3000,#3001,#3002,#3003,#3004,#3005,#3006,#3007,
    #3008,#3009,#3010,#3011,#3012,#3013,#3014,#3015,#3016,#3017,#3018,
    #3019,#3020,#3021,#3022,#3023,#3024,#3025,#3026,#3027,#3028,#3029,
    #3030,#3031,#3032,#3033,#3034,#3035,#3036,#3037,#3038,#3039,#3040,
    #3041,#3042,#3043,#3044,#3045,#3046,#3047,#3048,#3049,#3050,#3051,
    #3052,#3053,#3054,#3055,#3056,#3057,#3058,#3059,#3060,#3061,#3062,
    #3063,#3064,#3065,#3066,#3067,#3068,#3069,#3070,#3071,#3072,#3073,
    #3074,#3075,#3076,#3077,#3078,#3079,#3080,#3081,#3082,#3083,#3084,
    #3085),.UNSPECIFIED.,.T.,.F.,(8,6,6,6,6,6,6,6,6,6,6,6,6,6,6,6,6,6,6,
    8),(0.,0.159398412643,0.216339022736,0.260571161988,0.333642963584,
    0.404393265547,0.44923682846,0.506453764607,0.549683369845,
    0.582002050198,0.66676405868,0.783055615714,0.826188374986,
    0.883115637086,0.927325450425,1.,1.073189746867,1.117429615022,
    1.174369941265,1.333774569842),.UNSPECIFIED.);
#2970 = CARTESIAN_POINT('',(-38.56225957581,58.142667628609,4.));
#2971 = CARTESIAN_POINT('',(-38.56225957581,58.142667628609,
    4.16099772211));
#2972 = CARTESIAN_POINT('',(-38.55943218556,58.160229288665,
    4.321810039193));
#2973 = CARTESIAN_POINT('',(-38.55378805625,58.195286146396,
    4.481396126989));
#2974 = CARTESIAN_POINT('',(-38.54525945671,58.248218842365,
    4.638382367809));
#2975 = CARTESIAN_POINT('',(-38.53374498053,58.319573164458,
    4.791004171445));
#2976 = CARTESIAN_POINT('',(-38.51913641801,58.409888633531,
    4.937160095724));
#2977 = CARTESIAN_POINT('',(-38.49485496656,58.559508275492,
    5.123094719156));
#2978 = CARTESIAN_POINT('',(-38.48804896657,58.601407913539,
    5.170835362916));
#2979 = CARTESIAN_POINT('',(-38.48082193774,58.645854928911,
    5.217244274087));
#2980 = CARTESIAN_POINT('',(-38.47316914024,58.692868631616,
    5.262165216771));
#2981 = CARTESIAN_POINT('',(-38.46508779877,58.742455280634,
    5.305422263713));
#2982 = CARTESIAN_POINT('',(-38.45657787988,58.794603475922,
    5.346822111485));
#2983 = CARTESIAN_POINT('',(-38.4407020474,58.891752571662,
    5.416711732775));
#2984 = CARTESIAN_POINT('',(-38.43350510496,58.935748589306,
    5.44601883832));
#2985 = CARTESIAN_POINT('',(-38.42605413149,58.981249100093,
    5.473979038772));
#2986 = CARTESIAN_POINT('',(-38.41835317848,59.028223325022,
    5.500485450226));
#2987 = CARTESIAN_POINT('',(-38.41040876766,59.076625349083,
    5.525426117823));
#2988 = CARTESIAN_POINT('',(-38.40223039937,59.12639126098,
    5.548687155142));
#2989 = CARTESIAN_POINT('',(-38.37995529528,59.261763040436,
    5.605622372313));
#2990 = CARTESIAN_POINT('',(-38.36546992152,59.349620504047,
    5.636214605404));
#2991 = CARTESIAN_POINT('',(-38.3504440279,59.440562382616,5.66138770091
    ));
#2992 = CARTESIAN_POINT('',(-38.33496808815,59.534016022128,
    5.680657768028));
#2993 = CARTESIAN_POINT('',(-38.31915634699,59.6292721328,5.693632941948
    ));
#2994 = CARTESIAN_POINT('',(-38.30314909543,59.725475334503,
    5.70007613073));
#2995 = CARTESIAN_POINT('',(-38.27158998679,59.914701341166,
    5.699925253126));
#2996 = CARTESIAN_POINT('',(-38.25602582411,60.007811990583,
    5.693738913597));
#2997 = CARTESIAN_POINT('',(-38.24057266711,60.100045579145,
    5.681433626122));
#2998 = CARTESIAN_POINT('',(-38.22536197067,60.190625757025,
    5.663216521158));
#2999 = CARTESIAN_POINT('',(-38.21050638993,60.27889808571,
    5.639433938459));
#3000 = CARTESIAN_POINT('',(-38.19610005105,60.364325009031,
    5.610520755828));
#3001 = CARTESIAN_POINT('',(-38.17342083917,60.498551255318,
    5.555710776477));
#3002 = CARTESIAN_POINT('',(-38.16483066098,60.549326309127,
    5.532578703068));
#3003 = CARTESIAN_POINT('',(-38.15646507165,60.598712337831,
    5.507694637063));
#3004 = CARTESIAN_POINT('',(-38.14833690277,60.646639673345,
    5.481177551621));
#3005 = CARTESIAN_POINT('',(-38.14045572146,60.693058130411,
    5.453144839552));
#3006 = CARTESIAN_POINT('',(-38.13282831243,60.737933900267,
    5.423708819796));
#3007 = CARTESIAN_POINT('',(-38.11605668865,60.836509918227,
    5.353757013733));
#3008 = CARTESIAN_POINT('',(-38.10707534544,60.889224425793,
    5.312428115571));
#3009 = CARTESIAN_POINT('',(-38.09852341248,60.939353521082,
    5.26919980929));
#3010 = CARTESIAN_POINT('',(-38.0904050716,60.986884198389,
    5.224270148085));
#3011 = CARTESIAN_POINT('',(-38.08272120139,61.031822038029,
    5.177819482929));
#3012 = CARTESIAN_POINT('',(-38.07547017401,61.074186352112,
    5.130007967045));
#3013 = CARTESIAN_POINT('',(-38.06349472886,61.144090106345,
    5.04392529442));
#3014 = CARTESIAN_POINT('',(-38.05858626175,61.172720296862,
    5.006181003266));
#3015 = CARTESIAN_POINT('',(-38.05392183977,61.19990791031,
    4.967800605499));
#3016 = CARTESIAN_POINT('',(-38.04949991576,61.225665440206,
    4.928840139374));
#3017 = CARTESIAN_POINT('',(-38.04531880651,61.250005865156,
    4.88935126281));
#3018 = CARTESIAN_POINT('',(-38.0413766927,61.272942648844,
    4.849381253388));
#3019 = CARTESIAN_POINT('',(-38.03490168624,61.310598458799,
    4.778763591737));
#3020 = CARTESIAN_POINT('',(-38.03226428798,61.325930175985,
    4.748309581483));
#3021 = CARTESIAN_POINT('',(-38.02975864699,61.34049048864,
    4.717629068682));
#3022 = CARTESIAN_POINT('',(-38.02738401564,61.354284737229,
    4.686739263674));
#3023 = CARTESIAN_POINT('',(-38.02513967575,61.367318005645,
    4.65565649605));
#3024 = CARTESIAN_POINT('',(-38.02302493865,61.379595121206,
    4.624396214651));
#3025 = CARTESIAN_POINT('',(-38.01583101645,61.421348601884,
    4.510559478993));
#3026 = CARTESIAN_POINT('',(-38.01151029861,61.446404062505,
    4.427032436398));
#3027 = CARTESIAN_POINT('',(-38.00806435071,61.466373915179,
    4.342645725179));
#3028 = CARTESIAN_POINT('',(-38.00548430939,61.481319300054,
    4.257634207928));
#3029 = CARTESIAN_POINT('',(-38.00376388248,61.491283056016,
    4.172216893412));
#3030 = CARTESIAN_POINT('',(-38.00289938978,61.496289707431,
    4.086599005067));
#3031 = CARTESIAN_POINT('',(-38.00287961061,61.496404257181,
    3.883495985705));
#3032 = CARTESIAN_POINT('',(-38.00447974905,61.487137159282,
    3.766050111656));
#3033 = CARTESIAN_POINT('',(-38.00768963183,61.468547403075,
    3.649102385438));
#3034 = CARTESIAN_POINT('',(-38.0125238028,61.440539500438,
    3.533186622718));
#3035 = CARTESIAN_POINT('',(-38.01900398789,61.402965079067,
    3.418903972318));
#3036 = CARTESIAN_POINT('',(-38.02715855107,61.355624596537,
    3.306934123909));
#3037 = CARTESIAN_POINT('',(-38.04069216516,61.2769250552,3.157674497472
    ));
#3038 = CARTESIAN_POINT('',(-38.04458948775,61.254250761997,
    3.11772272362));
#3039 = CARTESIAN_POINT('',(-38.04872450629,61.230180798884,
    3.078244122725));
#3040 = CARTESIAN_POINT('',(-38.05309903193,61.204701799135,
    3.039285264041));
#3041 = CARTESIAN_POINT('',(-38.05771475101,61.17780081892,
    3.000897009149));
#3042 = CARTESIAN_POINT('',(-38.06257322504,61.149465337305,
    2.963134511958));
#3043 = CARTESIAN_POINT('',(-38.0744104653,61.080376419345,
    2.877122051399));
#3044 = CARTESIAN_POINT('',(-38.08156992967,61.038552458902,
    2.829383589642));
#3045 = CARTESIAN_POINT('',(-38.08915765486,60.994183196087,
    2.782975963323));
#3046 = CARTESIAN_POINT('',(-38.09717539629,60.947248807709,
    2.738055287794));
#3047 = CARTESIAN_POINT('',(-38.10562253697,60.89774243002,
    2.694797354142));
#3048 = CARTESIAN_POINT('',(-38.11449533057,60.845674762519,
    2.653395319451));
#3049 = CARTESIAN_POINT('',(-38.13100140744,60.748679250222,
    2.583507496358));
#3050 = CARTESIAN_POINT('',(-38.13846837219,60.704757323755,
    2.554204276757));
#3051 = CARTESIAN_POINT('',(-38.14618301303,60.659331000499,
    2.526246259468));
#3052 = CARTESIAN_POINT('',(-38.15413918319,60.612430606615,
    2.499740165222));
#3053 = CARTESIAN_POINT('',(-38.16232816938,60.564101549825,
    2.474797785254));
#3054 = CARTESIAN_POINT('',(-38.17073824632,60.514407182986,
    2.451532852278));
#3055 = CARTESIAN_POINT('',(-38.19351766611,60.379635280883,
    2.394756209577));
#3056 = CARTESIAN_POINT('',(-38.20824395031,60.292338853333,
    2.364275087666));
#3057 = CARTESIAN_POINT('',(-38.22345524652,60.201977639686,
    2.339149718538));
#3058 = CARTESIAN_POINT('',(-38.23905324393,60.109111647683,
    2.319857007186));
#3059 = CARTESIAN_POINT('',(-38.25491808281,60.014436053108,
    2.306784436798));
#3060 = CARTESIAN_POINT('',(-38.27090746825,59.918790548922,
    2.300168468031));
#3061 = CARTESIAN_POINT('',(-38.30291753812,59.726866827525,
    2.299835338462));
#3062 = CARTESIAN_POINT('',(-38.31895281167,59.630497968476,
    2.306209713543));
#3063 = CARTESIAN_POINT('',(-38.33479474568,59.535062362889,
    2.319138839147));
#3064 = CARTESIAN_POINT('',(-38.35030247988,59.44141862698,
    2.338389584391));
#3065 = CARTESIAN_POINT('',(-38.36536014723,59.350285789597,
    2.363571075459));
#3066 = CARTESIAN_POINT('',(-38.37987529482,59.262248640443,
    2.394194738466));
#3067 = CARTESIAN_POINT('',(-38.40217981966,59.126698998782,
    2.451170578863));
#3068 = CARTESIAN_POINT('',(-38.41036168662,59.076912114689,
    2.474429210533));
#3069 = CARTESIAN_POINT('',(-38.41830950931,59.028489586977,
    2.499368903222));
#3070 = CARTESIAN_POINT('',(-38.42601376858,58.981495446083,
    2.525875669228));
#3071 = CARTESIAN_POINT('',(-38.43346792875,58.935975697082,
    2.553837446027));
#3072 = CARTESIAN_POINT('',(-38.44066792851,58.891961184556,
    2.583147242472));
#3073 = CARTESIAN_POINT('',(-38.4565488368,58.794781418718,
    2.653038270451));
#3074 = CARTESIAN_POINT('',(-38.46506083717,58.742620660719,
    2.694436756542));
#3075 = CARTESIAN_POINT('',(-38.47314417677,58.693021918751,
    2.737693281216));
#3076 = CARTESIAN_POINT('',(-38.48079888269,58.645996636813,
    2.782614446512));
#3077 = CARTESIAN_POINT('',(-38.48802772708,58.601538580363,
    2.829024237254));
#3078 = CARTESIAN_POINT('',(-38.49483544895,58.559628449081,
    2.876766339748));
#3079 = CARTESIAN_POINT('',(-38.51912387639,58.409966169938,
    3.062714487675));
#3080 = CARTESIAN_POINT('',(-38.5337367571,58.31962412494,3.208886763072
    ));
#3081 = CARTESIAN_POINT('',(-38.54525458516,58.248249077417,
    3.361527944911));
#3082 = CARTESIAN_POINT('',(-38.55378563865,58.195301162591,
    3.518535533396));
#3083 = CARTESIAN_POINT('',(-38.55943137342,58.160234333079,
    3.678143986569));
#3084 = CARTESIAN_POINT('',(-38.56225957581,58.142667628609,
    3.838979160981));
#3085 = CARTESIAN_POINT('',(-38.56225957581,58.142667628609,4.));
#3086 = PCURVE('',#299,#3087);
#3087 = DEFINITIONAL_REPRESENTATION('',(#3088),#3246);
#3088 = B_SPLINE_CURVE_WITH_KNOTS('',3,(#3089,#3090,#3091,#3092,#3093,
    #3094,#3095,#3096,#3097,#3098,#3099,#3100,#3101,#3102,#3103,#3104,
    #3105,#3106,#3107,#3108,#3109,#3110,#3111,#3112,#3113,#3114,#3115,
    #3116,#3117,#3118,#3119,#3120,#3121,#3122,#3123,#3124,#3125,#3126,
    #3127,#3128,#3129,#3130,#3131,#3132,#3133,#3134,#3135,#3136,#3137,
    #3138,#3139,#3140,#3141,#3142,#3143,#3144,#3145,#3146,#3147,#3148,
    #3149,#3150,#3151,#3152,#3153,#3154,#3155,#3156,#3157,#3158,#3159,
    #3160,#3161,#3162,#3163,#3164,#3165,#3166,#3167,#3168,#3169,#3170,
    #3171,#3172,#3173,#3174,#3175,#3176,#3177,#3178,#3179,#3180,#3181,
    #3182,#3183,#3184,#3185,#3186,#3187,#3188,#3189,#3190,#3191,#3192,
    #3193,#3194,#3195,#3196,#3197,#3198,#3199,#3200,#3201,#3202,#3203,
    #3204,#3205,#3206,#3207,#3208,#3209,#3210,#3211,#3212,#3213,#3214,
    #3215,#3216,#3217,#3218,#3219,#3220,#3221,#3222,#3223,#3224,#3225,
    #3226,#3227,#3228,#3229,#3230,#3231,#3232,#3233,#3234,#3235,#3236,
    #3237,#3238,#3239,#3240,#3241,#3242,#3243,#3244,#3245),
  .UNSPECIFIED.,.T.,.F.,(4,1,1,1,1,1,1,1,1,1,1,1,1,1,1,1,1,1,1,1,1,1,1,1
    ,1,1,1,1,1,1,1,1,1,1,1,1,1,1,1,1,1,1,1,1,1,1,1,1,1,1,1,1,1,1,1,1,1,1
    ,1,1,1,1,1,1,1,1,1,1,1,1,1,1,1,1,1,1,1,1,1,1,1,1,1,1,1,1,1,1,1,1,1,1
    ,1,1,1,1,1,1,1,1,1,1,1,1,1,1,1,1,1,1,1,1,1,1,1,1,1,1,1,1,1,1,1,1,1,1
    ,1,1,1,1,1,1,1,1,1,1,1,1,1,1,1,1,1,1,1,1,1,1,1,1,1,1,1,1,4),(0.,
    8.660873830141E-03,1.732174766028E-02,2.598262149042E-02,
    3.464349532056E-02,4.33043691507E-02,5.196524298084E-02,
    6.062611681098E-02,6.928699064112E-02,7.794786447126E-02,
    8.660873830141E-02,9.526961213155E-02,0.103930485962,0.112591359792,
    0.121252233622,0.129913107452,0.138573981282,0.147234855112,
    0.155895728943,0.164556602773,0.173217476603,0.181878350433,
    0.190539224263,0.199200098093,0.207860971923,0.216521845754,
    0.225182719584,0.233843593414,0.242504467244,0.251165341074,
    0.259826214904,0.268487088734,0.277147962564,0.285808836395,
    0.294469710225,0.303130584055,0.311791457885,0.320452331715,
    0.329113205545,0.337774079375,0.346434953206,0.355095827036,
    0.363756700866,0.372417574696,0.381078448526,0.389739322356,
    0.398400196186,0.407061070017,0.415721943847,0.424382817677,
    0.433043691507,0.441704565337,0.450365439167,0.459026312997,
    0.467687186828,0.476348060658,0.485008934488,0.493669808318,
    0.502330682148,0.510991555978,0.519652429808,0.528313303639,
    0.536974177469,0.545635051299,0.554295925129,0.562956798959,
    0.571617672789,0.580278546619,0.58893942045,0.59760029428,
    0.60626116811,0.61492204194,0.62358291577,0.6322437896,0.64090466343
    ,0.649565537261,0.658226411091,0.666887284921,0.675548158751,
    0.684209032581,0.692869906411,0.701530780241,0.710191654072,
    0.718852527902,0.727513401732,0.736174275562,0.744835149392,
    0.753496023222,0.762156897052,0.770817770883,0.779478644713,
    0.788139518543,0.796800392373,0.805461266203,0.814122140033,
    0.822783013863,0.831443887693,0.840104761524,0.848765635354,
    0.857426509184,0.866087383014,0.874748256844,0.883409130674,
    0.892070004504,0.900730878335,0.909391752165,0.918052625995,
    0.926713499825,0.935374373655,0.944035247485,0.952696121315,
    0.961356995146,0.970017868976,0.978678742806,0.987339616636,
    0.996000490466,1.004661364296,1.013322238126,1.021983111957,
    1.030643985787,1.039304859617,1.047965733447,1.056626607277,
    1.065287481107,1.073948354937,1.082609228768,1.091270102598,
    1.099930976428,1.108591850258,1.117252724088,1.125913597918,
    1.134574471748,1.143235345579,1.151896219409,1.160557093239,
    1.169217967069,1.177878840899,1.186539714729,1.195200588559,
    1.20386146239,1.21252233622,1.22118321005,1.22984408388,
    1.23850495771,1.24716583154,1.25582670537,1.264487579201,
    1.273148453031,1.281809326861,1.290470200691,1.299131074521,
    1.307791948351,1.316452822181,1.325113696012,1.333774569842),
  .QUASI_UNIFORM_KNOTS.);
#3089 = CARTESIAN_POINT('',(4.,7.407462470253));
#3090 = CARTESIAN_POINT('',(4.020411258733,7.407462468232));
#3091 = CARTESIAN_POINT('',(4.061226905499,7.407456486542));
#3092 = CARTESIAN_POINT('',(4.122390721371,7.407429559463));
#3093 = CARTESIAN_POINT('',(4.183456837014,7.407384665159));
#3094 = CARTESIAN_POINT('',(4.244383719708,7.407321759737));
#3095 = CARTESIAN_POINT('',(4.305127495068,7.407240781905));
#3096 = CARTESIAN_POINT('',(4.365641592064,7.407141652093));
#3097 = CARTESIAN_POINT('',(4.425876794177,7.407024275208));
#3098 = CARTESIAN_POINT('',(4.485781182154,7.4068885421));
#3099 = CARTESIAN_POINT('',(4.545300102473,7.406734331005));
#3100 = CARTESIAN_POINT('',(4.604376121782,7.406561508604));
#3101 = CARTESIAN_POINT('',(4.662948974308,7.406369930746));
#3102 = CARTESIAN_POINT('',(4.720955496168,7.406159442792));
#3103 = CARTESIAN_POINT('',(4.778329546019,7.405929879552));
#3104 = CARTESIAN_POINT('',(4.835001902551,7.405681064824));
#3105 = CARTESIAN_POINT('',(4.890900159534,7.405412810301));
#3106 = CARTESIAN_POINT('',(4.945948527234,7.405124914634));
#3107 = CARTESIAN_POINT('',(5.000067866416,7.404817159547));
#3108 = CARTESIAN_POINT('',(5.053174723413,7.404489314484));
#3109 = CARTESIAN_POINT('',(5.105183948264,7.404141106728));
#3110 = CARTESIAN_POINT('',(5.155966158665,7.403772535449));
#3111 = CARTESIAN_POINT('',(5.205415893629,7.403383433911));
#3112 = CARTESIAN_POINT('',(5.253413084761,7.40297371003));
#3113 = CARTESIAN_POINT('',(5.299830509595,7.402543313738));
#3114 = CARTESIAN_POINT('',(5.344532200173,7.402092257847));
#3115 = CARTESIAN_POINT('',(5.387375205349,7.40162061441));
#3116 = CARTESIAN_POINT('',(5.428206979041,7.401128555722));
#3117 = CARTESIAN_POINT('',(5.466865398228,7.400616391757));
#3118 = CARTESIAN_POINT('',(5.503182339826,7.400084555557));
#3119 = CARTESIAN_POINT('',(5.536984063999,7.399533637389));
#3120 = CARTESIAN_POINT('',(5.568092084775,7.398964435769));
#3121 = CARTESIAN_POINT('',(5.596332966378,7.398377823903));
#3122 = CARTESIAN_POINT('',(5.621528986439,7.397774984427));
#3123 = CARTESIAN_POINT('',(5.643503623816,7.397157489614));
#3124 = CARTESIAN_POINT('',(5.662097602942,7.396527041087));
#3125 = CARTESIAN_POINT('',(5.67716821915,7.395885545517));
#3126 = CARTESIAN_POINT('',(5.688593620966,7.39523509892));
#3127 = CARTESIAN_POINT('',(5.696276408967,7.394578004491));
#3128 = CARTESIAN_POINT('',(5.700147670171,7.393916747175));
#3129 = CARTESIAN_POINT('',(5.700172612466,7.393254107183));
#3130 = CARTESIAN_POINT('',(5.69635126535,7.392592450536));
#3131 = CARTESIAN_POINT('',(5.688717586097,7.391934517345));
#3132 = CARTESIAN_POINT('',(5.677339487773,7.391282802624));
#3133 = CARTESIAN_POINT('',(5.662313476298,7.390639628712));
#3134 = CARTESIAN_POINT('',(5.643760853955,7.390007126865));
#3135 = CARTESIAN_POINT('',(5.621824493487,7.389387252236));
#3136 = CARTESIAN_POINT('',(5.596664213727,7.388781757222));
#3137 = CARTESIAN_POINT('',(5.568459628873,7.388192299131));
#3138 = CARTESIAN_POINT('',(5.537383174731,7.387619980653));
#3139 = CARTESIAN_POINT('',(5.503610851463,7.387065765679));
#3140 = CARTESIAN_POINT('',(5.467320592455,7.386530473449));
#3141 = CARTESIAN_POINT('',(5.428686531095,7.386014731957));
#3142 = CARTESIAN_POINT('',(5.387876722235,7.385519003618));
#3143 = CARTESIAN_POINT('',(5.345053937788,7.385043634137));
#3144 = CARTESIAN_POINT('',(5.300370011274,7.384588814407));
#3145 = CARTESIAN_POINT('',(5.253968470134,7.384154648137));
#3146 = CARTESIAN_POINT('',(5.205985361053,7.383741172159));
#3147 = CARTESIAN_POINT('',(5.156548336235,7.383348360864));
#3148 = CARTESIAN_POINT('',(5.105776484505,7.382976136342));
#3149 = CARTESIAN_POINT('',(5.053778922154,7.382624371663));
#3150 = CARTESIAN_POINT('',(5.00066049864,7.382292935477));
#3151 = CARTESIAN_POINT('',(4.946516906542,7.381981660259));
#3152 = CARTESIAN_POINT('',(4.891438237992,7.381690375992));
#3153 = CARTESIAN_POINT('',(4.83550862898,7.381418905972));
#3154 = CARTESIAN_POINT('',(4.778806072478,7.38116706548));
#3155 = CARTESIAN_POINT('',(4.721404544156,7.380934678933));
#3156 = CARTESIAN_POINT('',(4.663373184484,7.380721573755));
#3157 = CARTESIAN_POINT('',(4.604777141363,7.380527585544));
#3158 = CARTESIAN_POINT('',(4.545678841496,7.38035256194));
#3159 = CARTESIAN_POINT('',(4.486138034693,7.380196362066));
#3160 = CARTESIAN_POINT('',(4.426208594459,7.380058849612));
#3161 = CARTESIAN_POINT('',(4.365943823185,7.379939908036));
#3162 = CARTESIAN_POINT('',(4.305395236378,7.379839435582));
#3163 = CARTESIAN_POINT('',(4.244612961762,7.379757345822));
#3164 = CARTESIAN_POINT('',(4.183645766192,7.379693567164));
#3165 = CARTESIAN_POINT('',(4.122540919276,7.379648043092));
#3166 = CARTESIAN_POINT('',(4.061345045155,7.379620732652));
#3167 = CARTESIAN_POINT('',(4.000101147767,7.379611611345));
#3168 = CARTESIAN_POINT('',(3.938859923398,7.379620672288));
#3169 = CARTESIAN_POINT('',(3.877669122988,7.37964791887));
#3170 = CARTESIAN_POINT('',(3.816570181497,7.379693374692));
#3171 = CARTESIAN_POINT('',(3.755608441508,7.379757081291));
#3172 = CARTESIAN_POINT('',(3.694830444647,7.379839096566));
#3173 = CARTESIAN_POINT('',(3.634284699751,7.379939493481));
#3174 = CARTESIAN_POINT('',(3.57402153121,7.38005835916));
#3175 = CARTESIAN_POINT('',(3.514093184803,7.380195794349));
#3176 = CARTESIAN_POINT('',(3.454553878364,7.380351913238));
#3177 = CARTESIAN_POINT('',(3.395459870592,7.380526843696));
#3178 = CARTESIAN_POINT('',(3.33686956743,7.380720727699));
#3179 = CARTESIAN_POINT('',(3.278843514976,7.380933722779));
#3180 = CARTESIAN_POINT('',(3.221444863657,7.381166001432));
#3181 = CARTESIAN_POINT('',(3.164738115808,7.381417759861));
#3182 = CARTESIAN_POINT('',(3.108804744488,7.381689144924));
#3183 = CARTESIAN_POINT('',(3.053721745018,7.381980344431));
#3184 = CARTESIAN_POINT('',(2.999573565849,7.382291533657));
#3185 = CARTESIAN_POINT('',(2.946450070462,7.382622883995));
#3186 = CARTESIAN_POINT('',(2.894447176564,7.382974561613));
#3187 = CARTESIAN_POINT('',(2.843669425885,7.38334669926));
#3188 = CARTESIAN_POINT('',(2.794225956776,7.383739424202));
#3189 = CARTESIAN_POINT('',(2.74623597694,7.384152813181));
#3190 = CARTESIAN_POINT('',(2.699827056832,7.384586892318));
#3191 = CARTESIAN_POINT('',(2.655135191291,7.385041624917));
#3192 = CARTESIAN_POINT('',(2.612303413052,7.385516913364));
#3193 = CARTESIAN_POINT('',(2.571484440515,7.38601255676));
#3194 = CARTESIAN_POINT('',(2.532840446817,7.386528216053));
#3195 = CARTESIAN_POINT('',(2.496539666092,7.387063426965));
#3196 = CARTESIAN_POINT('',(2.462755905241,7.387617567113));
#3197 = CARTESIAN_POINT('',(2.431667722134,7.388189804457));
#3198 = CARTESIAN_POINT('',(2.403448549669,7.388779234091));
#3199 = CARTESIAN_POINT('',(2.378276446761,7.389384631777));
#3200 = CARTESIAN_POINT('',(2.35632753976,7.390004398984));
#3201 = CARTESIAN_POINT('',(2.337761016756,7.390636804739));
#3202 = CARTESIAN_POINT('',(2.322719473555,7.391279915461));
#3203 = CARTESIAN_POINT('',(2.311324653557,7.39193160951));
#3204 = CARTESIAN_POINT('',(2.303673774234,7.392589562791));
#3205 = CARTESIAN_POINT('',(2.299835475769,7.393251266215));
#3206 = CARTESIAN_POINT('',(2.29984405688,7.393913945383));
#3207 = CARTESIAN_POINT('',(2.303699301424,7.394575240408));
#3208 = CARTESIAN_POINT('',(2.311366811803,7.39523239964));
#3209 = CARTESIAN_POINT('',(2.322778346713,7.39588294894));
#3210 = CARTESIAN_POINT('',(2.337837153752,7.396524585363));
#3211 = CARTESIAN_POINT('',(2.356421776338,7.397155203909));
#3212 = CARTESIAN_POINT('',(2.378389374724,7.39777288062));
#3213 = CARTESIAN_POINT('',(2.403580144258,7.398375895677));
#3214 = CARTESIAN_POINT('',(2.431815458545,7.398962638595));
#3215 = CARTESIAN_POINT('',(2.462917956189,7.399531949544));
#3216 = CARTESIAN_POINT('',(2.496715552848,7.400082981649));
#3217 = CARTESIAN_POINT('',(2.533029322916,7.400614928256));
#3218 = CARTESIAN_POINT('',(2.571685558777,7.401127200377));
#3219 = CARTESIAN_POINT('',(2.612516040261,7.401619363904));
#3220 = CARTESIAN_POINT('',(2.655358577302,7.402091108533));
#3221 = CARTESIAN_POINT('',(2.700060557778,7.40254226167));
#3222 = CARTESIAN_POINT('',(2.746478963497,7.402972751021));
#3223 = CARTESIAN_POINT('',(2.794477763888,7.403382563608));
#3224 = CARTESIAN_POINT('',(2.84392967672,7.403771749385));
#3225 = CARTESIAN_POINT('',(2.894714582239,7.404140400404));
#3226 = CARTESIAN_POINT('',(2.946726960229,7.404488683323));
#3227 = CARTESIAN_POINT('',(2.99983737667,7.404816598938));
#3228 = CARTESIAN_POINT('',(3.053960660281,7.405124420147));
#3229 = CARTESIAN_POINT('',(3.109013313031,7.405412377511));
#3230 = CARTESIAN_POINT('',(3.16491616154,7.405680689371));
#3231 = CARTESIAN_POINT('',(3.221593382767,7.405929557128));
#3232 = CARTESIAN_POINT('',(3.278972540141,7.406159169147));
#3233 = CARTESIAN_POINT('',(3.33698438412,7.406369701691));
#3234 = CARTESIAN_POINT('',(3.395562747262,7.406561320012));
#3235 = CARTESIAN_POINT('',(3.454644441569,7.406734178806));
#3236 = CARTESIAN_POINT('',(3.514169179091,7.406888422285));
#3237 = CARTESIAN_POINT('',(3.574079506219,7.407024183823));
#3238 = CARTESIAN_POINT('',(3.634320751087,7.407141585238));
#3239 = CARTESIAN_POINT('',(3.694840978037,7.407240735728));
#3240 = CARTESIAN_POINT('',(3.755590956107,7.407321730429));
#3241 = CARTESIAN_POINT('',(3.8165241018,7.407384648947));
#3242 = CARTESIAN_POINT('',(3.877596530311,7.407429552598));
#3243 = CARTESIAN_POINT('',(3.938766700306,7.407456485291));
#3244 = CARTESIAN_POINT('',(3.979586606691,7.407462468231));
#3245 = CARTESIAN_POINT('',(4.,7.407462470253));
#3246 = ( GEOMETRIC_REPRESENTATION_CONTEXT(2) 
PARAMETRIC_REPRESENTATION_CONTEXT() REPRESENTATION_CONTEXT('2D SPACE',''
  ) );
#3247 = PCURVE('',#3248,#3253);
#3248 = CYLINDRICAL_SURFACE('',#3249,1.7);
#3249 = AXIS2_PLACEMENT_3D('',#3250,#3251,#3252);
#3250 = CARTESIAN_POINT('',(-42.82463678825,60.577022631072,4.));
#3251 = DIRECTION('',(0.986375977927,-0.16450662652,0.));
#3252 = DIRECTION('',(-0.16450662652,-0.986375977927,0.));
#3253 = DEFINITIONAL_REPRESENTATION('',(#3254),#3412);
#3254 = B_SPLINE_CURVE_WITH_KNOTS('',3,(#3255,#3256,#3257,#3258,#3259,
    #3260,#3261,#3262,#3263,#3264,#3265,#3266,#3267,#3268,#3269,#3270,
    #3271,#3272,#3273,#3274,#3275,#3276,#3277,#3278,#3279,#3280,#3281,
    #3282,#3283,#3284,#3285,#3286,#3287,#3288,#3289,#3290,#3291,#3292,
    #3293,#3294,#3295,#3296,#3297,#3298,#3299,#3300,#3301,#3302,#3303,
    #3304,#3305,#3306,#3307,#3308,#3309,#3310,#3311,#3312,#3313,#3314,
    #3315,#3316,#3317,#3318,#3319,#3320,#3321,#3322,#3323,#3324,#3325,
    #3326,#3327,#3328,#3329,#3330,#3331,#3332,#3333,#3334,#3335,#3336,
    #3337,#3338,#3339,#3340,#3341,#3342,#3343,#3344,#3345,#3346,#3347,
    #3348,#3349,#3350,#3351,#3352,#3353,#3354,#3355,#3356,#3357,#3358,
    #3359,#3360,#3361,#3362,#3363,#3364,#3365,#3366,#3367,#3368,#3369,
    #3370,#3371,#3372,#3373,#3374,#3375,#3376,#3377,#3378,#3379,#3380,
    #3381,#3382,#3383,#3384,#3385,#3386,#3387,#3388,#3389,#3390,#3391,
    #3392,#3393,#3394,#3395,#3396,#3397,#3398,#3399,#3400,#3401,#3402,
    #3403,#3404,#3405,#3406,#3407,#3408,#3409,#3410,#3411),
  .UNSPECIFIED.,.F.,.F.,(4,1,1,1,1,1,1,1,1,1,1,1,1,1,1,1,1,1,1,1,1,1,1,1
    ,1,1,1,1,1,1,1,1,1,1,1,1,1,1,1,1,1,1,1,1,1,1,1,1,1,1,1,1,1,1,1,1,1,1
    ,1,1,1,1,1,1,1,1,1,1,1,1,1,1,1,1,1,1,1,1,1,1,1,1,1,1,1,1,1,1,1,1,1,1
    ,1,1,1,1,1,1,1,1,1,1,1,1,1,1,1,1,1,1,1,1,1,1,1,1,1,1,1,1,1,1,1,1,1,1
    ,1,1,1,1,1,1,1,1,1,1,1,1,1,1,1,1,1,1,1,1,1,1,1,1,1,1,1,1,4),(0.,
    8.660873830141E-03,1.732174766028E-02,2.598262149042E-02,
    3.464349532056E-02,4.33043691507E-02,5.196524298084E-02,
    6.062611681098E-02,6.928699064112E-02,7.794786447126E-02,
    8.660873830141E-02,9.526961213155E-02,0.103930485962,0.112591359792,
    0.121252233622,0.129913107452,0.138573981282,0.147234855112,
    0.155895728943,0.164556602773,0.173217476603,0.181878350433,
    0.190539224263,0.199200098093,0.207860971923,0.216521845754,
    0.225182719584,0.233843593414,0.242504467244,0.251165341074,
    0.259826214904,0.268487088734,0.277147962564,0.285808836395,
    0.294469710225,0.303130584055,0.311791457885,0.320452331715,
    0.329113205545,0.337774079375,0.346434953206,0.355095827036,
    0.363756700866,0.372417574696,0.381078448526,0.389739322356,
    0.398400196186,0.407061070017,0.415721943847,0.424382817677,
    0.433043691507,0.441704565337,0.450365439167,0.459026312997,
    0.467687186828,0.476348060658,0.485008934488,0.493669808318,
    0.502330682148,0.510991555978,0.519652429808,0.528313303639,
    0.536974177469,0.545635051299,0.554295925129,0.562956798959,
    0.571617672789,0.580278546619,0.58893942045,0.59760029428,
    0.60626116811,0.61492204194,0.62358291577,0.6322437896,0.64090466343
    ,0.649565537261,0.658226411091,0.666887284921,0.675548158751,
    0.684209032581,0.692869906411,0.701530780241,0.710191654072,
    0.718852527902,0.727513401732,0.736174275562,0.744835149392,
    0.753496023222,0.762156897052,0.770817770883,0.779478644713,
    0.788139518543,0.796800392373,0.805461266203,0.814122140033,
    0.822783013863,0.831443887693,0.840104761524,0.848765635354,
    0.857426509184,0.866087383014,0.874748256844,0.883409130674,
    0.892070004504,0.900730878335,0.909391752165,0.918052625995,
    0.926713499825,0.935374373655,0.944035247485,0.952696121315,
    0.961356995146,0.970017868976,0.978678742806,0.987339616636,
    0.996000490466,1.004661364296,1.013322238126,1.021983111957,
    1.030643985787,1.039304859617,1.047965733447,1.056626607277,
    1.065287481107,1.073948354937,1.082609228768,1.091270102598,
    1.099930976428,1.108591850258,1.117252724088,1.125913597918,
    1.134574471748,1.143235345579,1.151896219409,1.160557093239,
    1.169217967069,1.177878840899,1.186539714729,1.195200588559,
    1.20386146239,1.21252233622,1.22118321005,1.22984408388,
    1.23850495771,1.24716583154,1.25582670537,1.264487579201,
    1.273148453031,1.281809326861,1.290470200691,1.299131074521,
    1.307791948351,1.316452822181,1.325113696012,1.333774569842),
  .QUASI_UNIFORM_KNOTS.);
#3255 = CARTESIAN_POINT('',(6.28318530718,4.604774020425));
#3256 = CARTESIAN_POINT('',(6.271178667046,4.604774022988));
#3257 = CARTESIAN_POINT('',(6.247169487708,4.604769879509));
#3258 = CARTESIAN_POINT('',(6.211144047067,4.604751280718));
#3259 = CARTESIAN_POINT('',(6.175082510389,4.604720347927));
#3260 = CARTESIAN_POINT('',(6.138962028211,4.604677175061));
#3261 = CARTESIAN_POINT('',(6.102760532093,4.604621888353));
#3262 = CARTESIAN_POINT('',(6.066456706093,4.604554652716));
#3263 = CARTESIAN_POINT('',(6.030029762446,4.604475673086));
#3264 = CARTESIAN_POINT('',(5.993459277239,4.604385197014));
#3265 = CARTESIAN_POINT('',(5.956725014801,4.604283516839));
#3266 = CARTESIAN_POINT('',(5.919806756249,4.604170971875));
#3267 = CARTESIAN_POINT('',(5.882684123323,4.604047950506));
#3268 = CARTESIAN_POINT('',(5.845336394715,4.60391489222));
#3269 = CARTESIAN_POINT('',(5.807742307855,4.603772289563));
#3270 = CARTESIAN_POINT('',(5.769879846034,4.603620690043));
#3271 = CARTESIAN_POINT('',(5.731725983604,4.603460697893));
#3272 = CARTESIAN_POINT('',(5.693256460584,4.603292976061));
#3273 = CARTESIAN_POINT('',(5.654445288303,4.60311824701));
#3274 = CARTESIAN_POINT('',(5.615265066263,4.602937297644));
#3275 = CARTESIAN_POINT('',(5.57568404542,4.602750968541));
#3276 = CARTESIAN_POINT('',(5.535699425181,4.602560318625));
#3277 = CARTESIAN_POINT('',(5.495286060849,4.602366385721));
#3278 = CARTESIAN_POINT('',(5.454424679934,4.602170321775));
#3279 = CARTESIAN_POINT('',(5.413096702409,4.60197336682));
#3280 = CARTESIAN_POINT('',(5.371285679404,4.601776854534));
#3281 = CARTESIAN_POINT('',(5.328976097791,4.601582205318));
#3282 = CARTESIAN_POINT('',(5.286156349065,4.601390937768));
#3283 = CARTESIAN_POINT('',(5.242820662509,4.601204659566));
#3284 = CARTESIAN_POINT('',(5.198966906792,4.601025052175));
#3285 = CARTESIAN_POINT('',(5.15459848236,4.600853855702));
#3286 = CARTESIAN_POINT('',(5.109727362422,4.60069285439));
#3287 = CARTESIAN_POINT('',(5.064363068822,4.600543815466));
#3288 = CARTESIAN_POINT('',(5.018530592667,4.600408515169));
#3289 = CARTESIAN_POINT('',(4.972275127076,4.600288698943));
#3290 = CARTESIAN_POINT('',(4.925642192292,4.600185971113));
#3291 = CARTESIAN_POINT('',(4.87868407549,4.600101773573));
#3292 = CARTESIAN_POINT('',(4.831459354907,4.600037340631));
#3293 = CARTESIAN_POINT('',(4.784035225444,4.599993659117));
#3294 = CARTESIAN_POINT('',(4.736486979191,4.599971428953));
#3295 = CARTESIAN_POINT('',(4.688907818046,4.59997101432));
#3296 = CARTESIAN_POINT('',(4.641359944901,4.599992435802));
#3297 = CARTESIAN_POINT('',(4.593933221361,4.600035374538));
#3298 = CARTESIAN_POINT('',(4.54670271868,4.60009917497));
#3299 = CARTESIAN_POINT('',(4.499735646789,4.600182890078));
#3300 = CARTESIAN_POINT('',(4.45309140882,4.600285318248));
#3301 = CARTESIAN_POINT('',(4.406823838056,4.600405040543));
#3302 = CARTESIAN_POINT('',(4.360979986204,4.600540467347));
#3303 = CARTESIAN_POINT('',(4.315609222821,4.600689849661));
#3304 = CARTESIAN_POINT('',(4.270727892097,4.600851444588));
#3305 = CARTESIAN_POINT('',(4.226349942222,4.601023472032));
#3306 = CARTESIAN_POINT('',(4.182486405203,4.601204146019));
#3307 = CARTESIAN_POINT('',(4.139141140494,4.601391714775));
#3308 = CARTESIAN_POINT('',(4.09631188217,4.601584484328));
#3309 = CARTESIAN_POINT('',(4.053993413541,4.601780827653));
#3310 = CARTESIAN_POINT('',(4.012173316824,4.601979210173));
#3311 = CARTESIAN_POINT('',(3.970836571569,4.602178188487));
#3312 = CARTESIAN_POINT('',(3.929966698062,4.60237640606));
#3313 = CARTESIAN_POINT('',(3.889545347678,4.602572597819));
#3314 = CARTESIAN_POINT('',(3.849552447238,4.602765591126));
#3315 = CARTESIAN_POINT('',(3.809965420072,4.602954312344));
#3316 = CARTESIAN_POINT('',(3.77076346268,4.603137760455));
#3317 = CARTESIAN_POINT('',(3.731923559032,4.603315027067));
#3318 = CARTESIAN_POINT('',(3.69342326713,4.603485275275));
#3319 = CARTESIAN_POINT('',(3.655240022307,4.603647741998));
#3320 = CARTESIAN_POINT('',(3.61735070522,4.603801739421));
#3321 = CARTESIAN_POINT('',(3.579733042426,4.603946640101));
#3322 = CARTESIAN_POINT('',(3.542364667916,4.604081879962));
#3323 = CARTESIAN_POINT('',(3.505223456419,4.60420695164));
#3324 = CARTESIAN_POINT('',(3.46828805156,4.60432140276));
#3325 = CARTESIAN_POINT('',(3.431537626884,4.604424831481));
#3326 = CARTESIAN_POINT('',(3.39494970126,4.604516890787));
#3327 = CARTESIAN_POINT('',(3.358503199889,4.60459727626));
#3328 = CARTESIAN_POINT('',(3.32217743483,4.604665727848));
#3329 = CARTESIAN_POINT('',(3.285952123433,4.604722028097));
#3330 = CARTESIAN_POINT('',(3.249807185164,4.604766001299));
#3331 = CARTESIAN_POINT('',(3.213722457887,4.604797512351));
#3332 = CARTESIAN_POINT('',(3.177677999258,4.604816465682));
#3333 = CARTESIAN_POINT('',(3.1416521395,4.604822804068));
#3334 = CARTESIAN_POINT('',(3.105627928763,4.604816507655));
#3335 = CARTESIAN_POINT('',(3.06958669447,4.604797598568));
#3336 = CARTESIAN_POINT('',(3.033505862957,4.60476613437));
#3337 = CARTESIAN_POINT('',(2.997364753776,4.604722210054));
#3338 = CARTESIAN_POINT('',(2.961142783867,4.604665959598));
#3339 = CARTESIAN_POINT('',(2.924819721076,4.604597557599));
#3340 = CARTESIAN_POINT('',(2.888375397744,4.60451722082));
#3341 = CARTESIAN_POINT('',(2.851789570887,4.604425209716));
#3342 = CARTESIAN_POINT('',(2.81504174006,4.604321829918));
#3343 = CARTESIAN_POINT('',(2.778110959358,4.604207433645));
#3344 = CARTESIAN_POINT('',(2.740975654133,4.604082421182));
#3345 = CARTESIAN_POINT('',(2.703613331817,4.603947241949));
#3346 = CARTESIAN_POINT('',(2.666000588302,4.603802396857));
#3347 = CARTESIAN_POINT('',(2.628111886488,4.603648435712));
#3348 = CARTESIAN_POINT('',(2.589929821984,4.603486003757));
#3349 = CARTESIAN_POINT('',(2.55143066404,4.603315786555));
#3350 = CARTESIAN_POINT('',(2.512592072989,4.603138547938));
#3351 = CARTESIAN_POINT('',(2.47339145276,4.602955123578));
#3352 = CARTESIAN_POINT('',(2.433805964262,4.602766422321));
#3353 = CARTESIAN_POINT('',(2.393814615932,4.602573443917));
#3354 = CARTESIAN_POINT('',(2.353394841892,4.602377261979));
#3355 = CARTESIAN_POINT('',(2.312526693871,4.602179049396));
#3356 = CARTESIAN_POINT('',(2.271191782186,4.601980070502));
#3357 = CARTESIAN_POINT('',(2.229373620716,4.601781681246));
#3358 = CARTESIAN_POINT('',(2.187056687009,4.60158532301));
#3359 = CARTESIAN_POINT('',(2.144229469669,4.601392533885));
#3360 = CARTESIAN_POINT('',(2.100886182724,4.601204938025));
#3361 = CARTESIAN_POINT('',(2.057024754381,4.601024230434));
#3362 = CARTESIAN_POINT('',(2.012648619911,4.600852160709));
#3363 = CARTESIAN_POINT('',(1.967769829204,4.600690518249));
#3364 = CARTESIAN_POINT('',(1.922397869132,4.600541069827));
#3365 = CARTESIAN_POINT('',(1.876558419585,4.600405587731));
#3366 = CARTESIAN_POINT('',(1.830296231726,4.600285803675));
#3367 = CARTESIAN_POINT('',(1.783656831553,4.600183303547));
#3368 = CARTESIAN_POINT('',(1.736692547278,4.600099504781));
#3369 = CARTESIAN_POINT('',(1.689462177963,4.600035611783));
#3370 = CARTESIAN_POINT('',(1.642033121994,4.599992576345));
#3371 = CARTESIAN_POINT('',(1.594481484225,4.59997105909));
#3372 = CARTESIAN_POINT('',(1.546899572647,4.599971380827));
#3373 = CARTESIAN_POINT('',(1.499349130628,4.599993520652));
#3374 = CARTESIAN_POINT('',(1.451921280604,4.600037116703));
#3375 = CARTESIAN_POINT('',(1.404690470935,4.60010147353));
#3376 = CARTESIAN_POINT('',(1.357723775475,4.600185608406));
#3377 = CARTESIAN_POINT('',(1.311080296734,4.600288289326));
#3378 = CARTESIAN_POINT('',(1.264813472156,4.600408073386));
#3379 = CARTESIAN_POINT('',(1.218970081178,4.600543352876));
#3380 = CARTESIAN_POINT('',(1.173598245007,4.600692371024));
#3381 = CARTESIAN_POINT('',(1.128721293954,4.600853353923));
#3382 = CARTESIAN_POINT('',(1.084346650479,4.601024541031));
#3383 = CARTESIAN_POINT('',(1.04048688319,4.601204145533));
#3384 = CARTESIAN_POINT('',(0.997145259077,4.601390427145));
#3385 = CARTESIAN_POINT('',(0.954319701298,4.601581703552));
#3386 = CARTESIAN_POINT('',(0.912004441651,4.601776366382));
#3387 = CARTESIAN_POINT('',(0.870187875001,4.601972896342));
#3388 = CARTESIAN_POINT('',(0.828854491514,4.602169872363));
#3389 = CARTESIAN_POINT('',(0.787987842485,4.602365960125));
#3390 = CARTESIAN_POINT('',(0.74756934673,4.602559918999));
#3391 = CARTESIAN_POINT('',(0.707579725706,4.602750596493));
#3392 = CARTESIAN_POINT('',(0.667993836653,4.602936954248));
#3393 = CARTESIAN_POINT('',(0.628808877679,4.603117932851));
#3394 = CARTESIAN_POINT('',(0.589993077022,4.60329269138));
#3395 = CARTESIAN_POINT('',(0.551519031748,4.603460442531));
#3396 = CARTESIAN_POINT('',(0.51336074536,4.603620463498));
#3397 = CARTESIAN_POINT('',(0.475493951607,4.603772091021));
#3398 = CARTESIAN_POINT('',(0.43789561829,4.603914720589));
#3399 = CARTESIAN_POINT('',(0.400543722351,4.604047804442));
#3400 = CARTESIAN_POINT('',(0.363416994909,4.604170849815));
#3401 = CARTESIAN_POINT('',(0.326494708361,4.604283417024));
#3402 = CARTESIAN_POINT('',(0.289756478074,4.604385117518));
#3403 = CARTESIAN_POINT('',(0.253182078637,4.604475611835));
#3404 = CARTESIAN_POINT('',(0.216751267582,4.604554607516));
#3405 = CARTESIAN_POINT('',(0.180443613826,4.604621856905));
#3406 = CARTESIAN_POINT('',(0.144238321946,4.604677154983));
#3407 = CARTESIAN_POINT('',(0.108114067738,4.60472033677));
#3408 = CARTESIAN_POINT('',(7.20487737478E-02,4.604751275978));
#3409 = CARTESIAN_POINT('',(3.601958076393E-02,4.604769878643));
#3410 = CARTESIAN_POINT('',(1.200789577088E-02,4.604774022989));
#3411 = CARTESIAN_POINT('',(0.,4.604774020425));
#3412 = ( GEOMETRIC_REPRESENTATION_CONTEXT(2) 
PARAMETRIC_REPRESENTATION_CONTEXT() REPRESENTATION_CONTEXT('2D SPACE',''
  ) );
#3413 = ADVANCED_FACE('',(#3414),#3248,.F.);
#3414 = FACE_BOUND('',#3415,.F.);
#3415 = EDGE_LOOP('',(#3416,#3417,#3440,#3882));
#3416 = ORIENTED_EDGE('',*,*,#2965,.T.);
#3417 = ORIENTED_EDGE('',*,*,#3418,.F.);
#3418 = EDGE_CURVE('',#3419,#2966,#3421,.T.);
#3419 = VERTEX_POINT('',#3420);
#3420 = CARTESIAN_POINT('',(-40.92957900319,58.537486380899,4.));
#3421 = SEAM_CURVE('',#3422,(#3426,#3433),.PCURVE_S1.);
#3422 = LINE('',#3423,#3424);
#3423 = CARTESIAN_POINT('',(-43.10429805334,58.900183468596,4.));
#3424 = VECTOR('',#3425,1.);
#3425 = DIRECTION('',(0.986375977927,-0.16450662652,0.));
#3426 = PCURVE('',#3248,#3427);
#3427 = DEFINITIONAL_REPRESENTATION('',(#3428),#3432);
#3428 = LINE('',#3429,#3430);
#3429 = CARTESIAN_POINT('',(0.,-0.));
#3430 = VECTOR('',#3431,1.);
#3431 = DIRECTION('',(0.,1.));
#3432 = ( GEOMETRIC_REPRESENTATION_CONTEXT(2) 
PARAMETRIC_REPRESENTATION_CONTEXT() REPRESENTATION_CONTEXT('2D SPACE',''
  ) );
#3433 = PCURVE('',#3248,#3434);
#3434 = DEFINITIONAL_REPRESENTATION('',(#3435),#3439);
#3435 = LINE('',#3436,#3437);
#3436 = CARTESIAN_POINT('',(6.28318530718,-0.));
#3437 = VECTOR('',#3438,1.);
#3438 = DIRECTION('',(0.,1.));
#3439 = ( GEOMETRIC_REPRESENTATION_CONTEXT(2) 
PARAMETRIC_REPRESENTATION_CONTEXT() REPRESENTATION_CONTEXT('2D SPACE',''
  ) );
#3440 = ORIENTED_EDGE('',*,*,#3441,.T.);
#3441 = EDGE_CURVE('',#3419,#3419,#3442,.T.);
#3442 = SURFACE_CURVE('',#3443,(#3560,#3721),.PCURVE_S1.);
#3443 = B_SPLINE_CURVE_WITH_KNOTS('',7,(#3444,#3445,#3446,#3447,#3448,
    #3449,#3450,#3451,#3452,#3453,#3454,#3455,#3456,#3457,#3458,#3459,
    #3460,#3461,#3462,#3463,#3464,#3465,#3466,#3467,#3468,#3469,#3470,
    #3471,#3472,#3473,#3474,#3475,#3476,#3477,#3478,#3479,#3480,#3481,
    #3482,#3483,#3484,#3485,#3486,#3487,#3488,#3489,#3490,#3491,#3492,
    #3493,#3494,#3495,#3496,#3497,#3498,#3499,#3500,#3501,#3502,#3503,
    #3504,#3505,#3506,#3507,#3508,#3509,#3510,#3511,#3512,#3513,#3514,
    #3515,#3516,#3517,#3518,#3519,#3520,#3521,#3522,#3523,#3524,#3525,
    #3526,#3527,#3528,#3529,#3530,#3531,#3532,#3533,#3534,#3535,#3536,
    #3537,#3538,#3539,#3540,#3541,#3542,#3543,#3544,#3545,#3546,#3547,
    #3548,#3549,#3550,#3551,#3552,#3553,#3554,#3555,#3556,#3557,#3558,
    #3559),.UNSPECIFIED.,.T.,.F.,(8,6,6,6,6,6,6,6,6,6,6,6,6,6,6,6,6,6,6,
    8),(0.,0.160335271489,0.217499360936,0.262252383763,0.333180125874,
    0.405115097459,0.449681314645,0.506763386803,0.549941988046,
    0.666970538293,0.751594381864,0.783905815931,0.827126444622,
    0.884334290527,0.929177751469,1.,1.072822265085,1.117075407356,
    1.174016594097,1.333435558743),.UNSPECIFIED.);
#3444 = CARTESIAN_POINT('',(-40.92957900319,58.537486380899,4.));
#3445 = CARTESIAN_POINT('',(-40.92957900319,58.537486380899,
    3.837991328115));
#3446 = CARTESIAN_POINT('',(-40.92671515855,58.555269108388,
    3.676174474706));
#3447 = CARTESIAN_POINT('',(-40.92099855133,58.590765432252,
    3.515605114274));
#3448 = CARTESIAN_POINT('',(-40.91235952304,58.644367175267,
    3.357682897902));
#3449 = CARTESIAN_POINT('',(-40.90069408132,58.716634508098,
    3.204212192253));
#3450 = CARTESIAN_POINT('',(-40.88589213357,58.808116060604,
    3.05734398439));
#3451 = CARTESIAN_POINT('',(-40.86129777751,58.959612393624,
    2.870819692317));
#3452 = CARTESIAN_POINT('',(-40.85441455824,59.001972926463,
    2.823016843268));
#3453 = CARTESIAN_POINT('',(-40.84710616409,59.046904848987,
    2.77657130403));
#3454 = CARTESIAN_POINT('',(-40.8393679057,59.094427027359,
    2.731642750312));
#3455 = CARTESIAN_POINT('',(-40.83119716533,59.144544618083,
    2.688410994079));
#3456 = CARTESIAN_POINT('',(-40.82259421107,59.197244247302,
    2.647073510333));
#3457 = CARTESIAN_POINT('',(-40.80649260169,59.295739737956,
    2.577129878866));
#3458 = CARTESIAN_POINT('',(-40.79916012269,59.340547848362,
    2.547709989095));
#3459 = CARTESIAN_POINT('',(-40.79156797308,59.386892941506,
    2.519686412782));
#3460 = CARTESIAN_POINT('',(-40.78372066032,59.434741267482,
    2.49317079142));
#3461 = CARTESIAN_POINT('',(-40.77562534584,59.484042840919,
    2.468279841293));
#3462 = CARTESIAN_POINT('',(-40.76729239059,59.534728375598,
    2.445131904969));
#3463 = CARTESIAN_POINT('',(-40.74517497294,59.669084365727,
    2.390104143885));
#3464 = CARTESIAN_POINT('',(-40.73104695171,59.754742681337,
    2.361021197983));
#3465 = CARTESIAN_POINT('',(-40.71641708331,59.843261022174,
    2.337089098448));
#3466 = CARTESIAN_POINT('',(-40.70137003987,59.9341046247,2.318746193377
    ));
#3467 = CARTESIAN_POINT('',(-40.68601196878,60.026615370642,
    2.306345648625));
#3468 = CARTESIAN_POINT('',(-40.6704722568,60.120004821857,
    2.300100225869));
#3469 = CARTESIAN_POINT('',(-40.63911669419,60.30801878894,
    2.299900235557));
#3470 = CARTESIAN_POINT('',(-40.62328450452,60.402735258647,
    2.306121349447));
#3471 = CARTESIAN_POINT('',(-40.60756684606,60.496547807084,
    2.318675472696));
#3472 = CARTESIAN_POINT('',(-40.59210195832,60.588639967883,
    2.337344006543));
#3473 = CARTESIAN_POINT('',(-40.57700794308,60.678325750458,
    2.361759978751));
#3474 = CARTESIAN_POINT('',(-40.56238304414,60.765044285646,
    2.391463104431));
#3475 = CARTESIAN_POINT('',(-40.53958507,60.899965325603,2.447280990528)
  );
#3476 = CARTESIAN_POINT('',(-40.53107117706,60.950287538895,
    2.470469192903));
#3477 = CARTESIAN_POINT('',(-40.52278047442,60.999230632572,
    2.495377928137));
#3478 = CARTESIAN_POINT('',(-40.51472531331,61.046727628689,
    2.52189043184));
#3479 = CARTESIAN_POINT('',(-40.50691488799,61.092730377497,
    2.549891678401));
#3480 = CARTESIAN_POINT('',(-40.49935570254,61.137206554418,
    2.579271718079));
#3481 = CARTESIAN_POINT('',(-40.48269723154,61.235123132597,
    2.649196021606));
#3482 = CARTESIAN_POINT('',(-40.47376230549,61.287569163801,
    2.690555444044));
#3483 = CARTESIAN_POINT('',(-40.46525525139,61.337439807986,
    2.733796125346));
#3484 = CARTESIAN_POINT('',(-40.45718005214,61.384723028265,
    2.77872205561));
#3485 = CARTESIAN_POINT('',(-40.44953746189,61.429424944485,
    2.825154788171));
#3486 = CARTESIAN_POINT('',(-40.44232578623,61.471565084221,
    2.872935856668));
#3487 = CARTESIAN_POINT('',(-40.43040994652,61.541131222563,
    2.958989228901));
#3488 = CARTESIAN_POINT('',(-40.42552314461,61.569639534286,
    2.996741087633));
#3489 = CARTESIAN_POINT('',(-40.42087983007,61.596708614945,
    3.035124754035));
#3490 = CARTESIAN_POINT('',(-40.41647844535,61.622350969692,
    3.074084557604));
#3491 = CARTESIAN_POINT('',(-40.41231730193,61.646579562817,
    3.113569171608));
#3492 = CARTESIAN_POINT('',(-40.40839458035,61.669407817753,
    3.153531613083));
#3493 = CARTESIAN_POINT('',(-40.39471735082,61.748964113998,
    3.303420423812));
#3494 = CARTESIAN_POINT('',(-40.38646734081,61.796871357332,
    3.416067811777));
#3495 = CARTESIAN_POINT('',(-40.37991407052,61.834879418421,
    3.531072797283));
#3496 = CARTESIAN_POINT('',(-40.37502850472,61.863192373992,3.6477405691
    ));
#3497 = CARTESIAN_POINT('',(-40.37178837167,61.881962148353,
    3.765457334833));
#3498 = CARTESIAN_POINT('',(-40.37017873418,61.891286683644,
    3.883678710804));
#3499 = CARTESIAN_POINT('',(-40.37021807049,61.891058810861,
    4.087436772716));
#3500 = CARTESIAN_POINT('',(-40.37108814749,61.886018507943,
    4.172934546248));
#3501 = CARTESIAN_POINT('',(-40.37281159761,61.876034627852,
    4.258230944699));
#3502 = CARTESIAN_POINT('',(-40.37539210339,61.861082650287,
    4.343121553564));
#3503 = CARTESIAN_POINT('',(-40.37883594885,61.841119840012,
    4.42738821955));
#3504 = CARTESIAN_POINT('',(-40.38315197914,61.816085259981,
    4.510796996298));
#3505 = CARTESIAN_POINT('',(-40.3903385959,61.774364025787,
    4.624518395822));
#3506 = CARTESIAN_POINT('',(-40.39245331936,61.762084025658,
    4.655778780901));
#3507 = CARTESIAN_POINT('',(-40.39469762802,61.749047821634,
    4.686861601864));
#3508 = CARTESIAN_POINT('',(-40.39707221165,61.735250585526,
    4.717751407091));
#3509 = CARTESIAN_POINT('',(-40.39957778959,61.720687232683,
    4.74843186392));
#3510 = CARTESIAN_POINT('',(-40.40221511075,61.705352421987,
    4.778885758645));
#3511 = CARTESIAN_POINT('',(-40.40868996871,61.667688897651,
    4.849503671986));
#3512 = CARTESIAN_POINT('',(-40.41263200893,61.644747404825,
    4.889473984084));
#3513 = CARTESIAN_POINT('',(-40.41681303308,61.620402126303,
    4.928963024723));
#3514 = CARTESIAN_POINT('',(-40.4212348641,61.594639597259,
    4.967923503927));
#3515 = CARTESIAN_POINT('',(-40.42589918905,61.567446839123,
    5.006303749836));
#3516 = CARTESIAN_POINT('',(-40.43080755914,61.538811359579,
    5.044047708702));
#3517 = CARTESIAN_POINT('',(-40.44278312174,61.468893043208,
    5.130131542546));
#3518 = CARTESIAN_POINT('',(-40.45003440862,61.426519102312,
    5.177944283158));
#3519 = CARTESIAN_POINT('',(-40.45771859808,61.381571141984,
    5.224395648369));
#3520 = CARTESIAN_POINT('',(-40.46583732839,61.334029861468,
    5.269325414071));
#3521 = CARTESIAN_POINT('',(-40.47438973069,61.283889705797,
    5.312553149279));
#3522 = CARTESIAN_POINT('',(-40.48337163125,61.231163724446,
    5.353880714992));
#3523 = CARTESIAN_POINT('',(-40.50014557061,61.132559836344,
    5.42383344244));
#3524 = CARTESIAN_POINT('',(-40.50777478259,61.087667314745,
    5.453271636451));
#3525 = CARTESIAN_POINT('',(-40.51565790528,61.041231449174,
    5.481305501252));
#3526 = CARTESIAN_POINT('',(-40.52378815138,60.993286112732,
    5.507822619299));
#3527 = CARTESIAN_POINT('',(-40.53215594763,60.943881578216,
    5.532705499484));
#3528 = CARTESIAN_POINT('',(-40.54074845186,60.893087628699,
    5.555835077274));
#3529 = CARTESIAN_POINT('',(-40.56344807652,60.75872828652,
    5.610669230977));
#3530 = CARTESIAN_POINT('',(-40.5778716536,60.673192397636,
    5.639592534072));
#3531 = CARTESIAN_POINT('',(-40.59274533743,60.584806788869,
    5.663373297456));
#3532 = CARTESIAN_POINT('',(-40.60797594317,60.49410355361,
    5.681576429894));
#3533 = CARTESIAN_POINT('',(-40.62345068849,60.401737903143,
    5.693851819303));
#3534 = CARTESIAN_POINT('',(-40.63903660345,60.308495233044,
    5.699989392257));
#3535 = CARTESIAN_POINT('',(-40.6705628007,60.119465726192,
    5.700010885619));
#3536 = CARTESIAN_POINT('',(-40.68651667597,60.023585374485,
    5.693543900646));
#3537 = CARTESIAN_POINT('',(-40.70227728416,59.928642018698,
    5.680589433737));
#3538 = CARTESIAN_POINT('',(-40.71770597138,59.835480830703,
    5.661379160605));
#3539 = CARTESIAN_POINT('',(-40.73268870703,59.744809303864,
    5.636299002854));
#3540 = CARTESIAN_POINT('',(-40.74713446417,59.65720296378,
    5.605830260096));
#3541 = CARTESIAN_POINT('',(-40.76938293441,59.52201264061,
    5.549060653745));
#3542 = CARTESIAN_POINT('',(-40.77757152198,59.472192209109,
    5.525806131703));
#3543 = CARTESIAN_POINT('',(-40.78552597331,59.423736881932,
    5.500868245961));
#3544 = CARTESIAN_POINT('',(-40.79323672952,59.376710880701,
    5.474361146451));
#3545 = CARTESIAN_POINT('',(-40.80069722345,59.331160354869,
    5.446397068421));
#3546 = CARTESIAN_POINT('',(-40.80790336932,59.287116253997,
    5.417083175264));
#3547 = CARTESIAN_POINT('',(-40.82379531484,59.189887290931,
    5.347190244945));
#3548 = CARTESIAN_POINT('',(-40.83231231248,59.13770631549,
    5.305794060699));
#3549 = CARTESIAN_POINT('',(-40.8404005159,59.088088117839,
    5.262538469696));
#3550 = CARTESIAN_POINT('',(-40.84805992692,59.041044211384,
    5.217617023933));
#3551 = CARTESIAN_POINT('',(-40.85529329926,58.996568399367,
    5.171205881871));
#3552 = CARTESIAN_POINT('',(-40.86210535907,58.954641395411,
    5.123461484002));
#3553 = CARTESIAN_POINT('',(-40.8864108537,58.804910100971,
    4.937491173316));
#3554 = CARTESIAN_POINT('',(-40.90103456402,58.714525183305,
    4.791292175685));
#3555 = CARTESIAN_POINT('',(-40.91256107638,58.643116607622,
    4.638619205737));
#3556 = CARTESIAN_POINT('',(-40.92109860944,58.590144142752,
    4.481576599915));
#3557 = CARTESIAN_POINT('',(-40.92674864217,58.555061194023,
    4.321931374395));
#3558 = CARTESIAN_POINT('',(-40.92957900319,58.537486380899,
    4.161058638303));
#3559 = CARTESIAN_POINT('',(-40.92957900319,58.537486380899,4.));
#3560 = PCURVE('',#3248,#3561);
#3561 = DEFINITIONAL_REPRESENTATION('',(#3562),#3720);
#3562 = B_SPLINE_CURVE_WITH_KNOTS('',3,(#3563,#3564,#3565,#3566,#3567,
    #3568,#3569,#3570,#3571,#3572,#3573,#3574,#3575,#3576,#3577,#3578,
    #3579,#3580,#3581,#3582,#3583,#3584,#3585,#3586,#3587,#3588,#3589,
    #3590,#3591,#3592,#3593,#3594,#3595,#3596,#3597,#3598,#3599,#3600,
    #3601,#3602,#3603,#3604,#3605,#3606,#3607,#3608,#3609,#3610,#3611,
    #3612,#3613,#3614,#3615,#3616,#3617,#3618,#3619,#3620,#3621,#3622,
    #3623,#3624,#3625,#3626,#3627,#3628,#3629,#3630,#3631,#3632,#3633,
    #3634,#3635,#3636,#3637,#3638,#3639,#3640,#3641,#3642,#3643,#3644,
    #3645,#3646,#3647,#3648,#3649,#3650,#3651,#3652,#3653,#3654,#3655,
    #3656,#3657,#3658,#3659,#3660,#3661,#3662,#3663,#3664,#3665,#3666,
    #3667,#3668,#3669,#3670,#3671,#3672,#3673,#3674,#3675,#3676,#3677,
    #3678,#3679,#3680,#3681,#3682,#3683,#3684,#3685,#3686,#3687,#3688,
    #3689,#3690,#3691,#3692,#3693,#3694,#3695,#3696,#3697,#3698,#3699,
    #3700,#3701,#3702,#3703,#3704,#3705,#3706,#3707,#3708,#3709,#3710,
    #3711,#3712,#3713,#3714,#3715,#3716,#3717,#3718,#3719),
  .UNSPECIFIED.,.F.,.F.,(4,1,1,1,1,1,1,1,1,1,1,1,1,1,1,1,1,1,1,1,1,1,1,1
    ,1,1,1,1,1,1,1,1,1,1,1,1,1,1,1,1,1,1,1,1,1,1,1,1,1,1,1,1,1,1,1,1,1,1
    ,1,1,1,1,1,1,1,1,1,1,1,1,1,1,1,1,1,1,1,1,1,1,1,1,1,1,1,1,1,1,1,1,1,1
    ,1,1,1,1,1,1,1,1,1,1,1,1,1,1,1,1,1,1,1,1,1,1,1,1,1,1,1,1,1,1,1,1,1,1
    ,1,1,1,1,1,1,1,1,1,1,1,1,1,1,1,1,1,1,1,1,1,1,1,1,1,1,1,1,4),(0.,
    8.658672459367E-03,1.731734491873E-02,2.59760173781E-02,
    3.463468983747E-02,4.329336229684E-02,5.19520347562E-02,
    6.061070721557E-02,6.926937967494E-02,7.792805213431E-02,
    8.658672459367E-02,9.524539705304E-02,0.103904069512,0.112562741972,
    0.121221414431,0.129880086891,0.13853875935,0.147197431809,
    0.155856104269,0.164514776728,0.173173449187,0.181832121647,
    0.190490794106,0.199149466565,0.207808139025,0.216466811484,
    0.225125483944,0.233784156403,0.242442828862,0.251101501322,
    0.259760173781,0.26841884624,0.2770775187,0.285736191159,
    0.294394863618,0.303053536078,0.311712208537,0.320370880997,
    0.329029553456,0.337688225915,0.346346898375,0.355005570834,
    0.363664243293,0.372322915753,0.380981588212,0.389640260672,
    0.398298933131,0.40695760559,0.41561627805,0.424274950509,
    0.432933622968,0.441592295428,0.450250967887,0.458909640346,
    0.467568312806,0.476226985265,0.484885657725,0.493544330184,
    0.502203002643,0.510861675103,0.519520347562,0.528179020021,
    0.536837692481,0.54549636494,0.5541550374,0.562813709859,
    0.571472382318,0.580131054778,0.588789727237,0.597448399696,
    0.606107072156,0.614765744615,0.623424417074,0.632083089534,
    0.640741761993,0.649400434453,0.658059106912,0.666717779371,
    0.675376451831,0.68403512429,0.692693796749,0.701352469209,
    0.710011141668,0.718669814127,0.727328486587,0.735987159046,
    0.744645831506,0.753304503965,0.761963176424,0.770621848884,
    0.779280521343,0.787939193802,0.796597866262,0.805256538721,
    0.813915211181,0.82257388364,0.831232556099,0.839891228559,
    0.848549901018,0.857208573477,0.865867245937,0.874525918396,
    0.883184590855,0.891843263315,0.900501935774,0.909160608234,
    0.917819280693,0.926477953152,0.935136625612,0.943795298071,
    0.95245397053,0.96111264299,0.969771315449,0.978429987909,
    0.987088660368,0.995747332827,1.004406005287,1.013064677746,
    1.021723350205,1.030382022665,1.039040695124,1.047699367583,
    1.056358040043,1.065016712502,1.073675384962,1.082334057421,
    1.09099272988,1.09965140234,1.108310074799,1.116968747258,
    1.125627419718,1.134286092177,1.142944764637,1.151603437096,
    1.160262109555,1.168920782015,1.177579454474,1.186238126933,
    1.194896799393,1.203555471852,1.212214144311,1.220872816771,
    1.22953148923,1.23819016169,1.246848834149,1.255507506608,
    1.264166179068,1.272824851527,1.281483523986,1.290142196446,
    1.298800868905,1.307459541364,1.316118213824,1.324776886283,
    1.333435558743),.QUASI_UNIFORM_KNOTS.);
#3563 = CARTESIAN_POINT('',(0.,2.20475670415));
#3564 = CARTESIAN_POINT('',(1.200838225773E-02,2.204756706687));
#3565 = CARTESIAN_POINT('',(3.602095091383E-02,2.20475259685));
#3566 = CARTESIAN_POINT('',(7.20512748327E-02,2.204734149298));
#3567 = CARTESIAN_POINT('',(0.108117583394,2.204703468333));
#3568 = CARTESIAN_POINT('',(0.144242797123,2.204660647257));
#3569 = CARTESIAN_POINT('',(0.180449044286,2.2046058114));
#3570 = CARTESIAN_POINT('',(0.216757688253,2.204539124458));
#3571 = CARTESIAN_POINT('',(0.253189552783,2.204460789843));
#3572 = CARTESIAN_POINT('',(0.289765086612,2.204371053285));
#3573 = CARTESIAN_POINT('',(0.326504539343,2.204270204997));
#3574 = CARTESIAN_POINT('',(0.363428132889,2.204158581874));
#3575 = CARTESIAN_POINT('',(0.400556237543,2.204036569581));
#3576 = CARTESIAN_POINT('',(0.437909554825,2.203904604592));
#3577 = CARTESIAN_POINT('',(0.475509316226,2.203763176133));
#3578 = CARTESIAN_POINT('',(0.513377490296,2.203612828111));
#3579 = CARTESIAN_POINT('',(0.551537053699,2.203454160788));
#3580 = CARTESIAN_POINT('',(0.590012149248,2.203287833075));
#3581 = CARTESIAN_POINT('',(0.628828823541,2.203114562178));
#3582 = CARTESIAN_POINT('',(0.668013792834,2.202935132821));
#3583 = CARTESIAN_POINT('',(0.70760079262,2.202750370386));
#3584 = CARTESIAN_POINT('',(0.747592736073,2.202561325583));
#3585 = CARTESIAN_POINT('',(0.78801322494,2.202369035791));
#3586 = CARTESIAN_POINT('',(0.828882069056,2.20217464226));
#3587 = CARTESIAN_POINT('',(0.870217711023,2.201979376933));
#3588 = CARTESIAN_POINT('',(0.912036634118,2.201784563895));
#3589 = CARTESIAN_POINT('',(0.954353920377,2.201591614683));
#3590 = CARTESIAN_POINT('',(0.997181966255,2.20140203352));
#3591 = CARTESIAN_POINT('',(1.040526051307,2.201217418425));
#3592 = CARTESIAN_POINT('',(1.084388492403,2.201039437189));
#3593 = CARTESIAN_POINT('',(1.128765463841,2.200869818745));
#3594 = CARTESIAN_POINT('',(1.173646080225,2.200710329921));
#3595 = CARTESIAN_POINT('',(1.219016159096,2.200562738664));
#3596 = CARTESIAN_POINT('',(1.264856022867,2.200428788811));
#3597 = CARTESIAN_POINT('',(1.311119556353,2.200310215214));
#3598 = CARTESIAN_POINT('',(1.357760895219,2.20020861009));
#3599 = CARTESIAN_POINT('',(1.404727112089,2.200125404283));
#3600 = CARTESIAN_POINT('',(1.45195894024,2.200061821169));
#3601 = CARTESIAN_POINT('',(1.499388510905,2.200018836997));
#3602 = CARTESIAN_POINT('',(1.546939600152,2.199997141879));
#3603 = CARTESIAN_POINT('',(1.594519117207,2.199997090749));
#3604 = CARTESIAN_POINT('',(1.64206761502,2.200018700432));
#3605 = CARTESIAN_POINT('',(1.689494043421,2.200061651275));
#3606 = CARTESIAN_POINT('',(1.736723844465,2.200125289939));
#3607 = CARTESIAN_POINT('',(1.783689851699,2.200208674486));
#3608 = CARTESIAN_POINT('',(1.83033283204,2.200310610933));
#3609 = CARTESIAN_POINT('',(1.876599094377,2.200429690219));
#3610 = CARTESIAN_POINT('',(1.922441778387,2.200564334529));
#3611 = CARTESIAN_POINT('',(1.967811656388,2.20071280827));
#3612 = CARTESIAN_POINT('',(2.012689937793,2.200873373015));
#3613 = CARTESIAN_POINT('',(2.057065246179,2.201044270401));
#3614 = CARTESIAN_POINT('',(2.100925962944,2.201223726558));
#3615 = CARTESIAN_POINT('',(2.144268466713,2.201410004769));
#3616 = CARTESIAN_POINT('',(2.187094977212,2.201601424413));
#3617 = CARTESIAN_POINT('',(2.229410906487,2.201796372769));
#3618 = CARTESIAN_POINT('',(2.271228365903,2.201993326676));
#3619 = CARTESIAN_POINT('',(2.312562571486,2.20219085551));
#3620 = CARTESIAN_POINT('',(2.353430013964,2.202387614329));
#3621 = CARTESIAN_POINT('',(2.393849063021,2.202582349005));
#3622 = CARTESIAN_POINT('',(2.433839742506,2.202773896711));
#3623 = CARTESIAN_POINT('',(2.473424640261,2.202961193038));
#3624 = CARTESIAN_POINT('',(2.51262462097,2.203143245946));
#3625 = CARTESIAN_POINT('',(2.551462640098,2.203319154733));
#3626 = CARTESIAN_POINT('',(2.589961204251,2.203488090193));
#3627 = CARTESIAN_POINT('',(2.628142760235,2.203649295467));
#3628 = CARTESIAN_POINT('',(2.666030776336,2.203802089961));
#3629 = CARTESIAN_POINT('',(2.703642675327,2.203945833813));
#3630 = CARTESIAN_POINT('',(2.741004361147,2.204079983461));
#3631 = CARTESIAN_POINT('',(2.778139089867,2.204204041609));
#3632 = CARTESIAN_POINT('',(2.815069353898,2.204317562676));
#3633 = CARTESIAN_POINT('',(2.851816697061,2.204420149692));
#3634 = CARTESIAN_POINT('',(2.88840205075,2.204511453421));
#3635 = CARTESIAN_POINT('',(2.924845903881,2.204591170848));
#3636 = CARTESIAN_POINT('',(2.961168494004,2.204659043772));
#3637 = CARTESIAN_POINT('',(2.997389987886,2.204714857326));
#3638 = CARTESIAN_POINT('',(3.033530622821,2.204758438462));
#3639 = CARTESIAN_POINT('',(3.069610987999,2.204789654395));
#3640 = CARTESIAN_POINT('',(3.105651789946,2.204808410981));
#3641 = CARTESIAN_POINT('',(3.141675578845,2.204814651172));
#3642 = CARTESIAN_POINT('',(3.177701215531,2.204808352973));
#3643 = CARTESIAN_POINT('',(3.21374540402,2.204789536058));
#3644 = CARTESIAN_POINT('',(3.249829882192,2.204758257204));
#3645 = CARTESIAN_POINT('',(3.285974578214,2.204714611187));
#3646 = CARTESIAN_POINT('',(3.322199660653,2.204658731978));
#3647 = CARTESIAN_POINT('',(3.358525209538,2.204590793812));
#3648 = CARTESIAN_POINT('',(3.394971507536,2.204511012312));
#3649 = CARTESIAN_POINT('',(3.431559240876,2.204419645345));
#3650 = CARTESIAN_POINT('',(3.468309482374,2.204316994775));
#3651 = CARTESIAN_POINT('',(3.50524470704,2.204203404717));
#3652 = CARTESIAN_POINT('',(3.542385749296,2.204079273617));
#3653 = CARTESIAN_POINT('',(3.579753963442,2.203945050058));
#3654 = CARTESIAN_POINT('',(3.617371474895,2.203801237153));
#3655 = CARTESIAN_POINT('',(3.655260649547,2.203648394261));
#3656 = CARTESIAN_POINT('',(3.69344375967,2.203487143598));
#3657 = CARTESIAN_POINT('',(3.731943924475,2.203318167242));
#3658 = CARTESIAN_POINT('',(3.770783708915,2.203142221935));
#3659 = CARTESIAN_POINT('',(3.809985553114,2.202960137658));
#3660 = CARTESIAN_POINT('',(3.849572474244,2.202772815291));
#3661 = CARTESIAN_POINT('',(3.889565273308,2.202581247621));
#3662 = CARTESIAN_POINT('',(3.929986525501,2.202386499468));
#3663 = CARTESIAN_POINT('',(3.970856305117,2.202189733868));
#3664 = CARTESIAN_POINT('',(4.01219295908,2.201992205592));
#3665 = CARTESIAN_POINT('',(4.054012965739,2.201795260168));
#3666 = CARTESIAN_POINT('',(4.096331337076,2.20160032935));
#3667 = CARTESIAN_POINT('',(4.139160501342,2.201408935304));
#3668 = CARTESIAN_POINT('',(4.182505664095,2.201222692077));
#3669 = CARTESIAN_POINT('',(4.226369104519,2.201043280073));
#3670 = CARTESIAN_POINT('',(4.270746902021,2.200872437424));
#3671 = CARTESIAN_POINT('',(4.315628235185,2.200711935241));
#3672 = CARTESIAN_POINT('',(4.360998348353,2.20056354273));
#3673 = CARTESIAN_POINT('',(4.406837587648,2.200428997405));
#3674 = CARTESIAN_POINT('',(4.453100100257,2.200310021644));
#3675 = CARTESIAN_POINT('',(4.499740046585,2.200208190067));
#3676 = CARTESIAN_POINT('',(4.546704548382,2.200124910234));
#3677 = CARTESIAN_POINT('',(4.593934355499,2.200061377195));
#3678 = CARTESIAN_POINT('',(4.641361565032,2.200018534458));
#3679 = CARTESIAN_POINT('',(4.688910007534,2.199997035926));
#3680 = CARTESIAN_POINT('',(4.736486200567,2.199997198013));
#3681 = CARTESIAN_POINT('',(4.784030703137,2.200018998004));
#3682 = CARTESIAN_POINT('',(4.831452573448,2.200062077702));
#3683 = CARTESIAN_POINT('',(4.878677133113,2.200125747262));
#3684 = CARTESIAN_POINT('',(4.925637301278,2.200209032031));
#3685 = CARTESIAN_POINT('',(4.972273998972,2.200310710237));
#3686 = CARTESIAN_POINT('',(5.018533874556,2.200429351205));
#3687 = CARTESIAN_POINT('',(5.064370279563,2.200563361147));
#3688 = CARTESIAN_POINT('',(5.109735241507,2.200710998699));
#3689 = CARTESIAN_POINT('',(5.154605786505,2.200870506393));
#3690 = CARTESIAN_POINT('',(5.198973981983,2.201040136933));
#3691 = CARTESIAN_POINT('',(5.242827423066,2.201218119187));
#3692 = CARTESIAN_POINT('',(5.286162818926,2.201402727484));
#3693 = CARTESIAN_POINT('',(5.328982282169,2.201592293868));
#3694 = CARTESIAN_POINT('',(5.371291556857,2.201785223427));
#3695 = CARTESIAN_POINT('',(5.413102304154,2.201980009874));
#3696 = CARTESIAN_POINT('',(5.45443001014,2.202175243991));
#3697 = CARTESIAN_POINT('',(5.495291125263,2.202369602631));
#3698 = CARTESIAN_POINT('',(5.535704221934,2.202561855476));
#3699 = CARTESIAN_POINT('',(5.57568859999,2.202750859732));
#3700 = CARTESIAN_POINT('',(5.615269327255,2.202935585326));
#3701 = CARTESIAN_POINT('',(5.654449189,2.203114981573));
#3702 = CARTESIAN_POINT('',(5.693260073494,2.203288215025));
#3703 = CARTESIAN_POINT('',(5.731729329015,2.203454504586));
#3704 = CARTESIAN_POINT('',(5.769882946377,2.203613133354));
#3705 = CARTESIAN_POINT('',(5.807745175648,2.203763443423));
#3706 = CARTESIAN_POINT('',(5.845339037848,2.20390483517));
#3707 = CARTESIAN_POINT('',(5.882686545354,2.204036765257));
#3708 = CARTESIAN_POINT('',(5.919808957764,2.20415874489));
#3709 = CARTESIAN_POINT('',(5.956726994302,2.204270337926));
#3710 = CARTESIAN_POINT('',(5.993461032041,2.204371158934));
#3711 = CARTESIAN_POINT('',(6.030031289508,2.204460871179));
#3712 = CARTESIAN_POINT('',(6.066458002839,2.204539184541));
#3713 = CARTESIAN_POINT('',(6.102761597247,2.204605853346));
#3714 = CARTESIAN_POINT('',(6.138962862657,2.204660674211));
#3715 = CARTESIAN_POINT('',(6.175083118061,2.204703483467));
#3716 = CARTESIAN_POINT('',(6.211144435905,2.204734155829));
#3717 = CARTESIAN_POINT('',(6.247169670523,2.204752598078));
#3718 = CARTESIAN_POINT('',(6.271178725217,2.204756706694));
#3719 = CARTESIAN_POINT('',(6.28318530718,2.20475670415));
#3720 = ( GEOMETRIC_REPRESENTATION_CONTEXT(2) 
PARAMETRIC_REPRESENTATION_CONTEXT() REPRESENTATION_CONTEXT('2D SPACE',''
  ) );
#3721 = PCURVE('',#116,#3722);
#3722 = DEFINITIONAL_REPRESENTATION('',(#3723),#3881);
#3723 = B_SPLINE_CURVE_WITH_KNOTS('',3,(#3724,#3725,#3726,#3727,#3728,
    #3729,#3730,#3731,#3732,#3733,#3734,#3735,#3736,#3737,#3738,#3739,
    #3740,#3741,#3742,#3743,#3744,#3745,#3746,#3747,#3748,#3749,#3750,
    #3751,#3752,#3753,#3754,#3755,#3756,#3757,#3758,#3759,#3760,#3761,
    #3762,#3763,#3764,#3765,#3766,#3767,#3768,#3769,#3770,#3771,#3772,
    #3773,#3774,#3775,#3776,#3777,#3778,#3779,#3780,#3781,#3782,#3783,
    #3784,#3785,#3786,#3787,#3788,#3789,#3790,#3791,#3792,#3793,#3794,
    #3795,#3796,#3797,#3798,#3799,#3800,#3801,#3802,#3803,#3804,#3805,
    #3806,#3807,#3808,#3809,#3810,#3811,#3812,#3813,#3814,#3815,#3816,
    #3817,#3818,#3819,#3820,#3821,#3822,#3823,#3824,#3825,#3826,#3827,
    #3828,#3829,#3830,#3831,#3832,#3833,#3834,#3835,#3836,#3837,#3838,
    #3839,#3840,#3841,#3842,#3843,#3844,#3845,#3846,#3847,#3848,#3849,
    #3850,#3851,#3852,#3853,#3854,#3855,#3856,#3857,#3858,#3859,#3860,
    #3861,#3862,#3863,#3864,#3865,#3866,#3867,#3868,#3869,#3870,#3871,
    #3872,#3873,#3874,#3875,#3876,#3877,#3878,#3879,#3880),
  .UNSPECIFIED.,.T.,.F.,(4,1,1,1,1,1,1,1,1,1,1,1,1,1,1,1,1,1,1,1,1,1,1,1
    ,1,1,1,1,1,1,1,1,1,1,1,1,1,1,1,1,1,1,1,1,1,1,1,1,1,1,1,1,1,1,1,1,1,1
    ,1,1,1,1,1,1,1,1,1,1,1,1,1,1,1,1,1,1,1,1,1,1,1,1,1,1,1,1,1,1,1,1,1,1
    ,1,1,1,1,1,1,1,1,1,1,1,1,1,1,1,1,1,1,1,1,1,1,1,1,1,1,1,1,1,1,1,1,1,1
    ,1,1,1,1,1,1,1,1,1,1,1,1,1,1,1,1,1,1,1,1,1,1,1,1,1,1,1,1,4),(0.,
    8.658672459367E-03,1.731734491873E-02,2.59760173781E-02,
    3.463468983747E-02,4.329336229684E-02,5.19520347562E-02,
    6.061070721557E-02,6.926937967494E-02,7.792805213431E-02,
    8.658672459367E-02,9.524539705304E-02,0.103904069512,0.112562741972,
    0.121221414431,0.129880086891,0.13853875935,0.147197431809,
    0.155856104269,0.164514776728,0.173173449187,0.181832121647,
    0.190490794106,0.199149466565,0.207808139025,0.216466811484,
    0.225125483944,0.233784156403,0.242442828862,0.251101501322,
    0.259760173781,0.26841884624,0.2770775187,0.285736191159,
    0.294394863618,0.303053536078,0.311712208537,0.320370880997,
    0.329029553456,0.337688225915,0.346346898375,0.355005570834,
    0.363664243293,0.372322915753,0.380981588212,0.389640260672,
    0.398298933131,0.40695760559,0.41561627805,0.424274950509,
    0.432933622968,0.441592295428,0.450250967887,0.458909640346,
    0.467568312806,0.476226985265,0.484885657725,0.493544330184,
    0.502203002643,0.510861675103,0.519520347562,0.528179020021,
    0.536837692481,0.54549636494,0.5541550374,0.562813709859,
    0.571472382318,0.580131054778,0.588789727237,0.597448399696,
    0.606107072156,0.614765744615,0.623424417074,0.632083089534,
    0.640741761993,0.649400434453,0.658059106912,0.666717779371,
    0.675376451831,0.68403512429,0.692693796749,0.701352469209,
    0.710011141668,0.718669814127,0.727328486587,0.735987159046,
    0.744645831506,0.753304503965,0.761963176424,0.770621848884,
    0.779280521343,0.787939193802,0.796597866262,0.805256538721,
    0.813915211181,0.82257388364,0.831232556099,0.839891228559,
    0.848549901018,0.857208573477,0.865867245937,0.874525918396,
    0.883184590855,0.891843263315,0.900501935774,0.909160608234,
    0.917819280693,0.926477953152,0.935136625612,0.943795298071,
    0.95245397053,0.96111264299,0.969771315449,0.978429987909,
    0.987088660368,0.995747332827,1.004406005287,1.013064677746,
    1.021723350205,1.030382022665,1.039040695124,1.047699367583,
    1.056358040043,1.065016712502,1.073675384962,1.082334057421,
    1.09099272988,1.09965140234,1.108310074799,1.116968747258,
    1.125627419718,1.134286092177,1.142944764637,1.151603437096,
    1.160262109555,1.168920782015,1.177579454474,1.186238126933,
    1.194896799393,1.203555471852,1.212214144311,1.220872816771,
    1.22953148923,1.23819016169,1.246848834149,1.255507506608,
    1.264166179068,1.272824851527,1.281483523986,1.290142196446,
    1.298800868905,1.307459541364,1.316118213824,1.324776886283,
    1.333435558743),.QUASI_UNIFORM_KNOTS.);
#3724 = CARTESIAN_POINT('',(4.,7.407353451512));
#3725 = CARTESIAN_POINT('',(4.02041422045,7.407353449497));
#3726 = CARTESIAN_POINT('',(4.061235628829,7.407347512574));
#3727 = CARTESIAN_POINT('',(4.122407713193,7.40732078726));
#3728 = CARTESIAN_POINT('',(4.183481843613,7.407276229658));
#3729 = CARTESIAN_POINT('',(4.244416577206,7.407213796277));
#3730 = CARTESIAN_POINT('',(4.305168109164,7.407133426294));
#3731 = CARTESIAN_POINT('',(4.365689915002,7.407035040679));
#3732 = CARTESIAN_POINT('',(4.425932802645,7.406918544965));
#3733 = CARTESIAN_POINT('',(4.485844855342,7.40678383073));
#3734 = CARTESIAN_POINT('',(4.545371400686,7.406630777056));
#3735 = CARTESIAN_POINT('',(4.604454965631,7.406459251611));
#3736 = CARTESIAN_POINT('',(4.663035224725,7.4062691114));
#3737 = CARTESIAN_POINT('',(4.721048934758,7.40606020314));
#3738 = CARTESIAN_POINT('',(4.778429857904,7.405832363223));
#3739 = CARTESIAN_POINT('',(4.835108653777,7.405585417332));
#3740 = CARTESIAN_POINT('',(4.89101279874,7.405319179247));
#3741 = CARTESIAN_POINT('',(4.946066300684,7.405033450512));
#3742 = CARTESIAN_POINT('',(5.000190060059,7.404728014517));
#3743 = CARTESIAN_POINT('',(5.053299687891,7.404402648994));
#3744 = CARTESIAN_POINT('',(5.105312669044,7.404057067141));
#3745 = CARTESIAN_POINT('',(5.15609952368,7.403691265708));
#3746 = CARTESIAN_POINT('',(5.205552708925,7.403305093355));
#3747 = CARTESIAN_POINT('',(5.253552763417,7.4028984543));
#3748 = CARTESIAN_POINT('',(5.299972194376,7.402471300539));
#3749 = CARTESIAN_POINT('',(5.344674972,7.402023644938));
#3750 = CARTESIAN_POINT('',(5.387517646441,7.401555564569));
#3751 = CARTESIAN_POINT('',(5.428348367136,7.401067222314));
#3752 = CARTESIAN_POINT('',(5.46700441762,7.400558931924));
#3753 = CARTESIAN_POINT('',(5.503317763686,7.400031121845));
#3754 = CARTESIAN_POINT('',(5.537114261021,7.399484383908));
#3755 = CARTESIAN_POINT('',(5.56821603572,7.398919497552));
#3756 = CARTESIAN_POINT('',(5.596446770624,7.398337390349));
#3757 = CARTESIAN_POINT('',(5.621632333911,7.397739169621));
#3758 = CARTESIAN_POINT('',(5.643595298927,7.397126407299));
#3759 = CARTESIAN_POINT('',(5.662176160919,7.396500797287));
#3760 = CARTESIAN_POINT('',(5.677231962265,7.395864240998));
#3761 = CARTESIAN_POINT('',(5.688640819205,7.395218828649));
#3762 = CARTESIAN_POINT('',(5.696305517291,7.394566855801));
#3763 = CARTESIAN_POINT('',(5.700157545317,7.393910801725));
#3764 = CARTESIAN_POINT('',(5.700162921454,7.393253423754));
#3765 = CARTESIAN_POINT('',(5.696321985714,7.392597031149));
#3766 = CARTESIAN_POINT('',(5.688668893499,7.391944358509));
#3767 = CARTESIAN_POINT('',(5.677271749175,7.391297873528));
#3768 = CARTESIAN_POINT('',(5.662227186632,7.390659878905));
#3769 = CARTESIAN_POINT('',(5.643656587996,7.390032485897));
#3770 = CARTESIAN_POINT('',(5.621702845369,7.389417631402));
#3771 = CARTESIAN_POINT('',(5.596525736651,7.388817050474));
#3772 = CARTESIAN_POINT('',(5.568304726332,7.38823238483));
#3773 = CARTESIAN_POINT('',(5.537214041498,7.387664758223));
#3774 = CARTESIAN_POINT('',(5.503428139888,7.387115092573));
#3775 = CARTESIAN_POINT('',(5.467125329671,7.386584207126));
#3776 = CARTESIAN_POINT('',(5.428479565645,7.386072720965));
#3777 = CARTESIAN_POINT('',(5.387658934623,7.38558109244));
#3778 = CARTESIAN_POINT('',(5.344825986195,7.385109661516));
#3779 = CARTESIAN_POINT('',(5.300132835889,7.384658620239));
#3780 = CARTESIAN_POINT('',(5.253722795012,7.384228068546));
#3781 = CARTESIAN_POINT('',(5.205731857581,7.383818042286));
#3782 = CARTESIAN_POINT('',(5.156287613297,7.383428515315));
#3783 = CARTESIAN_POINT('',(5.105509173801,7.383059410358));
#3784 = CARTESIAN_POINT('',(5.053505619723,7.382710600832));
#3785 = CARTESIAN_POINT('',(5.000381671123,7.382381955665));
#3786 = CARTESIAN_POINT('',(4.946233075669,7.38207330879));
#3787 = CARTESIAN_POINT('',(4.891149804586,7.381784490751));
#3788 = CARTESIAN_POINT('',(4.835216146082,7.381515326669));
#3789 = CARTESIAN_POINT('',(4.778509494842,7.381265631557));
#3790 = CARTESIAN_POINT('',(4.721111292339,7.381035259349));
#3791 = CARTESIAN_POINT('',(4.66308547929,7.380824012914));
#3792 = CARTESIAN_POINT('',(4.604495416981,7.380631722037));
#3793 = CARTESIAN_POINT('',(4.545401644956,7.380458230337));
#3794 = CARTESIAN_POINT('',(4.485862610659,7.380303397052));
#3795 = CARTESIAN_POINT('',(4.425934591341,7.380167095303));
#3796 = CARTESIAN_POINT('',(4.365671819549,7.380049211762));
#3797 = CARTESIAN_POINT('',(4.305126546614,7.379949646411));
#3798 = CARTESIAN_POINT('',(4.244349095166,7.379868312735));
#3799 = CARTESIAN_POINT('',(4.183387962118,7.379805138273));
#3800 = CARTESIAN_POINT('',(4.122289675357,7.379760065523));
#3801 = CARTESIAN_POINT('',(4.061099529717,7.379733053249));
#3802 = CARTESIAN_POINT('',(3.999858996726,7.379724078033));
#3803 = CARTESIAN_POINT('',(3.93861550454,7.379733136646));
#3804 = CARTESIAN_POINT('',(3.877420165716,7.379760235976));
#3805 = CARTESIAN_POINT('',(3.816315866817,7.37980540033));
#3806 = CARTESIAN_POINT('',(3.755349254695,7.379868670377));
#3807 = CARTESIAN_POINT('',(3.694567586876,7.379950102237));
#3808 = CARTESIAN_POINT('',(3.634019630145,7.380049766995));
#3809 = CARTESIAN_POINT('',(3.573755511454,7.380167750469));
#3810 = CARTESIAN_POINT('',(3.513826748561,7.380304153684));
#3811 = CARTESIAN_POINT('',(3.454286646643,7.380459092344));
#3812 = CARTESIAN_POINT('',(3.395189088538,7.380632701752));
#3813 = CARTESIAN_POINT('',(3.336593810861,7.38082512182));
#3814 = CARTESIAN_POINT('',(3.278563243603,7.381036503824));
#3815 = CARTESIAN_POINT('',(3.221162534361,7.38126701101));
#3816 = CARTESIAN_POINT('',(3.164460824094,7.381516814749));
#3817 = CARTESIAN_POINT('',(3.108532090085,7.381786089398));
#3818 = CARTESIAN_POINT('',(3.053454326056,7.38207501841));
#3819 = CARTESIAN_POINT('',(2.999311668059,7.382383777302));
#3820 = CARTESIAN_POINT('',(2.946194210977,7.382712534962));
#3821 = CARTESIAN_POINT('',(2.894197646017,7.383061457843));
#3822 = CARTESIAN_POINT('',(2.84342682675,7.383430676513));
#3823 = CARTESIAN_POINT('',(2.793990871057,7.383820317171));
#3824 = CARTESIAN_POINT('',(2.746008866513,7.384230457437));
#3825 = CARTESIAN_POINT('',(2.699608467236,7.384661123044));
#3826 = CARTESIAN_POINT('',(2.654925721212,7.385112277805));
#3827 = CARTESIAN_POINT('',(2.612104163101,7.385583819123));
#3828 = CARTESIAN_POINT('',(2.571295614645,7.386075558145));
#3829 = CARTESIAN_POINT('',(2.532662856164,7.386587152218));
#3830 = CARTESIAN_POINT('',(2.496373929537,7.387118143208));
#3831 = CARTESIAN_POINT('',(2.462603010495,7.387667907805));
#3832 = CARTESIAN_POINT('',(2.431527871447,7.388235636385));
#3833 = CARTESIAN_POINT('',(2.40332510253,7.388820363047));
#3834 = CARTESIAN_POINT('',(2.378168608119,7.389420949946));
#3835 = CARTESIAN_POINT('',(2.356235477456,7.39003579821));
#3836 = CARTESIAN_POINT('',(2.337685034671,7.390663186598));
#3837 = CARTESIAN_POINT('',(2.322660039013,7.391301189604));
#3838 = CARTESIAN_POINT('',(2.311282191263,7.391947696219));
#3839 = CARTESIAN_POINT('',(2.303648518002,7.392600393799));
#3840 = CARTESIAN_POINT('',(2.29982733115,7.393256792298));
#3841 = CARTESIAN_POINT('',(2.299852401504,7.393914123339));
#3842 = CARTESIAN_POINT('',(2.303723108265,7.394570078105));
#3843 = CARTESIAN_POINT('',(2.311405032592,7.395221929825));
#3844 = CARTESIAN_POINT('',(2.322829802362,7.39586722136));
#3845 = CARTESIAN_POINT('',(2.337900562102,7.396503668489));
#3846 = CARTESIAN_POINT('',(2.356495776885,7.39712918377));
#3847 = CARTESIAN_POINT('',(2.378472578388,7.397741860159));
#3848 = CARTESIAN_POINT('',(2.40367120186,7.398339993626));
#3849 = CARTESIAN_POINT('',(2.43191311086,7.398921988711));
#3850 = CARTESIAN_POINT('',(2.463021261634,7.399486699347));
#3851 = CARTESIAN_POINT('',(2.496823290578,7.400033278965));
#3852 = CARTESIAN_POINT('',(2.533140425404,7.400560929456));
#3853 = CARTESIAN_POINT('',(2.571798998637,7.401069066204));
#3854 = CARTESIAN_POINT('',(2.612630881834,7.401557258921));
#3855 = CARTESIAN_POINT('',(2.655473924689,7.402025199402));
#3856 = CARTESIAN_POINT('',(2.700175636979,7.402472716919));
#3857 = CARTESIAN_POINT('',(2.746593045088,7.402899739315));
#3858 = CARTESIAN_POINT('',(2.794590185103,7.403306253555));
#3859 = CARTESIAN_POINT('',(2.844039827417,7.403692308921));
#3860 = CARTESIAN_POINT('',(2.894821941442,7.404057996719));
#3861 = CARTESIAN_POINT('',(2.946830969699,7.404403481404));
#3862 = CARTESIAN_POINT('',(2.999937502227,7.404728763493));
#3863 = CARTESIAN_POINT('',(3.054056581219,7.405034114478));
#3864 = CARTESIAN_POINT('',(3.109104688867,7.405319762399));
#3865 = CARTESIAN_POINT('',(3.165002692494,7.405585923616));
#3866 = CARTESIAN_POINT('',(3.22167479179,7.405832797615));
#3867 = CARTESIAN_POINT('',(3.279048576193,7.406060571011));
#3868 = CARTESIAN_POINT('',(3.337054819947,7.406269418436));
#3869 = CARTESIAN_POINT('',(3.395627378819,7.406459503625));
#3870 = CARTESIAN_POINT('',(3.454703087154,7.406630979867));
#3871 = CARTESIAN_POINT('',(3.514221678681,7.40678399007));
#3872 = CARTESIAN_POINT('',(3.574125720857,7.406918666415));
#3873 = CARTESIAN_POINT('',(3.634360562349,7.407035129629));
#3874 = CARTESIAN_POINT('',(3.694874287546,7.407133487942));
#3875 = CARTESIAN_POINT('',(3.755617685096,7.407213835645));
#3876 = CARTESIAN_POINT('',(3.816544190705,7.407276251642));
#3877 = CARTESIAN_POINT('',(3.877609938388,7.4073207967));
#3878 = CARTESIAN_POINT('',(3.938773405301,7.407347514336));
#3879 = CARTESIAN_POINT('',(3.979588840142,7.407353449507));
#3880 = CARTESIAN_POINT('',(4.,7.407353451512));
#3881 = ( GEOMETRIC_REPRESENTATION_CONTEXT(2) 
PARAMETRIC_REPRESENTATION_CONTEXT() REPRESENTATION_CONTEXT('2D SPACE',''
  ) );
#3882 = ORIENTED_EDGE('',*,*,#3418,.T.);
#3883 = ADVANCED_FACE('',(#3884),#2797,.F.);
#3884 = FACE_BOUND('',#3885,.F.);
#3885 = EDGE_LOOP('',(#3886,#3887,#3910,#4352));
#3886 = ORIENTED_EDGE('',*,*,#2520,.T.);
#3887 = ORIENTED_EDGE('',*,*,#3888,.F.);
#3888 = EDGE_CURVE('',#3889,#2521,#3891,.T.);
#3889 = VERTEX_POINT('',#3890);
#3890 = CARTESIAN_POINT('',(-23.35775530853,116.05089973248,4.));
#3891 = SEAM_CURVE('',#3892,(#3896,#3903),.PCURVE_S1.);
#3892 = LINE('',#3893,#3894);
#3893 = CARTESIAN_POINT('',(-25.27134885481,117.17294046995,4.));
#3894 = VECTOR('',#3895,1.);
#3895 = DIRECTION('',(0.862643091921,-0.505813103785,1.232595164408E-32)
  );
#3896 = PCURVE('',#2797,#3897);
#3897 = DEFINITIONAL_REPRESENTATION('',(#3898),#3902);
#3898 = LINE('',#3899,#3900);
#3899 = CARTESIAN_POINT('',(0.,-0.));
#3900 = VECTOR('',#3901,1.);
#3901 = DIRECTION('',(0.,1.));
#3902 = ( GEOMETRIC_REPRESENTATION_CONTEXT(2) 
PARAMETRIC_REPRESENTATION_CONTEXT() REPRESENTATION_CONTEXT('2D SPACE',''
  ) );
#3903 = PCURVE('',#2797,#3904);
#3904 = DEFINITIONAL_REPRESENTATION('',(#3905),#3909);
#3905 = LINE('',#3906,#3907);
#3906 = CARTESIAN_POINT('',(6.28318530718,-0.));
#3907 = VECTOR('',#3908,1.);
#3908 = DIRECTION('',(0.,1.));
#3909 = ( GEOMETRIC_REPRESENTATION_CONTEXT(2) 
PARAMETRIC_REPRESENTATION_CONTEXT() REPRESENTATION_CONTEXT('2D SPACE',''
  ) );
#3910 = ORIENTED_EDGE('',*,*,#3911,.T.);
#3911 = EDGE_CURVE('',#3889,#3889,#3912,.T.);
#3912 = SURFACE_CURVE('',#3913,(#4030,#4191),.PCURVE_S1.);
#3913 = B_SPLINE_CURVE_WITH_KNOTS('',7,(#3914,#3915,#3916,#3917,#3918,
    #3919,#3920,#3921,#3922,#3923,#3924,#3925,#3926,#3927,#3928,#3929,
    #3930,#3931,#3932,#3933,#3934,#3935,#3936,#3937,#3938,#3939,#3940,
    #3941,#3942,#3943,#3944,#3945,#3946,#3947,#3948,#3949,#3950,#3951,
    #3952,#3953,#3954,#3955,#3956,#3957,#3958,#3959,#3960,#3961,#3962,
    #3963,#3964,#3965,#3966,#3967,#3968,#3969,#3970,#3971,#3972,#3973,
    #3974,#3975,#3976,#3977,#3978,#3979,#3980,#3981,#3982,#3983,#3984,
    #3985,#3986,#3987,#3988,#3989,#3990,#3991,#3992,#3993,#3994,#3995,
    #3996,#3997,#3998,#3999,#4000,#4001,#4002,#4003,#4004,#4005,#4006,
    #4007,#4008,#4009,#4010,#4011,#4012,#4013,#4014,#4015,#4016,#4017,
    #4018,#4019,#4020,#4021,#4022,#4023,#4024,#4025,#4026,#4027,#4028,
    #4029),.UNSPECIFIED.,.T.,.F.,(8,6,6,6,6,6,6,6,6,6,6,6,6,6,6,6,6,6,6,
    8),(0.,0.160383474229,0.217561685991,0.262344749548,0.333074640151,
    0.405470276804,0.449928070471,0.506961259416,0.550123058983,
    0.58240855402,0.667122151397,0.783042670874,0.826186333153,
    0.88316571064,0.927506497777,1.,1.071611731742,1.116210386736,
    1.17330317775,1.333345155396),.UNSPECIFIED.);
#3914 = CARTESIAN_POINT('',(-23.35775530853,116.05089973248,4.));
#3915 = CARTESIAN_POINT('',(-23.35775530853,116.05089973248,
    3.837933082322));
#3916 = CARTESIAN_POINT('',(-23.34896855894,116.06664213804,
    3.676058171172));
#3917 = CARTESIAN_POINT('',(-23.33142907333,116.09806561529,
    3.515433190244));
#3918 = CARTESIAN_POINT('',(-23.30492223568,116.1455054824,
    3.357460094077));
#3919 = CARTESIAN_POINT('',(-23.26912701063,116.20943337957,
    3.203945775111));
#3920 = CARTESIAN_POINT('',(-23.22370209248,116.29029682802,
    3.057043503153));
#3921 = CARTESIAN_POINT('',(-23.14821131308,116.42406318453,
    2.870492697945));
#3922 = CARTESIAN_POINT('',(-23.12708343442,116.46145349372,
    2.822686291441));
#3923 = CARTESIAN_POINT('',(-23.10464912418,116.50110043451,
    2.776238776738));
#3924 = CARTESIAN_POINT('',(-23.08089361491,116.54301778623,
    2.73130996089));
#3925 = CARTESIAN_POINT('',(-23.05580844098,116.58720693287,
    2.688079807321));
#3926 = CARTESIAN_POINT('',(-23.02939393695,116.63365265431,
    2.646745958855));
#3927 = CARTESIAN_POINT('',(-22.97994134832,116.72043526092,
    2.576799730745));
#3928 = CARTESIAN_POINT('',(-22.95741389725,116.75991155543,
    2.547373854434));
#3929 = CARTESIAN_POINT('',(-22.93408650103,116.80072789488,
    2.519346969405));
#3930 = CARTESIAN_POINT('',(-22.90997274352,116.84285264847,
    2.492830964155));
#3931 = CARTESIAN_POINT('',(-22.88509436597,116.88623982798,
    2.46794281223));
#3932 = CARTESIAN_POINT('',(-22.85948295893,116.93082645493,
    2.444801106381));
#3933 = CARTESIAN_POINT('',(-22.79164165527,117.04871350327,
    2.389915536267));
#3934 = CARTESIAN_POINT('',(-22.74836387522,117.12371232044,
    2.360942107019));
#3935 = CARTESIAN_POINT('',(-22.70354578254,117.20115303213,
    2.337092258796));
#3936 = CARTESIAN_POINT('',(-22.65744386214,117.28056364223,
    2.318800435975));
#3937 = CARTESIAN_POINT('',(-22.61038006477,117.36136687865,
    2.306416966573));
#3938 = CARTESIAN_POINT('',(-22.56274759001,117.44287498449,
    2.300153456363));
#3939 = CARTESIAN_POINT('',(-22.46616029835,117.60761416311,
    2.299847349048));
#3940 = CARTESIAN_POINT('',(-22.41715198571,117.69092379035,
    2.306095866297));
#3941 = CARTESIAN_POINT('',(-22.36848786583,117.77336508052,
    2.318760522952));
#3942 = CARTESIAN_POINT('',(-22.32060144899,117.85421353878,
    2.337617627496));
#3943 = CARTESIAN_POINT('',(-22.27386314273,117.93286528922,
    2.362291575475));
#3944 = CARTESIAN_POINT('',(-22.22858111127,118.00883091961,
    2.392311873087));
#3945 = CARTESIAN_POINT('',(-22.15824159005,118.12649338156,
    2.448532002951));
#3946 = CARTESIAN_POINT('',(-22.13211314958,118.17011796319,
    2.471743400575));
#3947 = CARTESIAN_POINT('',(-22.10666621799,118.21252720508,
    2.49666240361));
#3948 = CARTESIAN_POINT('',(-22.08193856757,118.25366565225,
    2.523173142884));
#3949 = CARTESIAN_POINT('',(-22.05795841141,118.29349406546,
    2.551161562206));
#3950 = CARTESIAN_POINT('',(-22.03474580508,118.33198676666,
    2.580518692643));
#3951 = CARTESIAN_POINT('',(-21.9835372125,118.41677730293,
    2.650431858616));
#3952 = CARTESIAN_POINT('',(-21.95604756351,118.46219957816,
    2.691803765751));
#3953 = CARTESIAN_POINT('',(-21.92987013439,118.50536984535,
    2.735049418833));
#3954 = CARTESIAN_POINT('',(-21.90501773034,118.54628162657,
    2.779973717199));
#3955 = CARTESIAN_POINT('',(-21.88149328699,118.58494379269,
    2.826399068307));
#3956 = CARTESIAN_POINT('',(-21.85929222877,118.6213764254,
    2.874167767137));
#3957 = CARTESIAN_POINT('',(-21.82259757798,118.68151158455,
    2.960209084715));
#3958 = CARTESIAN_POINT('',(-21.80754353216,118.70615377078,
    2.997963772338));
#3959 = CARTESIAN_POINT('',(-21.7932385685,118.72954487559,
    3.036348618349));
#3960 = CARTESIAN_POINT('',(-21.77967814983,118.75169682573,
    3.075308126085));
#3961 = CARTESIAN_POINT('',(-21.76685732321,118.77262183707,
    3.114791122345));
#3962 = CARTESIAN_POINT('',(-21.75477071989,118.79233241462,
    3.15475075739));
#3963 = CARTESIAN_POINT('',(-21.73491652482,118.82468623916,
    3.225359466991));
#3964 = CARTESIAN_POINT('',(-21.72682821997,118.83785854508,
    3.255816983924));
#3965 = CARTESIAN_POINT('',(-21.71914534003,118.85036342912,
    3.286499091073));
#3966 = CARTESIAN_POINT('',(-21.71186567111,118.86220579836,
    3.317388693156));
#3967 = CARTESIAN_POINT('',(-21.7049870862,118.87339030808,
    3.348469564278));
#3968 = CARTESIAN_POINT('',(-21.69850754511,118.8839213618,
    3.379726347934));
#3969 = CARTESIAN_POINT('',(-21.67646541138,118.91973173774,
    3.493582491135));
#3970 = CARTESIAN_POINT('',(-21.66324104375,118.94118773045,
    3.577124566807));
#3971 = CARTESIAN_POINT('',(-21.65271441757,118.95824989303,
    3.661517960941));
#3972 = CARTESIAN_POINT('',(-21.64485932108,118.97097358571,
    3.746528549203));
#3973 = CARTESIAN_POINT('',(-21.6396571982,118.97939726282,
    3.831937784843));
#3974 = CARTESIAN_POINT('',(-21.6370972715,118.98354253769,
    3.917540639137));
#3975 = CARTESIAN_POINT('',(-21.63729437584,118.98322336785,
    4.120283484576));
#3976 = CARTESIAN_POINT('',(-21.64235747835,118.97502471054,
    4.237378631217));
#3977 = CARTESIAN_POINT('',(-21.65236498169,118.95881940058,
    4.353966268392));
#3978 = CARTESIAN_POINT('',(-21.66736084793,118.93452111217,
    4.469516124924));
#3979 = CARTESIAN_POINT('',(-21.68740988671,118.90199483857,
    4.583430931565));
#3980 = CARTESIAN_POINT('',(-21.7125960728,118.86105791963,
    4.695035376532));
#3981 = CARTESIAN_POINT('',(-21.75438048157,118.79296873082,
    4.84394351289));
#3982 = CARTESIAN_POINT('',(-21.76644156078,118.77330023779,
    4.883899749309));
#3983 = CARTESIAN_POINT('',(-21.77923612829,118.75241860942,
    4.923380815743));
#3984 = CARTESIAN_POINT('',(-21.79276954873,118.73031135926,
    4.962339992959));
#3985 = CARTESIAN_POINT('',(-21.80704677734,118.70696628032,
    5.000726254498));
#3986 = CARTESIAN_POINT('',(-21.82207235991,118.68237144507,
    5.038484266674));
#3987 = CARTESIAN_POINT('',(-21.8586883665,118.62236714379,
    5.124512505659));
#3988 = CARTESIAN_POINT('',(-21.88083734566,118.58602128906,
    5.172267629715));
#3989 = CARTESIAN_POINT('',(-21.90430711967,118.54745050159,
    5.21868493533));
#3990 = CARTESIAN_POINT('',(-21.92910233827,118.50663463326,
    5.263607460498));
#3991 = CARTESIAN_POINT('',(-21.95522021565,118.46356462464,
    5.306858452117));
#3992 = CARTESIAN_POINT('',(-21.98264819446,118.41824660216,
    5.34824371149));
#3993 = CARTESIAN_POINT('',(-22.03370610524,118.33371033034,
    5.418144770124));
#3994 = CARTESIAN_POINT('',(-22.05682775728,118.2953708384,5.44747719685
    ));
#3995 = CARTESIAN_POINT('',(-22.08071352561,118.25570190287,
    5.475451570394));
#3996 = CARTESIAN_POINT('',(-22.10534371459,118.21472866714,
    5.50195994779));
#3997 = CARTESIAN_POINT('',(-22.130690592,118.17248962895,5.526889300844
    ));
#3998 = CARTESIAN_POINT('',(-22.15671700763,118.12903925484,
    5.550124724247));
#3999 = CARTESIAN_POINT('',(-22.2269586338,118.01155184052,
    5.606585511346));
#4000 = CARTESIAN_POINT('',(-22.27224712313,117.9355826511,
    5.636800799015));
#4001 = CARTESIAN_POINT('',(-22.31900211814,117.85691039672,
    5.661671441851));
#4002 = CARTESIAN_POINT('',(-22.36692150546,117.77601402863,
    5.680725109988));
#4003 = CARTESIAN_POINT('',(-22.41563684331,117.69349360743,
    5.693578704445));
#4004 = CARTESIAN_POINT('',(-22.46471188969,117.6100777405,
    5.700000509277));
#4005 = CARTESIAN_POINT('',(-22.56197742024,117.44419514114,
    5.699999496871));
#4006 = CARTESIAN_POINT('',(-22.61021411613,117.36165635256,
    5.693732051454));
#4007 = CARTESIAN_POINT('',(-22.65787200249,117.27983286014,
    5.681188887595));
#4008 = CARTESIAN_POINT('',(-22.70454551462,117.19943400208,
    5.662586707338));
#4009 = CARTESIAN_POINT('',(-22.74989996187,117.12105987354,
    5.638287993033));
#4010 = CARTESIAN_POINT('',(-22.79366681086,117.04520457962,
    5.608746934378));
#4011 = CARTESIAN_POINT('',(-22.86177721074,116.9268329317,
    5.553140685664));
#4012 = CARTESIAN_POINT('',(-22.88722911004,116.88251812859,
    5.529960084941));
#4013 = CARTESIAN_POINT('',(-22.91195187025,116.83939711803,
    5.505054625414));
#4014 = CARTESIAN_POINT('',(-22.93591479745,116.79753123002,
    5.47854138486));
#4015 = CARTESIAN_POINT('',(-22.95909681348,116.75696519531,
    5.450535713156));
#4016 = CARTESIAN_POINT('',(-22.98148480405,116.71772971848,
    5.421147873789));
#4017 = CARTESIAN_POINT('',(-23.03070668754,116.63134486455,
    5.351219925821));
#4018 = CARTESIAN_POINT('',(-23.05702699715,116.58506128199,
    5.309864950434));
#4019 = CARTESIAN_POINT('',(-23.08202174465,116.5410283992,
    5.266626157005));
#4020 = CARTESIAN_POINT('',(-23.10569089119,116.49926082207,
    5.221699782728));
#4021 = CARTESIAN_POINT('',(-23.12804305028,116.45975681304,
    5.175264481178));
#4022 = CARTESIAN_POINT('',(-23.14909302794,116.42250243759,
    5.127478899281));
#4023 = CARTESIAN_POINT('',(-23.2242681679,116.2892891171,4.941123907864
    ));
#4024 = CARTESIAN_POINT('',(-23.26949850608,116.2087699052,
    4.794458689207));
#4025 = CARTESIAN_POINT('',(-23.30514212143,116.14511194566,
    4.64122729393));
#4026 = CARTESIAN_POINT('',(-23.33153822445,116.09787006388,
    4.483566348768));
#4027 = CARTESIAN_POINT('',(-23.34900508954,116.06657668885,
    4.32326938389));
#4028 = CARTESIAN_POINT('',(-23.35775530853,116.05089973248,
    4.161729617864));
#4029 = CARTESIAN_POINT('',(-23.35775530853,116.05089973248,4.));
#4030 = PCURVE('',#2797,#4031);
#4031 = DEFINITIONAL_REPRESENTATION('',(#4032),#4190);
#4032 = B_SPLINE_CURVE_WITH_KNOTS('',3,(#4033,#4034,#4035,#4036,#4037,
    #4038,#4039,#4040,#4041,#4042,#4043,#4044,#4045,#4046,#4047,#4048,
    #4049,#4050,#4051,#4052,#4053,#4054,#4055,#4056,#4057,#4058,#4059,
    #4060,#4061,#4062,#4063,#4064,#4065,#4066,#4067,#4068,#4069,#4070,
    #4071,#4072,#4073,#4074,#4075,#4076,#4077,#4078,#4079,#4080,#4081,
    #4082,#4083,#4084,#4085,#4086,#4087,#4088,#4089,#4090,#4091,#4092,
    #4093,#4094,#4095,#4096,#4097,#4098,#4099,#4100,#4101,#4102,#4103,
    #4104,#4105,#4106,#4107,#4108,#4109,#4110,#4111,#4112,#4113,#4114,
    #4115,#4116,#4117,#4118,#4119,#4120,#4121,#4122,#4123,#4124,#4125,
    #4126,#4127,#4128,#4129,#4130,#4131,#4132,#4133,#4134,#4135,#4136,
    #4137,#4138,#4139,#4140,#4141,#4142,#4143,#4144,#4145,#4146,#4147,
    #4148,#4149,#4150,#4151,#4152,#4153,#4154,#4155,#4156,#4157,#4158,
    #4159,#4160,#4161,#4162,#4163,#4164,#4165,#4166,#4167,#4168,#4169,
    #4170,#4171,#4172,#4173,#4174,#4175,#4176,#4177,#4178,#4179,#4180,
    #4181,#4182,#4183,#4184,#4185,#4186,#4187,#4188,#4189),
  .UNSPECIFIED.,.F.,.F.,(4,1,1,1,1,1,1,1,1,1,1,1,1,1,1,1,1,1,1,1,1,1,1,1
    ,1,1,1,1,1,1,1,1,1,1,1,1,1,1,1,1,1,1,1,1,1,1,1,1,1,1,1,1,1,1,1,1,1,1
    ,1,1,1,1,1,1,1,1,1,1,1,1,1,1,1,1,1,1,1,1,1,1,1,1,1,1,1,1,1,1,1,1,1,1
    ,1,1,1,1,1,1,1,1,1,1,1,1,1,1,1,1,1,1,1,1,1,1,1,1,1,1,1,1,1,1,1,1,1,1
    ,1,1,1,1,1,1,1,1,1,1,1,1,1,1,1,1,1,1,1,1,1,1,1,1,1,1,1,1,4),(0.,
    8.658085424649E-03,1.73161708493E-02,2.597425627395E-02,
    3.46323416986E-02,4.329042712325E-02,5.19485125479E-02,
    6.060659797255E-02,6.926468339719E-02,7.792276882184E-02,
    8.658085424649E-02,9.523893967114E-02,0.103897025096,0.11255511052,
    0.121213195945,0.12987128137,0.138529366794,0.147187452219,
    0.155845537644,0.164503623068,0.173161708493,0.181819793918,
    0.190477879342,0.199135964767,0.207794050192,0.216452135616,
    0.225110221041,0.233768306466,0.24242639189,0.251084477315,
    0.259742562739,0.268400648164,0.277058733589,0.285716819013,
    0.294374904438,0.303032989863,0.311691075287,0.320349160712,
    0.329007246137,0.337665331561,0.346323416986,0.354981502411,
    0.363639587835,0.37229767326,0.380955758685,0.389613844109,
    0.398271929534,0.406930014959,0.415588100383,0.424246185808,
    0.432904271232,0.441562356657,0.450220442082,0.458878527506,
    0.467536612931,0.476194698356,0.48485278378,0.493510869205,
    0.50216895463,0.510827040054,0.519485125479,0.528143210904,
    0.536801296328,0.545459381753,0.554117467178,0.562775552602,
    0.571433638027,0.580091723452,0.588749808876,0.597407894301,
    0.606065979725,0.61472406515,0.623382150575,0.632040235999,
    0.640698321424,0.649356406849,0.658014492273,0.666672577698,
    0.675330663123,0.683988748547,0.692646833972,0.701304919397,
    0.709963004821,0.718621090246,0.727279175671,0.735937261095,
    0.74459534652,0.753253431944,0.761911517369,0.770569602794,
    0.779227688218,0.787885773643,0.796543859068,0.805201944492,
    0.813860029917,0.822518115342,0.831176200766,0.839834286191,
    0.848492371616,0.85715045704,0.865808542465,0.87446662789,
    0.883124713314,0.891782798739,0.900440884164,0.909098969588,
    0.917757055013,0.926415140437,0.935073225862,0.943731311287,
    0.952389396711,0.961047482136,0.969705567561,0.978363652985,
    0.98702173841,0.995679823835,1.004337909259,1.012995994684,
    1.021654080109,1.030312165533,1.038970250958,1.047628336383,
    1.056286421807,1.064944507232,1.073602592657,1.082260678081,
    1.090918763506,1.09957684893,1.108234934355,1.11689301978,
    1.125551105204,1.134209190629,1.142867276054,1.151525361478,
    1.160183446903,1.168841532328,1.177499617752,1.186157703177,
    1.194815788602,1.203473874026,1.212131959451,1.220790044876,
    1.2294481303,1.238106215725,1.24676430115,1.255422386574,
    1.264080471999,1.272738557423,1.281396642848,1.290054728273,
    1.298712813697,1.307370899122,1.316028984547,1.324687069971,
    1.333345155396),.QUASI_UNIFORM_KNOTS.);
#4033 = CARTESIAN_POINT('',(0.,2.218291161427));
#4034 = CARTESIAN_POINT('',(1.20082751078E-02,2.218291170681));
#4035 = CARTESIAN_POINT('',(3.602062785256E-02,2.21827553284));
#4036 = CARTESIAN_POINT('',(7.205060337355E-02,2.218205335046));
#4037 = CARTESIAN_POINT('',(0.108116518766,2.21808857835));
#4038 = CARTESIAN_POINT('',(0.144241276218,2.21792560545));
#4039 = CARTESIAN_POINT('',(0.180446986623,2.217716876726));
#4040 = CARTESIAN_POINT('',(0.21675499696,2.217462993851));
#4041 = CARTESIAN_POINT('',(0.25318611537,2.217164705286));
#4042 = CARTESIAN_POINT('',(0.289760775627,2.216822916336));
#4043 = CARTESIAN_POINT('',(0.326499212891,2.216438697702));
#4044 = CARTESIAN_POINT('',(0.363421635037,2.216013294174));
#4045 = CARTESIAN_POINT('',(0.400548398582,2.21554813302));
#4046 = CARTESIAN_POINT('',(0.437900191372,2.215044832226));
#4047 = CARTESIAN_POINT('',(0.47549823118,2.214505208485));
#4048 = CARTESIAN_POINT('',(0.513364472352,2.213931285214));
#4049 = CARTESIAN_POINT('',(0.551521877355,2.213325299675));
#4050 = CARTESIAN_POINT('',(0.589994571464,2.21268971265));
#4051 = CARTESIAN_POINT('',(0.628808591121,2.212027207808));
#4052 = CARTESIAN_POINT('',(0.667990607582,2.211340728887));
#4053 = CARTESIAN_POINT('',(0.707574431483,2.210633375042));
#4054 = CARTESIAN_POINT('',(0.747563064329,2.209909111752));
#4055 = CARTESIAN_POINT('',(0.787979999937,2.209171863005));
#4056 = CARTESIAN_POINT('',(0.828845103339,2.208425954965));
#4057 = CARTESIAN_POINT('',(0.870176827214,2.207676071952));
#4058 = CARTESIAN_POINT('',(0.911991681937,2.206927263278));
#4059 = CARTESIAN_POINT('',(0.95430475602,2.206184928244));
#4060 = CARTESIAN_POINT('',(0.997128522833,2.205454837631));
#4061 = CARTESIAN_POINT('',(1.040468283176,2.204743143454));
#4062 = CARTESIAN_POINT('',(1.084326407516,2.204056287889));
#4063 = CARTESIAN_POINT('',(1.128699095326,2.203400974201));
#4064 = CARTESIAN_POINT('',(1.173575570972,2.202784077694));
#4065 = CARTESIAN_POINT('',(1.218941444667,2.20221251145));
#4066 = CARTESIAN_POINT('',(1.264777196519,2.201693121028));
#4067 = CARTESIAN_POINT('',(1.311036843592,2.201232750057));
#4068 = CARTESIAN_POINT('',(1.3576745756,2.200837722429));
#4069 = CARTESIAN_POINT('',(1.404637524498,2.200513766153));
#4070 = CARTESIAN_POINT('',(1.451866446012,2.200265830968));
#4071 = CARTESIAN_POINT('',(1.499293480868,2.200097928625));
#4072 = CARTESIAN_POINT('',(1.546842273322,2.200012974277));
#4073 = CARTESIAN_POINT('',(1.594419857687,2.200012586247));
#4074 = CARTESIAN_POINT('',(1.641966837084,2.200097067691));
#4075 = CARTESIAN_POINT('',(1.689391725956,2.200265400463));
#4076 = CARTESIAN_POINT('',(1.73661995145,2.200515248329));
#4077 = CARTESIAN_POINT('',(1.783584297038,2.200843126005));
#4078 = CARTESIAN_POINT('',(1.830225549811,2.201244536126));
#4079 = CARTESIAN_POINT('',(1.876490090637,2.20171410942));
#4080 = CARTESIAN_POINT('',(1.922331112524,2.202245781842));
#4081 = CARTESIAN_POINT('',(1.967699696755,2.202832838332));
#4082 = CARTESIAN_POINT('',(2.012575551936,2.203468494346));
#4083 = CARTESIAN_POINT('',(2.056948609721,2.204145891753));
#4084 = CARTESIAN_POINT('',(2.100806953944,2.204858059503));
#4085 = CARTESIAN_POINT('',(2.144147095356,2.205598151017));
#4086 = CARTESIAN_POINT('',(2.186971230385,2.206359512464));
#4087 = CARTESIAN_POINT('',(2.229284907604,2.207135738066));
#4088 = CARTESIAN_POINT('',(2.271100083404,2.207920751475));
#4089 = CARTESIAN_POINT('',(2.312432095895,2.208708829996));
#4090 = CARTESIAN_POINT('',(2.353297455452,2.209494574672));
#4091 = CARTESIAN_POINT('',(2.393714555938,2.210272934719));
#4092 = CARTESIAN_POINT('',(2.433703408933,2.211039211147));
#4093 = CARTESIAN_POINT('',(2.473286613714,2.211789089277));
#4094 = CARTESIAN_POINT('',(2.512485075616,2.21251853733));
#4095 = CARTESIAN_POINT('',(2.551321726892,2.213223880307));
#4096 = CARTESIAN_POINT('',(2.589819071303,2.213901728647));
#4097 = CARTESIAN_POINT('',(2.627999639212,2.214548980839));
#4098 = CARTESIAN_POINT('',(2.665886527502,2.215162831376));
#4099 = CARTESIAN_POINT('',(2.703502037856,2.215740718346));
#4100 = CARTESIAN_POINT('',(2.740868518592,2.216280331371));
#4101 = CARTESIAN_POINT('',(2.778008039549,2.216779587909));
#4102 = CARTESIAN_POINT('',(2.814942105931,2.217236628629));
#4103 = CARTESIAN_POINT('',(2.851691320277,2.217649795422));
#4104 = CARTESIAN_POINT('',(2.8882781951,2.218017655707));
#4105 = CARTESIAN_POINT('',(2.924723808833,2.218338950995));
#4106 = CARTESIAN_POINT('',(2.961048847208,2.218612604607));
#4107 = CARTESIAN_POINT('',(2.997273577615,2.218837715063));
#4108 = CARTESIAN_POINT('',(3.033418060998,2.219013553091));
#4109 = CARTESIAN_POINT('',(3.069502408432,2.219139557455));
#4110 = CARTESIAN_POINT('',(3.105546578599,2.219215330859));
#4111 = CARTESIAN_POINT('',(3.141571954117,2.219240635734));
#4112 = CARTESIAN_POINT('',(3.177596278521,2.219215389361));
#4113 = CARTESIAN_POINT('',(3.21363733258,2.219139683275));
#4114 = CARTESIAN_POINT('',(3.249717939652,2.21901375752));
#4115 = CARTESIAN_POINT('',(3.285858728767,2.218838007343));
#4116 = CARTESIAN_POINT('',(3.322080303949,2.218612989717));
#4117 = CARTESIAN_POINT('',(3.358402891097,2.218339429592));
#4118 = CARTESIAN_POINT('',(3.394846651284,2.218018225909));
#4119 = CARTESIAN_POINT('',(3.431431813451,2.217650457356));
#4120 = CARTESIAN_POINT('',(3.46817885788,2.217237387918));
#4121 = CARTESIAN_POINT('',(3.505108704544,2.216780472037));
#4122 = CARTESIAN_POINT('',(3.542242891136,2.216281360024));
#4123 = CARTESIAN_POINT('',(3.579603879389,2.215741901397));
#4124 = CARTESIAN_POINT('',(3.617214980897,2.215164154776));
#4125 = CARTESIAN_POINT('',(3.655101827317,2.21455037214));
#4126 = CARTESIAN_POINT('',(3.693281890609,2.213903187401));
#4127 = CARTESIAN_POINT('',(3.731778798734,2.213225397975));
#4128 = CARTESIAN_POINT('',(3.770614929672,2.212520107165));
#4129 = CARTESIAN_POINT('',(3.809812846041,2.21179070287));
#4130 = CARTESIAN_POINT('',(3.849395439162,2.21104086024));
#4131 = CARTESIAN_POINT('',(3.889383654731,2.2102746096));
#4132 = CARTESIAN_POINT('',(3.929800087359,2.20949626534));
#4133 = CARTESIAN_POINT('',(3.970664730421,2.208710526167));
#4134 = CARTESIAN_POINT('',(4.011995988024,2.207922441944));
#4135 = CARTESIAN_POINT('',(4.053810374523,2.207137410837));
#4136 = CARTESIAN_POINT('',(4.096123324538,2.206361153734));
#4137 = CARTESIAN_POINT('',(4.138946628353,2.205599749245));
#4138 = CARTESIAN_POINT('',(4.182285946044,2.204859600821));
#4139 = CARTESIAN_POINT('',(4.226143484006,2.204147362293));
#4140 = CARTESIAN_POINT('',(4.270515669814,2.203469880926));
#4141 = CARTESIAN_POINT('',(4.315391047785,2.202834121627));
#4142 = CARTESIAN_POINT('',(4.360757995397,2.20224696561));
#4143 = CARTESIAN_POINT('',(4.406591898005,2.201715238144));
#4144 = CARTESIAN_POINT('',(4.452848805165,2.201245581965));
#4145 = CARTESIAN_POINT('',(4.499483597212,2.200844045667));
#4146 = CARTESIAN_POINT('',(4.546444197402,2.200515994134));
#4147 = CARTESIAN_POINT('',(4.59367196455,2.200265937567));
#4148 = CARTESIAN_POINT('',(4.64109957577,2.200097381765));
#4149 = CARTESIAN_POINT('',(4.688651331647,2.200012683959));
#4150 = CARTESIAN_POINT('',(4.736234560856,2.200012874335));
#4151 = CARTESIAN_POINT('',(4.783786019966,2.200097645607));
#4152 = CARTESIAN_POINT('',(4.831215363452,2.200265374215));
#4153 = CARTESIAN_POINT('',(4.878447703075,2.200513155228));
#4154 = CARTESIAN_POINT('',(4.925415858197,2.200836989136));
#4155 = CARTESIAN_POINT('',(4.972060537207,2.201231935332));
#4156 = CARTESIAN_POINT('',(5.01832804664,2.201692264179));
#4157 = CARTESIAN_POINT('',(5.064171549362,2.202211642626));
#4158 = CARTESIAN_POINT('',(5.109541901177,2.202783181664));
#4159 = CARTESIAN_POINT('',(5.154420787852,2.20340003949));
#4160 = CARTESIAN_POINT('',(5.198796359201,2.204055334444));
#4161 = CARTESIAN_POINT('',(5.242657184729,2.2047421816));
#4162 = CARTESIAN_POINT('',(5.285999655518,2.205453879909));
#4163 = CARTESIAN_POINT('',(5.328826067345,2.206183984293));
#4164 = CARTESIAN_POINT('',(5.371141845647,2.206926343981));
#4165 = CARTESIAN_POINT('',(5.412959216122,2.207675182879));
#4166 = CARTESIAN_POINT('',(5.454293407189,2.208425102375));
#4167 = CARTESIAN_POINT('',(5.495160916383,2.209171052043));
#4168 = CARTESIAN_POINT('',(5.535580251736,2.209908347695));
#4169 = CARTESIAN_POINT('',(5.575571065196,2.210632658347));
#4170 = CARTESIAN_POINT('',(5.61515749612,2.21134007021));
#4171 = CARTESIAN_POINT('',(5.654342345411,2.212026613204));
#4172 = CARTESIAN_POINT('',(5.693158843245,2.212689176916));
#4173 = CARTESIAN_POINT('',(5.731633881677,2.213324820963));
#4174 = CARTESIAN_POINT('',(5.769793492698,2.213930860982));
#4175 = CARTESIAN_POINT('',(5.807661848168,2.214504836448));
#4176 = CARTESIAN_POINT('',(5.845261935247,2.215044509984));
#4177 = CARTESIAN_POINT('',(5.882615731566,2.21554785805));
#4178 = CARTESIAN_POINT('',(5.919744472074,2.216013063736));
#4179 = CARTESIAN_POINT('',(5.956668857581,2.216438508792));
#4180 = CARTESIAN_POINT('',(5.993409253338,2.216822765641));
#4181 = CARTESIAN_POINT('',(6.029985872073,2.217164589164));
#4182 = CARTESIAN_POINT('',(6.066418950049,2.217462908322));
#4183 = CARTESIAN_POINT('',(6.102728918472,2.217716817494));
#4184 = CARTESIAN_POINT('',(6.138936579244,2.21792556794));
#4185 = CARTESIAN_POINT('',(6.175063269414,2.218088557768));
#4186 = CARTESIAN_POINT('',(6.211131086046,2.218205326473));
#4187 = CARTESIAN_POINT('',(6.247162914003,2.218275531329));
#4188 = CARTESIAN_POINT('',(6.271176453951,2.218291170694));
#4189 = CARTESIAN_POINT('',(6.28318530718,2.218291161427));
#4190 = ( GEOMETRIC_REPRESENTATION_CONTEXT(2) 
PARAMETRIC_REPRESENTATION_CONTEXT() REPRESENTATION_CONTEXT('2D SPACE',''
  ) );
#4191 = PCURVE('',#116,#4192);
#4192 = DEFINITIONAL_REPRESENTATION('',(#4193),#4351);
#4193 = B_SPLINE_CURVE_WITH_KNOTS('',3,(#4194,#4195,#4196,#4197,#4198,
    #4199,#4200,#4201,#4202,#4203,#4204,#4205,#4206,#4207,#4208,#4209,
    #4210,#4211,#4212,#4213,#4214,#4215,#4216,#4217,#4218,#4219,#4220,
    #4221,#4222,#4223,#4224,#4225,#4226,#4227,#4228,#4229,#4230,#4231,
    #4232,#4233,#4234,#4235,#4236,#4237,#4238,#4239,#4240,#4241,#4242,
    #4243,#4244,#4245,#4246,#4247,#4248,#4249,#4250,#4251,#4252,#4253,
    #4254,#4255,#4256,#4257,#4258,#4259,#4260,#4261,#4262,#4263,#4264,
    #4265,#4266,#4267,#4268,#4269,#4270,#4271,#4272,#4273,#4274,#4275,
    #4276,#4277,#4278,#4279,#4280,#4281,#4282,#4283,#4284,#4285,#4286,
    #4287,#4288,#4289,#4290,#4291,#4292,#4293,#4294,#4295,#4296,#4297,
    #4298,#4299,#4300,#4301,#4302,#4303,#4304,#4305,#4306,#4307,#4308,
    #4309,#4310,#4311,#4312,#4313,#4314,#4315,#4316,#4317,#4318,#4319,
    #4320,#4321,#4322,#4323,#4324,#4325,#4326,#4327,#4328,#4329,#4330,
    #4331,#4332,#4333,#4334,#4335,#4336,#4337,#4338,#4339,#4340,#4341,
    #4342,#4343,#4344,#4345,#4346,#4347,#4348,#4349,#4350),
  .UNSPECIFIED.,.T.,.F.,(4,1,1,1,1,1,1,1,1,1,1,1,1,1,1,1,1,1,1,1,1,1,1,1
    ,1,1,1,1,1,1,1,1,1,1,1,1,1,1,1,1,1,1,1,1,1,1,1,1,1,1,1,1,1,1,1,1,1,1
    ,1,1,1,1,1,1,1,1,1,1,1,1,1,1,1,1,1,1,1,1,1,1,1,1,1,1,1,1,1,1,1,1,1,1
    ,1,1,1,1,1,1,1,1,1,1,1,1,1,1,1,1,1,1,1,1,1,1,1,1,1,1,1,1,1,1,1,1,1,1
    ,1,1,1,1,1,1,1,1,1,1,1,1,1,1,1,1,1,1,1,1,1,1,1,1,1,1,1,1,4),(0.,
    8.658085424649E-03,1.73161708493E-02,2.597425627395E-02,
    3.46323416986E-02,4.329042712325E-02,5.19485125479E-02,
    6.060659797255E-02,6.926468339719E-02,7.792276882184E-02,
    8.658085424649E-02,9.523893967114E-02,0.103897025096,0.11255511052,
    0.121213195945,0.12987128137,0.138529366794,0.147187452219,
    0.155845537644,0.164503623068,0.173161708493,0.181819793918,
    0.190477879342,0.199135964767,0.207794050192,0.216452135616,
    0.225110221041,0.233768306466,0.24242639189,0.251084477315,
    0.259742562739,0.268400648164,0.277058733589,0.285716819013,
    0.294374904438,0.303032989863,0.311691075287,0.320349160712,
    0.329007246137,0.337665331561,0.346323416986,0.354981502411,
    0.363639587835,0.37229767326,0.380955758685,0.389613844109,
    0.398271929534,0.406930014959,0.415588100383,0.424246185808,
    0.432904271232,0.441562356657,0.450220442082,0.458878527506,
    0.467536612931,0.476194698356,0.48485278378,0.493510869205,
    0.50216895463,0.510827040054,0.519485125479,0.528143210904,
    0.536801296328,0.545459381753,0.554117467178,0.562775552602,
    0.571433638027,0.580091723452,0.588749808876,0.597407894301,
    0.606065979725,0.61472406515,0.623382150575,0.632040235999,
    0.640698321424,0.649356406849,0.658014492273,0.666672577698,
    0.675330663123,0.683988748547,0.692646833972,0.701304919397,
    0.709963004821,0.718621090246,0.727279175671,0.735937261095,
    0.74459534652,0.753253431944,0.761911517369,0.770569602794,
    0.779227688218,0.787885773643,0.796543859068,0.805201944492,
    0.813860029917,0.822518115342,0.831176200766,0.839834286191,
    0.848492371616,0.85715045704,0.865808542465,0.87446662789,
    0.883124713314,0.891782798739,0.900440884164,0.909098969588,
    0.917757055013,0.926415140437,0.935073225862,0.943731311287,
    0.952389396711,0.961047482136,0.969705567561,0.978363652985,
    0.98702173841,0.995679823835,1.004337909259,1.012995994684,
    1.021654080109,1.030312165533,1.038970250958,1.047628336383,
    1.056286421807,1.064944507232,1.073602592657,1.082260678081,
    1.090918763506,1.09957684893,1.108234934355,1.11689301978,
    1.125551105204,1.134209190629,1.142867276054,1.151525361478,
    1.160183446903,1.168841532328,1.177499617752,1.186157703177,
    1.194815788602,1.203473874026,1.212131959451,1.220790044876,
    1.2294481303,1.238106215725,1.24676430115,1.255422386574,
    1.264080471999,1.272738557423,1.281396642848,1.290054728273,
    1.298712813697,1.307370899122,1.316028984547,1.324687069971,
    1.333345155396),.QUASI_UNIFORM_KNOTS.);
#4194 = CARTESIAN_POINT('',(4.,6.825431816889));
#4195 = CARTESIAN_POINT('',(4.020414038344,6.825431813612));
#4196 = CARTESIAN_POINT('',(4.061235079597,6.825422619195));
#4197 = CARTESIAN_POINT('',(4.122406573899,6.825381228087));
#4198 = CARTESIAN_POINT('',(4.183480043006,6.825312216118));
#4199 = CARTESIAN_POINT('',(4.244414016526,6.825215511103));
#4200 = CARTESIAN_POINT('',(4.305164665047,6.825091012281));
#4201 = CARTESIAN_POINT('',(4.365685442835,6.82493858868));
#4202 = CARTESIAN_POINT('',(4.425927139898,6.82475808343));
#4203 = CARTESIAN_POINT('',(4.485837825016,6.824549315964));
#4204 = CARTESIAN_POINT('',(4.545362814862,6.824312084236));
#4205 = CARTESIAN_POINT('',(4.604444629113,6.824046166313));
#4206 = CARTESIAN_POINT('',(4.663022938793,6.823751321461));
#4207 = CARTESIAN_POINT('',(4.72103450098,6.823427290648));
#4208 = CARTESIAN_POINT('',(4.778413082098,6.823073796385));
#4209 = CARTESIAN_POINT('',(4.835089349733,6.82269054204));
#4210 = CARTESIAN_POINT('',(4.890990793024,6.822277209857));
#4211 = CARTESIAN_POINT('',(4.946041433404,6.821833460372));
#4212 = CARTESIAN_POINT('',(5.000162200583,6.821358922913));
#4213 = CARTESIAN_POINT('',(5.053268694399,6.820853215467));
#4214 = CARTESIAN_POINT('',(5.105278557089,6.820315850823));
#4215 = CARTESIAN_POINT('',(5.156062469689,6.819746779081));
#4216 = CARTESIAN_POINT('',(5.20551280296,6.819145719793));
#4217 = CARTESIAN_POINT('',(5.253510222688,6.818512473431));
#4218 = CARTESIAN_POINT('',(5.299927303088,6.817846912279));
#4219 = CARTESIAN_POINT('',(5.344628099943,6.817149000122));
#4220 = CARTESIAN_POINT('',(5.38746922609,6.816418798306));
#4221 = CARTESIAN_POINT('',(5.428298957781,6.81565649814));
#4222 = CARTESIAN_POINT('',(5.466954637623,6.814862525189));
#4223 = CARTESIAN_POINT('',(5.503268312551,6.8140374821));
#4224 = CARTESIAN_POINT('',(5.537065881387,6.813182226614));
#4225 = CARTESIAN_POINT('',(5.568169554331,6.812297908484));
#4226 = CARTESIAN_POINT('',(5.596402883607,6.811385917065));
#4227 = CARTESIAN_POINT('',(5.62159185367,6.81044791851));
#4228 = CARTESIAN_POINT('',(5.643559080306,6.809486312159));
#4229 = CARTESIAN_POINT('',(5.662145028821,6.808503697003));
#4230 = CARTESIAN_POINT('',(5.67720668855,6.807503005813));
#4231 = CARTESIAN_POINT('',(5.688622089794,6.80648747865));
#4232 = CARTESIAN_POINT('',(5.696293912825,6.805460690353));
#4233 = CARTESIAN_POINT('',(5.700153531369,6.804426521074));
#4234 = CARTESIAN_POINT('',(5.700166871262,6.803389298702));
#4235 = CARTESIAN_POINT('',(5.696334141133,6.802352660684));
#4236 = CARTESIAN_POINT('',(5.688689449043,6.801320941211));
#4237 = CARTESIAN_POINT('',(5.677300881092,6.800298059054));
#4238 = CARTESIAN_POINT('',(5.662265061362,6.799287686525));
#4239 = CARTESIAN_POINT('',(5.643703355461,6.798293203925));
#4240 = CARTESIAN_POINT('',(5.621758598783,6.797317725427));
#4241 = CARTESIAN_POINT('',(5.596590519215,6.796364055143));
#4242 = CARTESIAN_POINT('',(5.568378294202,6.795434852738));
#4243 = CARTESIAN_POINT('',(5.537297161268,6.794531997626));
#4244 = CARTESIAN_POINT('',(5.503520772032,6.793656994825));
#4245 = CARTESIAN_POINT('',(5.46722760163,6.792811221772));
#4246 = CARTESIAN_POINT('',(5.428591486505,6.791995730172));
#4247 = CARTESIAN_POINT('',(5.387780512758,6.791211319066));
#4248 = CARTESIAN_POINT('',(5.344957066016,6.790458595467));
#4249 = CARTESIAN_POINT('',(5.300273387867,6.789737934345));
#4250 = CARTESIAN_POINT('',(5.253872641461,6.789049556706));
#4251 = CARTESIAN_POINT('',(5.205890762976,6.788393580817));
#4252 = CARTESIAN_POINT('',(5.156455279974,6.787770023171));
#4253 = CARTESIAN_POINT('',(5.105685285892,6.787178816209));
#4254 = CARTESIAN_POINT('',(5.053689823091,6.786619809921));
#4255 = CARTESIAN_POINT('',(5.00057352221,6.786092843816));
#4256 = CARTESIAN_POINT('',(4.946432134639,6.785597699002));
#4257 = CARTESIAN_POINT('',(4.891355620151,6.785134147477));
#4258 = CARTESIAN_POINT('',(4.835428106205,6.784701949012));
#4259 = CARTESIAN_POINT('',(4.778727559296,6.784300847632));
#4260 = CARTESIAN_POINT('',(4.721327885652,6.783930597709));
#4261 = CARTESIAN_POINT('',(4.663298206112,6.783590956518));
#4262 = CARTESIAN_POINT('',(4.604703726358,6.783281691454));
#4263 = CARTESIAN_POINT('',(4.545606603386,6.783002584907));
#4264 = CARTESIAN_POINT('',(4.486066920256,6.782753437595));
#4265 = CARTESIAN_POINT('',(4.426138483252,6.782534052732));
#4266 = CARTESIAN_POINT('',(4.365874572631,6.782344262749));
#4267 = CARTESIAN_POINT('',(4.305326694136,6.78218392116));
#4268 = CARTESIAN_POINT('',(4.244544989945,6.782052903492));
#4269 = CARTESIAN_POINT('',(4.183578251364,6.781951106499));
#4270 = CARTESIAN_POINT('',(4.122473828517,6.781878448525));
#4271 = CARTESIAN_POINT('',(4.061278313711,6.781834870316));
#4272 = CARTESIAN_POINT('',(4.000035196521,6.781820336252));
#4273 = CARTESIAN_POINT('',(3.938793821724,6.781834836772));
#4274 = CARTESIAN_POINT('',(3.877603455924,6.781878376288));
#4275 = CARTESIAN_POINT('',(3.816505107808,6.781950988569));
#4276 = CARTESIAN_POINT('',(3.755544204548,6.782052733881));
#4277 = CARTESIAN_POINT('',(3.69476724844,6.782183696198));
#4278 = CARTESIAN_POINT('',(3.634222754291,6.782343981138));
#4279 = CARTESIAN_POINT('',(3.573961051694,6.782533714435));
#4280 = CARTESIAN_POINT('',(3.514034402385,6.782753041015));
#4281 = CARTESIAN_POINT('',(3.454497047699,6.783002124624));
#4282 = CARTESIAN_POINT('',(3.395405275924,6.783281148132));
#4283 = CARTESIAN_POINT('',(3.336817535297,6.783590314077));
#4284 = CARTESIAN_POINT('',(3.278794399883,6.783929847051));
#4285 = CARTESIAN_POINT('',(3.221399133626,6.784299991944));
#4286 = CARTESIAN_POINT('',(3.164696064176,6.784701030381));
#4287 = CARTESIAN_POINT('',(3.108766528689,6.785133162227));
#4288 = CARTESIAN_POINT('',(3.053687645524,6.785596647975));
#4289 = CARTESIAN_POINT('',(2.999543768783,6.786091726499));
#4290 = CARTESIAN_POINT('',(2.946424761957,6.786618626494));
#4291 = CARTESIAN_POINT('',(2.894426423755,6.787177566401));
#4292 = CARTESIAN_POINT('',(2.843653314075,6.787768707246));
#4293 = CARTESIAN_POINT('',(2.794214475666,6.788392199148));
#4294 = CARTESIAN_POINT('',(2.746229011096,6.789048109464));
#4295 = CARTESIAN_POINT('',(2.699824423537,6.789736421982));
#4296 = CARTESIAN_POINT('',(2.655136630835,6.790457018619));
#4297 = CARTESIAN_POINT('',(2.612308695636,6.791209680331));
#4298 = CARTESIAN_POINT('',(2.571493017997,6.791994029378));
#4299 = CARTESIAN_POINT('',(2.53285186233,6.792809460941));
#4300 = CARTESIAN_POINT('',(2.496553317525,6.793655176534));
#4301 = CARTESIAN_POINT('',(2.462771269398,6.794530122986));
#4302 = CARTESIAN_POINT('',(2.431683881407,6.79543293248));
#4303 = CARTESIAN_POINT('',(2.403465930782,6.796362069144));
#4304 = CARTESIAN_POINT('',(2.378294495938,6.797315561508));
#4305 = CARTESIAN_POINT('',(2.356345239557,6.798290851069));
#4306 = CARTESIAN_POINT('',(2.337777249827,6.799285171201));
#4307 = CARTESIAN_POINT('',(2.322733198239,6.800295442868));
#4308 = CARTESIAN_POINT('',(2.311335014073,6.801318300327));
#4309 = CARTESIAN_POINT('',(2.303680164696,6.802350070305));
#4310 = CARTESIAN_POINT('',(2.299837568732,6.803386809825));
#4311 = CARTESIAN_POINT('',(2.299841944674,6.804424158237));
#4312 = CARTESIAN_POINT('',(2.303693182061,6.805458393587));
#4313 = CARTESIAN_POINT('',(2.31135695804,6.80648524487));
#4314 = CARTESIAN_POINT('',(2.322765058276,6.807500863052));
#4315 = CARTESIAN_POINT('',(2.337820694372,6.808501686494));
#4316 = CARTESIAN_POINT('',(2.356402330155,6.809484472032));
#4317 = CARTESIAN_POINT('',(2.37836692627,6.810446267411));
#4318 = CARTESIAN_POINT('',(2.403554582367,6.811384450531));
#4319 = CARTESIAN_POINT('',(2.431785750323,6.812296558192));
#4320 = CARTESIAN_POINT('',(2.462886465442,6.813180951402));
#4321 = CARTESIAN_POINT('',(2.496681907213,6.814036291152));
#4322 = CARTESIAN_POINT('',(2.53299383468,6.814861414298));
#4323 = CARTESIAN_POINT('',(2.571648265453,6.815655466482));
#4324 = CARTESIAN_POINT('',(2.612477154617,6.816417843425));
#4325 = CARTESIAN_POINT('',(2.655317949226,6.817148121432));
#4326 = CARTESIAN_POINT('',(2.700018647012,6.817846104726));
#4327 = CARTESIAN_POINT('',(2.746435965151,6.818511734315));
#4328 = CARTESIAN_POINT('',(2.794433920005,6.819145046069));
#4329 = CARTESIAN_POINT('',(2.843885132142,6.819746168352));
#4330 = CARTESIAN_POINT('',(2.894669964916,6.820315297669));
#4331 = CARTESIAN_POINT('',(2.946681603544,6.820852723312));
#4332 = CARTESIAN_POINT('',(2.999790500188,6.821358491459));
#4333 = CARTESIAN_POINT('',(3.053913475325,6.821833081925));
#4334 = CARTESIAN_POINT('',(3.108966386309,6.822276879865));
#4335 = CARTESIAN_POINT('',(3.164870127416,6.822690256024));
#4336 = CARTESIAN_POINT('',(3.22154875891,6.823073550555));
#4337 = CARTESIAN_POINT('',(3.278929784145,6.823427081556));
#4338 = CARTESIAN_POINT('',(3.336943886315,6.82375114594));
#4339 = CARTESIAN_POINT('',(3.395524841415,6.824046021367));
#4340 = CARTESIAN_POINT('',(3.454609411588,6.824311966962));
#4341 = CARTESIAN_POINT('',(3.514137267582,6.824549223497));
#4342 = CARTESIAN_POINT('',(3.574050923292,6.824758012898));
#4343 = CARTESIAN_POINT('',(3.634295683785,6.824938537181));
#4344 = CARTESIAN_POINT('',(3.694819600207,6.825090976871));
#4345 = CARTESIAN_POINT('',(3.755573438688,6.825215488802));
#4346 = CARTESIAN_POINT('',(3.816510623305,6.825312203926));
#4347 = CARTESIAN_POINT('',(3.877587287846,6.825381223015));
#4348 = CARTESIAN_POINT('',(3.938761919304,6.825422618299));
#4349 = CARTESIAN_POINT('',(3.979584978901,6.825431813617));
#4350 = CARTESIAN_POINT('',(4.,6.825431816889));
#4351 = ( GEOMETRIC_REPRESENTATION_CONTEXT(2) 
PARAMETRIC_REPRESENTATION_CONTEXT() REPRESENTATION_CONTEXT('2D SPACE',''
  ) );
#4352 = ORIENTED_EDGE('',*,*,#3888,.T.);
#4353 = ADVANCED_FACE('',(#4354),#2352,.F.);
#4354 = FACE_BOUND('',#4355,.F.);
#4355 = EDGE_LOOP('',(#4356,#4357,#4380,#4822));
#4356 = ORIENTED_EDGE('',*,*,#2069,.T.);
#4357 = ORIENTED_EDGE('',*,*,#4358,.F.);
#4358 = EDGE_CURVE('',#4359,#2070,#4361,.T.);
#4359 = VERTEX_POINT('',#4360);
#4360 = CARTESIAN_POINT('',(-45.22388558594,11.903122307907,4.));
#4361 = SEAM_CURVE('',#4362,(#4366,#4373),.PCURVE_S1.);
#4362 = LINE('',#4363,#4364);
#4363 = CARTESIAN_POINT('',(-47.42624965109,11.977829194662,4.));
#4364 = VECTOR('',#4365,1.);
#4365 = DIRECTION('',(0.999425171273,-3.390172600055E-02,
    -1.54074395551E-33));
#4366 = PCURVE('',#2352,#4367);
#4367 = DEFINITIONAL_REPRESENTATION('',(#4368),#4372);
#4368 = LINE('',#4369,#4370);
#4369 = CARTESIAN_POINT('',(0.,-0.));
#4370 = VECTOR('',#4371,1.);
#4371 = DIRECTION('',(0.,1.));
#4372 = ( GEOMETRIC_REPRESENTATION_CONTEXT(2) 
PARAMETRIC_REPRESENTATION_CONTEXT() REPRESENTATION_CONTEXT('2D SPACE',''
  ) );
#4373 = PCURVE('',#2352,#4374);
#4374 = DEFINITIONAL_REPRESENTATION('',(#4375),#4379);
#4375 = LINE('',#4376,#4377);
#4376 = CARTESIAN_POINT('',(6.28318530718,-0.));
#4377 = VECTOR('',#4378,1.);
#4378 = DIRECTION('',(0.,1.));
#4379 = ( GEOMETRIC_REPRESENTATION_CONTEXT(2) 
PARAMETRIC_REPRESENTATION_CONTEXT() REPRESENTATION_CONTEXT('2D SPACE',''
  ) );
#4380 = ORIENTED_EDGE('',*,*,#4381,.T.);
#4381 = EDGE_CURVE('',#4359,#4359,#4382,.T.);
#4382 = SURFACE_CURVE('',#4383,(#4500,#4661),.PCURVE_S1.);
#4383 = B_SPLINE_CURVE_WITH_KNOTS('',7,(#4384,#4385,#4386,#4387,#4388,
    #4389,#4390,#4391,#4392,#4393,#4394,#4395,#4396,#4397,#4398,#4399,
    #4400,#4401,#4402,#4403,#4404,#4405,#4406,#4407,#4408,#4409,#4410,
    #4411,#4412,#4413,#4414,#4415,#4416,#4417,#4418,#4419,#4420,#4421,
    #4422,#4423,#4424,#4425,#4426,#4427,#4428,#4429,#4430,#4431,#4432,
    #4433,#4434,#4435,#4436,#4437,#4438,#4439,#4440,#4441,#4442,#4443,
    #4444,#4445,#4446,#4447,#4448,#4449,#4450,#4451,#4452,#4453,#4454,
    #4455,#4456,#4457,#4458,#4459,#4460,#4461,#4462,#4463,#4464,#4465,
    #4466,#4467,#4468,#4469,#4470,#4471,#4472,#4473,#4474,#4475,#4476,
    #4477,#4478,#4479,#4480,#4481,#4482,#4483,#4484,#4485,#4486,#4487,
    #4488,#4489,#4490,#4491,#4492,#4493,#4494,#4495,#4496,#4497,#4498,
    #4499),.UNSPECIFIED.,.T.,.F.,(8,6,6,6,6,6,6,6,6,6,6,6,6,6,6,6,6,6,6,
    8),(0.,0.159777737449,0.216803926027,0.261253252112,0.33319454523,
    0.405957498873,0.450267480853,0.507231082952,0.550369496818,
    0.66736305716,0.751077002723,0.783367432334,0.82653953329,
    0.883603432335,0.928131267228,1.,1.071973386796,1.116467302782,
    1.173515159792,1.333378086775),.UNSPECIFIED.);
#4384 = CARTESIAN_POINT('',(-45.22388558594,11.903122307907,4.));
#4385 = CARTESIAN_POINT('',(-45.22388558594,11.903122307907,
    3.838555650601));
#4386 = CARTESIAN_POINT('',(-45.22335551193,11.921000951111,
    3.677299601186));
#4387 = CARTESIAN_POINT('',(-45.2222973573,11.956689732646,
    3.517279109473));
#4388 = CARTESIAN_POINT('',(-45.22069459886,12.010579969672,
    3.359879177452));
#4389 = CARTESIAN_POINT('',(-45.21852027674,12.083232529315,
    3.206881899945));
#4390 = CARTESIAN_POINT('',(-45.21574170487,12.175200845706,
    3.060410465078));
#4391 = CARTESIAN_POINT('',(-45.21107785887,12.327544883325,
    2.874214366893));
#4392 = CARTESIAN_POINT('',(-45.20976795283,12.370179050542,
    2.826446457639));
#4393 = CARTESIAN_POINT('',(-45.20837293313,12.41540446231,
    2.780021488197));
#4394 = CARTESIAN_POINT('',(-45.2068909846,12.4632407041,2.735097202517)
  );
#4395 = CARTESIAN_POINT('',(-45.20532059061,12.513693875896,
    2.691851231607));
#4396 = CARTESIAN_POINT('',(-45.20366070241,12.566751827818,
    2.650478709642));
#4397 = CARTESIAN_POINT('',(-45.20054702326,12.66573856048,
    2.580566038191));
#4398 = CARTESIAN_POINT('',(-45.19912859411,12.710656412186,
    2.551209948391));
#4399 = CARTESIAN_POINT('',(-45.19765552425,12.757113438311,
    2.523222219647));
#4400 = CARTESIAN_POINT('',(-45.19612808788,12.805077309648,
    2.496711797654));
#4401 = CARTESIAN_POINT('',(-45.19454705602,12.854499888032,
    2.471792703073));
#4402 = CARTESIAN_POINT('',(-45.19291382267,12.905314234054,
    2.448580759773));
#4403 = CARTESIAN_POINT('',(-45.18850612085,13.041783664452,
    2.392569872978));
#4404 = CARTESIAN_POINT('',(-45.18564927033,13.129589687846,
    2.362703856091));
#4405 = CARTESIAN_POINT('',(-45.18267108471,13.220410566312,
    2.338112663091));
#4406 = CARTESIAN_POINT('',(-45.17958702683,13.313685895762,
    2.319257200379));
#4407 = CARTESIAN_POINT('',(-45.17641770333,13.408724730894,
    2.306509184658));
#4408 = CARTESIAN_POINT('',(-45.173189603,13.504697882543,2.300093238721
    ));
#4409 = CARTESIAN_POINT('',(-45.16664480841,13.697661340023,
    2.299907282343));
#4410 = CARTESIAN_POINT('',(-45.16332435243,13.794744229373,
    2.306282422827));
#4411 = CARTESIAN_POINT('',(-45.16000820596,13.89088218589,
    2.319137741026));
#4412 = CARTESIAN_POINT('',(-45.15672703561,13.985220132772,
    2.338243793359));
#4413 = CARTESIAN_POINT('',(-45.15350804863,14.077042049881,
    2.36321689757));
#4414 = CARTESIAN_POINT('',(-45.15037470168,14.165765049337,
    2.39357766174));
#4415 = CARTESIAN_POINT('',(-45.14550236767,14.30279498975,
    2.450219040465));
#4416 = CARTESIAN_POINT('',(-45.14369657886,14.353358453628,
    2.473460693017));
#4417 = CARTESIAN_POINT('',(-45.14193289676,14.402535174521,
    2.498392916375));
#4418 = CARTESIAN_POINT('',(-45.14021441024,14.450259687552,
    2.524901052625));
#4419 = CARTESIAN_POINT('',(-45.1385435672,14.496484983938,2.55287232521
    ));
#4420 = CARTESIAN_POINT('',(-45.13692225023,14.541179571279,
    2.582199030615));
#4421 = CARTESIAN_POINT('',(-45.1333329951,14.639790421478,
    2.652097943777));
#4422 = CARTESIAN_POINT('',(-45.13139843925,14.692691188773,
    2.693486951661));
#4423 = CARTESIAN_POINT('',(-45.12955094524,14.742992592078,
    2.736739634119));
#4424 = CARTESIAN_POINT('',(-45.12779236053,14.790683103807,
    2.781661956273));
#4425 = CARTESIAN_POINT('',(-45.12612377152,14.835769204189,
    2.828077310459));
#4426 = CARTESIAN_POINT('',(-45.12454565556,14.878270673018,
    2.875828858741));
#4427 = CARTESIAN_POINT('',(-45.12193145957,14.948466302153,
    2.961853890096));
#4428 = CARTESIAN_POINT('',(-45.12085684509,14.977249112921,
    2.999613138337));
#4429 = CARTESIAN_POINT('',(-45.11983420597,15.004576475792,
    3.037999998475));
#4430 = CARTESIAN_POINT('',(-45.1188635032,15.0304610002,3.076959157196)
  );
#4431 = CARTESIAN_POINT('',(-45.11794464226,15.054915742926,
    3.116439609539));
#4432 = CARTESIAN_POINT('',(-45.11707747315,15.077954208095,
    3.156394658889));
#4433 = CARTESIAN_POINT('',(-45.11404961742,15.158268650721,
    3.306314203717));
#4434 = CARTESIAN_POINT('',(-45.11221699419,15.206609983414,
    3.418984998504));
#4435 = CARTESIAN_POINT('',(-45.11075865579,15.244924565798,
    3.533998868374));
#4436 = CARTESIAN_POINT('',(-45.10967131107,15.273417482964,
    3.650663337207));
#4437 = CARTESIAN_POINT('',(-45.10895203143,15.29224108871,
    3.768366248237));
#4438 = CARTESIAN_POINT('',(-45.10859851267,15.301493170061,
    3.886564184654));
#4439 = CARTESIAN_POINT('',(-45.10862029495,15.300923098659,
    4.089371864253));
#4440 = CARTESIAN_POINT('',(-45.108816879,15.295778226117,4.173947767661
    ));
#4441 = CARTESIAN_POINT('',(-45.10920092637,15.285726863794,
    4.258323855507));
#4442 = CARTESIAN_POINT('',(-45.10977296132,15.270744917572,
    4.34230212016));
#4443 = CARTESIAN_POINT('',(-45.11053379938,15.2507906224,4.425671404049
    ));
#4444 = CARTESIAN_POINT('',(-45.11148451978,15.225804552036,
    4.508205456976));
#4445 = CARTESIAN_POINT('',(-45.11306723633,15.18409158048,
    4.621078919778));
#4446 = CARTESIAN_POINT('',(-45.11353626173,15.171719786518,
    4.652336204362));
#4447 = CARTESIAN_POINT('',(-45.1140338358,15.158582637158,
    4.683417349607));
#4448 = CARTESIAN_POINT('',(-45.11456003841,15.144675284633,
    4.714306982306));
#4449 = CARTESIAN_POINT('',(-45.11511494853,15.12999262046,
    4.744988856329));
#4450 = CARTESIAN_POINT('',(-45.11569864422,15.114529275442,
    4.775445852623));
#4451 = CARTESIAN_POINT('',(-45.1171301894,15.07655393227,4.84605607611)
  );
#4452 = CARTESIAN_POINT('',(-45.11800074967,15.053423179584,
    4.886017422416));
#4453 = CARTESIAN_POINT('',(-45.118923089,15.028873354517,4.925501415278
    ));
#4454 = CARTESIAN_POINT('',(-45.11989735651,15.00289091911,
    4.964461113037));
#4455 = CARTESIAN_POINT('',(-45.12092364485,14.975462804532,
    5.002845235227));
#4456 = CARTESIAN_POINT('',(-45.1220019902,14.946576411086,
    5.040598162571));
#4457 = CARTESIAN_POINT('',(-45.12462648559,14.876094678058,
    5.126647345675));
#4458 = CARTESIAN_POINT('',(-45.12621140449,14.833403616447,
    5.174424066299));
#4459 = CARTESIAN_POINT('',(-45.12788709972,14.788118049157,
    5.220854224017));
#4460 = CARTESIAN_POINT('',(-45.12965307702,14.740218375664,
    5.265779587649));
#4461 = CARTESIAN_POINT('',(-45.13150822261,14.689698564625,
    5.309021975949));
#4462 = CARTESIAN_POINT('',(-45.13345064865,14.636570949354,
    5.350385663887));
#4463 = CARTESIAN_POINT('',(-45.13705915205,14.537407517443,
    5.420305990537));
#4464 = CARTESIAN_POINT('',(-45.1386921043,14.492380244052,
    5.449678059592));
#4465 = CARTESIAN_POINT('',(-45.1403749604,14.445808961355,
    5.477674767372));
#4466 = CARTESIAN_POINT('',(-45.1421057823,14.397726368249,
    5.504186494107));
#4467 = CARTESIAN_POINT('',(-45.14388205143,14.34818112779,
    5.529098544531));
#4468 = CARTESIAN_POINT('',(-45.14570059119,14.297240890686,
    5.552294463439));
#4469 = CARTESIAN_POINT('',(-45.15055455683,14.160670018563,
    5.608142667498));
#4470 = CARTESIAN_POINT('',(-45.15365301263,14.072903152664,
    5.637873274461));
#4471 = CARTESIAN_POINT('',(-45.1568341084,13.982136032934,
    5.662331934128));
#4472 = CARTESIAN_POINT('',(-45.16007531312,13.888929091407,
    5.681060747419));
#4473 = CARTESIAN_POINT('',(-45.16335045844,13.793971300696,
    5.693691167314));
#4474 = CARTESIAN_POINT('',(-45.16662992207,13.698088614864,5.7000009437
    ));
#4475 = CARTESIAN_POINT('',(-45.17313651028,13.506274690199,
    5.699999054761));
#4476 = CARTESIAN_POINT('',(-45.1763665308,13.410255753155,
    5.693669044672));
#4477 = CARTESIAN_POINT('',(-45.17953815976,13.315158877457,
    5.681001043071));
#4478 = CARTESIAN_POINT('',(-45.18262492547,13.221812084639,
    5.662216077738));
#4479 = CARTESIAN_POINT('',(-45.18560606077,13.130910693434,
    5.63768340572));
#4480 = CARTESIAN_POINT('',(-45.18846585488,13.043022654955,
    5.607865099196));
#4481 = CARTESIAN_POINT('',(-45.19287880949,12.906402976798,
    5.551910740941));
#4482 = CARTESIAN_POINT('',(-45.19451456706,12.855514376134,
    5.52870767896));
#4483 = CARTESIAN_POINT('',(-45.19609804493,12.806019174904,
    5.503792418316));
#4484 = CARTESIAN_POINT('',(-45.19762783712,12.757984745076,
    5.477281138227));
#4485 = CARTESIAN_POINT('',(-45.19910316439,12.711459552142,
    5.44928823883));
#4486 = CARTESIAN_POINT('',(-45.20052374732,12.666476163993,
    5.419923044853));
#4487 = CARTESIAN_POINT('',(-45.20364100905,12.56738088227,
    5.350005887164));
#4488 = CARTESIAN_POINT('',(-45.20530236901,12.51427852985,
    5.308638276299));
#4489 = CARTESIAN_POINT('',(-45.20687416542,12.463782612183,
    5.265394271884));
#4490 = CARTESIAN_POINT('',(-45.20835744422,12.415905437484,
    5.220469339545));
#4491 = CARTESIAN_POINT('',(-45.20975372144,12.370640994044,
    5.17404141891));
#4492 = CARTESIAN_POINT('',(-45.21106481315,12.327969731731,
    5.126268527188));
#4493 = CARTESIAN_POINT('',(-45.21573342738,12.175474816622,
    4.940025603292));
#4494 = CARTESIAN_POINT('',(-45.21851488326,12.083412749214,
    4.793497624354));
#4495 = CARTESIAN_POINT('',(-45.22069142089,12.010686824409,
    4.640432992503));
#4496 = CARTESIAN_POINT('',(-45.22229578338,11.956742815382,
    4.482958799541));
#4497 = CARTESIAN_POINT('',(-45.22335498498,11.921018724758,
    4.322860317537));
#4498 = CARTESIAN_POINT('',(-45.22388558594,11.903122307907,
    4.161524586735));
#4499 = CARTESIAN_POINT('',(-45.22388558594,11.903122307907,4.));
#4500 = PCURVE('',#2352,#4501);
#4501 = DEFINITIONAL_REPRESENTATION('',(#4502),#4660);
#4502 = B_SPLINE_CURVE_WITH_KNOTS('',3,(#4503,#4504,#4505,#4506,#4507,
    #4508,#4509,#4510,#4511,#4512,#4513,#4514,#4515,#4516,#4517,#4518,
    #4519,#4520,#4521,#4522,#4523,#4524,#4525,#4526,#4527,#4528,#4529,
    #4530,#4531,#4532,#4533,#4534,#4535,#4536,#4537,#4538,#4539,#4540,
    #4541,#4542,#4543,#4544,#4545,#4546,#4547,#4548,#4549,#4550,#4551,
    #4552,#4553,#4554,#4555,#4556,#4557,#4558,#4559,#4560,#4561,#4562,
    #4563,#4564,#4565,#4566,#4567,#4568,#4569,#4570,#4571,#4572,#4573,
    #4574,#4575,#4576,#4577,#4578,#4579,#4580,#4581,#4582,#4583,#4584,
    #4585,#4586,#4587,#4588,#4589,#4590,#4591,#4592,#4593,#4594,#4595,
    #4596,#4597,#4598,#4599,#4600,#4601,#4602,#4603,#4604,#4605,#4606,
    #4607,#4608,#4609,#4610,#4611,#4612,#4613,#4614,#4615,#4616,#4617,
    #4618,#4619,#4620,#4621,#4622,#4623,#4624,#4625,#4626,#4627,#4628,
    #4629,#4630,#4631,#4632,#4633,#4634,#4635,#4636,#4637,#4638,#4639,
    #4640,#4641,#4642,#4643,#4644,#4645,#4646,#4647,#4648,#4649,#4650,
    #4651,#4652,#4653,#4654,#4655,#4656,#4657,#4658,#4659),
  .UNSPECIFIED.,.F.,.F.,(4,1,1,1,1,1,1,1,1,1,1,1,1,1,1,1,1,1,1,1,1,1,1,1
    ,1,1,1,1,1,1,1,1,1,1,1,1,1,1,1,1,1,1,1,1,1,1,1,1,1,1,1,1,1,1,1,1,1,1
    ,1,1,1,1,1,1,1,1,1,1,1,1,1,1,1,1,1,1,1,1,1,1,1,1,1,1,1,1,1,1,1,1,1,1
    ,1,1,1,1,1,1,1,1,1,1,1,1,1,1,1,1,1,1,1,1,1,1,1,1,1,1,1,1,1,1,1,1,1,1
    ,1,1,1,1,1,1,1,1,1,1,1,1,1,1,1,1,1,1,1,1,1,1,1,1,1,1,1,1,4),(0.,
    8.658299264771E-03,1.731659852954E-02,2.597489779431E-02,
    3.463319705909E-02,4.329149632386E-02,5.194979558863E-02,
    6.06080948534E-02,6.926639411817E-02,7.792469338294E-02,
    8.658299264771E-02,9.524129191249E-02,0.103899591177,0.112557890442,
    0.121216189707,0.129874488972,0.138532788236,0.147191087501,
    0.155849386766,0.164507686031,0.173165985295,0.18182428456,
    0.190482583825,0.19914088309,0.207799182355,0.216457481619,
    0.225115780884,0.233774080149,0.242432379414,0.251090678678,
    0.259748977943,0.268407277208,0.277065576473,0.285723875737,
    0.294382175002,0.303040474267,0.311698773532,0.320357072797,
    0.329015372061,0.337673671326,0.346331970591,0.354990269856,
    0.36364856912,0.372306868385,0.38096516765,0.389623466915,
    0.398281766179,0.406940065444,0.415598364709,0.424256663974,
    0.432914963239,0.441573262503,0.450231561768,0.458889861033,
    0.467548160298,0.476206459562,0.484864758827,0.493523058092,
    0.502181357357,0.510839656622,0.519497955886,0.528156255151,
    0.536814554416,0.545472853681,0.554131152945,0.56278945221,
    0.571447751475,0.58010605074,0.588764350004,0.597422649269,
    0.606080948534,0.614739247799,0.623397547064,0.632055846328,
    0.640714145593,0.649372444858,0.658030744123,0.666689043387,
    0.675347342652,0.684005641917,0.692663941182,0.701322240446,
    0.709980539711,0.718638838976,0.727297138241,0.735955437506,
    0.74461373677,0.753272036035,0.7619303353,0.770588634565,
    0.779246933829,0.787905233094,0.796563532359,0.805221831624,
    0.813880130889,0.822538430153,0.831196729418,0.839855028683,
    0.848513327948,0.857171627212,0.865829926477,0.874488225742,
    0.883146525007,0.891804824271,0.900463123536,0.909121422801,
    0.917779722066,0.926438021331,0.935096320595,0.94375461986,
    0.952412919125,0.96107121839,0.969729517654,0.978387816919,
    0.987046116184,0.995704415449,1.004362714713,1.013021013978,
    1.021679313243,1.030337612508,1.038995911773,1.047654211037,
    1.056312510302,1.064970809567,1.073629108832,1.082287408096,
    1.090945707361,1.099604006626,1.108262305891,1.116920605156,
    1.12557890442,1.134237203685,1.14289550295,1.151553802215,
    1.160212101479,1.168870400744,1.177528700009,1.186186999274,
    1.194845298538,1.203503597803,1.212161897068,1.220820196333,
    1.229478495598,1.238136794862,1.246795094127,1.255453393392,
    1.264111692657,1.272769991921,1.281428291186,1.290086590451,
    1.298744889716,1.30740318898,1.316061488245,1.32471978751,
    1.333378086775),.QUASI_UNIFORM_KNOTS.);
#4503 = CARTESIAN_POINT('',(0.,2.203630775425));
#4504 = CARTESIAN_POINT('',(1.200779317159E-02,2.203630777389));
#4505 = CARTESIAN_POINT('',(3.601923465394E-02,2.203627635169));
#4506 = CARTESIAN_POINT('',(7.204797805785E-02,2.203613531101));
#4507 = CARTESIAN_POINT('',(0.108112770834,2.203590074297));
#4508 = CARTESIAN_POINT('',(0.144236497673,2.203557336738));
#4509 = CARTESIAN_POINT('',(0.180441257006,2.203515415142));
#4510 = CARTESIAN_POINT('',(0.216748389014,2.203464435824));
#4511 = CARTESIAN_POINT('',(0.253178700431,2.203404555705));
#4512 = CARTESIAN_POINT('',(0.289752629036,2.203335964278));
#4513 = CARTESIAN_POINT('',(0.326490419427,2.203258885243));
#4514 = CARTESIAN_POINT('',(0.363412294523,2.203173578155));
#4515 = CARTESIAN_POINT('',(0.400538631731,2.203080339992));
#4516 = CARTESIAN_POINT('',(0.437890146275,2.202979506679));
#4517 = CARTESIAN_POINT('',(0.475488089723,2.20287145454));
#4518 = CARTESIAN_POINT('',(0.513354460148,2.202756601717));
#4519 = CARTESIAN_POINT('',(0.551512264762,2.202635409441));
#4520 = CARTESIAN_POINT('',(0.589985713072,2.202508383611));
#4521 = CARTESIAN_POINT('',(0.628800827882,2.202376074928));
#4522 = CARTESIAN_POINT('',(0.667984688759,2.202239084155));
#4523 = CARTESIAN_POINT('',(0.707570004687,2.202098047997));
#4524 = CARTESIAN_POINT('',(0.747559487028,2.201953771999));
#4525 = CARTESIAN_POINT('',(0.787977700816,2.201807047132));
#4526 = CARTESIAN_POINT('',(0.828844128153,2.201658747708));
#4527 = CARTESIAN_POINT('',(0.870177294599,2.201509815203));
#4528 = CARTESIAN_POINT('',(0.91199366298,2.201361261124));
#4529 = CARTESIAN_POINT('',(0.954308549093,2.201214162351));
#4530 = CARTESIAN_POINT('',(0.997133932907,2.20106966755));
#4531 = CARTESIAN_POINT('',(1.040475330018,2.200928993708));
#4532 = CARTESIAN_POINT('',(1.084334963116,2.200793411197));
#4533 = CARTESIAN_POINT('',(1.128709248111,2.200664234438));
#4534 = CARTESIAN_POINT('',(1.173586622204,2.200542807988));
#4535 = CARTESIAN_POINT('',(1.218955724465,2.200430467366));
#4536 = CARTESIAN_POINT('',(1.264794789208,2.200328541071));
#4537 = CARTESIAN_POINT('',(1.311057195785,2.200238344451));
#4538 = CARTESIAN_POINT('',(1.357696976522,2.200161081465));
#4539 = CARTESIAN_POINT('',(1.404661205808,2.200097831638));
#4540 = CARTESIAN_POINT('',(1.451890792402,2.20004951529));
#4541 = CARTESIAN_POINT('',(1.499318206261,2.200016863988));
#4542 = CARTESIAN_POINT('',(1.546867671166,2.200000391412));
#4543 = CARTESIAN_POINT('',(1.594446863264,2.200000356918));
#4544 = CARTESIAN_POINT('',(1.641995224369,2.200016763026));
#4545 = CARTESIAN_POINT('',(1.689421625511,2.200049356184));
#4546 = CARTESIAN_POINT('',(1.736651378412,2.20009763));
#4547 = CARTESIAN_POINT('',(1.783617326597,2.200160859969));
#4548 = CARTESIAN_POINT('',(1.830260310766,2.200238131662));
#4549 = CARTESIAN_POINT('',(1.876526853011,2.200328369306));
#4550 = CARTESIAN_POINT('',(1.922370198778,2.200430370493));
#4551 = CARTESIAN_POINT('',(1.967742029054,2.200542817119));
#4552 = CARTESIAN_POINT('',(2.012619915914,2.200664378433));
#4553 = CARTESIAN_POINT('',(2.056995429893,2.200793726428));
#4554 = CARTESIAN_POINT('',(2.100856205859,2.200929513887));
#4555 = CARTESIAN_POINT('',(2.144198861609,2.201070425756));
#4556 = CARTESIAN_POINT('',(2.18702548066,2.201215189303));
#4557 = CARTESIAN_POINT('',(2.229341730121,2.201362585672));
#4558 = CARTESIAN_POINT('',(2.271159299795,2.201511462526));
#4559 = CARTESIAN_POINT('',(2.312493616461,2.201660740184));
#4560 = CARTESIAN_POINT('',(2.353361163064,2.201809403968));
#4561 = CARTESIAN_POINT('',(2.393780319816,2.201956508512));
#4562 = CARTESIAN_POINT('',(2.43377105259,2.20210117763));
#4563 = CARTESIAN_POINT('',(2.473355935478,2.202242609948));
#4564 = CARTESIAN_POINT('',(2.512555915909,2.202380059493));
#4565 = CARTESIAN_POINT('',(2.551393868298,2.202512849002));
#4566 = CARTESIAN_POINT('',(2.589892361015,2.202640355806));
#4567 = CARTESIAN_POINT('',(2.628073759027,2.202762011348));
#4568 = CARTESIAN_POINT('',(2.66596173253,2.202877305565));
#4569 = CARTESIAN_POINT('',(2.703573614614,2.202985758392));
#4570 = CARTESIAN_POINT('',(2.740935088017,2.203086961856));
#4571 = CARTESIAN_POINT('',(2.778069526547,2.20318054389));
#4572 = CARTESIAN_POINT('',(2.814999436049,2.203266170948));
#4573 = CARTESIAN_POINT('',(2.851746389332,2.20334354603));
#4574 = CARTESIAN_POINT('',(2.888331331185,2.203412407898));
#4575 = CARTESIAN_POINT('',(2.924774757307,2.203472529949));
#4576 = CARTESIAN_POINT('',(2.961096903906,2.20352371913));
#4577 = CARTESIAN_POINT('',(2.997317927456,2.203565814822));
#4578 = CARTESIAN_POINT('',(3.033458051701,2.203598687686));
#4579 = CARTESIAN_POINT('',(3.069537826586,2.203622238498));
#4580 = CARTESIAN_POINT('',(3.105577975914,2.203636396915));
#4581 = CARTESIAN_POINT('',(3.141600813956,2.203641120358));
#4582 = CARTESIAN_POINT('',(3.177625864358,2.203636392335));
#4583 = CARTESIAN_POINT('',(3.213669328458,2.203622227377));
#4584 = CARTESIAN_POINT('',(3.249753052277,2.203598667853));
#4585 = CARTESIAN_POINT('',(3.285896936258,2.203565784466));
#4586 = CARTESIAN_POINT('',(3.322121158954,2.203523677207));
#4587 = CARTESIAN_POINT('',(3.35844580167,2.203472476151));
#4588 = CARTESIAN_POINT('',(3.394891152187,2.203412342323));
#4589 = CARTESIAN_POINT('',(3.431477902655,2.203343468354));
#4590 = CARTESIAN_POINT('',(3.468227133175,2.203266079807));
#4591 = CARTESIAN_POINT('',(3.505161329495,2.203180433905));
#4592 = CARTESIAN_POINT('',(3.542301180356,2.203086829001));
#4593 = CARTESIAN_POINT('',(3.579668183589,2.202985600481));
#4594 = CARTESIAN_POINT('',(3.617284425146,2.202877125133));
#4595 = CARTESIAN_POINT('',(3.655172265319,2.202761821994));
#4596 = CARTESIAN_POINT('',(3.69335400402,2.202640157246));
#4597 = CARTESIAN_POINT('',(3.731852746338,2.202512642495));
#4598 = CARTESIAN_POINT('',(3.770691029352,2.202379845842));
#4599 = CARTESIAN_POINT('',(3.809891340898,2.202242390352));
#4600 = CARTESIAN_POINT('',(3.849476627347,2.202100953133));
#4601 = CARTESIAN_POINT('',(3.889467762511,2.201956280506));
#4602 = CARTESIAN_POINT('',(3.929887330127,2.201809173826));
#4603 = CARTESIAN_POINT('',(3.970755336744,2.201660509217));
#4604 = CARTESIAN_POINT('',(4.012090147404,2.201511232234));
#4605 = CARTESIAN_POINT('',(4.053908243899,2.201362357693));
#4606 = CARTESIAN_POINT('',(4.096224870373,2.201214965813));
#4607 = CARTESIAN_POINT('',(4.139052055519,2.201070207942));
#4608 = CARTESIAN_POINT('',(4.1823952329,2.200929303764));
#4609 = CARTESIAN_POINT('',(4.226256602568,2.200793525607));
#4610 = CARTESIAN_POINT('',(4.270632497972,2.20066418944));
#4611 = CARTESIAN_POINT('',(4.315511404479,2.200542640262));
#4612 = CARTESIAN_POINT('',(4.360881488749,2.200430214383));
#4613 = CARTESIAN_POINT('',(4.406721576568,2.200328237678));
#4614 = CARTESIAN_POINT('',(4.452984605284,2.200238024385));
#4615 = CARTESIAN_POINT('',(4.499624555008,2.200160775217));
#4616 = CARTESIAN_POINT('',(4.546588530149,2.200097565397));
#4617 = CARTESIAN_POINT('',(4.593817599372,2.200049309998));
#4618 = CARTESIAN_POINT('',(4.641244447037,2.200016734794));
#4619 = CARTESIAN_POINT('',(4.688793629225,2.200000347337));
#4620 = CARTESIAN_POINT('',(4.736372896884,2.200000401142));
#4621 = CARTESIAN_POINT('',(4.783920368137,2.200016891938));
#4622 = CARTESIAN_POINT('',(4.831345532377,2.200049559276));
#4623 = CARTESIAN_POINT('',(4.878573628398,2.200097890505));
#4624 = CARTESIAN_POINT('',(4.925537538591,2.200161155406));
#4625 = CARTESIAN_POINT('',(4.972178064671,2.20023843454));
#4626 = CARTESIAN_POINT('',(5.018441626675,2.200328647768));
#4627 = CARTESIAN_POINT('',(5.064281480754,2.20043058954));
#4628 = CARTESIAN_POINT('',(5.109648744751,2.200542938052));
#4629 = CARTESIAN_POINT('',(5.154523859904,2.200664369003));
#4630 = CARTESIAN_POINT('',(5.198896036733,2.200793548624));
#4631 = CARTESIAN_POINT('',(5.242753560434,2.200929132087));
#4632 = CARTESIAN_POINT('',(5.286092887837,2.20106980521));
#4633 = CARTESIAN_POINT('',(5.328916246617,2.201214297836));
#4634 = CARTESIAN_POINT('',(5.371229118347,2.201361393033));
#4635 = CARTESIAN_POINT('',(5.413043553872,2.201509942538));
#4636 = CARTESIAN_POINT('',(5.454374832077,2.201658869549));
#4637 = CARTESIAN_POINT('',(5.495239418797,2.201807162728));
#4638 = CARTESIAN_POINT('',(5.535655826757,2.201953880702));
#4639 = CARTESIAN_POINT('',(5.575643583136,2.202098149469));
#4640 = CARTESIAN_POINT('',(5.615227116342,2.202239177735));
#4641 = CARTESIAN_POINT('',(5.654409152563,2.202376160144));
#4642 = CARTESIAN_POINT('',(5.693222566914,2.202508460707));
#4643 = CARTESIAN_POINT('',(5.731694373552,2.202635478531));
#4644 = CARTESIAN_POINT('',(5.769850595381,2.202756663014));
#4645 = CARTESIAN_POINT('',(5.807715427401,2.202871508294));
#4646 = CARTESIAN_POINT('',(5.84531186874,2.202979553197));
#4647 = CARTESIAN_POINT('',(5.882661909814,2.20308037963));
#4648 = CARTESIAN_POINT('',(5.919786796271,2.20317361132));
#4649 = CARTESIAN_POINT('',(5.956707238584,2.203258912392));
#4650 = CARTESIAN_POINT('',(5.993443610551,2.203335985913));
#4651 = CARTESIAN_POINT('',(6.030016132518,2.203404572373));
#4652 = CARTESIAN_POINT('',(6.066445047501,2.203464448112));
#4653 = CARTESIAN_POINT('',(6.102750792644,2.203515423674));
#4654 = CARTESIAN_POINT('',(6.138954174998,2.203557342166));
#4655 = CARTESIAN_POINT('',(6.175076535992,2.203590077297));
#4656 = CARTESIAN_POINT('',(6.211139976279,2.203613532365));
#4657 = CARTESIAN_POINT('',(6.247167383625,2.203627635397));
#4658 = CARTESIAN_POINT('',(6.271177948282,2.203630777389));
#4659 = CARTESIAN_POINT('',(6.28318530718,2.203630775425));
#4660 = ( GEOMETRIC_REPRESENTATION_CONTEXT(2) 
PARAMETRIC_REPRESENTATION_CONTEXT() REPRESENTATION_CONTEXT('2D SPACE',''
  ) );
#4661 = PCURVE('',#116,#4662);
#4662 = DEFINITIONAL_REPRESENTATION('',(#4663),#4821);
#4663 = B_SPLINE_CURVE_WITH_KNOTS('',3,(#4664,#4665,#4666,#4667,#4668,
    #4669,#4670,#4671,#4672,#4673,#4674,#4675,#4676,#4677,#4678,#4679,
    #4680,#4681,#4682,#4683,#4684,#4685,#4686,#4687,#4688,#4689,#4690,
    #4691,#4692,#4693,#4694,#4695,#4696,#4697,#4698,#4699,#4700,#4701,
    #4702,#4703,#4704,#4705,#4706,#4707,#4708,#4709,#4710,#4711,#4712,
    #4713,#4714,#4715,#4716,#4717,#4718,#4719,#4720,#4721,#4722,#4723,
    #4724,#4725,#4726,#4727,#4728,#4729,#4730,#4731,#4732,#4733,#4734,
    #4735,#4736,#4737,#4738,#4739,#4740,#4741,#4742,#4743,#4744,#4745,
    #4746,#4747,#4748,#4749,#4750,#4751,#4752,#4753,#4754,#4755,#4756,
    #4757,#4758,#4759,#4760,#4761,#4762,#4763,#4764,#4765,#4766,#4767,
    #4768,#4769,#4770,#4771,#4772,#4773,#4774,#4775,#4776,#4777,#4778,
    #4779,#4780,#4781,#4782,#4783,#4784,#4785,#4786,#4787,#4788,#4789,
    #4790,#4791,#4792,#4793,#4794,#4795,#4796,#4797,#4798,#4799,#4800,
    #4801,#4802,#4803,#4804,#4805,#4806,#4807,#4808,#4809,#4810,#4811,
    #4812,#4813,#4814,#4815,#4816,#4817,#4818,#4819,#4820),
  .UNSPECIFIED.,.T.,.F.,(4,1,1,1,1,1,1,1,1,1,1,1,1,1,1,1,1,1,1,1,1,1,1,1
    ,1,1,1,1,1,1,1,1,1,1,1,1,1,1,1,1,1,1,1,1,1,1,1,1,1,1,1,1,1,1,1,1,1,1
    ,1,1,1,1,1,1,1,1,1,1,1,1,1,1,1,1,1,1,1,1,1,1,1,1,1,1,1,1,1,1,1,1,1,1
    ,1,1,1,1,1,1,1,1,1,1,1,1,1,1,1,1,1,1,1,1,1,1,1,1,1,1,1,1,1,1,1,1,1,1
    ,1,1,1,1,1,1,1,1,1,1,1,1,1,1,1,1,1,1,1,1,1,1,1,1,1,1,1,1,4),(0.,
    8.658299264771E-03,1.731659852954E-02,2.597489779431E-02,
    3.463319705909E-02,4.329149632386E-02,5.194979558863E-02,
    6.06080948534E-02,6.926639411817E-02,7.792469338294E-02,
    8.658299264771E-02,9.524129191249E-02,0.103899591177,0.112557890442,
    0.121216189707,0.129874488972,0.138532788236,0.147191087501,
    0.155849386766,0.164507686031,0.173165985295,0.18182428456,
    0.190482583825,0.19914088309,0.207799182355,0.216457481619,
    0.225115780884,0.233774080149,0.242432379414,0.251090678678,
    0.259748977943,0.268407277208,0.277065576473,0.285723875737,
    0.294382175002,0.303040474267,0.311698773532,0.320357072797,
    0.329015372061,0.337673671326,0.346331970591,0.354990269856,
    0.36364856912,0.372306868385,0.38096516765,0.389623466915,
    0.398281766179,0.406940065444,0.415598364709,0.424256663974,
    0.432914963239,0.441573262503,0.450231561768,0.458889861033,
    0.467548160298,0.476206459562,0.484864758827,0.493523058092,
    0.502181357357,0.510839656622,0.519497955886,0.528156255151,
    0.536814554416,0.545472853681,0.554131152945,0.56278945221,
    0.571447751475,0.58010605074,0.588764350004,0.597422649269,
    0.606080948534,0.614739247799,0.623397547064,0.632055846328,
    0.640714145593,0.649372444858,0.658030744123,0.666689043387,
    0.675347342652,0.684005641917,0.692663941182,0.701322240446,
    0.709980539711,0.718638838976,0.727297138241,0.735955437506,
    0.74461373677,0.753272036035,0.7619303353,0.770588634565,
    0.779246933829,0.787905233094,0.796563532359,0.805221831624,
    0.813880130889,0.822538430153,0.831196729418,0.839855028683,
    0.848513327948,0.857171627212,0.865829926477,0.874488225742,
    0.883146525007,0.891804824271,0.900463123536,0.909121422801,
    0.917779722066,0.926438021331,0.935096320595,0.94375461986,
    0.952412919125,0.96107121839,0.969729517654,0.978387816919,
    0.987046116184,0.995704415449,1.004362714713,1.013021013978,
    1.021679313243,1.030337612508,1.038995911773,1.047654211037,
    1.056312510302,1.064970809567,1.073629108832,1.082287408096,
    1.090945707361,1.099604006626,1.108262305891,1.116920605156,
    1.12557890442,1.134237203685,1.14289550295,1.151553802215,
    1.160212101479,1.168870400744,1.177528700009,1.186186999274,
    1.194845298538,1.203503597803,1.212161897068,1.220820196333,
    1.229478495598,1.238136794862,1.246795094127,1.255453393392,
    1.264111692657,1.272769991921,1.281428291186,1.290086590451,
    1.298744889716,1.30740318898,1.316061488245,1.32471978751,
    1.333378086775),.QUASI_UNIFORM_KNOTS.);
#4664 = CARTESIAN_POINT('',(4.,7.766043503783));
#4665 = CARTESIAN_POINT('',(4.020413218942,7.766043501966));
#4666 = CARTESIAN_POINT('',(4.061232711254,7.766038061092));
#4667 = CARTESIAN_POINT('',(4.122402119617,7.766013568977));
#4668 = CARTESIAN_POINT('',(4.183473704822,7.765972734987));
#4669 = CARTESIAN_POINT('',(4.244405972628,7.76591552001));
#4670 = CARTESIAN_POINT('',(4.305155077499,7.765841869364));
#4671 = CARTESIAN_POINT('',(4.365674466312,7.765751712031));
#4672 = CARTESIAN_POINT('',(4.425914929951,7.765644963186));
#4673 = CARTESIAN_POINT('',(4.485824546148,7.765521525543));
#4674 = CARTESIAN_POINT('',(4.545348648202,7.765381290691));
#4675 = CARTESIAN_POINT('',(4.604429779684,7.765224140078));
#4676 = CARTESIAN_POINT('',(4.663007642216,7.765049945693));
#4677 = CARTESIAN_POINT('',(4.721019029893,7.764858570409));
#4678 = CARTESIAN_POINT('',(4.778397751069,7.764649867938));
#4679 = CARTESIAN_POINT('',(4.835074523159,7.76442368247));
#4680 = CARTESIAN_POINT('',(4.890976879176,7.764179847633));
#4681 = CARTESIAN_POINT('',(4.946028927545,7.763918185931));
#4682 = CARTESIAN_POINT('',(5.000151542422,7.763638504315));
#4683 = CARTESIAN_POINT('',(5.053260816101,7.763340601902));
#4684 = CARTESIAN_POINT('',(5.105272852052,7.763024229995));
#4685 = CARTESIAN_POINT('',(5.15605802469,7.762689394723));
#4686 = CARTESIAN_POINT('',(5.205510068348,7.762335956698));
#4687 = CARTESIAN_POINT('',(5.253509125159,7.761963838356));
#4688 = CARTESIAN_POINT('',(5.29992784053,7.761573002941));
#4689 = CARTESIAN_POINT('',(5.344630195312,7.761163470664));
#4690 = CARTESIAN_POINT('',(5.387472989885,7.760735318178));
#4691 = CARTESIAN_POINT('',(5.428303983864,7.760288707638));
#4692 = CARTESIAN_POINT('',(5.466960735232,7.759823932844));
#4693 = CARTESIAN_POINT('',(5.503275148715,7.759341395945));
#4694 = CARTESIAN_POINT('',(5.537073288432,7.758841644814));
#4695 = CARTESIAN_POINT('',(5.568176874584,7.758325409303));
#4696 = CARTESIAN_POINT('',(5.596411343263,7.757793513299));
#4697 = CARTESIAN_POINT('',(5.621600940631,7.757247001258));
#4698 = CARTESIAN_POINT('',(5.643568030131,7.756687324145));
#4699 = CARTESIAN_POINT('',(5.662153130077,7.756116038441));
#4700 = CARTESIAN_POINT('',(5.677213375751,7.755534887635));
#4701 = CARTESIAN_POINT('',(5.688627014566,7.754945783896));
#4702 = CARTESIAN_POINT('',(5.696296924291,7.754350822996));
#4703 = CARTESIAN_POINT('',(5.700154597358,7.753752265019));
#4704 = CARTESIAN_POINT('',(5.700165829214,7.753152617587));
#4705 = CARTESIAN_POINT('',(5.696330743989,7.752554001303));
#4706 = CARTESIAN_POINT('',(5.688683473344,7.751958909689));
#4707 = CARTESIAN_POINT('',(5.677292099974,7.751369591357));
#4708 = CARTESIAN_POINT('',(5.662253241045,7.750788140832));
#4709 = CARTESIAN_POINT('',(5.643688236933,7.750216475625));
#4710 = CARTESIAN_POINT('',(5.621739832156,7.749656351252));
#4711 = CARTESIAN_POINT('',(5.596567703677,7.749109339348));
#4712 = CARTESIAN_POINT('',(5.568350528969,7.748576916593));
#4713 = CARTESIAN_POINT('',(5.537264950774,7.748060139462));
#4714 = CARTESIAN_POINT('',(5.503483624167,7.747559803238));
#4715 = CARTESIAN_POINT('',(5.467185311828,7.747076652859));
#4716 = CARTESIAN_POINT('',(5.428543784362,7.74661123949));
#4717 = CARTESIAN_POINT('',(5.387727245707,7.746163972161));
#4718 = CARTESIAN_POINT('',(5.34489798359,7.745735148279));
#4719 = CARTESIAN_POINT('',(5.300208533089,7.745324937792));
#4720 = CARTESIAN_POINT('',(5.253802011046,7.744933420629));
#4721 = CARTESIAN_POINT('',(5.205814414801,7.744560621133));
#4722 = CARTESIAN_POINT('',(5.156373323118,7.744206507476));
#4723 = CARTESIAN_POINT('',(5.105597920412,7.743871002369));
#4724 = CARTESIAN_POINT('',(5.053597325433,7.743553983586));
#4725 = CARTESIAN_POINT('',(5.000476140543,7.743255324743));
#4726 = CARTESIAN_POINT('',(4.946330232493,7.742974869226));
#4727 = CARTESIAN_POINT('',(4.891249497808,7.742712456677));
#4728 = CARTESIAN_POINT('',(4.835318346801,7.742467923293));
#4729 = CARTESIAN_POINT('',(4.778613866538,7.742241094909));
#4730 = CARTESIAN_POINT('',(4.721217637509,7.742031834743));
#4731 = CARTESIAN_POINT('',(4.663193941954,7.741839960719));
#4732 = CARTESIAN_POINT('',(4.60460597121,7.741665313622));
#4733 = CARTESIAN_POINT('',(4.545514246838,7.741507747852));
#4734 = CARTESIAN_POINT('',(4.485977172595,7.741367132303));
#4735 = CARTESIAN_POINT('',(4.426051004076,7.741243348946));
#4736 = CARTESIAN_POINT('',(4.365789961871,7.741136292446));
#4737 = CARTESIAN_POINT('',(4.305246298056,7.741045869928));
#4738 = CARTESIAN_POINT('',(4.244470350893,7.740972001127));
#4739 = CARTESIAN_POINT('',(4.18351063842,7.740914618857));
#4740 = CARTESIAN_POINT('',(4.122413753338,7.740873669805));
#4741 = CARTESIAN_POINT('',(4.06122495888,7.740849115711));
#4742 = CARTESIAN_POINT('',(3.999986124494,7.740840934675));
#4743 = CARTESIAN_POINT('',(3.938743546391,7.740849123583));
#4744 = CARTESIAN_POINT('',(3.877549187072,7.740873688985));
#4745 = CARTESIAN_POINT('',(3.816445743835,7.740914653318));
#4746 = CARTESIAN_POINT('',(3.755479904369,7.740972054257));
#4747 = CARTESIAN_POINT('',(3.694698902122,7.741045943811));
#4748 = CARTESIAN_POINT('',(3.634151493917,7.741136387912));
#4749 = CARTESIAN_POINT('',(3.573887789643,7.741243466206));
#4750 = CARTESIAN_POINT('',(3.513959288286,7.741367272497));
#4751 = CARTESIAN_POINT('',(3.454419273445,7.741507914275));
#4752 = CARTESIAN_POINT('',(3.395321601507,7.74166551722));
#4753 = CARTESIAN_POINT('',(3.33672622798,7.741840210812));
#4754 = CARTESIAN_POINT('',(3.278695338194,7.742032136478));
#4755 = CARTESIAN_POINT('',(3.221294130842,7.742241446186));
#4756 = CARTESIAN_POINT('',(3.164591733086,7.742468299693));
#4757 = CARTESIAN_POINT('',(3.108662077251,7.742712860341));
#4758 = CARTESIAN_POINT('',(3.053583151212,7.742975299613));
#4759 = CARTESIAN_POINT('',(2.999439107706,7.743255782215));
#4760 = CARTESIAN_POINT('',(2.946319963557,7.743554467935));
#4761 = CARTESIAN_POINT('',(2.894321491187,7.743871513881));
#4762 = CARTESIAN_POINT('',(2.843548409477,7.744207045932));
#4763 = CARTESIAN_POINT('',(2.79410982066,7.74456118626));
#4764 = CARTESIAN_POINT('',(2.74612487015,7.744934012496));
#4765 = CARTESIAN_POINT('',(2.699721164466,7.745325556302));
#4766 = CARTESIAN_POINT('',(2.655034716489,7.745735793301));
#4767 = CARTESIAN_POINT('',(2.612208820644,7.746164641569));
#4768 = CARTESIAN_POINT('',(2.571395681072,7.746611934551));
#4769 = CARTESIAN_POINT('',(2.532757822535,7.747077372371));
#4770 = CARTESIAN_POINT('',(2.496463348543,7.747560547141));
#4771 = CARTESIAN_POINT('',(2.462686233739,7.748060904356));
#4772 = CARTESIAN_POINT('',(2.431604688241,7.748577708862));
#4773 = CARTESIAN_POINT('',(2.403393496512,7.749110125347));
#4774 = CARTESIAN_POINT('',(2.378227949594,7.749657110432));
#4775 = CARTESIAN_POINT('',(2.356285842136,7.750217202178));
#4776 = CARTESIAN_POINT('',(2.337726503776,7.750788838092));
#4777 = CARTESIAN_POINT('',(2.322692607688,7.751370270295));
#4778 = CARTESIAN_POINT('',(2.311305684252,7.751959584606));
#4779 = CARTESIAN_POINT('',(2.303662669483,7.752554684839));
#4780 = CARTESIAN_POINT('',(2.299831934411,7.753153312984));
#4781 = CARTESIAN_POINT('',(2.29984768094,7.753752961322));
#4782 = CARTESIAN_POINT('',(2.303709604988,7.754351492594));
#4783 = CARTESIAN_POINT('',(2.311383327768,7.754946422266));
#4784 = CARTESIAN_POINT('',(2.322800581441,7.75553550314));
#4785 = CARTESIAN_POINT('',(2.337864565568,7.756116644498));
#4786 = CARTESIAN_POINT('',(2.356453764153,7.756687932514));
#4787 = CARTESIAN_POINT('',(2.378425209507,7.757247615385));
#4788 = CARTESIAN_POINT('',(2.403619086744,7.757794127077));
#4789 = CARTESIAN_POINT('',(2.431856117488,7.758325990696));
#4790 = CARTESIAN_POINT('',(2.462961539559,7.758842188929));
#4791 = CARTESIAN_POINT('',(2.49676122489,7.759341904586));
#4792 = CARTESIAN_POINT('',(2.533076799543,7.759824406236));
#4793 = CARTESIAN_POINT('',(2.571734371894,7.760289146631));
#4794 = CARTESIAN_POINT('',(2.612565875815,7.76073572378));
#4795 = CARTESIAN_POINT('',(2.65540885355,7.761163843655));
#4796 = CARTESIAN_POINT('',(2.700111158046,7.761573344905));
#4797 = CARTESIAN_POINT('',(2.746529576873,7.761964150558));
#4798 = CARTESIAN_POINT('',(2.79452811507,7.762336240491));
#4799 = CARTESIAN_POINT('',(2.843979422309,7.7626896514));
#4800 = CARTESIAN_POINT('',(2.894763719356,7.763024461251));
#4801 = CARTESIAN_POINT('',(2.946774583049,7.763340808341));
#4802 = CARTESIAN_POINT('',(2.999882411208,7.763638686817));
#4803 = CARTESIAN_POINT('',(3.054003552737,7.763918346635));
#4804 = CARTESIAN_POINT('',(3.109054033467,7.76417998814));
#4805 = CARTESIAN_POINT('',(3.164954745473,7.764423804362));
#4806 = CARTESIAN_POINT('',(3.22162979334,7.764649972678));
#4807 = CARTESIAN_POINT('',(3.279006712981,7.764858659395));
#4808 = CARTESIAN_POINT('',(3.337016223896,7.76505002027));
#4809 = CARTESIAN_POINT('',(3.395592137827,7.765224201555));
#4810 = CARTESIAN_POINT('',(3.454671253099,7.765381340352));
#4811 = CARTESIAN_POINT('',(3.514193276631,7.765521564658));
#4812 = CARTESIAN_POINT('',(3.574100758415,7.765644993016));
#4813 = CARTESIAN_POINT('',(3.634339039386,7.765751733832));
#4814 = CARTESIAN_POINT('',(3.694856206191,7.765841884389));
#4815 = CARTESIAN_POINT('',(3.755603059993,7.765915529514));
#4816 = CARTESIAN_POINT('',(3.816533059331,7.765972740216));
#4817 = CARTESIAN_POINT('',(3.877602371809,7.766013571174));
#4818 = CARTESIAN_POINT('',(3.938769517631,7.766038061487));
#4819 = CARTESIAN_POINT('',(3.979587519306,7.766043501965));
#4820 = CARTESIAN_POINT('',(4.,7.766043503783));
#4821 = ( GEOMETRIC_REPRESENTATION_CONTEXT(2) 
PARAMETRIC_REPRESENTATION_CONTEXT() REPRESENTATION_CONTEXT('2D SPACE',''
  ) );
#4822 = ORIENTED_EDGE('',*,*,#4358,.T.);
#4823 = ADVANCED_FACE('',(#4824),#1901,.F.);
#4824 = FACE_BOUND('',#4825,.F.);
#4825 = EDGE_LOOP('',(#4826,#4827,#4850,#5292));
#4826 = ORIENTED_EDGE('',*,*,#1618,.T.);
#4827 = ORIENTED_EDGE('',*,*,#4828,.F.);
#4828 = EDGE_CURVE('',#4829,#1619,#4831,.T.);
#4829 = VERTEX_POINT('',#4830);
#4830 = CARTESIAN_POINT('',(21.637178966154,118.98341025005,4.));
#4831 = SEAM_CURVE('',#4832,(#4836,#4843),.PCURVE_S1.);
#4832 = LINE('',#4833,#4834);
#4833 = CARTESIAN_POINT('',(23.551584301941,120.10592698248,4.));
#4834 = VECTOR('',#4835,1.);
#4835 = DIRECTION('',(-0.862643091921,-0.505813103785,
    -1.232595164408E-32));
#4836 = PCURVE('',#1901,#4837);
#4837 = DEFINITIONAL_REPRESENTATION('',(#4838),#4842);
#4838 = LINE('',#4839,#4840);
#4839 = CARTESIAN_POINT('',(0.,-0.));
#4840 = VECTOR('',#4841,1.);
#4841 = DIRECTION('',(0.,1.));
#4842 = ( GEOMETRIC_REPRESENTATION_CONTEXT(2) 
PARAMETRIC_REPRESENTATION_CONTEXT() REPRESENTATION_CONTEXT('2D SPACE',''
  ) );
#4843 = PCURVE('',#1901,#4844);
#4844 = DEFINITIONAL_REPRESENTATION('',(#4845),#4849);
#4845 = LINE('',#4846,#4847);
#4846 = CARTESIAN_POINT('',(6.28318530718,-0.));
#4847 = VECTOR('',#4848,1.);
#4848 = DIRECTION('',(0.,1.));
#4849 = ( GEOMETRIC_REPRESENTATION_CONTEXT(2) 
PARAMETRIC_REPRESENTATION_CONTEXT() REPRESENTATION_CONTEXT('2D SPACE',''
  ) );
#4850 = ORIENTED_EDGE('',*,*,#4851,.T.);
#4851 = EDGE_CURVE('',#4829,#4829,#4852,.T.);
#4852 = SURFACE_CURVE('',#4853,(#4970,#5131),.PCURVE_S1.);
#4853 = B_SPLINE_CURVE_WITH_KNOTS('',7,(#4854,#4855,#4856,#4857,#4858,
    #4859,#4860,#4861,#4862,#4863,#4864,#4865,#4866,#4867,#4868,#4869,
    #4870,#4871,#4872,#4873,#4874,#4875,#4876,#4877,#4878,#4879,#4880,
    #4881,#4882,#4883,#4884,#4885,#4886,#4887,#4888,#4889,#4890,#4891,
    #4892,#4893,#4894,#4895,#4896,#4897,#4898,#4899,#4900,#4901,#4902,
    #4903,#4904,#4905,#4906,#4907,#4908,#4909,#4910,#4911,#4912,#4913,
    #4914,#4915,#4916,#4917,#4918,#4919,#4920,#4921,#4922,#4923,#4924,
    #4925,#4926,#4927,#4928,#4929,#4930,#4931,#4932,#4933,#4934,#4935,
    #4936,#4937,#4938,#4939,#4940,#4941,#4942,#4943,#4944,#4945,#4946,
    #4947,#4948,#4949,#4950,#4951,#4952,#4953,#4954,#4955,#4956,#4957,
    #4958,#4959,#4960,#4961,#4962,#4963,#4964,#4965,#4966,#4967,#4968,
    #4969),.UNSPECIFIED.,.T.,.F.,(8,6,6,6,6,6,6,6,6,6,6,6,6,6,6,6,6,6,6,
    8),(0.,0.160405328746,0.217589071224,0.262384795323,0.33270995646,
    0.404413053174,0.449190265514,0.506367573495,0.549576792185,
    0.5818822086,0.666613357116,0.783104172609,0.826253340761,
    0.883251009655,0.927633806022,1.,1.071629312028,1.116225103419,
    1.173321297777,1.333367289315),.UNSPECIFIED.);
#4854 = CARTESIAN_POINT('',(21.637178966154,118.98341025005,4.));
#4855 = CARTESIAN_POINT('',(21.637178966154,118.98341025005,
    3.837908658184));
#4856 = CARTESIAN_POINT('',(21.646655050894,118.96806574066,
    3.676009442826));
#4857 = CARTESIAN_POINT('',(21.665570160626,118.93743633003,
    3.515360897727));
#4858 = CARTESIAN_POINT('',(21.694109328411,118.89116921355,
    3.357365731577));
#4859 = CARTESIAN_POINT('',(21.732521250812,118.82875013108,
    3.203831787328));
#4860 = CARTESIAN_POINT('',(21.781020507332,118.74965716905,
    3.056913390675));
#4861 = CARTESIAN_POINT('',(21.861046347227,118.61849835522,
    2.870349433863));
#4862 = CARTESIAN_POINT('',(21.883398892381,118.58181327362,
    2.822541557149));
#4863 = CARTESIAN_POINT('',(21.907082365475,118.54288525766,
    2.776093187679));
#4864 = CARTESIAN_POINT('',(21.932101120988,118.50169442684,
    2.731164206151));
#4865 = CARTESIAN_POINT('',(21.958451779181,118.45823247184,
    2.687934661977));
#4866 = CARTESIAN_POINT('',(21.986120801742,118.41250691285,
    2.646602293139));
#4867 = CARTESIAN_POINT('',(22.037769300034,118.32697396956,
    2.576654723015));
#4868 = CARTESIAN_POINT('',(22.061248221187,118.28803261005,
    2.547226132264));
#4869 = CARTESIAN_POINT('',(22.085504753349,118.24773715772,
    2.519197719148));
#4870 = CARTESIAN_POINT('',(22.11051776254,118.2061148956,2.492681489567
    ));
#4871 = CARTESIAN_POINT('',(22.13625759636,118.16320728553,
    2.467794536072));
#4872 = CARTESIAN_POINT('',(22.162684622,118.11907274243,2.444655563977)
  );
#4873 = CARTESIAN_POINT('',(22.232234405097,118.00269874507,
    2.389982966803));
#4874 = CARTESIAN_POINT('',(22.276305550555,117.92874879241,
    2.361167040091));
#4875 = CARTESIAN_POINT('',(22.321735979846,117.85228800438,
    2.337414749425));
#4876 = CARTESIAN_POINT('',(22.368244889209,117.77376252785,
    2.319153139108));
#4877 = CARTESIAN_POINT('',(22.415493313384,117.69372497686,
    2.306727427968));
#4878 = CARTESIAN_POINT('',(22.463082097197,117.61284211217,
    2.300347830336));
#4879 = CARTESIAN_POINT('',(22.558948821084,117.44937480686,
    2.299667480409));
#4880 = CARTESIAN_POINT('',(22.607268491915,117.36670879111,
    2.305605483188));
#4881 = CARTESIAN_POINT('',(22.655026904492,117.28472688418,
    2.317841233175));
#4882 = CARTESIAN_POINT('',(22.701815300494,117.20414343531,
    2.336163712765));
#4883 = CARTESIAN_POINT('',(22.74729515181,117.12556484736,2.36021389038
    ));
#4884 = CARTESIAN_POINT('',(22.791193743428,117.0494923351,
    2.389538374528));
#4885 = CARTESIAN_POINT('',(22.859592725853,116.93063540048,
    2.444899179381));
#4886 = CARTESIAN_POINT('',(22.885196791203,116.88606127231,
    2.468043046854));
#4887 = CARTESIAN_POINT('',(22.910067995256,116.84268635072,
    2.49293236355));
#4888 = CARTESIAN_POINT('',(22.934174789763,116.80057353664,
    2.519448605238));
#4889 = CARTESIAN_POINT('',(22.957495464932,116.75976875886,
    2.547474872321));
#4890 = CARTESIAN_POINT('',(22.980016459382,116.72030360411,
    2.576899350662));
#4891 = CARTESIAN_POINT('',(23.029458169136,116.63353973967,
    2.646845284023));
#4892 = CARTESIAN_POINT('',(23.055868125443,116.58710184343,
    2.688180273156));
#4893 = CARTESIAN_POINT('',(23.080948929587,116.54292024554,
    2.731410963972));
#4894 = CARTESIAN_POINT('',(23.104700261608,116.50101013594,
    2.776339781184));
#4895 = CARTESIAN_POINT('',(23.127130594526,116.46137011313,
    2.822786824394));
#4896 = CARTESIAN_POINT('',(23.14825469786,116.42398638996,
    2.870592342425));
#4897 = CARTESIAN_POINT('',(23.183081654814,116.36227440382,
    2.956669090129));
#4898 = CARTESIAN_POINT('',(23.197336003752,116.33698924016,
    2.994414640624));
#4899 = CARTESIAN_POINT('',(23.210862130315,116.31297216724,
    3.032795545638));
#4900 = CARTESIAN_POINT('',(23.223668048875,116.29021331534,
    3.071755859921));
#4901 = CARTESIAN_POINT('',(23.235761845823,116.26870228617,
    3.111244006466));
#4902 = CARTESIAN_POINT('',(23.247151679577,116.24842815285,
    3.151212776512));
#4903 = CARTESIAN_POINT('',(23.265841236089,116.21513768521,
    3.221829330115));
#4904 = CARTESIAN_POINT('',(23.273447652384,116.20158116138,
    3.252283701695));
#4905 = CARTESIAN_POINT('',(23.280668355872,116.18870530547,
    3.282964373519));
#4906 = CARTESIAN_POINT('',(23.287506500866,116.17650573305,
    3.313854152821));
#4907 = CARTESIAN_POINT('',(23.29396506957,116.16497825822,3.34493672483
    ));
#4908 = CARTESIAN_POINT('',(23.300046872084,116.1541188936,3.37619665277
    ));
#4909 = CARTESIAN_POINT('',(23.320724723356,116.11718413236,
    3.490035389846));
#4910 = CARTESIAN_POINT('',(23.333119880768,116.09501678474,
    3.573564036517));
#4911 = CARTESIAN_POINT('',(23.342989846837,116.07734957049,
    3.657951559477));
#4912 = CARTESIAN_POINT('',(23.350369732835,116.06413172974,
    3.742963132575));
#4913 = CARTESIAN_POINT('',(23.355283871637,116.05532756125,
    3.828379719315));
#4914 = CARTESIAN_POINT('',(23.357745943309,116.05091651124,
    3.913996007442));
#4915 = CARTESIAN_POINT('',(23.357768134801,116.05087675293,
    4.117336947355));
#4916 = CARTESIAN_POINT('',(23.35314489096,116.0591597556,4.235021138203
    ));
#4917 = CARTESIAN_POINT('',(23.343890813048,116.07573941495,
    4.352201927201));
#4918 = CARTESIAN_POINT('',(23.329952450298,116.10069740217,
    4.468341727789));
#4919 = CARTESIAN_POINT('',(23.311244356669,116.13415866166,
    4.58283494001));
#4920 = CARTESIAN_POINT('',(23.287649089591,116.17628933759,
    4.69499662457));
#4921 = CARTESIAN_POINT('',(23.248375113099,116.24625012211,
    4.844431045506));
#4922 = CARTESIAN_POINT('',(23.237066516866,116.26638109451,
    4.884388505858));
#4923 = CARTESIAN_POINT('',(23.225056539731,116.28774468327,
    4.92387026822));
#4924 = CARTESIAN_POINT('',(23.212337069097,116.3103517728,
    4.962829562158));
#4925 = CARTESIAN_POINT('',(23.198900046487,116.33421275377,
    5.001215303469));
#4926 = CARTESIAN_POINT('',(23.184737467541,116.35933752312,
    5.038972094173));
#4927 = CARTESIAN_POINT('',(23.150164475433,116.42060573302,
    5.125005173562));
#4928 = CARTESIAN_POINT('',(23.129209037012,116.45769512578,
    5.172765316309));
#4929 = CARTESIAN_POINT('',(23.106956568592,116.49702566803,
    5.219185587825));
#4930 = CARTESIAN_POINT('',(23.083392219807,116.53861147791,
    5.26410874109));
#4931 = CARTESIAN_POINT('',(23.058507201781,116.58245471437,
    5.307357703765));
#4932 = CARTESIAN_POINT('',(23.03230120082,116.62854150552,
    5.348737936943));
#4933 = CARTESIAN_POINT('',(22.98335838665,116.71444516984,
    5.418643261542));
#4934 = CARTESIAN_POINT('',(22.961138657639,116.75339006293,
    5.447984720776));
#4935 = CARTESIAN_POINT('',(22.938132035346,116.79365407732,
    5.475964166966));
#4936 = CARTESIAN_POINT('',(22.914351080063,116.83520760312,
    5.502473278923));
#4937 = CARTESIAN_POINT('',(22.889816086503,116.87800739729,
    5.527398651186));
#4938 = CARTESIAN_POINT('',(22.86455668819,116.92199408153,
    5.550625026273));
#4939 = CARTESIAN_POINT('',(22.796313005307,117.04061799344,
    5.606953261254));
#4940 = CARTESIAN_POINT('',(22.752172946777,117.11713192939,
    5.637066692707));
#4941 = CARTESIAN_POINT('',(22.706402185295,117.19623574969,
    5.661847322737));
#4942 = CARTESIAN_POINT('',(22.659272828856,117.27742800449,
    5.680825461601));
#4943 = CARTESIAN_POINT('',(22.61112712179,117.36009449032,
    5.693622563189));
#4944 = CARTESIAN_POINT('',(22.562383977168,117.44350224862,
    5.700010387409));
#4945 = CARTESIAN_POINT('',(22.465203561919,117.60923874185,
    5.699989698751));
#4946 = CARTESIAN_POINT('',(22.416722856168,117.69164719743,
    5.69371086284));
#4947 = CARTESIAN_POINT('',(22.368583050117,117.7731991247,5.68115493189
    ));
#4948 = CARTESIAN_POINT('',(22.321203816815,117.85319321232,
    5.662538913259));
#4949 = CARTESIAN_POINT('',(22.27494440595,117.93104365486,
    5.638225622973));
#4950 = CARTESIAN_POINT('',(22.230104326661,118.00627453907,
    5.608669558558));
#4951 = CARTESIAN_POINT('',(22.160041528711,118.12348740245,
    5.553045236713));
#4952 = CARTESIAN_POINT('',(22.133792447288,118.16731801084,
    5.529862830964));
#4953 = CARTESIAN_POINT('',(22.108227182938,118.20992857808,
    5.504956569081));
#4954 = CARTESIAN_POINT('',(22.08338425266,118.251262465,5.478443463069)
  );
#4955 = CARTESIAN_POINT('',(22.059292445515,118.29127954347,
    5.450438790674));
#4956 = CARTESIAN_POINT('',(22.03597224847,118.32995349387,
    5.421052741521));
#4957 = CARTESIAN_POINT('',(21.984585639775,118.41504444573,
    5.351125656039));
#4958 = CARTESIAN_POINT('',(21.957023249351,118.46058970275,
    5.309769694129));
#4959 = CARTESIAN_POINT('',(21.93077557236,118.50387824748,
    5.266530506722));
#4960 = CARTESIAN_POINT('',(21.905855709159,118.54490318278,
    5.22160426137));
#4961 = CARTESIAN_POINT('',(21.882266774037,118.58367315404,
    5.175169544105));
#4962 = CARTESIAN_POINT('',(21.860004280175,118.62020816273,
    5.127384939556));
#4963 = CARTESIAN_POINT('',(21.780345605909,118.7507577915,
    4.941039697591));
#4964 = CARTESIAN_POINT('',(21.732076084232,118.82947351297,
    4.794386070541));
#4965 = CARTESIAN_POINT('',(21.693844962365,118.89159779547,
    4.64116813356));
#4966 = CARTESIAN_POINT('',(21.665438718386,118.93764917805,
    4.48352162412));
#4967 = CARTESIAN_POINT('',(21.646611057512,118.96813697782,
    4.323239458851));
#4968 = CARTESIAN_POINT('',(21.637178966154,118.98341025005,
    4.161714588481));
#4969 = CARTESIAN_POINT('',(21.637178966154,118.98341025005,4.));
#4970 = PCURVE('',#1901,#4971);
#4971 = DEFINITIONAL_REPRESENTATION('',(#4972),#5130);
#4972 = B_SPLINE_CURVE_WITH_KNOTS('',3,(#4973,#4974,#4975,#4976,#4977,
    #4978,#4979,#4980,#4981,#4982,#4983,#4984,#4985,#4986,#4987,#4988,
    #4989,#4990,#4991,#4992,#4993,#4994,#4995,#4996,#4997,#4998,#4999,
    #5000,#5001,#5002,#5003,#5004,#5005,#5006,#5007,#5008,#5009,#5010,
    #5011,#5012,#5013,#5014,#5015,#5016,#5017,#5018,#5019,#5020,#5021,
    #5022,#5023,#5024,#5025,#5026,#5027,#5028,#5029,#5030,#5031,#5032,
    #5033,#5034,#5035,#5036,#5037,#5038,#5039,#5040,#5041,#5042,#5043,
    #5044,#5045,#5046,#5047,#5048,#5049,#5050,#5051,#5052,#5053,#5054,
    #5055,#5056,#5057,#5058,#5059,#5060,#5061,#5062,#5063,#5064,#5065,
    #5066,#5067,#5068,#5069,#5070,#5071,#5072,#5073,#5074,#5075,#5076,
    #5077,#5078,#5079,#5080,#5081,#5082,#5083,#5084,#5085,#5086,#5087,
    #5088,#5089,#5090,#5091,#5092,#5093,#5094,#5095,#5096,#5097,#5098,
    #5099,#5100,#5101,#5102,#5103,#5104,#5105,#5106,#5107,#5108,#5109,
    #5110,#5111,#5112,#5113,#5114,#5115,#5116,#5117,#5118,#5119,#5120,
    #5121,#5122,#5123,#5124,#5125,#5126,#5127,#5128,#5129),
  .UNSPECIFIED.,.F.,.F.,(4,1,1,1,1,1,1,1,1,1,1,1,1,1,1,1,1,1,1,1,1,1,1,1
    ,1,1,1,1,1,1,1,1,1,1,1,1,1,1,1,1,1,1,1,1,1,1,1,1,1,1,1,1,1,1,1,1,1,1
    ,1,1,1,1,1,1,1,1,1,1,1,1,1,1,1,1,1,1,1,1,1,1,1,1,1,1,1,1,1,1,1,1,1,1
    ,1,1,1,1,1,1,1,1,1,1,1,1,1,1,1,1,1,1,1,1,1,1,1,1,1,1,1,1,1,1,1,1,1,1
    ,1,1,1,1,1,1,1,1,1,1,1,1,1,1,1,1,1,1,1,1,1,1,1,1,1,1,1,1,4),(0.,
    8.658229151399E-03,1.73164583028E-02,2.59746874542E-02,
    3.46329166056E-02,4.3291145757E-02,5.19493749084E-02,
    6.06076040598E-02,6.926583321119E-02,7.792406236259E-02,
    8.658229151399E-02,9.524052066539E-02,0.103898749817,0.112556978968,
    0.12121520812,0.129873437271,0.138531666422,0.147189895574,
    0.155848124725,0.164506353877,0.173164583028,0.181822812179,
    0.190481041331,0.199139270482,0.207797499634,0.216455728785,
    0.225113957936,0.233772187088,0.242430416239,0.251088645391,
    0.259746874542,0.268405103693,0.277063332845,0.285721561996,
    0.294379791148,0.303038020299,0.31169624945,0.320354478602,
    0.329012707753,0.337670936905,0.346329166056,0.354987395207,
    0.363645624359,0.37230385351,0.380962082662,0.389620311813,
    0.398278540964,0.406936770116,0.415594999267,0.424253228419,
    0.43291145757,0.441569686721,0.450227915873,0.458886145024,
    0.467544374176,0.476202603327,0.484860832478,0.49351906163,
    0.502177290781,0.510835519933,0.519493749084,0.528151978235,
    0.536810207387,0.545468436538,0.55412666569,0.562784894841,
    0.571443123992,0.580101353144,0.588759582295,0.597417811447,
    0.606076040598,0.614734269749,0.623392498901,0.632050728052,
    0.640708957204,0.649367186355,0.658025415506,0.666683644658,
    0.675341873809,0.684000102961,0.692658332112,0.701316561263,
    0.709974790415,0.718633019566,0.727291248718,0.735949477869,
    0.74460770702,0.753265936172,0.761924165323,0.770582394475,
    0.779240623626,0.787898852777,0.796557081929,0.80521531108,
    0.813873540232,0.822531769383,0.831189998534,0.839848227686,
    0.848506456837,0.857164685989,0.86582291514,0.874481144291,
    0.883139373443,0.891797602594,0.900455831746,0.909114060897,
    0.917772290048,0.9264305192,0.935088748351,0.943746977503,
    0.952405206654,0.961063435805,0.969721664957,0.978379894108,
    0.98703812326,0.995696352411,1.004354581562,1.013012810714,
    1.021671039865,1.030329269017,1.038987498168,1.047645727319,
    1.056303956471,1.064962185622,1.073620414774,1.082278643925,
    1.090936873076,1.099595102228,1.108253331379,1.116911560531,
    1.125569789682,1.134228018833,1.142886247985,1.151544477136,
    1.160202706288,1.168860935439,1.17751916459,1.186177393742,
    1.194835622893,1.203493852045,1.212152081196,1.220810310347,
    1.229468539499,1.23812676865,1.246784997802,1.255443226953,
    1.264101456104,1.272759685256,1.281417914407,1.290076143558,
    1.29873437271,1.307392601861,1.316050831013,1.324709060164,
    1.333367289315),.QUASI_UNIFORM_KNOTS.);
#4973 = CARTESIAN_POINT('',(0.,2.219232210535));
#4974 = CARTESIAN_POINT('',(1.200864783559E-02,2.219232221742));
#4975 = CARTESIAN_POINT('',(3.602174423685E-02,2.219215354793));
#4976 = CARTESIAN_POINT('',(7.20528296516E-02,2.219139655905));
#4977 = CARTESIAN_POINT('',(0.108119849126,2.219013772955));
#4978 = CARTESIAN_POINT('',(0.144245704722,2.218838113625));
#4979 = CARTESIAN_POINT('',(0.180452507265,2.218613225364));
#4980 = CARTESIAN_POINT('',(0.216761603735,2.21833982229));
#4981 = CARTESIAN_POINT('',(0.253193802347,2.218018790005));
#4982 = CARTESIAN_POINT('',(0.28976953703,2.217651195797));
#4983 = CARTESIAN_POINT('',(0.326509043187,2.217238296859));
#4984 = CARTESIAN_POINT('',(0.36343252903,2.216781548489));
#4985 = CARTESIAN_POINT('',(0.400560351517,2.216282611733));
#4986 = CARTESIAN_POINT('',(0.437913199038,2.215743360632));
#4987 = CARTESIAN_POINT('',(0.475512290035,2.215165888948));
#4988 = CARTESIAN_POINT('',(0.513379579581,2.214552516651));
#4989 = CARTESIAN_POINT('',(0.551538031214,2.213905795161));
#4990 = CARTESIAN_POINT('',(0.590011770604,2.213228515027));
#4991 = CARTESIAN_POINT('',(0.628826837755,2.212523702296));
#4992 = CARTESIAN_POINT('',(0.668009896411,2.211794654861));
#4993 = CARTESIAN_POINT('',(0.707594791917,2.211044827329));
#4994 = CARTESIAN_POINT('',(0.747584547355,2.210278580082));
#4995 = CARTESIAN_POINT('',(0.788002623424,2.209500211114));
#4996 = CARTESIAN_POINT('',(0.828868903407,2.208714420671));
#4997 = CARTESIAN_POINT('',(0.870201841938,2.207926258325));
#4998 = CARTESIAN_POINT('',(0.912017954994,2.207141123018));
#4999 = CARTESIAN_POINT('',(0.954332328194,2.206364740569));
#5000 = CARTESIAN_POINT('',(0.997157451794,2.205603178378));
#5001 = CARTESIAN_POINT('',(1.040498622184,2.204862847828));
#5002 = CARTESIAN_POINT('',(1.084358213022,2.204150399989));
#5003 = CARTESIAN_POINT('',(1.128732412777,2.203472688909));
#5004 = CARTESIAN_POINT('',(1.173610471614,2.202836672388));
#5005 = CARTESIAN_POINT('',(1.218977874444,2.202249268639));
#5006 = CARTESIAN_POINT('',(1.264814936585,2.201717244234));
#5007 = CARTESIAN_POINT('',(1.311075873251,2.201247273816));
#5008 = CARTESIAN_POINT('',(1.357714935373,2.200845417967));
#5009 = CARTESIAN_POINT('',(1.404679317132,2.200517051456));
#5010 = CARTESIAN_POINT('',(1.45190974867,2.20026668822));
#5011 = CARTESIAN_POINT('',(1.499338397645,2.200097832996));
#5012 = CARTESIAN_POINT('',(1.5468884141,2.200012837935));
#5013 = CARTESIAN_POINT('',(1.594467843422,2.200012720956));
#5014 = CARTESIAN_POINT('',(1.642016327197,2.20009717639));
#5015 = CARTESIAN_POINT('',(1.689442345107,2.200264583417));
#5016 = CARTESIAN_POINT('',(1.736671869262,2.200512043488));
#5017 = CARTESIAN_POINT('',(1.783637740074,2.200835564069));
#5018 = CARTESIAN_POINT('',(1.830280651196,2.201230210185));
#5019 = CARTESIAN_POINT('',(1.876546632545,2.201690254405));
#5020 = CARTESIAN_POINT('',(1.922388483236,2.202209362978));
#5021 = CARTESIAN_POINT('',(1.967756169661,2.202780636725));
#5022 = CARTESIAN_POINT('',(2.012633723664,2.203397265167));
#5023 = CARTESIAN_POINT('',(2.057007840719,2.204052351625));
#5024 = CARTESIAN_POINT('',(2.100867408046,2.204739016593));
#5025 = CARTESIAN_POINT('',(2.144208672342,2.205450557522));
#5026 = CARTESIAN_POINT('',(2.187033947718,2.206180530759));
#5027 = CARTESIAN_POINT('',(2.229348528476,2.206922783415));
#5028 = CARTESIAN_POINT('',(2.271164828664,2.207671542553));
#5029 = CARTESIAN_POINT('',(2.31249793707,2.208421407479));
#5030 = CARTESIAN_POINT('',(2.353364366109,2.209167327515));
#5031 = CARTESIAN_POINT('',(2.393782493228,2.209904615598));
#5032 = CARTESIAN_POINT('',(2.433772403745,2.210628947689));
#5033 = CARTESIAN_POINT('',(2.473356693472,2.211336383121));
#5034 = CARTESIAN_POINT('',(2.512556182835,2.212023263149));
#5035 = CARTESIAN_POINT('',(2.551393885356,2.212686284573));
#5036 = CARTESIAN_POINT('',(2.589892251131,2.213322413187));
#5037 = CARTESIAN_POINT('',(2.628073840447,2.213928893225));
#5038 = CARTESIAN_POINT('',(2.665961766881,2.214503253745));
#5039 = CARTESIAN_POINT('',(2.703578300625,2.215043246368));
#5040 = CARTESIAN_POINT('',(2.740945798475,2.215546857172));
#5041 = CARTESIAN_POINT('',(2.778086370553,2.216012279769));
#5042 = CARTESIAN_POINT('',(2.815021378878,2.216437909482));
#5043 = CARTESIAN_POINT('',(2.851771616403,2.216822323701));
#5044 = CARTESIAN_POINT('',(2.88835955355,2.217164298451));
#5045 = CARTESIAN_POINT('',(2.92480625173,2.217462761724));
#5046 = CARTESIAN_POINT('',(2.961132385019,2.217716799597));
#5047 = CARTESIAN_POINT('',(2.997358220838,2.217925649167));
#5048 = CARTESIAN_POINT('',(3.033503823657,2.218088695002));
#5049 = CARTESIAN_POINT('',(3.069589336643,2.218205464624));
#5050 = CARTESIAN_POINT('',(3.105634686994,2.218275624285));
#5051 = CARTESIAN_POINT('',(3.141661507172,2.218298974429));
#5052 = CARTESIAN_POINT('',(3.177686786039,2.218275446054));
#5053 = CARTESIAN_POINT('',(3.213729091303,2.218205117635));
#5054 = CARTESIAN_POINT('',(3.249811021161,2.218088191014));
#5055 = CARTESIAN_POINT('',(3.285953243004,2.217924998813));
#5056 = CARTESIAN_POINT('',(3.322176334126,2.217716010364));
#5057 = CARTESIAN_POINT('',(3.358500516248,2.217461837972));
#5058 = CARTESIAN_POINT('',(3.394945945043,2.217163243012));
#5059 = CARTESIAN_POINT('',(3.431532849078,2.216821142003));
#5060 = CARTESIAN_POINT('',(3.468281711513,2.21643661264));
#5061 = CARTESIAN_POINT('',(3.50521345935,2.216010899658));
#5062 = CARTESIAN_POINT('',(3.542349640321,2.215545421098));
#5063 = CARTESIAN_POINT('',(3.579712734105,2.215041772786));
#5064 = CARTESIAN_POINT('',(3.617326061462,2.214501739248));
#5065 = CARTESIAN_POINT('',(3.655215318536,2.213927280298));
#5066 = CARTESIAN_POINT('',(3.693397915526,2.213320712392));
#5067 = CARTESIAN_POINT('',(3.731897470683,2.212684501203));
#5068 = CARTESIAN_POINT('',(3.770736368678,2.212021406346));
#5069 = CARTESIAN_POINT('',(3.809937165587,2.211334460447));
#5070 = CARTESIAN_POINT('',(3.849522760737,2.210626969234));
#5071 = CARTESIAN_POINT('',(3.889514086915,2.209902590673));
#5072 = CARTESIAN_POINT('',(3.9299337365,2.209165266898));
#5073 = CARTESIAN_POINT('',(3.970801702288,2.208419324701));
#5074 = CARTESIAN_POINT('',(4.012136378352,2.207669451383));
#5075 = CARTESIAN_POINT('',(4.053954268968,2.206920698264));
#5076 = CARTESIAN_POINT('',(4.096270770668,2.206178463048));
#5077 = CARTESIAN_POINT('',(4.139097707346,2.205448529138));
#5078 = CARTESIAN_POINT('',(4.182440693935,2.204737044391));
#5079 = CARTESIAN_POINT('',(4.226301896279,2.204050456574));
#5080 = CARTESIAN_POINT('',(4.270677812513,2.203395463838));
#5081 = CARTESIAN_POINT('',(4.315556572542,2.202778955408));
#5082 = CARTESIAN_POINT('',(4.360927931889,2.202207792633));
#5083 = CARTESIAN_POINT('',(4.406769250636,2.201688864701));
#5084 = CARTESIAN_POINT('',(4.453033661685,2.201229022435));
#5085 = CARTESIAN_POINT('',(4.499675048423,2.200834585363));
#5086 = CARTESIAN_POINT('',(4.546640412147,2.200511272706));
#5087 = CARTESIAN_POINT('',(4.593870653924,2.200264021965));
#5088 = CARTESIAN_POINT('',(4.641298234255,2.200096831958));
#5089 = CARTESIAN_POINT('',(4.688847501661,2.200012605774));
#5090 = CARTESIAN_POINT('',(4.736425753299,2.200012954947));
#5091 = CARTESIAN_POINT('',(4.783972093813,2.200098171343));
#5092 = CARTESIAN_POINT('',(4.83139595746,2.200267225432));
#5093 = CARTESIAN_POINT('',(4.878622581638,2.200517770916));
#5094 = CARTESIAN_POINT('',(4.925584810857,2.200846312888));
#5095 = CARTESIAN_POINT('',(4.972223400871,2.201248345101));
#5096 = CARTESIAN_POINT('',(5.018484697943,2.201718489936));
#5097 = CARTESIAN_POINT('',(5.064321906464,2.202250676856));
#5098 = CARTESIAN_POINT('',(5.109685928943,2.202838182649));
#5099 = CARTESIAN_POINT('',(5.154558489442,2.203474247613));
#5100 = CARTESIAN_POINT('',(5.198927766294,2.204151990128));
#5101 = CARTESIAN_POINT('',(5.242782356571,2.204864445219));
#5102 = CARTESIAN_POINT('',(5.28611867352,2.20560476464));
#5103 = CARTESIAN_POINT('',(5.328939032171,2.20636629786));
#5104 = CARTESIAN_POINT('',(5.371248871912,2.207142638503));
#5105 = CARTESIAN_POINT('',(5.41306043042,2.207927716947));
#5106 = CARTESIAN_POINT('',(5.454388942174,2.208715811534));
#5107 = CARTESIAN_POINT('',(5.495250909766,2.209501525389));
#5108 = CARTESIAN_POINT('',(5.535664843748,2.210279812207));
#5109 = CARTESIAN_POINT('',(5.575650398213,2.211045969248));
#5110 = CARTESIAN_POINT('',(5.615231707679,2.211795712534));
#5111 = CARTESIAN_POINT('',(5.654411587722,2.212524679282));
#5112 = CARTESIAN_POINT('',(5.693223258372,2.213229404364));
#5113 = CARTESIAN_POINT('',(5.731693602546,2.213906595541));
#5114 = CARTESIAN_POINT('',(5.769848643871,2.214553227742));
#5115 = CARTESIAN_POINT('',(5.807712546412,2.215166512311));
#5116 = CARTESIAN_POINT('',(5.84530828991,2.215743899156));
#5117 = CARTESIAN_POINT('',(5.882657844799,2.216283069485));
#5118 = CARTESIAN_POINT('',(5.919782438922,2.21678193047));
#5119 = CARTESIAN_POINT('',(5.956702765946,2.217238608814));
#5120 = CARTESIAN_POINT('',(5.99343918383,2.21765144404));
#5121 = CARTESIAN_POINT('',(6.030011897759,2.218018981267));
#5122 = CARTESIAN_POINT('',(6.066441136094,2.218339963599));
#5123 = CARTESIAN_POINT('',(6.102747321682,2.218613323952));
#5124 = CARTESIAN_POINT('',(6.138951247487,2.218838176872));
#5125 = CARTESIAN_POINT('',(6.175074240945,2.219013808365));
#5126 = CARTESIAN_POINT('',(6.211138388658,2.219139671118));
#5127 = CARTESIAN_POINT('',(6.247166564203,2.21921535763));
#5128 = CARTESIAN_POINT('',(6.271177671654,2.219232221753));
#5129 = CARTESIAN_POINT('',(6.28318530718,2.219232210535));
#5130 = ( GEOMETRIC_REPRESENTATION_CONTEXT(2) 
PARAMETRIC_REPRESENTATION_CONTEXT() REPRESENTATION_CONTEXT('2D SPACE',''
  ) );
#5131 = PCURVE('',#116,#5132);
#5132 = DEFINITIONAL_REPRESENTATION('',(#5133),#5291);
#5133 = B_SPLINE_CURVE_WITH_KNOTS('',3,(#5134,#5135,#5136,#5137,#5138,
    #5139,#5140,#5141,#5142,#5143,#5144,#5145,#5146,#5147,#5148,#5149,
    #5150,#5151,#5152,#5153,#5154,#5155,#5156,#5157,#5158,#5159,#5160,
    #5161,#5162,#5163,#5164,#5165,#5166,#5167,#5168,#5169,#5170,#5171,
    #5172,#5173,#5174,#5175,#5176,#5177,#5178,#5179,#5180,#5181,#5182,
    #5183,#5184,#5185,#5186,#5187,#5188,#5189,#5190,#5191,#5192,#5193,
    #5194,#5195,#5196,#5197,#5198,#5199,#5200,#5201,#5202,#5203,#5204,
    #5205,#5206,#5207,#5208,#5209,#5210,#5211,#5212,#5213,#5214,#5215,
    #5216,#5217,#5218,#5219,#5220,#5221,#5222,#5223,#5224,#5225,#5226,
    #5227,#5228,#5229,#5230,#5231,#5232,#5233,#5234,#5235,#5236,#5237,
    #5238,#5239,#5240,#5241,#5242,#5243,#5244,#5245,#5246,#5247,#5248,
    #5249,#5250,#5251,#5252,#5253,#5254,#5255,#5256,#5257,#5258,#5259,
    #5260,#5261,#5262,#5263,#5264,#5265,#5266,#5267,#5268,#5269,#5270,
    #5271,#5272,#5273,#5274,#5275,#5276,#5277,#5278,#5279,#5280,#5281,
    #5282,#5283,#5284,#5285,#5286,#5287,#5288,#5289,#5290),
  .UNSPECIFIED.,.T.,.F.,(4,1,1,1,1,1,1,1,1,1,1,1,1,1,1,1,1,1,1,1,1,1,1,1
    ,1,1,1,1,1,1,1,1,1,1,1,1,1,1,1,1,1,1,1,1,1,1,1,1,1,1,1,1,1,1,1,1,1,1
    ,1,1,1,1,1,1,1,1,1,1,1,1,1,1,1,1,1,1,1,1,1,1,1,1,1,1,1,1,1,1,1,1,1,1
    ,1,1,1,1,1,1,1,1,1,1,1,1,1,1,1,1,1,1,1,1,1,1,1,1,1,1,1,1,1,1,1,1,1,1
    ,1,1,1,1,1,1,1,1,1,1,1,1,1,1,1,1,1,1,1,1,1,1,1,1,1,1,1,1,4),(0.,
    8.658229151399E-03,1.73164583028E-02,2.59746874542E-02,
    3.46329166056E-02,4.3291145757E-02,5.19493749084E-02,
    6.06076040598E-02,6.926583321119E-02,7.792406236259E-02,
    8.658229151399E-02,9.524052066539E-02,0.103898749817,0.112556978968,
    0.12121520812,0.129873437271,0.138531666422,0.147189895574,
    0.155848124725,0.164506353877,0.173164583028,0.181822812179,
    0.190481041331,0.199139270482,0.207797499634,0.216455728785,
    0.225113957936,0.233772187088,0.242430416239,0.251088645391,
    0.259746874542,0.268405103693,0.277063332845,0.285721561996,
    0.294379791148,0.303038020299,0.31169624945,0.320354478602,
    0.329012707753,0.337670936905,0.346329166056,0.354987395207,
    0.363645624359,0.37230385351,0.380962082662,0.389620311813,
    0.398278540964,0.406936770116,0.415594999267,0.424253228419,
    0.43291145757,0.441569686721,0.450227915873,0.458886145024,
    0.467544374176,0.476202603327,0.484860832478,0.49351906163,
    0.502177290781,0.510835519933,0.519493749084,0.528151978235,
    0.536810207387,0.545468436538,0.55412666569,0.562784894841,
    0.571443123992,0.580101353144,0.588759582295,0.597417811447,
    0.606076040598,0.614734269749,0.623392498901,0.632050728052,
    0.640708957204,0.649367186355,0.658025415506,0.666683644658,
    0.675341873809,0.684000102961,0.692658332112,0.701316561263,
    0.709974790415,0.718633019566,0.727291248718,0.735949477869,
    0.74460770702,0.753265936172,0.761924165323,0.770582394475,
    0.779240623626,0.787898852777,0.796557081929,0.80521531108,
    0.813873540232,0.822531769383,0.831189998534,0.839848227686,
    0.848506456837,0.857164685989,0.86582291514,0.874481144291,
    0.883139373443,0.891797602594,0.900455831746,0.909114060897,
    0.917772290048,0.9264305192,0.935088748351,0.943746977503,
    0.952405206654,0.961063435805,0.969721664957,0.978379894108,
    0.98703812326,0.995696352411,1.004354581562,1.013012810714,
    1.021671039865,1.030329269017,1.038987498168,1.047645727319,
    1.056303956471,1.064962185622,1.073620414774,1.082278643925,
    1.090936873076,1.099595102228,1.108253331379,1.116911560531,
    1.125569789682,1.134228018833,1.142886247985,1.151544477136,
    1.160202706288,1.168860935439,1.17751916459,1.186177393742,
    1.194835622893,1.203493852045,1.212152081196,1.220810310347,
    1.229468539499,1.23812676865,1.246784997802,1.255443226953,
    1.264101456104,1.272759685256,1.281417914407,1.290076143558,
    1.29873437271,1.307392601861,1.316050831013,1.324709060164,
    1.333367289315),.QUASI_UNIFORM_KNOTS.);
#5134 = CARTESIAN_POINT('',(4.,5.784545439015));
#5135 = CARTESIAN_POINT('',(4.020414671987,5.784545436046));
#5136 = CARTESIAN_POINT('',(4.061236977446,5.784535762769));
#5137 = CARTESIAN_POINT('',(4.122410351203,5.784492222266));
#5138 = CARTESIAN_POINT('',(4.183485675218,5.784419635619));
#5139 = CARTESIAN_POINT('',(4.244421471652,5.784317941751));
#5140 = CARTESIAN_POINT('',(4.305173903787,5.784187054796));
#5141 = CARTESIAN_POINT('',(4.365696418741,5.784026863206));
#5142 = CARTESIAN_POINT('',(4.425939799514,5.783837234206));
#5143 = CARTESIAN_POINT('',(4.485852108024,5.783618016307));
#5144 = CARTESIAN_POINT('',(4.545378654213,5.783369041767));
#5145 = CARTESIAN_POINT('',(4.604461951156,5.783090128449));
#5146 = CARTESIAN_POINT('',(4.663041663396,5.782781081139));
#5147 = CARTESIAN_POINT('',(4.72105454163,5.78244169228));
#5148 = CARTESIAN_POINT('',(4.778434346012,5.78207174202));
#5149 = CARTESIAN_POINT('',(4.835111737834,5.781670997733));
#5150 = CARTESIAN_POINT('',(4.891014200259,5.7812392122));
#5151 = CARTESIAN_POINT('',(4.946065747649,5.780776123295));
#5152 = CARTESIAN_POINT('',(5.000187306587,5.780281444371));
#5153 = CARTESIAN_POINT('',(5.053294458621,5.779754885419));
#5154 = CARTESIAN_POINT('',(5.105304883539,5.779196055341));
#5155 = CARTESIAN_POINT('',(5.156089276867,5.778605026398));
#5156 = CARTESIAN_POINT('',(5.205539953936,5.777981639774));
#5157 = CARTESIAN_POINT('',(5.253537590584,5.777325828349));
#5158 = CARTESIAN_POINT('',(5.299954748401,5.776637607563));
#5159 = CARTESIAN_POINT('',(5.344655473751,5.775917094952));
#5160 = CARTESIAN_POINT('',(5.387496360521,5.77516451577));
#5161 = CARTESIAN_POINT('',(5.42832568419,5.774380234888));
#5162 = CARTESIAN_POINT('',(5.466980763925,5.773564863098));
#5163 = CARTESIAN_POINT('',(5.503293630822,5.77271919549));
#5164 = CARTESIAN_POINT('',(5.537090156587,5.771844289434));
#5165 = CARTESIAN_POINT('',(5.568192551272,5.770941497963));
#5166 = CARTESIAN_POINT('',(5.596424267821,5.77001241633));
#5167 = CARTESIAN_POINT('',(5.621611219192,5.769058914668));
#5168 = CARTESIAN_POINT('',(5.643576160455,5.768083587372));
#5169 = CARTESIAN_POINT('',(5.662159581553,5.767089214388));
#5170 = CARTESIAN_POINT('',(5.6772184805,5.766078890612));
#5171 = CARTESIAN_POINT('',(5.688630868199,5.765055996034));
#5172 = CARTESIAN_POINT('',(5.696299402754,5.764024215635));
#5173 = CARTESIAN_POINT('',(5.700155451472,5.762987517948));
#5174 = CARTESIAN_POINT('',(5.700164989842,5.761950247908));
#5175 = CARTESIAN_POINT('',(5.69632819018,5.760916064092));
#5176 = CARTESIAN_POINT('',(5.688679292224,5.759889262757));
#5177 = CARTESIAN_POINT('',(5.677286339351,5.75887367407));
#5178 = CARTESIAN_POINT('',(5.662245906377,5.757872859377));
#5179 = CARTESIAN_POINT('',(5.643679356391,5.756890062526));
#5180 = CARTESIAN_POINT('',(5.621729695146,5.755928242037));
#5181 = CARTESIAN_POINT('',(5.596556907707,5.754990027999));
#5182 = CARTESIAN_POINT('',(5.568341170022,5.754077901155));
#5183 = CARTESIAN_POINT('',(5.537254905284,5.75319345379));
#5184 = CARTESIAN_POINT('',(5.503473732364,5.752338054853));
#5185 = CARTESIAN_POINT('',(5.467175649645,5.751512861561));
#5186 = CARTESIAN_POINT('',(5.428534705532,5.750718731508));
#5187 = CARTESIAN_POINT('',(5.387718893756,5.749956269098));
#5188 = CARTESIAN_POINT('',(5.344890878378,5.749225900658));
#5189 = CARTESIAN_POINT('',(5.300202453803,5.748527819063));
#5190 = CARTESIAN_POINT('',(5.25379702832,5.747862086053));
#5191 = CARTESIAN_POINT('',(5.205810556099,5.747228665879));
#5192 = CARTESIAN_POINT('',(5.156370597333,5.746627431953));
#5193 = CARTESIAN_POINT('',(5.105596166893,5.746058182896));
#5194 = CARTESIAN_POINT('',(5.053596300805,5.74552064737));
#5195 = CARTESIAN_POINT('',(5.000475767821,5.745014552557));
#5196 = CARTESIAN_POINT('',(4.946330210651,5.744539575705));
#5197 = CARTESIAN_POINT('',(4.891249661768,5.744095395135));
#5198 = CARTESIAN_POINT('',(4.835318217332,5.743681684024));
#5199 = CARTESIAN_POINT('',(4.778613835546,5.743298108122));
#5200 = CARTESIAN_POINT('',(4.721210461669,5.742944351591));
#5201 = CARTESIAN_POINT('',(4.663177216985,5.742620107691));
#5202 = CARTESIAN_POINT('',(4.604579245652,5.74232508639));
#5203 = CARTESIAN_POINT('',(4.545478941349,5.74205901993));
#5204 = CARTESIAN_POINT('',(4.485936088191,5.741821662227));
#5205 = CARTESIAN_POINT('',(4.42600456211,5.741612777762));
#5206 = CARTESIAN_POINT('',(4.365737676058,5.74143216476));
#5207 = CARTESIAN_POINT('',(4.305186960509,5.741279647469));
#5208 = CARTESIAN_POINT('',(4.244402563698,5.74115507688));
#5209 = CARTESIAN_POINT('',(4.183433277389,5.741058329889));
#5210 = CARTESIAN_POINT('',(4.122326403688,5.740989309585));
#5211 = CARTESIAN_POINT('',(4.061128595069,5.740947945927));
#5212 = CARTESIAN_POINT('',(3.999882923441,5.740934197046));
#5213 = CARTESIAN_POINT('',(3.938640024857,5.740948051006));
#5214 = CARTESIAN_POINT('',(3.87744783569,5.740989514585));
#5215 = CARTESIAN_POINT('',(3.816347756886,5.741058628421));
#5216 = CARTESIAN_POINT('',(3.755385161438,5.741155463628));
#5217 = CARTESIAN_POINT('',(3.694606609309,5.741280119424));
#5218 = CARTESIAN_POINT('',(3.63406063569,5.741432721208));
#5219 = CARTESIAN_POINT('',(3.57379759368,5.741613419251));
#5220 = CARTESIAN_POINT('',(3.513869761198,5.741822387952));
#5221 = CARTESIAN_POINT('',(3.454331391746,5.742059825651));
#5222 = CARTESIAN_POINT('',(3.39523878079,5.742325955103));
#5223 = CARTESIAN_POINT('',(3.336650381033,5.742621024195));
#5224 = CARTESIAN_POINT('',(3.278626761721,5.742945308506));
#5225 = CARTESIAN_POINT('',(3.221231198165,5.743299109702));
#5226 = CARTESIAN_POINT('',(3.164527951591,5.74368277226));
#5227 = CARTESIAN_POINT('',(3.108598484245,5.744096568405));
#5228 = CARTESIAN_POINT('',(3.053519962118,5.7445408362));
#5229 = CARTESIAN_POINT('',(2.99937676415,5.745015900825));
#5230 = CARTESIAN_POINT('',(2.946258798112,5.745522085297));
#5231 = CARTESIAN_POINT('',(2.894261889879,5.746059710978));
#5232 = CARTESIAN_POINT('',(2.84349065693,5.746629051779));
#5233 = CARTESIAN_POINT('',(2.794054183739,5.74723037925));
#5234 = CARTESIAN_POINT('',(2.746071614939,5.747863893199));
#5235 = CARTESIAN_POINT('',(2.69967050649,5.748529720246));
#5236 = CARTESIAN_POINT('',(2.654986828103,5.749227895683));
#5237 = CARTESIAN_POINT('',(2.612163717709,5.749958363073));
#5238 = CARTESIAN_POINT('',(2.571353576504,5.750720918996));
#5239 = CARTESIAN_POINT('',(2.532718745575,5.751515142225));
#5240 = CARTESIAN_POINT('',(2.496427365242,5.752340425327));
#5241 = CARTESIAN_POINT('',(2.462653295476,5.753195915072));
#5242 = CARTESIAN_POINT('',(2.431574984909,5.754080438507));
#5243 = CARTESIAN_POINT('',(2.403366267853,5.754992688368));
#5244 = CARTESIAN_POINT('',(2.378203523032,5.755930936741));
#5245 = CARTESIAN_POINT('',(2.356264409465,5.756892763768));
#5246 = CARTESIAN_POINT('',(2.337708336655,5.757875561816));
#5247 = CARTESIAN_POINT('',(2.322678011815,5.758876393137));
#5248 = CARTESIAN_POINT('',(2.311294985243,5.759892018947));
#5249 = CARTESIAN_POINT('',(2.303656154634,5.760918869984));
#5250 = CARTESIAN_POINT('',(2.299829789668,5.761953080622));
#5251 = CARTESIAN_POINT('',(2.299849870755,5.762990328365));
#5252 = CARTESIAN_POINT('',(2.303715925602,5.764026942895));
#5253 = CARTESIAN_POINT('',(2.311393544461,5.765058610242));
#5254 = CARTESIAN_POINT('',(2.322814396949,5.766081408024));
#5255 = CARTESIAN_POINT('',(2.33788162015,5.767091666086));
#5256 = CARTESIAN_POINT('',(2.356473623792,5.768086004549));
#5257 = CARTESIAN_POINT('',(2.378447339166,5.769061309903));
#5258 = CARTESIAN_POINT('',(2.403642859315,5.770014779819));
#5259 = CARTESIAN_POINT('',(2.431880653649,5.770943753105));
#5260 = CARTESIAN_POINT('',(2.462986797049,5.771846392514));
#5261 = CARTESIAN_POINT('',(2.496786517946,5.772721158414));
#5262 = CARTESIAN_POINT('',(2.533101635167,5.773566685196));
#5263 = CARTESIAN_POINT('',(2.571758233144,5.774381920502));
#5264 = CARTESIAN_POINT('',(2.612588339606,5.775166068661));
#5265 = CARTESIAN_POINT('',(2.655429474502,5.775918521806));
#5266 = CARTESIAN_POINT('',(2.700129710992,5.776638910916));
#5267 = CARTESIAN_POINT('',(2.746545837049,5.777327013762));
#5268 = CARTESIAN_POINT('',(2.794541938831,5.7779827128));
#5269 = CARTESIAN_POINT('',(2.843990703213,5.778605993539));
#5270 = CARTESIAN_POINT('',(2.894772558265,5.779196919925));
#5271 = CARTESIAN_POINT('',(2.946780742768,5.779755660519));
#5272 = CARTESIAN_POINT('',(2.99988578501,5.780282139184));
#5273 = CARTESIAN_POINT('',(3.05400454907,5.780776738733));
#5274 = CARTESIAN_POINT('',(3.109052932248,5.781239752457));
#5275 = CARTESIAN_POINT('',(3.164951866221,5.781671466941));
#5276 = CARTESIAN_POINT('',(3.221625445938,5.782072144935));
#5277 = CARTESIAN_POINT('',(3.279001206867,5.782442033906));
#5278 = CARTESIAN_POINT('',(3.337009861792,5.782781366669));
#5279 = CARTESIAN_POINT('',(3.395585213816,5.783090363148));
#5280 = CARTESIAN_POINT('',(3.454664049744,5.783369230893));
#5281 = CARTESIAN_POINT('',(3.514186062563,5.783618165048));
#5282 = CARTESIAN_POINT('',(3.574093785988,5.783837347643));
#5283 = CARTESIAN_POINT('',(3.634332542507,5.784026946286));
#5284 = CARTESIAN_POINT('',(3.694850398282,5.784187112331));
#5285 = CARTESIAN_POINT('',(3.755598132059,5.784317978432));
#5286 = CARTESIAN_POINT('',(3.816529178153,5.784419656048));
#5287 = CARTESIAN_POINT('',(3.877599678138,5.784492231003));
#5288 = CARTESIAN_POINT('',(3.938768124652,5.784535764388));
#5289 = CARTESIAN_POINT('',(3.979587048975,5.784545436054));
#5290 = CARTESIAN_POINT('',(4.,5.784545439015));
#5291 = ( GEOMETRIC_REPRESENTATION_CONTEXT(2) 
PARAMETRIC_REPRESENTATION_CONTEXT() REPRESENTATION_CONTEXT('2D SPACE',''
  ) );
#5292 = ORIENTED_EDGE('',*,*,#4828,.T.);
#5293 = ADVANCED_FACE('',(#5294),#1450,.F.);
#5294 = FACE_BOUND('',#5295,.F.);
#5295 = EDGE_LOOP('',(#5296,#5297,#5320,#5762));
#5296 = ORIENTED_EDGE('',*,*,#1167,.T.);
#5297 = ORIENTED_EDGE('',*,*,#5298,.F.);
#5298 = EDGE_CURVE('',#5299,#1168,#5301,.T.);
#5299 = VERTEX_POINT('',#5300);
#5300 = CARTESIAN_POINT('',(40.370201376704,61.89115551695,4.));
#5301 = SEAM_CURVE('',#5302,(#5306,#5313),.PCURVE_S1.);
#5302 = LINE('',#5303,#5304);
#5303 = CARTESIAN_POINT('',(42.544975523173,62.253861793547,4.));
#5304 = VECTOR('',#5305,1.);
#5305 = DIRECTION('',(-0.986375977927,-0.16450662652,0.));
#5306 = PCURVE('',#1450,#5307);
#5307 = DEFINITIONAL_REPRESENTATION('',(#5308),#5312);
#5308 = LINE('',#5309,#5310);
#5309 = CARTESIAN_POINT('',(0.,-0.));
#5310 = VECTOR('',#5311,1.);
#5311 = DIRECTION('',(0.,1.));
#5312 = ( GEOMETRIC_REPRESENTATION_CONTEXT(2) 
PARAMETRIC_REPRESENTATION_CONTEXT() REPRESENTATION_CONTEXT('2D SPACE',''
  ) );
#5313 = PCURVE('',#1450,#5314);
#5314 = DEFINITIONAL_REPRESENTATION('',(#5315),#5319);
#5315 = LINE('',#5316,#5317);
#5316 = CARTESIAN_POINT('',(6.28318530718,-0.));
#5317 = VECTOR('',#5318,1.);
#5318 = DIRECTION('',(0.,1.));
#5319 = ( GEOMETRIC_REPRESENTATION_CONTEXT(2) 
PARAMETRIC_REPRESENTATION_CONTEXT() REPRESENTATION_CONTEXT('2D SPACE',''
  ) );
#5320 = ORIENTED_EDGE('',*,*,#5321,.T.);
#5321 = EDGE_CURVE('',#5299,#5299,#5322,.T.);
#5322 = SURFACE_CURVE('',#5323,(#5440,#5601),.PCURVE_S1.);
#5323 = B_SPLINE_CURVE_WITH_KNOTS('',7,(#5324,#5325,#5326,#5327,#5328,
    #5329,#5330,#5331,#5332,#5333,#5334,#5335,#5336,#5337,#5338,#5339,
    #5340,#5341,#5342,#5343,#5344,#5345,#5346,#5347,#5348,#5349,#5350,
    #5351,#5352,#5353,#5354,#5355,#5356,#5357,#5358,#5359,#5360,#5361,
    #5362,#5363,#5364,#5365,#5366,#5367,#5368,#5369,#5370,#5371,#5372,
    #5373,#5374,#5375,#5376,#5377,#5378,#5379,#5380,#5381,#5382,#5383,
    #5384,#5385,#5386,#5387,#5388,#5389,#5390,#5391,#5392,#5393,#5394,
    #5395,#5396,#5397,#5398,#5399,#5400,#5401,#5402,#5403,#5404,#5405,
    #5406,#5407,#5408,#5409,#5410,#5411,#5412,#5413,#5414,#5415,#5416,
    #5417,#5418,#5419,#5420,#5421,#5422,#5423,#5424,#5425,#5426,#5427,
    #5428,#5429,#5430,#5431,#5432,#5433,#5434,#5435,#5436,#5437,#5438,
    #5439),.UNSPECIFIED.,.T.,.F.,(8,6,6,6,6,6,6,6,6,6,6,6,6,6,6,6,6,6,6,
    8),(0.,0.160260404313,0.217384772506,0.262150271991,0.332935601357,
    0.405592727802,0.449809327883,0.506685085802,0.549764568666,
    0.666609575321,0.750085236689,0.782333171398,0.825445573655,
    0.882419258253,0.926848064901,1.,1.070590321952,1.115052317748,
    1.172040999648,1.331750326802),.UNSPECIFIED.);
#5324 = CARTESIAN_POINT('',(40.370201376704,61.891155516951,4.));
#5325 = CARTESIAN_POINT('',(40.370201376704,61.891155516951,
    3.837868221406));
#5326 = CARTESIAN_POINT('',(40.373270005238,61.873379183864,
    3.675929168133));
#5327 = CARTESIAN_POINT('',(40.379395234194,61.837895889902,
    3.515240223688));
#5328 = CARTESIAN_POINT('',(40.388638369565,61.784310932034,
    3.357204167622));
#5329 = CARTESIAN_POINT('',(40.401082667901,61.712058932623,
    3.203630313166));
#5330 = CARTESIAN_POINT('',(40.416801553328,61.620583860339,
    3.056675672459));
#5331 = CARTESIAN_POINT('',(40.442751499995,61.469077801947,
    2.870080079209));
#5332 = CARTESIAN_POINT('',(40.450000042452,61.426720060242,
    2.822269543141));
#5333 = CARTESIAN_POINT('',(40.457681349429,61.381789149325,
    2.775819476526));
#5334 = CARTESIAN_POINT('',(40.465797063142,61.334265752476,
    2.730889981161));
#5335 = CARTESIAN_POINT('',(40.474346322749,61.284144275163,
    2.687661349982));
#5336 = CARTESIAN_POINT('',(40.483324967856,61.231437696031,
    2.646331573937));
#5337 = CARTESIAN_POINT('',(40.500090873115,61.132881630463,
    2.576380886582));
#5338 = CARTESIAN_POINT('',(40.507715197923,61.088018165973,
    2.546946781433));
#5339 = CARTESIAN_POINT('',(40.515593246425,61.041612532008,
    2.518915215035));
#5340 = CARTESIAN_POINT('',(40.5237182513,60.9936984923,2.492398431482)
  );
#5341 = CARTESIAN_POINT('',(40.532080666057,60.944326169729,
    2.467513748755));
#5342 = CARTESIAN_POINT('',(40.540667683161,60.893565149323,
    2.444380070161));
#5343 = CARTESIAN_POINT('',(40.563369932097,60.75919168746,
    2.389488103561));
#5344 = CARTESIAN_POINT('',(40.577803044869,60.673600068484,
    2.360518195028));
#5345 = CARTESIAN_POINT('',(40.592687224252,60.585152816147,
    2.336697895778));
#5346 = CARTESIAN_POINT('',(40.607929050104,60.49438336742,
    2.318463203532));
#5347 = CARTESIAN_POINT('',(40.623415641898,60.401947467654,
    2.306164945402));
#5348 = CARTESIAN_POINT('',(40.639013929598,60.308631067132,
    2.300014047757));
#5349 = CARTESIAN_POINT('',(40.670537630539,60.119616765482,
    2.299985618686));
#5350 = CARTESIAN_POINT('',(40.686476685107,60.023825815831,
    2.306436895216));
#5351 = CARTESIAN_POINT('',(40.70222302258,59.928968973167,
    2.319363633954));
#5352 = CARTESIAN_POINT('',(40.717638346503,59.835889214569,
    2.338534968668));
#5353 = CARTESIAN_POINT('',(40.732608923457,59.745292163791,
    2.363566380432));
#5354 = CARTESIAN_POINT('',(40.747043916111,59.657752104281,
    2.393978324934));
#5355 = CARTESIAN_POINT('',(40.769289595733,59.522580444321,
    2.450677293932));
#5356 = CARTESIAN_POINT('',(40.777484572658,59.472721721124,
    2.473927147294));
#5357 = CARTESIAN_POINT('',(40.785445257552,59.424228941825,
    2.498862980837));
#5358 = CARTESIAN_POINT('',(40.793162056856,59.377166547265,
    2.525370460433));
#5359 = CARTESIAN_POINT('',(40.800628377711,59.331580852855,
    2.553337154644));
#5360 = CARTESIAN_POINT('',(40.807840116137,59.287502929232,
    2.582655704393));
#5361 = CARTESIAN_POINT('',(40.823741390517,59.190217610246,
    2.652550802838));
#5362 = CARTESIAN_POINT('',(40.832262237355,59.13801340674,
    2.693944374129));
#5363 = CARTESIAN_POINT('',(40.840354136912,59.088372843383,
    2.73719890518));
#5364 = CARTESIAN_POINT('',(40.848017079167,59.0413075154,2.782120669387
    ));
#5365 = CARTESIAN_POINT('',(40.855253811903,58.996811271647,
    2.828533345824));
#5366 = CARTESIAN_POINT('',(40.862069059707,58.954864843989,
    2.876280350191));
#5367 = CARTESIAN_POINT('',(40.873316063801,58.8855792244,2.962301019039
    ));
#5368 = CARTESIAN_POINT('',(40.877924721194,58.857166456408,
    3.000061400021));
#5369 = CARTESIAN_POINT('',(40.882297263992,58.830190270556,
    3.038448748778));
#5370 = CARTESIAN_POINT('',(40.88643626227,58.804638317099,3.07740780801
    ));
#5371 = CARTESIAN_POINT('',(40.890344307348,58.78049779869,
    3.116887623059));
#5372 = CARTESIAN_POINT('',(40.894024011788,58.757755470388,
    3.156841541908));
#5373 = CARTESIAN_POINT('',(40.90684632921,58.678468534914,
    3.306765769241));
#5374 = CARTESIAN_POINT('',(40.914550615961,58.630746927381,
    3.419440131658));
#5375 = CARTESIAN_POINT('',(40.920648569329,58.592928109562,
    3.534455363201));
#5376 = CARTESIAN_POINT('',(40.925178548231,58.564810745664,
    3.651119344018));
#5377 = CARTESIAN_POINT('',(40.928168419922,58.546245211147,
    3.768820159096));
#5378 = CARTESIAN_POINT('',(40.9296355203,58.537135445083,3.887014524206
    ));
#5379 = CARTESIAN_POINT('',(40.929536435902,58.53775069711,
    4.089680032524));
#5380 = CARTESIAN_POINT('',(40.928716880811,58.542839618707,
    4.174118133355));
#5381 = CARTESIAN_POINT('',(40.92711912853,58.55276054772,4.258356619072
    ));
#5382 = CARTESIAN_POINT('',(40.924738861504,58.567537091794,
    4.342198424999));
#5383 = CARTESIAN_POINT('',(40.921568484654,58.587210117885,
    4.425433420063));
#5384 = CARTESIAN_POINT('',(40.917597091882,58.611837734708,
    4.507836480157));
#5385 = CARTESIAN_POINT('',(40.910959689199,58.652961954787,
    4.620582867955));
#5386 = CARTESIAN_POINT('',(40.908988307942,58.665173081507,
    4.651839715175));
#5387 = CARTESIAN_POINT('',(40.906894298063,58.678140022563,
    4.68292062361));
#5388 = CARTESIAN_POINT('',(40.904676755371,58.691867537232,
    4.713810231175));
#5389 = CARTESIAN_POINT('',(40.90233472028,58.706360640058,
    4.744492304083));
#5390 = CARTESIAN_POINT('',(40.899867177802,58.72162460085,4.77494973684
    ));
#5391 = CARTESIAN_POINT('',(40.893804967063,58.75910934916,
    4.845558868593));
#5392 = CARTESIAN_POINT('',(40.89011072169,58.781940894104,
    4.885518944055));
#5393 = CARTESIAN_POINT('',(40.886187676404,58.806173325365,
    4.925002219461));
#5394 = CARTESIAN_POINT('',(40.882033210628,58.831819920146,
    4.963961803208));
#5395 = CARTESIAN_POINT('',(40.877644728232,58.858893486997,
    5.002346471267));
#5396 = CARTESIAN_POINT('',(40.873019657536,58.887406365821,
    5.040100667181));
#5397 = CARTESIAN_POINT('',(40.861727330004,58.956968384167,
    5.126144914387));
#5398 = CARTESIAN_POINT('',(40.854882028358,58.999097916365,
    5.173916505714));
#5399 = CARTESIAN_POINT('',(40.847613614054,59.043786781502,
    5.220343636956));
#5400 = CARTESIAN_POINT('',(40.839917377638,59.091054072966,
    5.265268363076));
#5401 = CARTESIAN_POINT('',(40.831790628044,59.14090550724,
    5.308512826166));
#5402 = CARTESIAN_POINT('',(40.823233488121,59.193328710657,
    5.349881648528));
#5403 = CARTESIAN_POINT('',(40.807244009815,59.291146856342,
    5.419797458978));
#5404 = CARTESIAN_POINT('',(40.799979276742,59.335545273355,
    5.449160179022));
#5405 = CARTESIAN_POINT('',(40.792457735663,59.3814642393,5.477151626415
    ));
#5406 = CARTESIAN_POINT('',(40.784683665275,59.428871522686,
    5.503662576461));
#5407 = CARTESIAN_POINT('',(40.77666390473,59.477719217577,5.52857872912
    ));
#5408 = CARTESIAN_POINT('',(40.768408380101,59.527940782745,
    5.551783998895));
#5409 = CARTESIAN_POINT('',(40.745972034859,59.664254736955,
    5.608365609249));
#5410 = CARTESIAN_POINT('',(40.731403628336,59.752591745324,
    5.638637695688));
#5411 = CARTESIAN_POINT('',(40.716297135513,59.843996981678,
    5.663428940951));
#5412 = CARTESIAN_POINT('',(40.700745860422,59.937880997365,
    5.682254483843));
#5413 = CARTESIAN_POINT('',(40.684866907741,60.033517841972,
    5.694727304265));
#5414 = CARTESIAN_POINT('',(40.668803072148,60.13003788397,
    5.700620648617));
#5415 = CARTESIAN_POINT('',(40.637208758597,60.31943220184,
    5.699325042994));
#5416 = CARTESIAN_POINT('',(40.621664502208,60.412404500731,
    5.692586416301));
#5417 = CARTESIAN_POINT('',(40.606241750898,60.504439513546,
    5.679750306266));
#5418 = CARTESIAN_POINT('',(40.591070891585,60.594767848797,
    5.661034018191));
#5419 = CARTESIAN_POINT('',(40.576262937447,60.682745181355,
    5.63679086099));
#5420 = CARTESIAN_POINT('',(40.561910041968,60.767845742503,
    5.607458516809));
#5421 = CARTESIAN_POINT('',(40.539379060699,60.901183113819,
    5.552163376984));
#5422 = CARTESIAN_POINT('',(40.530879011415,60.95142225988,5.52896494077
    ));
#5423 = CARTESIAN_POINT('',(40.522601883578,61.000284107475,5.5040517074
    ));
#5424 = CARTESIAN_POINT('',(40.514559943226,61.047702165282,
    5.477540038153));
#5425 = CARTESIAN_POINT('',(40.506762318846,61.093628651719,
    5.449544527582));
#5426 = CARTESIAN_POINT('',(40.499215465393,61.138031510611,
    5.420174694537));
#5427 = CARTESIAN_POINT('',(40.48257739505,61.235826660618,
    5.350255312189));
#5428 = CARTESIAN_POINT('',(40.47365080322,61.288223026583,
    5.308890266807));
#5429 = CARTESIAN_POINT('',(40.465151794722,61.338045857512,
    5.265647305416));
#5430 = CARTESIAN_POINT('',(40.457084318972,61.385283293988,
    5.220722061721));
#5431 = CARTESIAN_POINT('',(40.449449110022,61.429941554665,
    5.174292631984));
#5432 = CARTESIAN_POINT('',(40.442244463668,61.472040206516,
    5.126517172264));
#5433 = CARTESIAN_POINT('',(40.4164733864,61.622493583756,4.940250386651
    ));
#5434 = CARTESIAN_POINT('',(40.400866297518,61.713315171141,
    4.793693500047));
#5435 = CARTESIAN_POINT('',(40.388509911682,61.785055633265,
    4.640594268423));
#5436 = CARTESIAN_POINT('',(40.379331374073,61.838265832642,
    4.483081802522));
#5437 = CARTESIAN_POINT('',(40.373248631433,61.873502999812,
    4.322943018492));
#5438 = CARTESIAN_POINT('',(40.370201376704,61.891155516951,
    4.161566063105));
#5439 = CARTESIAN_POINT('',(40.370201376704,61.891155516951,4.));
#5440 = PCURVE('',#1450,#5441);
#5441 = DEFINITIONAL_REPRESENTATION('',(#5442),#5600);
#5442 = B_SPLINE_CURVE_WITH_KNOTS('',3,(#5443,#5444,#5445,#5446,#5447,
    #5448,#5449,#5450,#5451,#5452,#5453,#5454,#5455,#5456,#5457,#5458,
    #5459,#5460,#5461,#5462,#5463,#5464,#5465,#5466,#5467,#5468,#5469,
    #5470,#5471,#5472,#5473,#5474,#5475,#5476,#5477,#5478,#5479,#5480,
    #5481,#5482,#5483,#5484,#5485,#5486,#5487,#5488,#5489,#5490,#5491,
    #5492,#5493,#5494,#5495,#5496,#5497,#5498,#5499,#5500,#5501,#5502,
    #5503,#5504,#5505,#5506,#5507,#5508,#5509,#5510,#5511,#5512,#5513,
    #5514,#5515,#5516,#5517,#5518,#5519,#5520,#5521,#5522,#5523,#5524,
    #5525,#5526,#5527,#5528,#5529,#5530,#5531,#5532,#5533,#5534,#5535,
    #5536,#5537,#5538,#5539,#5540,#5541,#5542,#5543,#5544,#5545,#5546,
    #5547,#5548,#5549,#5550,#5551,#5552,#5553,#5554,#5555,#5556,#5557,
    #5558,#5559,#5560,#5561,#5562,#5563,#5564,#5565,#5566,#5567,#5568,
    #5569,#5570,#5571,#5572,#5573,#5574,#5575,#5576,#5577,#5578,#5579,
    #5580,#5581,#5582,#5583,#5584,#5585,#5586,#5587,#5588,#5589,#5590,
    #5591,#5592,#5593,#5594,#5595,#5596,#5597,#5598,#5599),
  .UNSPECIFIED.,.F.,.F.,(4,1,1,1,1,1,1,1,1,1,1,1,1,1,1,1,1,1,1,1,1,1,1,1
    ,1,1,1,1,1,1,1,1,1,1,1,1,1,1,1,1,1,1,1,1,1,1,1,1,1,1,1,1,1,1,1,1,1,1
    ,1,1,1,1,1,1,1,1,1,1,1,1,1,1,1,1,1,1,1,1,1,1,1,1,1,1,1,1,1,1,1,1,1,1
    ,1,1,1,1,1,1,1,1,1,1,1,1,1,1,1,1,1,1,1,1,1,1,1,1,1,1,1,1,1,1,1,1,1,1
    ,1,1,1,1,1,1,1,1,1,1,1,1,1,1,1,1,1,1,1,1,1,1,1,1,1,1,1,1,4),(0.,
    8.647729394816E-03,1.729545878963E-02,2.594318818445E-02,
    3.459091757926E-02,4.323864697408E-02,5.188637636889E-02,
    6.053410576371E-02,6.918183515852E-02,7.782956455334E-02,
    8.647729394816E-02,9.512502334297E-02,0.103772752738,0.112420482133,
    0.121068211527,0.129715940922,0.138363670317,0.147011399712,
    0.155659129107,0.164306858501,0.172954587896,0.181602317291,
    0.190250046686,0.198897776081,0.207545505476,0.21619323487,
    0.224840964265,0.23348869366,0.242136423055,0.25078415245,
    0.259431881844,0.268079611239,0.276727340634,0.285375070029,
    0.294022799424,0.302670528819,0.311318258213,0.319965987608,
    0.328613717003,0.337261446398,0.345909175793,0.354556905187,
    0.363204634582,0.371852363977,0.380500093372,0.389147822767,
    0.397795552162,0.406443281556,0.415091010951,0.423738740346,
    0.432386469741,0.441034199136,0.44968192853,0.458329657925,
    0.46697738732,0.475625116715,0.48427284611,0.492920575504,
    0.501568304899,0.510216034294,0.518863763689,0.527511493084,
    0.536159222479,0.544806951873,0.553454681268,0.562102410663,
    0.570750140058,0.579397869453,0.588045598847,0.596693328242,
    0.605341057637,0.613988787032,0.622636516427,0.631284245822,
    0.639931975216,0.648579704611,0.657227434006,0.665875163401,
    0.674522892796,0.68317062219,0.691818351585,0.70046608098,
    0.709113810375,0.71776153977,0.726409269165,0.735056998559,
    0.743704727954,0.752352457349,0.761000186744,0.769647916139,
    0.778295645533,0.786943374928,0.795591104323,0.804238833718,
    0.812886563113,0.821534292507,0.830182021902,0.838829751297,
    0.847477480692,0.856125210087,0.864772939482,0.873420668876,
    0.882068398271,0.890716127666,0.899363857061,0.908011586456,
    0.91665931585,0.925307045245,0.93395477464,0.942602504035,
    0.95125023343,0.959897962825,0.968545692219,0.977193421614,
    0.985841151009,0.994488880404,1.003136609799,1.011784339193,
    1.020432068588,1.029079797983,1.037727527378,1.046375256773,
    1.055022986168,1.063670715562,1.072318444957,1.080966174352,
    1.089613903747,1.098261633142,1.106909362536,1.115557091931,
    1.124204821326,1.132852550721,1.141500280116,1.15014800951,
    1.158795738905,1.1674434683,1.176091197695,1.18473892709,
    1.193386656485,1.202034385879,1.210682115274,1.219329844669,
    1.227977574064,1.236625303459,1.245273032853,1.253920762248,
    1.262568491643,1.271216221038,1.279863950433,1.288511679828,
    1.297159409222,1.305807138617,1.314454868012,1.323102597407,
    1.331750326802),.QUASI_UNIFORM_KNOTS.);
#5443 = CARTESIAN_POINT('',(0.,2.204812561474));
#5444 = CARTESIAN_POINT('',(1.200792596176E-02,2.204812564125));
#5445 = CARTESIAN_POINT('',(3.601956813994E-02,2.204808381221));
#5446 = CARTESIAN_POINT('',(7.204846864164E-02,2.20478960667));
#5447 = CARTESIAN_POINT('',(0.10811332868,2.204758383257));
#5448 = CARTESIAN_POINT('',(0.144237075146,2.204714808157));
#5449 = CARTESIAN_POINT('',(0.180441841237,2.204659011885));
#5450 = CARTESIAN_POINT('',(0.216748993641,2.20459116482));
#5451 = CARTESIAN_POINT('',(0.253179357906,2.20451147853));
#5452 = CARTESIAN_POINT('',(0.289753383037,2.204420208376));
#5453 = CARTESIAN_POINT('',(0.326491317386,2.204317655668));
#5454 = CARTESIAN_POINT('',(0.363413380082,2.204204169828));
#5455 = CARTESIAN_POINT('',(0.400539937036,2.204080150447));
#5456 = CARTESIAN_POINT('',(0.437891683651,2.203946049257));
#5457 = CARTESIAN_POINT('',(0.475489843511,2.203802372006));
#5458 = CARTESIAN_POINT('',(0.513356374737,2.203649680299));
#5459 = CARTESIAN_POINT('',(0.551514242515,2.203488593155));
#5460 = CARTESIAN_POINT('',(0.589987569909,2.203319789213));
#5461 = CARTESIAN_POINT('',(0.628802400287,2.20314400608));
#5462 = CARTESIAN_POINT('',(0.667985367997,2.202962049951));
#5463 = CARTESIAN_POINT('',(0.707570400019,2.202774766491));
#5464 = CARTESIAN_POINT('',(0.747560524073,2.202583229385));
#5465 = CARTESIAN_POINT('',(0.787979080178,2.202388499407));
#5466 = CARTESIAN_POINT('',(0.828845962652,2.202191739665));
#5467 = CARTESIAN_POINT('',(0.870179592034,2.201994203925));
#5468 = CARTESIAN_POINT('',(0.911996456579,2.201797237029));
#5469 = CARTESIAN_POINT('',(0.954311588343,2.201602270037));
#5470 = CARTESIAN_POINT('',(0.997137470902,2.201410824358));
#5471 = CARTESIAN_POINT('',(1.040479349375,2.201224513515));
#5472 = CARTESIAN_POINT('',(1.084339558108,2.201045017451));
#5473 = CARTESIAN_POINT('',(1.128714240479,2.200874074063));
#5474 = CARTESIAN_POINT('',(1.173592627619,2.200713454546));
#5475 = CARTESIAN_POINT('',(1.218960091159,2.200564928168));
#5476 = CARTESIAN_POINT('',(1.264797443322,2.200430232136));
#5477 = CARTESIAN_POINT('',(1.311058470927,2.200311091525));
#5478 = CARTESIAN_POINT('',(1.357697324594,2.200209082624));
#5479 = CARTESIAN_POINT('',(1.404661181812,2.200125614894));
#5480 = CARTESIAN_POINT('',(1.45189095656,2.200061885509));
#5481 = CARTESIAN_POINT('',(1.499318947955,2.200018840585));
#5482 = CARTESIAN_POINT('',(1.54686926875,2.199997137148));
#5483 = CARTESIAN_POINT('',(1.594448481413,2.199997095483));
#5484 = CARTESIAN_POINT('',(1.641996832265,2.200018696278));
#5485 = CARTESIAN_POINT('',(1.68942336398,2.200061584573));
#5486 = CARTESIAN_POINT('',(1.736653189564,2.200125073186));
#5487 = CARTESIAN_POINT('',(1.783619139144,2.200208189675));
#5488 = CARTESIAN_POINT('',(1.830262057123,2.200309714061));
#5489 = CARTESIAN_POINT('',(1.876528538957,2.200428217084));
#5490 = CARTESIAN_POINT('',(1.922371880703,2.200562105945));
#5491 = CARTESIAN_POINT('',(1.967744070815,2.200709639938));
#5492 = CARTESIAN_POINT('',(2.012621993568,2.200869061431));
#5493 = CARTESIAN_POINT('',(2.05699761529,2.201038622677));
#5494 = CARTESIAN_POINT('',(2.100858475179,2.201216551989));
#5495 = CARTESIAN_POINT('',(2.144201226978,2.201401122913));
#5496 = CARTESIAN_POINT('',(2.187027934425,2.201590666547));
#5497 = CARTESIAN_POINT('',(2.229344310636,2.201783587));
#5498 = CARTESIAN_POINT('',(2.271161979664,2.201978376895));
#5499 = CARTESIAN_POINT('',(2.312496402734,2.202173625931));
#5500 = CARTESIAN_POINT('',(2.353364063125,2.202368010136));
#5501 = CARTESIAN_POINT('',(2.393783343983,2.202560297374));
#5502 = CARTESIAN_POINT('',(2.433774204205,2.202749346877));
#5503 = CARTESIAN_POINT('',(2.473359214884,2.202934116401));
#5504 = CARTESIAN_POINT('',(2.512559338373,2.203113636757));
#5505 = CARTESIAN_POINT('',(2.551397436137,2.203287028995));
#5506 = CARTESIAN_POINT('',(2.589896086289,2.203453485681));
#5507 = CARTESIAN_POINT('',(2.628077642837,2.203612270097));
#5508 = CARTESIAN_POINT('',(2.665965802413,2.203762722267));
#5509 = CARTESIAN_POINT('',(2.703577891163,2.203904221164));
#5510 = CARTESIAN_POINT('',(2.740939554238,2.204036239578));
#5511 = CARTESIAN_POINT('',(2.778074183894,2.204158297214));
#5512 = CARTESIAN_POINT('',(2.81500428742,2.204269963707));
#5513 = CARTESIAN_POINT('',(2.851751441795,2.20437085608));
#5514 = CARTESIAN_POINT('',(2.888336593555,2.204460637651));
#5515 = CARTESIAN_POINT('',(2.924780239197,2.204539016523));
#5516 = CARTESIAN_POINT('',(2.961102614508,2.204605744139));
#5517 = CARTESIAN_POINT('',(2.997323874224,2.204660613789));
#5518 = CARTESIAN_POINT('',(3.033464239814,2.204703459085));
#5519 = CARTESIAN_POINT('',(3.069544255335,2.204734152427));
#5520 = CARTESIAN_POINT('',(3.105584646314,2.204752603377));
#5521 = CARTESIAN_POINT('',(3.14160769407,2.204758757208));
#5522 = CARTESIAN_POINT('',(3.177633011861,2.204752592689));
#5523 = CARTESIAN_POINT('',(3.213676734121,2.204734128495));
#5524 = CARTESIAN_POINT('',(3.249760719687,2.204703419115));
#5525 = CARTESIAN_POINT('',(3.285904866225,2.20466055547));
#5526 = CARTESIAN_POINT('',(3.322129353695,2.204605666168));
#5527 = CARTESIAN_POINT('',(3.358454263709,2.204538918565));
#5528 = CARTESIAN_POINT('',(3.394899884737,2.204460519909));
#5529 = CARTESIAN_POINT('',(3.431486909428,2.204370718216));
#5530 = CARTESIAN_POINT('',(3.468236419055,2.20426980404));
#5531 = CARTESIAN_POINT('',(3.505170898343,2.204158108848));
#5532 = CARTESIAN_POINT('',(3.542311017162,2.204036017472));
#5533 = CARTESIAN_POINT('',(3.579678294188,2.203903962621));
#5534 = CARTESIAN_POINT('',(3.617294809984,2.203762430894));
#5535 = CARTESIAN_POINT('',(3.655182923692,2.203611963808));
#5536 = CARTESIAN_POINT('',(3.693364940192,2.203453164255));
#5537 = CARTESIAN_POINT('',(3.73186396201,2.203286694355));
#5538 = CARTESIAN_POINT('',(3.77070252231,2.203113290231));
#5539 = CARTESIAN_POINT('',(3.809903117014,2.202933759872));
#5540 = CARTESIAN_POINT('',(3.849488680023,2.202748982058));
#5541 = CARTESIAN_POINT('',(3.889480098915,2.202559926458));
#5542 = CARTESIAN_POINT('',(3.929899956409,2.202367635323));
#5543 = CARTESIAN_POINT('',(3.970768249268,2.202173249389));
#5544 = CARTESIAN_POINT('',(4.012103344986,2.20197800107));
#5545 = CARTESIAN_POINT('',(4.053921724805,2.201783214554));
#5546 = CARTESIAN_POINT('',(4.096238669714,2.201590300868));
#5547 = CARTESIAN_POINT('',(4.139066138101,2.201400766158));
#5548 = CARTESIAN_POINT('',(4.182409606581,2.201216207423));
#5549 = CARTESIAN_POINT('',(4.226271250074,2.201038293082));
#5550 = CARTESIAN_POINT('',(4.270647458263,2.200868750732));
#5551 = CARTESIAN_POINT('',(4.315526532911,2.200709349446));
#5552 = CARTESIAN_POINT('',(4.36089735575,2.200561846789));
#5553 = CARTESIAN_POINT('',(4.406738800829,2.200427992209));
#5554 = CARTESIAN_POINT('',(4.453003322043,2.200309524392));
#5555 = CARTESIAN_POINT('',(4.499644654194,2.20020803481));
#5556 = CARTESIAN_POINT('',(4.546609653181,2.200124952395));
#5557 = CARTESIAN_POINT('',(4.593839340249,2.200061497441));
#5558 = CARTESIAN_POINT('',(4.641266268304,2.200018643164));
#5559 = CARTESIAN_POINT('',(4.688816057799,2.199997077285));
#5560 = CARTESIAN_POINT('',(4.736394293277,2.199997155717));
#5561 = CARTESIAN_POINT('',(4.783939366697,2.20001889126));
#5562 = CARTESIAN_POINT('',(4.831363669151,2.200061964329));
#5563 = CARTESIAN_POINT('',(4.878590572491,2.20012571927));
#5564 = CARTESIAN_POINT('',(4.925552901364,2.200209211617));
#5565 = CARTESIAN_POINT('',(4.972191341567,2.200311245339));
#5566 = CARTESIAN_POINT('',(5.018452608227,2.200430410803));
#5567 = CARTESIAN_POINT('',(5.064290322053,2.200565130738));
#5568 = CARTESIAN_POINT('',(5.109656679707,2.200713674318));
#5569 = CARTESIAN_POINT('',(5.154531483867,2.200874299197));
#5570 = CARTESIAN_POINT('',(5.198903204083,2.201045246252));
#5571 = CARTESIAN_POINT('',(5.24276032224,2.201224742043));
#5572 = CARTESIAN_POINT('',(5.286099240984,2.201411050194));
#5573 = CARTESIAN_POINT('',(5.328922208769,2.201602490503));
#5574 = CARTESIAN_POINT('',(5.371234685825,2.201797450871));
#5575 = CARTESIAN_POINT('',(5.413048758323,2.201994408503));
#5576 = CARTESIAN_POINT('',(5.454379687329,2.202191933456));
#5577 = CARTESIAN_POINT('',(5.495243940647,2.202388681211));
#5578 = CARTESIAN_POINT('',(5.535660025124,2.202583398799));
#5579 = CARTESIAN_POINT('',(5.575647491055,2.202774921766));
#5580 = CARTESIAN_POINT('',(5.615230699064,2.202962194247));
#5581 = CARTESIAN_POINT('',(5.654412383821,2.203144141365));
#5582 = CARTESIAN_POINT('',(5.693225501453,2.203319913028));
#5583 = CARTESIAN_POINT('',(5.731697035866,2.203488704955));
#5584 = CARTESIAN_POINT('',(5.769853010836,2.203649779641));
#5585 = CARTESIAN_POINT('',(5.807717615046,2.203802458938));
#5586 = CARTESIAN_POINT('',(5.845313844238,2.203946124116));
#5587 = CARTESIAN_POINT('',(5.882663685535,2.204080213823));
#5588 = CARTESIAN_POINT('',(5.919788382048,2.20420422249));
#5589 = CARTESIAN_POINT('',(5.9567086422,2.204317698512));
#5590 = CARTESIAN_POINT('',(5.993444838232,2.204420242377));
#5591 = CARTESIAN_POINT('',(6.030017189383,2.204511504701));
#5592 = CARTESIAN_POINT('',(6.066445937979,2.204591184185));
#5593 = CARTESIAN_POINT('',(6.10275152089,2.204659025459));
#5594 = CARTESIAN_POINT('',(6.138954745296,2.204714816941));
#5595 = CARTESIAN_POINT('',(6.175076953156,2.204758388241));
#5596 = CARTESIAN_POINT('',(6.211140246073,2.204789608855));
#5597 = CARTESIAN_POINT('',(6.247167513137,2.204808381642));
#5598 = CARTESIAN_POINT('',(6.271177990262,2.20481256413));
#5599 = CARTESIAN_POINT('',(6.28318530718,2.204812561474));
#5600 = ( GEOMETRIC_REPRESENTATION_CONTEXT(2) 
PARAMETRIC_REPRESENTATION_CONTEXT() REPRESENTATION_CONTEXT('2D SPACE',''
  ) );
#5601 = PCURVE('',#116,#5602);
#5602 = DEFINITIONAL_REPRESENTATION('',(#5603),#5761);
#5603 = B_SPLINE_CURVE_WITH_KNOTS('',3,(#5604,#5605,#5606,#5607,#5608,
    #5609,#5610,#5611,#5612,#5613,#5614,#5615,#5616,#5617,#5618,#5619,
    #5620,#5621,#5622,#5623,#5624,#5625,#5626,#5627,#5628,#5629,#5630,
    #5631,#5632,#5633,#5634,#5635,#5636,#5637,#5638,#5639,#5640,#5641,
    #5642,#5643,#5644,#5645,#5646,#5647,#5648,#5649,#5650,#5651,#5652,
    #5653,#5654,#5655,#5656,#5657,#5658,#5659,#5660,#5661,#5662,#5663,
    #5664,#5665,#5666,#5667,#5668,#5669,#5670,#5671,#5672,#5673,#5674,
    #5675,#5676,#5677,#5678,#5679,#5680,#5681,#5682,#5683,#5684,#5685,
    #5686,#5687,#5688,#5689,#5690,#5691,#5692,#5693,#5694,#5695,#5696,
    #5697,#5698,#5699,#5700,#5701,#5702,#5703,#5704,#5705,#5706,#5707,
    #5708,#5709,#5710,#5711,#5712,#5713,#5714,#5715,#5716,#5717,#5718,
    #5719,#5720,#5721,#5722,#5723,#5724,#5725,#5726,#5727,#5728,#5729,
    #5730,#5731,#5732,#5733,#5734,#5735,#5736,#5737,#5738,#5739,#5740,
    #5741,#5742,#5743,#5744,#5745,#5746,#5747,#5748,#5749,#5750,#5751,
    #5752,#5753,#5754,#5755,#5756,#5757,#5758,#5759,#5760),
  .UNSPECIFIED.,.T.,.F.,(4,1,1,1,1,1,1,1,1,1,1,1,1,1,1,1,1,1,1,1,1,1,1,1
    ,1,1,1,1,1,1,1,1,1,1,1,1,1,1,1,1,1,1,1,1,1,1,1,1,1,1,1,1,1,1,1,1,1,1
    ,1,1,1,1,1,1,1,1,1,1,1,1,1,1,1,1,1,1,1,1,1,1,1,1,1,1,1,1,1,1,1,1,1,1
    ,1,1,1,1,1,1,1,1,1,1,1,1,1,1,1,1,1,1,1,1,1,1,1,1,1,1,1,1,1,1,1,1,1,1
    ,1,1,1,1,1,1,1,1,1,1,1,1,1,1,1,1,1,1,1,1,1,1,1,1,1,1,1,1,4),(0.,
    8.647729394816E-03,1.729545878963E-02,2.594318818445E-02,
    3.459091757926E-02,4.323864697408E-02,5.188637636889E-02,
    6.053410576371E-02,6.918183515852E-02,7.782956455334E-02,
    8.647729394816E-02,9.512502334297E-02,0.103772752738,0.112420482133,
    0.121068211527,0.129715940922,0.138363670317,0.147011399712,
    0.155659129107,0.164306858501,0.172954587896,0.181602317291,
    0.190250046686,0.198897776081,0.207545505476,0.21619323487,
    0.224840964265,0.23348869366,0.242136423055,0.25078415245,
    0.259431881844,0.268079611239,0.276727340634,0.285375070029,
    0.294022799424,0.302670528819,0.311318258213,0.319965987608,
    0.328613717003,0.337261446398,0.345909175793,0.354556905187,
    0.363204634582,0.371852363977,0.380500093372,0.389147822767,
    0.397795552162,0.406443281556,0.415091010951,0.423738740346,
    0.432386469741,0.441034199136,0.44968192853,0.458329657925,
    0.46697738732,0.475625116715,0.48427284611,0.492920575504,
    0.501568304899,0.510216034294,0.518863763689,0.527511493084,
    0.536159222479,0.544806951873,0.553454681268,0.562102410663,
    0.570750140058,0.579397869453,0.588045598847,0.596693328242,
    0.605341057637,0.613988787032,0.622636516427,0.631284245822,
    0.639931975216,0.648579704611,0.657227434006,0.665875163401,
    0.674522892796,0.68317062219,0.691818351585,0.70046608098,
    0.709113810375,0.71776153977,0.726409269165,0.735056998559,
    0.743704727954,0.752352457349,0.761000186744,0.769647916139,
    0.778295645533,0.786943374928,0.795591104323,0.804238833718,
    0.812886563113,0.821534292507,0.830182021902,0.838829751297,
    0.847477480692,0.856125210087,0.864772939482,0.873420668876,
    0.882068398271,0.890716127666,0.899363857061,0.908011586456,
    0.91665931585,0.925307045245,0.93395477464,0.942602504035,
    0.95125023343,0.959897962825,0.968545692219,0.977193421614,
    0.985841151009,0.994488880404,1.003136609799,1.011784339193,
    1.020432068588,1.029079797983,1.037727527378,1.046375256773,
    1.055022986168,1.063670715562,1.072318444957,1.080966174352,
    1.089613903747,1.098261633142,1.106909362536,1.115557091931,
    1.124204821326,1.132852550721,1.141500280116,1.15014800951,
    1.158795738905,1.1674434683,1.176091197695,1.18473892709,
    1.193386656485,1.202034385879,1.210682115274,1.219329844669,
    1.227977574064,1.236625303459,1.245273032853,1.253920762248,
    1.262568491643,1.271216221038,1.279863950433,1.288511679828,
    1.297159409222,1.305807138617,1.314454868012,1.323102597407,
    1.331750326802),.QUASI_UNIFORM_KNOTS.);
#5604 = CARTESIAN_POINT('',(4.,5.186643530736));
#5605 = CARTESIAN_POINT('',(4.020413444775,5.186643528764));
#5606 = CARTESIAN_POINT('',(4.061233278087,5.186637521415));
#5607 = CARTESIAN_POINT('',(4.122402951923,5.186610480026));
#5608 = CARTESIAN_POINT('',(4.183474648077,5.186565396808));
#5609 = CARTESIAN_POINT('',(4.244406944434,5.186502229921));
#5610 = CARTESIAN_POINT('',(4.305156054661,5.186420920743));
#5611 = CARTESIAN_POINT('',(4.365675470161,5.186321393103));
#5612 = CARTESIAN_POINT('',(4.425916012303,5.186203556081));
#5613 = CARTESIAN_POINT('',(4.485825775394,5.186067305533));
#5614 = CARTESIAN_POINT('',(4.545350095821,5.185912525597));
#5615 = CARTESIAN_POINT('',(4.604431507182,5.185739089815));
#5616 = CARTESIAN_POINT('',(4.663009688666,5.18554686192));
#5617 = CARTESIAN_POINT('',(4.721021399777,5.18533569626));
#5618 = CARTESIAN_POINT('',(4.778400403773,5.185105437785));
#5619 = CARTESIAN_POINT('',(4.835077359169,5.184855921713));
#5620 = CARTESIAN_POINT('',(4.890979741549,5.184586972344));
#5621 = CARTESIAN_POINT('',(4.946031549308,5.18429840284));
#5622 = CARTESIAN_POINT('',(5.000153698581,5.183990009081));
#5623 = CARTESIAN_POINT('',(5.053261714671,5.183661583146));
#5624 = CARTESIAN_POINT('',(5.105273367449,5.183312850969));
#5625 = CARTESIAN_POINT('',(5.156059326067,5.182943826205));
#5626 = CARTESIAN_POINT('',(5.205511727497,5.182554377765));
#5627 = CARTESIAN_POINT('',(5.253511241906,5.18214442875));
#5628 = CARTESIAN_POINT('',(5.299930369622,5.181713952531));
#5629 = CARTESIAN_POINT('',(5.34463310854,5.181262984682));
#5630 = CARTESIAN_POINT('',(5.387475984647,5.180791627084));
#5631 = CARTESIAN_POINT('',(5.428307259586,5.180300067365));
#5632 = CARTESIAN_POINT('',(5.466964200827,5.179788647005));
#5633 = CARTESIAN_POINT('',(5.503278812744,5.179257822698));
#5634 = CARTESIAN_POINT('',(5.537076946003,5.178708216095));
#5635 = CARTESIAN_POINT('',(5.568180815643,5.178140635219));
#5636 = CARTESIAN_POINT('',(5.596413850156,5.177556043393));
#5637 = CARTESIAN_POINT('',(5.621602264707,5.176955571255));
#5638 = CARTESIAN_POINT('',(5.643568558379,5.176340821237));
#5639 = CARTESIAN_POINT('',(5.66215323706,5.175713513845));
#5640 = CARTESIAN_POINT('',(5.677213365271,5.175075573043));
#5641 = CARTESIAN_POINT('',(5.688627056822,5.17442910694));
#5642 = CARTESIAN_POINT('',(5.696297037679,5.173776424885));
#5643 = CARTESIAN_POINT('',(5.700154674364,5.173120012715));
#5644 = CARTESIAN_POINT('',(5.700165761182,5.172462638164));
#5645 = CARTESIAN_POINT('',(5.696330551123,5.171806614678));
#5646 = CARTESIAN_POINT('',(5.688683126315,5.171154669832));
#5647 = CARTESIAN_POINT('',(5.677291592805,5.170509264462));
#5648 = CARTESIAN_POINT('',(5.66225258928,5.169872684993));
#5649 = CARTESIAN_POINT('',(5.64368747318,5.169247021027));
#5650 = CARTESIAN_POINT('',(5.621738966529,5.168634181527));
#5651 = CARTESIAN_POINT('',(5.596566724538,5.168035872531));
#5652 = CARTESIAN_POINT('',(5.568349192369,5.167453691334));
#5653 = CARTESIAN_POINT('',(5.53726344048,5.16688878708));
#5654 = CARTESIAN_POINT('',(5.503481889756,5.166342008729));
#5655 = CARTESIAN_POINT('',(5.467183362862,5.165814156127));
#5656 = CARTESIAN_POINT('',(5.428541604197,5.165305815497));
#5657 = CARTESIAN_POINT('',(5.387724836128,5.164817418523));
#5658 = CARTESIAN_POINT('',(5.344895300578,5.164349274476));
#5659 = CARTESIAN_POINT('',(5.300205597697,5.163901555109));
#5660 = CARTESIAN_POINT('',(5.25379881217,5.163474333299));
#5661 = CARTESIAN_POINT('',(5.205810939602,5.163067622275));
#5662 = CARTESIAN_POINT('',(5.15636955487,5.162681374599));
#5663 = CARTESIAN_POINT('',(5.105593850303,5.162315494039));
#5664 = CARTESIAN_POINT('',(5.053592950685,5.161969836011));
#5665 = CARTESIAN_POINT('',(5.000471436825,5.161644252011));
#5666 = CARTESIAN_POINT('',(4.946325193412,5.161338561519));
#5667 = CARTESIAN_POINT('',(4.891244104621,5.161052580459));
#5668 = CARTESIAN_POINT('',(4.835312596708,5.160786121867));
#5669 = CARTESIAN_POINT('',(4.778607716005,5.160538987953));
#5670 = CARTESIAN_POINT('',(4.721211053958,5.160311022513));
#5671 = CARTESIAN_POINT('',(4.663186950634,5.160102020825));
#5672 = CARTESIAN_POINT('',(4.604598570932,5.159911803343));
#5673 = CARTESIAN_POINT('',(4.545506435022,5.159740206078));
#5674 = CARTESIAN_POINT('',(4.485968941038,5.159587081396));
#5675 = CARTESIAN_POINT('',(4.426042342576,5.159452296486));
#5676 = CARTESIAN_POINT('',(4.365780859814,5.159335732914));
#5677 = CARTESIAN_POINT('',(4.305236746504,5.159237286354));
#5678 = CARTESIAN_POINT('',(4.244460344954,5.159156866728));
#5679 = CARTESIAN_POINT('',(4.183500178341,5.159094398706));
#5680 = CARTESIAN_POINT('',(4.122402850817,5.159049822555));
#5681 = CARTESIAN_POINT('',(4.061213624263,5.159023095419));
#5682 = CARTESIAN_POINT('',(3.999974425769,5.159014192715));
#5683 = CARTESIAN_POINT('',(3.938731400705,5.159023110815));
#5684 = CARTESIAN_POINT('',(3.87753662703,5.159049857116));
#5685 = CARTESIAN_POINT('',(3.816432782018,5.159094456761));
#5686 = CARTESIAN_POINT('',(3.755466559866,5.159156951976));
#5687 = CARTESIAN_POINT('',(3.694685193481,5.159237401082));
#5688 = CARTESIAN_POINT('',(3.634137441086,5.159335878061));
#5689 = CARTESIAN_POINT('',(3.573873413413,5.159452472333));
#5690 = CARTESIAN_POINT('',(3.513944610711,5.159587289257));
#5691 = CARTESIAN_POINT('',(3.454404316854,5.159740449624));
#5692 = CARTESIAN_POINT('',(3.395306392249,5.159912094583));
#5693 = CARTESIAN_POINT('',(3.336710824382,5.160102369884));
#5694 = CARTESIAN_POINT('',(3.278679767126,5.160311435061));
#5695 = CARTESIAN_POINT('',(3.221278430396,5.160539461622));
#5696 = CARTESIAN_POINT('',(3.16457594427,5.160786630179));
#5697 = CARTESIAN_POINT('',(3.108646237951,5.161053125981));
#5698 = CARTESIAN_POINT('',(3.053567303959,5.161339143709));
#5699 = CARTESIAN_POINT('',(2.999423302338,5.16164487135));
#5700 = CARTESIAN_POINT('',(2.946304242405,5.161970492351));
#5701 = CARTESIAN_POINT('',(2.894305916577,5.162316187774));
#5702 = CARTESIAN_POINT('',(2.843533025567,5.162682105552));
#5703 = CARTESIAN_POINT('',(2.794094678028,5.163068390222));
#5704 = CARTESIAN_POINT('',(2.74611003328,5.163475138355));
#5705 = CARTESIAN_POINT('',(2.699706696819,5.163902397185));
#5706 = CARTESIAN_POINT('',(2.655020682913,5.164350153424));
#5707 = CARTESIAN_POINT('',(2.61219525364,5.164818332022));
#5708 = CARTESIAN_POINT('',(2.571382685085,5.165306764859));
#5709 = CARTESIAN_POINT('',(2.532745459821,5.165815139904));
#5710 = CARTESIAN_POINT('',(2.496451704379,5.166343026622));
#5711 = CARTESIAN_POINT('',(2.462675352916,5.166889835354));
#5712 = CARTESIAN_POINT('',(2.431594735246,5.167454775807));
#5713 = CARTESIAN_POINT('',(2.403384178199,5.168036959238));
#5714 = CARTESIAN_POINT('',(2.378219097057,5.168635260663));
#5715 = CARTESIAN_POINT('',(2.356277640972,5.169248088881));
#5716 = CARTESIAN_POINT('',(2.337719256615,5.169873743759));
#5717 = CARTESIAN_POINT('',(2.322686655864,5.170510320112));
#5718 = CARTESIAN_POINT('',(2.311301302026,5.171155731023));
#5719 = CARTESIAN_POINT('',(2.303660016401,5.171807686416));
#5720 = CARTESIAN_POINT('',(2.299831039074,5.172463732511));
#5721 = CARTESIAN_POINT('',(2.299848606545,5.173121093849));
#5722 = CARTESIAN_POINT('',(2.303711964553,5.173777431463));
#5723 = CARTESIAN_POINT('',(2.311387011861,5.174430058584));
#5724 = CARTESIAN_POINT('',(2.322805385554,5.17507647935));
#5725 = CARTESIAN_POINT('',(2.337870137702,5.175714391631));
#5726 = CARTESIAN_POINT('',(2.356459620668,5.176341683949));
#5727 = CARTESIAN_POINT('',(2.378430896791,5.176956425848));
#5728 = CARTESIAN_POINT('',(2.403624308308,5.177556889612));
#5729 = CARTESIAN_POINT('',(2.431861348353,5.178141452359));
#5730 = CARTESIAN_POINT('',(2.462967095028,5.178708972244));
#5731 = CARTESIAN_POINT('',(2.496766933436,5.179258526131));
#5732 = CARTESIAN_POINT('',(2.533082624829,5.179789296643));
#5733 = CARTESIAN_POINT('',(2.571740243859,5.180300665534));
#5734 = CARTESIAN_POINT('',(2.612571745833,5.180792175303));
#5735 = CARTESIAN_POINT('',(2.655414656855,5.181263486962));
#5736 = CARTESIAN_POINT('',(2.700116870191,5.18171440856));
#5737 = CARTESIAN_POINT('',(2.746535161883,5.182144840952));
#5738 = CARTESIAN_POINT('',(2.79453354379,5.182554748402));
#5739 = CARTESIAN_POINT('',(2.843984662692,5.182944158338));
#5740 = CARTESIAN_POINT('',(2.894768773859,5.183313144594));
#5741 = CARTESIAN_POINT('',(2.946779370647,5.183661847404));
#5742 = CARTESIAN_POINT('',(2.999886859031,5.183990249552));
#5743 = CARTESIAN_POINT('',(3.054007702621,5.184298617053));
#5744 = CARTESIAN_POINT('',(3.109057892404,5.184587161061));
#5745 = CARTESIAN_POINT('',(3.164958325934,5.184856085666));
#5746 = CARTESIAN_POINT('',(3.221633102782,5.185105578341));
#5747 = CARTESIAN_POINT('',(3.279009757028,5.185335815061));
#5748 = CARTESIAN_POINT('',(3.337019005911,5.185546960823));
#5749 = CARTESIAN_POINT('',(3.395594659518,5.185739170776));
#5750 = CARTESIAN_POINT('',(3.454673514894,5.185912590601));
#5751 = CARTESIAN_POINT('',(3.514195278178,5.186067356529));
#5752 = CARTESIAN_POINT('',(3.574102499092,5.186203594946));
#5753 = CARTESIAN_POINT('',(3.634340518854,5.186321421616));
#5754 = CARTESIAN_POINT('',(3.694857424977,5.186420940584));
#5755 = CARTESIAN_POINT('',(3.755604020096,5.186502242676));
#5756 = CARTESIAN_POINT('',(3.816533764844,5.186565404001));
#5757 = CARTESIAN_POINT('',(3.877602829571,5.186610483159));
#5758 = CARTESIAN_POINT('',(3.938769737807,5.186637522013));
#5759 = CARTESIAN_POINT('',(3.979587590664,5.186643528771));
#5760 = CARTESIAN_POINT('',(4.,5.186643530736));
#5761 = ( GEOMETRIC_REPRESENTATION_CONTEXT(2) 
PARAMETRIC_REPRESENTATION_CONTEXT() REPRESENTATION_CONTEXT('2D SPACE',''
  ) );
#5762 = ORIENTED_EDGE('',*,*,#5298,.T.);
#5763 = ADVANCED_FACE('',(#5764),#999,.F.);
#5764 = FACE_BOUND('',#5765,.F.);
#5765 = EDGE_LOOP('',(#5766,#5767,#5790,#6232));
#5766 = ORIENTED_EDGE('',*,*,#716,.T.);
#5767 = ORIENTED_EDGE('',*,*,#5768,.F.);
#5768 = EDGE_CURVE('',#5769,#717,#5771,.T.);
#5769 = VERTEX_POINT('',#5770);
#5770 = CARTESIAN_POINT('',(45.108610952893,15.301167592928,4.));
#5771 = SEAM_CURVE('',#5772,(#5776,#5783),.PCURVE_S1.);
#5772 = LINE('',#5773,#5774);
#5773 = CARTESIAN_POINT('',(47.310983782692,15.37587477699,4.));
#5774 = VECTOR('',#5775,1.);
#5775 = DIRECTION('',(-0.999425171273,-3.390172600055E-02,
    1.54074395551E-33));
#5776 = PCURVE('',#999,#5777);
#5777 = DEFINITIONAL_REPRESENTATION('',(#5778),#5782);
#5778 = LINE('',#5779,#5780);
#5779 = CARTESIAN_POINT('',(0.,-0.));
#5780 = VECTOR('',#5781,1.);
#5781 = DIRECTION('',(0.,1.));
#5782 = ( GEOMETRIC_REPRESENTATION_CONTEXT(2) 
PARAMETRIC_REPRESENTATION_CONTEXT() REPRESENTATION_CONTEXT('2D SPACE',''
  ) );
#5783 = PCURVE('',#999,#5784);
#5784 = DEFINITIONAL_REPRESENTATION('',(#5785),#5789);
#5785 = LINE('',#5786,#5787);
#5786 = CARTESIAN_POINT('',(6.28318530718,-0.));
#5787 = VECTOR('',#5788,1.);
#5788 = DIRECTION('',(0.,1.));
#5789 = ( GEOMETRIC_REPRESENTATION_CONTEXT(2) 
PARAMETRIC_REPRESENTATION_CONTEXT() REPRESENTATION_CONTEXT('2D SPACE',''
  ) );
#5790 = ORIENTED_EDGE('',*,*,#5791,.T.);
#5791 = EDGE_CURVE('',#5769,#5769,#5792,.T.);
#5792 = SURFACE_CURVE('',#5793,(#5910,#6071),.PCURVE_S1.);
#5793 = B_SPLINE_CURVE_WITH_KNOTS('',7,(#5794,#5795,#5796,#5797,#5798,
    #5799,#5800,#5801,#5802,#5803,#5804,#5805,#5806,#5807,#5808,#5809,
    #5810,#5811,#5812,#5813,#5814,#5815,#5816,#5817,#5818,#5819,#5820,
    #5821,#5822,#5823,#5824,#5825,#5826,#5827,#5828,#5829,#5830,#5831,
    #5832,#5833,#5834,#5835,#5836,#5837,#5838,#5839,#5840,#5841,#5842,
    #5843,#5844,#5845,#5846,#5847,#5848,#5849,#5850,#5851,#5852,#5853,
    #5854,#5855,#5856,#5857,#5858,#5859,#5860,#5861,#5862,#5863,#5864,
    #5865,#5866,#5867,#5868,#5869,#5870,#5871,#5872,#5873,#5874,#5875,
    #5876,#5877,#5878,#5879,#5880,#5881,#5882,#5883,#5884,#5885,#5886,
    #5887,#5888,#5889,#5890,#5891,#5892,#5893,#5894,#5895,#5896,#5897,
    #5898,#5899,#5900,#5901,#5902,#5903,#5904,#5905,#5906,#5907,#5908,
    #5909),.UNSPECIFIED.,.T.,.F.,(8,6,6,6,6,6,6,6,6,6,6,6,6,6,6,6,6,6,6,
    8),(0.,0.160347453197,0.217513910207,0.262274964293,0.333264329813,
    0.38035551139,0.449993516543,0.507011320703,0.550168237673,
    0.582452320001,0.667167859155,0.782694247867,0.825806267432,
    0.88269051844,0.926828504243,1.,1.071917435243,1.116430562033,
    1.173488445405,1.333389631069),.UNSPECIFIED.);
#5794 = CARTESIAN_POINT('',(45.108610952893,15.301167592928,4.));
#5795 = CARTESIAN_POINT('',(45.108610952893,15.301167592928,
    3.837973913958));
#5796 = CARTESIAN_POINT('',(45.109298828633,15.283165114837,
    3.676139878981));
#5797 = CARTESIAN_POINT('',(45.110671863861,15.247230226443,
    3.515553667825));
#5798 = CARTESIAN_POINT('',(45.11274024468,15.192964804072,3.35761528423
    ));
#5799 = CARTESIAN_POINT('',(45.115515187302,15.119799018605,
    3.204129826265));
#5800 = CARTESIAN_POINT('',(45.119001453431,15.027173094459,
    3.057249090078));
#5801 = CARTESIAN_POINT('',(45.124712935627,14.873767036992,
    2.870714470085));
#5802 = CARTESIAN_POINT('',(45.12630515509,14.830872473194,
    2.822910541741));
#5803 = CARTESIAN_POINT('',(45.127988477631,14.78537276389,
    2.776464360564));
#5804 = CARTESIAN_POINT('',(45.129762390577,14.737248506573,
    2.73153566458));
#5805 = CARTESIAN_POINT('',(45.131625750341,14.686494161325,
    2.688304336288));
#5806 = CARTESIAN_POINT('',(45.133576625132,14.633122941276,
    2.646967926506));
#5807 = CARTESIAN_POINT('',(45.137205933962,14.533362159315,
    2.577023261624));
#5808 = CARTESIAN_POINT('',(45.138851528376,14.487973378163,
    2.547601341312));
#5809 = CARTESIAN_POINT('',(45.140547439265,14.441026053886,
    2.519576616591));
#5810 = CARTESIAN_POINT('',(45.142291667145,14.392554224998,
    2.493060815569));
#5811 = CARTESIAN_POINT('',(45.14408161517,14.342608390491,
    2.468170740914));
#5812 = CARTESIAN_POINT('',(45.145914009594,14.291258626071,
    2.445024815641));
#5813 = CARTESIAN_POINT('',(45.1507518563,14.155079432631,2.389982115064
    ));
#5814 = CARTESIAN_POINT('',(45.153816753817,14.068228544607,
    2.360890441992));
#5815 = CARTESIAN_POINT('',(45.156961429018,13.978471382173,
    2.336960415153));
#5816 = CARTESIAN_POINT('',(45.160164094369,13.886350767926,
    2.318631354551));
#5817 = CARTESIAN_POINT('',(45.163399400722,13.792535016696,
    2.306256981128));
#5818 = CARTESIAN_POINT('',(45.16663864067,13.697825169602,
    2.300049979134));
#5819 = CARTESIAN_POINT('',(45.171980294484,13.540364088044,
    2.299967236031));
#5820 = CARTESIAN_POINT('',(45.174099277354,13.477559163319,
    2.302643713726));
#5821 = CARTESIAN_POINT('',(45.176198296486,13.415000914348,
    2.30803034026));
#5822 = CARTESIAN_POINT('',(45.178269517788,13.352928634677,
    2.316090129595));
#5823 = CARTESIAN_POINT('',(45.180305919429,13.291564973966,
    2.326753264994));
#5824 = CARTESIAN_POINT('',(45.182301272947,13.231115242415,
    2.339921927104));
#5825 = CARTESIAN_POINT('',(45.187132067863,13.084002660299,
    2.378475043288));
#5826 = CARTESIAN_POINT('',(45.189912838574,12.998630872515,
    2.406693579233));
#5827 = CARTESIAN_POINT('',(45.192576474084,12.916205277725,
    2.439753994192));
#5828 = CARTESIAN_POINT('',(45.19511318375,12.837114970195,
    2.477209065131));
#5829 = CARTESIAN_POINT('',(45.19751763562,12.761620177174,
    2.518598306241));
#5830 = CARTESIAN_POINT('',(45.199787702715,12.68988025642,
    2.563485494504));
#5831 = CARTESIAN_POINT('',(45.203672542546,12.566373609903,
    2.650770291795));
#5832 = CARTESIAN_POINT('',(45.205331548569,12.51334226919,
    2.692145822179));
#5833 = CARTESIAN_POINT('',(45.20690110178,12.462914721579,
    2.735393038289));
#5834 = CARTESIAN_POINT('',(45.208382252639,12.415103022062,
    2.780317004171));
#5835 = CARTESIAN_POINT('',(45.209776518133,12.369901017694,
    2.826740273402));
#5836 = CARTESIAN_POINT('',(45.211085712893,12.327289101736,
    2.874505265481));
#5837 = CARTESIAN_POINT('',(45.213239793758,12.256924922389,
    2.960543198377));
#5838 = CARTESIAN_POINT('',(45.21412013595,12.228080128808,
    2.998299079682));
#5839 = CARTESIAN_POINT('',(45.214953646406,12.200692470757,
    3.03668448497));
#5840 = CARTESIAN_POINT('',(45.21574113996,12.17474937024,3.075643937682
    ));
#5841 = CARTESIAN_POINT('',(45.216483406746,12.150237787578,
    3.11512628586));
#5842 = CARTESIAN_POINT('',(45.217181212206,12.127144221403,
    3.155084702155));
#5843 = CARTESIAN_POINT('',(45.218324593615,12.089229591938,
    3.225692421021));
#5844 = CARTESIAN_POINT('',(45.218789416308,12.073790462355,
    3.256150440829));
#5845 = CARTESIAN_POINT('',(45.219230068478,12.059131704502,
    3.28683278505));
#5846 = CARTESIAN_POINT('',(45.219646834903,12.045247963904,
    3.317722365724));
#5847 = CARTESIAN_POINT('',(45.220039981826,12.03213414702,
    3.348802965132));
#5848 = CARTESIAN_POINT('',(45.220409756953,12.019785421237,
    3.380059235787));
#5849 = CARTESIAN_POINT('',(45.221665975756,11.977789005048,
    3.493918178263));
#5850 = CARTESIAN_POINT('',(45.222416128958,11.952620229739,
    3.577462338038));
#5851 = CARTESIAN_POINT('',(45.223011132436,11.93260384462,
    3.661856504666));
#5852 = CARTESIAN_POINT('',(45.223454013485,11.917678793261,
    3.746866720627));
#5853 = CARTESIAN_POINT('',(45.223746824061,11.907802497213,
    3.832274623941));
#5854 = CARTESIAN_POINT('',(45.223890668834,11.902950870926,
    3.917875386843));
#5855 = CARTESIAN_POINT('',(45.223878405374,11.903364495849,
    4.120211052583));
#5856 = CARTESIAN_POINT('',(45.223594177004,11.912950994549,
    4.23690123033));
#5857 = CARTESIAN_POINT('',(45.223033031113,11.931876695461,
    4.353088369916));
#5858 = CARTESIAN_POINT('',(45.222190727895,11.960237123252,4.4682480884
    ));
#5859 = CARTESIAN_POINT('',(45.221060101374,11.99817986552,
    4.581789929097));
#5860 = CARTESIAN_POINT('',(45.219630929053,12.045902832913,
    4.693046511896));
#5861 = CARTESIAN_POINT('',(45.217237742987,12.125272674379,
    4.841632567059));
#5862 = CARTESIAN_POINT('',(45.216543774988,12.148242843995,
    4.881582556706));
#5863 = CARTESIAN_POINT('',(45.215805482141,12.172627300842,
    4.921060155294));
#5864 = CARTESIAN_POINT('',(45.215022103264,12.19843950089,
    4.960018861955));
#5865 = CARTESIAN_POINT('',(45.214192851803,12.225692467343,
    4.99840789182));
#5866 = CARTESIAN_POINT('',(45.213316915838,12.254398790629,
    5.036172176019));
#5867 = CARTESIAN_POINT('',(45.211174999663,12.324380927513,
    5.122177895901));
#5868 = CARTESIAN_POINT('',(45.209873889543,12.366739865638,
    5.169909311941));
#5869 = CARTESIAN_POINT('',(45.20848819653,12.411675743337,
    5.216312798249));
#5870 = CARTESIAN_POINT('',(45.207016112349,12.459208402967,
    5.261232625035));
#5871 = CARTESIAN_POINT('',(45.205456116045,12.509344589879,
    5.304493436665));
#5872 = CARTESIAN_POINT('',(45.203807138404,12.562073313606,
    5.345902544064));
#5873 = CARTESIAN_POINT('',(45.200719846752,12.660260540618,
    5.415784662898));
#5874 = CARTESIAN_POINT('',(45.199317198892,12.704698213141,
    5.445075412681));
#5875 = CARTESIAN_POINT('',(45.197860664766,12.750655915754,
    5.473026432875));
#5876 = CARTESIAN_POINT('',(45.196350481,12.79810304054,5.49953152536));
#5877 = CARTESIAN_POINT('',(45.194787359479,12.846993809873,
    5.524479423356));
#5878 = CARTESIAN_POINT('',(45.193172607965,12.897264403766,
    5.547756887296));
#5879 = CARTESIAN_POINT('',(45.188749096488,13.034315143179,
    5.604885845541));
#5880 = CARTESIAN_POINT('',(45.185852336352,13.123399037071,
    5.635637899167));
#5881 = CARTESIAN_POINT('',(45.182829221945,13.215632502361,
    5.66096106075));
#5882 = CARTESIAN_POINT('',(45.179695670275,13.310435542203,
    5.680367370237));
#5883 = CARTESIAN_POINT('',(45.17647314503,13.407086523231,
    5.693460666201));
#5884 = CARTESIAN_POINT('',(45.173189494016,13.504712968517,
    5.700000913377));
#5885 = CARTESIAN_POINT('',(45.166626716099,13.698182894442,
    5.699999102129));
#5886 = CARTESIAN_POINT('',(45.163345296969,13.794121964406,
    5.69367940943));
#5887 = CARTESIAN_POINT('',(45.16006805458,13.889139462894,
    5.681032030568));
#5888 = CARTESIAN_POINT('',(45.156824603425,13.982409406318,
    5.662277246184));
#5889 = CARTESIAN_POINT('',(45.153641274026,14.073238097774,
    5.637783156763));
#5890 = CARTESIAN_POINT('',(45.150540829888,14.161058803632,
    5.608010512121));
#5891 = CARTESIAN_POINT('',(45.145686254675,14.297642664131,
    5.552113447446));
#5892 = CARTESIAN_POINT('',(45.143868633491,14.34855574301,
    5.528914102399));
#5893 = CARTESIAN_POINT('',(45.142093271443,14.398074412064,
    5.504000475466));
#5894 = CARTESIAN_POINT('',(45.140363338752,14.446131180027,
    5.477488892312));
#5895 = CARTESIAN_POINT('',(45.138681348845,14.492677504633,
    5.449493909588));
#5896 = CARTESIAN_POINT('',(45.137049235728,14.537680775207,
    5.420125008422));
#5897 = CARTESIAN_POINT('',(45.133442122316,14.636804288212,
    5.350206071489));
#5898 = CARTESIAN_POINT('',(45.131500265641,14.689915487386,
    5.308840508042));
#5899 = CARTESIAN_POINT('',(45.129645673706,14.740419490542,
    5.265597333918));
#5900 = CARTESIAN_POINT('',(45.12788023141,14.788304023255,
    5.220672151668));
#5901 = CARTESIAN_POINT('',(45.126205050536,14.833575149762,
    5.174243028441));
#5902 = CARTESIAN_POINT('',(45.124620624108,14.876252483832,
    5.126468094361));
#5903 = CARTESIAN_POINT('',(45.118941137698,15.028775560322,
    4.940205841577));
#5904 = CARTESIAN_POINT('',(45.115475203957,15.120853206515,
    4.793654509906));
#5905 = CARTESIAN_POINT('',(45.112716423629,15.193589756138,
    4.640562041114));
#5906 = CARTESIAN_POINT('',(45.110660001693,15.247540688957,
    4.483057152551));
#5907 = CARTESIAN_POINT('',(45.109294858248,15.283269021787,
    4.322926422084));
#5908 = CARTESIAN_POINT('',(45.108610952893,15.301167592928,
    4.161557744424));
#5909 = CARTESIAN_POINT('',(45.108610952893,15.301167592928,4.));
#5910 = PCURVE('',#999,#5911);
#5911 = DEFINITIONAL_REPRESENTATION('',(#5912),#6070);
#5912 = B_SPLINE_CURVE_WITH_KNOTS('',3,(#5913,#5914,#5915,#5916,#5917,
    #5918,#5919,#5920,#5921,#5922,#5923,#5924,#5925,#5926,#5927,#5928,
    #5929,#5930,#5931,#5932,#5933,#5934,#5935,#5936,#5937,#5938,#5939,
    #5940,#5941,#5942,#5943,#5944,#5945,#5946,#5947,#5948,#5949,#5950,
    #5951,#5952,#5953,#5954,#5955,#5956,#5957,#5958,#5959,#5960,#5961,
    #5962,#5963,#5964,#5965,#5966,#5967,#5968,#5969,#5970,#5971,#5972,
    #5973,#5974,#5975,#5976,#5977,#5978,#5979,#5980,#5981,#5982,#5983,
    #5984,#5985,#5986,#5987,#5988,#5989,#5990,#5991,#5992,#5993,#5994,
    #5995,#5996,#5997,#5998,#5999,#6000,#6001,#6002,#6003,#6004,#6005,
    #6006,#6007,#6008,#6009,#6010,#6011,#6012,#6013,#6014,#6015,#6016,
    #6017,#6018,#6019,#6020,#6021,#6022,#6023,#6024,#6025,#6026,#6027,
    #6028,#6029,#6030,#6031,#6032,#6033,#6034,#6035,#6036,#6037,#6038,
    #6039,#6040,#6041,#6042,#6043,#6044,#6045,#6046,#6047,#6048,#6049,
    #6050,#6051,#6052,#6053,#6054,#6055,#6056,#6057,#6058,#6059,#6060,
    #6061,#6062,#6063,#6064,#6065,#6066,#6067,#6068,#6069),
  .UNSPECIFIED.,.F.,.F.,(4,1,1,1,1,1,1,1,1,1,1,1,1,1,1,1,1,1,1,1,1,1,1,1
    ,1,1,1,1,1,1,1,1,1,1,1,1,1,1,1,1,1,1,1,1,1,1,1,1,1,1,1,1,1,1,1,1,1,1
    ,1,1,1,1,1,1,1,1,1,1,1,1,1,1,1,1,1,1,1,1,1,1,1,1,1,1,1,1,1,1,1,1,1,1
    ,1,1,1,1,1,1,1,1,1,1,1,1,1,1,1,1,1,1,1,1,1,1,1,1,1,1,1,1,1,1,1,1,1,1
    ,1,1,1,1,1,1,1,1,1,1,1,1,1,1,1,1,1,1,1,1,1,1,1,1,1,1,1,1,4),(0.,
    8.658374227724E-03,1.731674845545E-02,2.597512268317E-02,
    3.463349691089E-02,4.329187113862E-02,5.195024536634E-02,
    6.060861959407E-02,6.926699382179E-02,7.792536804951E-02,
    8.658374227724E-02,9.524211650496E-02,0.103900490733,0.11255886496,
    0.121217239188,0.129875613416,0.138533987644,0.147192361871,
    0.155850736099,0.164509110327,0.173167484554,0.181825858782,
    0.19048423301,0.199142607238,0.207800981465,0.216459355693,
    0.225117729921,0.233776104149,0.242434478376,0.251092852604,
    0.259751226832,0.268409601059,0.277067975287,0.285726349515,
    0.294384723743,0.30304309797,0.311701472198,0.320359846426,
    0.329018220653,0.337676594881,0.346334969109,0.354993343337,
    0.363651717564,0.372310091792,0.38096846602,0.389626840248,
    0.398285214475,0.406943588703,0.415601962931,0.424260337158,
    0.432918711386,0.441577085614,0.450235459842,0.458893834069,
    0.467552208297,0.476210582525,0.484868956753,0.49352733098,
    0.502185705208,0.510844079436,0.519502453663,0.528160827891,
    0.536819202119,0.545477576347,0.554135950574,0.562794324802,
    0.57145269903,0.580111073257,0.588769447485,0.597427821713,
    0.606086195941,0.614744570168,0.623402944396,0.632061318624,
    0.640719692852,0.649378067079,0.658036441307,0.666694815535,
    0.675353189762,0.68401156399,0.692669938218,0.701328312446,
    0.709986686673,0.718645060901,0.727303435129,0.735961809357,
    0.744620183584,0.753278557812,0.76193693204,0.770595306267,
    0.779253680495,0.787912054723,0.796570428951,0.805228803178,
    0.813887177406,0.822545551634,0.831203925861,0.839862300089,
    0.848520674317,0.857179048545,0.865837422772,0.874495797,
    0.883154171228,0.891812545456,0.900470919683,0.909129293911,
    0.917787668139,0.926446042366,0.935104416594,0.943762790822,
    0.95242116505,0.961079539277,0.969737913505,0.978396287733,
    0.98705466196,0.995713036188,1.004371410416,1.013029784644,
    1.021688158871,1.030346533099,1.039004907327,1.047663281555,
    1.056321655782,1.06498003001,1.073638404238,1.082296778465,
    1.090955152693,1.099613526921,1.108271901149,1.116930275376,
    1.125588649604,1.134247023832,1.14290539806,1.151563772287,
    1.160222146515,1.168880520743,1.17753889497,1.186197269198,
    1.194855643426,1.203514017654,1.212172391881,1.220830766109,
    1.229489140337,1.238147514564,1.246805888792,1.25546426302,
    1.264122637248,1.272781011475,1.281439385703,1.290097759931,
    1.298756134159,1.307414508386,1.316072882614,1.324731256842,
    1.333389631069),.QUASI_UNIFORM_KNOTS.);
#5913 = CARTESIAN_POINT('',(0.,2.203639545114));
#5914 = CARTESIAN_POINT('',(1.20083469802E-02,2.203639547092));
#5915 = CARTESIAN_POINT('',(3.602084068273E-02,2.20363639368));
#5916 = CARTESIAN_POINT('',(7.205104260143E-02,2.203622239598));
#5917 = CARTESIAN_POINT('',(0.108117223423,2.203598699909));
#5918 = CARTESIAN_POINT('',(0.144242306787,2.203565847181));
#5919 = CARTESIAN_POINT('',(0.180448423634,2.203523778885));
#5920 = CARTESIAN_POINT('',(0.216756939518,2.203472622291));
#5921 = CARTESIAN_POINT('',(0.253188679945,2.203412535486));
#5922 = CARTESIAN_POINT('',(0.289764094983,2.203343709346));
#5923 = CARTESIAN_POINT('',(0.326503435175,2.203266369176));
#5924 = CARTESIAN_POINT('',(0.363426923021,2.203180776368));
#5925 = CARTESIAN_POINT('',(0.400554929037,2.203087229967));
#5926 = CARTESIAN_POINT('',(0.437908154616,2.202986068193));
#5927 = CARTESIAN_POINT('',(0.475507830735,2.202877669887));
#5928 = CARTESIAN_POINT('',(0.513375924924,2.202762455935));
#5929 = CARTESIAN_POINT('',(0.551535412453,2.20264089049));
#5930 = CARTESIAN_POINT('',(0.590010433292,2.202513482664));
#5931 = CARTESIAN_POINT('',(0.62882703297,2.202380786171));
#5932 = CARTESIAN_POINT('',(0.668011915331,2.202243406351));
#5933 = CARTESIAN_POINT('',(0.7075988397,2.202101979347));
#5934 = CARTESIAN_POINT('',(0.747590741315,2.201957313463));
#5935 = CARTESIAN_POINT('',(0.788011186218,2.201810206494));
#5936 = CARTESIAN_POINT('',(0.828879995839,2.201661534981));
#5937 = CARTESIAN_POINT('',(0.870215609589,2.201512244148));
#5938 = CARTESIAN_POINT('',(0.912034511112,2.201363348758));
#5939 = CARTESIAN_POINT('',(0.954351774968,2.201215929378));
#5940 = CARTESIAN_POINT('',(0.997179809139,2.20107113611));
#5941 = CARTESIAN_POINT('',(1.040523887072,2.200930189326));
#5942 = CARTESIAN_POINT('',(1.084386326801,2.200794360994));
#5943 = CARTESIAN_POINT('',(1.128763297033,2.200664967971));
#5944 = CARTESIAN_POINT('',(1.173643925704,2.200543354007));
#5945 = CARTESIAN_POINT('',(1.219013970338,2.200430861732));
#5946 = CARTESIAN_POINT('',(1.264853844006,2.20032881285));
#5947 = CARTESIAN_POINT('',(1.311117395112,2.200238520254));
#5948 = CARTESIAN_POINT('',(1.357758751514,2.200161185833));
#5949 = CARTESIAN_POINT('',(1.404724988239,2.20009788648));
#5950 = CARTESIAN_POINT('',(1.451956862101,2.200049539272));
#5951 = CARTESIAN_POINT('',(1.499386512198,2.200016871792));
#5952 = CARTESIAN_POINT('',(1.546937833838,2.20000039262));
#5953 = CARTESIAN_POINT('',(1.594517487776,2.200000355927));
#5954 = CARTESIAN_POINT('',(1.642059563125,2.200016753764));
#5955 = CARTESIAN_POINT('',(1.689482144046,2.200049327574));
#5956 = CARTESIAN_POINT('',(1.736711811282,2.200097570775));
#5957 = CARTESIAN_POINT('',(1.783679829255,2.200160756525));
#5958 = CARTESIAN_POINT('',(1.830319460534,2.200237955235));
#5959 = CARTESIAN_POINT('',(1.876572665534,2.200328071852));
#5960 = CARTESIAN_POINT('',(1.922399371072,2.200429909165));
#5961 = CARTESIAN_POINT('',(1.96776553488,2.20054218414));
#5962 = CARTESIAN_POINT('',(2.012646560601,2.200663567986));
#5963 = CARTESIAN_POINT('',(2.05702489562,2.200792711711));
#5964 = CARTESIAN_POINT('',(2.100889525723,2.200928270967));
#5965 = CARTESIAN_POINT('',(2.144235389626,2.201068927123));
#5966 = CARTESIAN_POINT('',(2.187062646355,2.201213403038));
#5967 = CARTESIAN_POINT('',(2.229377745687,2.20136048269));
#5968 = CARTESIAN_POINT('',(2.271194731399,2.201509024954));
#5969 = CARTESIAN_POINT('',(2.312528353528,2.201657950678));
#5970 = CARTESIAN_POINT('',(2.353395252686,2.201806248841));
#5971 = CARTESIAN_POINT('',(2.393813761827,2.201952977112));
#5972 = CARTESIAN_POINT('',(2.433803882401,2.202097262746));
#5973 = CARTESIAN_POINT('',(2.473388194002,2.202238307735));
#5974 = CARTESIAN_POINT('',(2.512587600796,2.202375369258));
#5975 = CARTESIAN_POINT('',(2.551425024199,2.202507773474));
#5976 = CARTESIAN_POINT('',(2.589922968497,2.202634900626));
#5977 = CARTESIAN_POINT('',(2.628103963092,2.202756185674));
#5978 = CARTESIAN_POINT('',(2.665991107376,2.202871119968));
#5979 = CARTESIAN_POINT('',(2.703606711053,2.202979240223));
#5980 = CARTESIAN_POINT('',(2.740973130488,2.203080130047));
#5981 = CARTESIAN_POINT('',(2.778112444665,2.203173415122));
#5982 = CARTESIAN_POINT('',(2.815046176735,2.203258762399));
#5983 = CARTESIAN_POINT('',(2.851794933406,2.203335875471));
#5984 = CARTESIAN_POINT('',(2.888381247283,2.203404499124));
#5985 = CARTESIAN_POINT('',(2.92482621505,2.203464409515));
#5986 = CARTESIAN_POINT('',(2.961150541016,2.203515415509));
#5987 = CARTESIAN_POINT('',(2.99737451106,2.203557357333));
#5988 = CARTESIAN_POINT('',(3.033518205301,2.20359010594));
#5989 = CARTESIAN_POINT('',(3.069601753178,2.203613562159));
#5990 = CARTESIAN_POINT('',(3.105645137354,2.203627655877));
#5991 = CARTESIAN_POINT('',(3.141669746984,2.203632345224));
#5992 = CARTESIAN_POINT('',(3.177693401771,2.203627615646));
#5993 = CARTESIAN_POINT('',(3.213733884271,2.203613483465));
#5994 = CARTESIAN_POINT('',(3.249814028196,2.203589991154));
#5995 = CARTESIAN_POINT('',(3.285954474507,2.203557208607));
#5996 = CARTESIAN_POINT('',(3.322175841174,2.203515234375));
#5997 = CARTESIAN_POINT('',(3.358498369972,2.203464196879));
#5998 = CARTESIAN_POINT('',(3.39494224,2.203404255599));
#5999 = CARTESIAN_POINT('',(3.431527700445,2.203335602228));
#6000 = CARTESIAN_POINT('',(3.468275254956,2.203258461815));
#6001 = CARTESIAN_POINT('',(3.505205848277,2.203173093855));
#6002 = CARTESIAN_POINT('',(3.54234105281,2.203079793418));
#6003 = CARTESIAN_POINT('',(3.57970334559,2.202978892039));
#6004 = CARTESIAN_POINT('',(3.617316146562,2.20287075936));
#6005 = CARTESIAN_POINT('',(3.655204872371,2.20275580183));
#6006 = CARTESIAN_POINT('',(3.693387007414,2.202634496371));
#6007 = CARTESIAN_POINT('',(3.731886315788,2.202507350099));
#6008 = CARTESIAN_POINT('',(3.77072511881,2.202374928893));
#6009 = CARTESIAN_POINT('',(3.809926028968,2.202237852256));
#6010 = CARTESIAN_POINT('',(3.849511855485,2.202096794614));
#6011 = CARTESIAN_POINT('',(3.889503617661,2.201952498586));
#6012 = CARTESIAN_POINT('',(3.929923867777,2.201805762604));
#6013 = CARTESIAN_POINT('',(3.970792534855,2.201657459891));
#6014 = CARTESIAN_POINT('',(4.012128005269,2.201508532743));
#6015 = CARTESIAN_POINT('',(4.053946757149,2.201359992924));
#6016 = CARTESIAN_POINT('',(4.096264361018,2.201212917091));
#6017 = CARTESIAN_POINT('',(4.139092196673,2.201068456055));
#6018 = CARTESIAN_POINT('',(4.182436114461,2.20092782594));
#6019 = CARTESIAN_POINT('',(4.226298130187,2.200792298011));
#6020 = CARTESIAN_POINT('',(4.270674851326,2.200663185925));
#6021 = CARTESIAN_POINT('',(4.315554031694,2.200541835859));
#6022 = CARTESIAN_POINT('',(4.360926870516,2.20042957701));
#6023 = CARTESIAN_POINT('',(4.406766896815,2.200327748628));
#6024 = CARTESIAN_POINT('',(4.453029602086,2.200237659224));
#6025 = CARTESIAN_POINT('',(4.499669353156,2.200160510969));
#6026 = CARTESIAN_POINT('',(4.546633705371,2.200097381426));
#6027 = CARTESIAN_POINT('',(4.593863691475,2.200049189894));
#6028 = CARTESIAN_POINT('',(4.641291605625,2.200016667103));
#6029 = CARTESIAN_POINT('',(4.688841384284,2.200000325735));
#6030 = CARTESIAN_POINT('',(4.736419354356,2.200000423139));
#6031 = CARTESIAN_POINT('',(4.783965536728,2.200016959014));
#6032 = CARTESIAN_POINT('',(4.831389312322,2.200049677957));
#6033 = CARTESIAN_POINT('',(4.878615981243,2.200098071878));
#6034 = CARTESIAN_POINT('',(4.925578428524,2.200161414758));
#6035 = CARTESIAN_POINT('',(4.972217463405,2.200238790767));
#6036 = CARTESIAN_POINT('',(5.018479498937,2.20032912267));
#6037 = CARTESIAN_POINT('',(5.064317788131,2.200431207086));
#6038 = CARTESIAN_POINT('',(5.109683397798,2.200543723428));
#6039 = CARTESIAN_POINT('',(5.154557037311,2.200665348778));
#6040 = CARTESIAN_POINT('',(5.198927713558,2.200794748912));
#6041 = CARTESIAN_POINT('',(5.242783769791,2.200930578489));
#6042 = CARTESIAN_POINT('',(5.28612164987,2.201071522056));
#6043 = CARTESIAN_POINT('',(5.328943593331,2.20121630779));
#6044 = CARTESIAN_POINT('',(5.371255066427,2.201363716563));
#6045 = CARTESIAN_POINT('',(5.413068151179,2.20151259775));
#6046 = CARTESIAN_POINT('',(5.454398110679,2.201661871796));
#6047 = CARTESIAN_POINT('',(5.495261412135,2.201810524441));
#6048 = CARTESIAN_POINT('',(5.53567656246,2.201957611237));
#6049 = CARTESIAN_POINT('',(5.57566310851,2.202102255112));
#6050 = CARTESIAN_POINT('',(5.6152454174,2.202243661437));
#6051 = CARTESIAN_POINT('',(5.654426223291,2.202381021552));
#6052 = CARTESIAN_POINT('',(5.69323847107,2.202513696723));
#6053 = CARTESIAN_POINT('',(5.731709146546,2.202641082976));
#6054 = CARTESIAN_POINT('',(5.76986427199,2.20276262682));
#6055 = CARTESIAN_POINT('',(5.807728035577,2.202877819591));
#6056 = CARTESIAN_POINT('',(5.845323432335,2.202986197447));
#6057 = CARTESIAN_POINT('',(5.882672448766,2.203087339777));
#6058 = CARTESIAN_POINT('',(5.91979632736,2.203180867958));
#6059 = CARTESIAN_POINT('',(5.956715775922,2.203266443943));
#6060 = CARTESIAN_POINT('',(5.993451166072,2.203343768819));
#6061 = CARTESIAN_POINT('',(6.030022716407,2.20341258129));
#6062 = CARTESIAN_POINT('',(6.066450668585,2.203472656119));
#6063 = CARTESIAN_POINT('',(6.102755458768,2.203523802477));
#6064 = CARTESIAN_POINT('',(6.138957893373,2.20356586231));
#6065 = CARTESIAN_POINT('',(6.175079313535,2.203598708376));
#6066 = CARTESIAN_POINT('',(6.211141819949,2.203622243233));
#6067 = CARTESIAN_POINT('',(6.247168300715,2.203636394358));
#6068 = CARTESIAN_POINT('',(6.271178253014,2.203639547094));
#6069 = CARTESIAN_POINT('',(6.28318530718,2.203639545114));
#6070 = ( GEOMETRIC_REPRESENTATION_CONTEXT(2) 
PARAMETRIC_REPRESENTATION_CONTEXT() REPRESENTATION_CONTEXT('2D SPACE',''
  ) );
#6071 = PCURVE('',#116,#6072);
#6072 = DEFINITIONAL_REPRESENTATION('',(#6073),#6231);
#6073 = B_SPLINE_CURVE_WITH_KNOTS('',3,(#6074,#6075,#6076,#6077,#6078,
    #6079,#6080,#6081,#6082,#6083,#6084,#6085,#6086,#6087,#6088,#6089,
    #6090,#6091,#6092,#6093,#6094,#6095,#6096,#6097,#6098,#6099,#6100,
    #6101,#6102,#6103,#6104,#6105,#6106,#6107,#6108,#6109,#6110,#6111,
    #6112,#6113,#6114,#6115,#6116,#6117,#6118,#6119,#6120,#6121,#6122,
    #6123,#6124,#6125,#6126,#6127,#6128,#6129,#6130,#6131,#6132,#6133,
    #6134,#6135,#6136,#6137,#6138,#6139,#6140,#6141,#6142,#6143,#6144,
    #6145,#6146,#6147,#6148,#6149,#6150,#6151,#6152,#6153,#6154,#6155,
    #6156,#6157,#6158,#6159,#6160,#6161,#6162,#6163,#6164,#6165,#6166,
    #6167,#6168,#6169,#6170,#6171,#6172,#6173,#6174,#6175,#6176,#6177,
    #6178,#6179,#6180,#6181,#6182,#6183,#6184,#6185,#6186,#6187,#6188,
    #6189,#6190,#6191,#6192,#6193,#6194,#6195,#6196,#6197,#6198,#6199,
    #6200,#6201,#6202,#6203,#6204,#6205,#6206,#6207,#6208,#6209,#6210,
    #6211,#6212,#6213,#6214,#6215,#6216,#6217,#6218,#6219,#6220,#6221,
    #6222,#6223,#6224,#6225,#6226,#6227,#6228,#6229,#6230),
  .UNSPECIFIED.,.T.,.F.,(4,1,1,1,1,1,1,1,1,1,1,1,1,1,1,1,1,1,1,1,1,1,1,1
    ,1,1,1,1,1,1,1,1,1,1,1,1,1,1,1,1,1,1,1,1,1,1,1,1,1,1,1,1,1,1,1,1,1,1
    ,1,1,1,1,1,1,1,1,1,1,1,1,1,1,1,1,1,1,1,1,1,1,1,1,1,1,1,1,1,1,1,1,1,1
    ,1,1,1,1,1,1,1,1,1,1,1,1,1,1,1,1,1,1,1,1,1,1,1,1,1,1,1,1,1,1,1,1,1,1
    ,1,1,1,1,1,1,1,1,1,1,1,1,1,1,1,1,1,1,1,1,1,1,1,1,1,1,1,1,4),(0.,
    8.658374227724E-03,1.731674845545E-02,2.597512268317E-02,
    3.463349691089E-02,4.329187113862E-02,5.195024536634E-02,
    6.060861959407E-02,6.926699382179E-02,7.792536804951E-02,
    8.658374227724E-02,9.524211650496E-02,0.103900490733,0.11255886496,
    0.121217239188,0.129875613416,0.138533987644,0.147192361871,
    0.155850736099,0.164509110327,0.173167484554,0.181825858782,
    0.19048423301,0.199142607238,0.207800981465,0.216459355693,
    0.225117729921,0.233776104149,0.242434478376,0.251092852604,
    0.259751226832,0.268409601059,0.277067975287,0.285726349515,
    0.294384723743,0.30304309797,0.311701472198,0.320359846426,
    0.329018220653,0.337676594881,0.346334969109,0.354993343337,
    0.363651717564,0.372310091792,0.38096846602,0.389626840248,
    0.398285214475,0.406943588703,0.415601962931,0.424260337158,
    0.432918711386,0.441577085614,0.450235459842,0.458893834069,
    0.467552208297,0.476210582525,0.484868956753,0.49352733098,
    0.502185705208,0.510844079436,0.519502453663,0.528160827891,
    0.536819202119,0.545477576347,0.554135950574,0.562794324802,
    0.57145269903,0.580111073257,0.588769447485,0.597427821713,
    0.606086195941,0.614744570168,0.623402944396,0.632061318624,
    0.640719692852,0.649378067079,0.658036441307,0.666694815535,
    0.675353189762,0.68401156399,0.692669938218,0.701328312446,
    0.709986686673,0.718645060901,0.727303435129,0.735961809357,
    0.744620183584,0.753278557812,0.76193693204,0.770595306267,
    0.779253680495,0.787912054723,0.796570428951,0.805228803178,
    0.813887177406,0.822545551634,0.831203925861,0.839862300089,
    0.848520674317,0.857179048545,0.865837422772,0.874495797,
    0.883154171228,0.891812545456,0.900470919683,0.909129293911,
    0.917787668139,0.926446042366,0.935104416594,0.943762790822,
    0.95242116505,0.961079539277,0.969737913505,0.978396287733,
    0.98705466196,0.995713036188,1.004371410416,1.013029784644,
    1.021688158871,1.030346533099,1.039004907327,1.047663281555,
    1.056321655782,1.06498003001,1.073638404238,1.082296778465,
    1.090955152693,1.099613526921,1.108271901149,1.116930275376,
    1.125588649604,1.134247023832,1.14290539806,1.151563772287,
    1.160222146515,1.168880520743,1.17753889497,1.186197269198,
    1.194855643426,1.203514017654,1.212172391881,1.220830766109,
    1.229489140337,1.238147514564,1.246805888792,1.25546426302,
    1.264122637248,1.272781011475,1.281439385703,1.290097759931,
    1.298756134159,1.307414508386,1.316072882614,1.324731256842,
    1.333389631069),.QUASI_UNIFORM_KNOTS.);
#6074 = CARTESIAN_POINT('',(4.,4.825526951361));
#6075 = CARTESIAN_POINT('',(4.020414160485,4.825526949546));
#6076 = CARTESIAN_POINT('',(4.061235441427,4.825521495878));
#6077 = CARTESIAN_POINT('',(4.122407319152,4.825496946453));
#6078 = CARTESIAN_POINT('',(4.183481234817,4.825456017298));
#6079 = CARTESIAN_POINT('',(4.244415751732,4.82539866961));
#6080 = CARTESIAN_POINT('',(4.30516707049,4.825324849066));
#6081 = CARTESIAN_POINT('',(4.365688671108,4.825234485087));
#6082 = CARTESIAN_POINT('',(4.425931365174,4.825127493382));
#6083 = CARTESIAN_POINT('',(4.485843238785,4.825003777312));
#6084 = CARTESIAN_POINT('',(4.545369621621,4.824863229258));
#6085 = CARTESIAN_POINT('',(4.604453041988,4.824705731619));
#6086 = CARTESIAN_POINT('',(4.663033175103,4.824531157519));
#6087 = CARTESIAN_POINT('',(4.721046777741,4.824339371176));
#6088 = CARTESIAN_POINT('',(4.778427611414,4.824130227877));
#6089 = CARTESIAN_POINT('',(4.835106334305,4.823903573655));
#6090 = CARTESIAN_POINT('',(4.891010420851,4.823659244208));
#6091 = CARTESIAN_POINT('',(4.946063875189,4.82339706463));
#6092 = CARTESIAN_POINT('',(5.000187596657,4.823116843985));
#6093 = CARTESIAN_POINT('',(5.053297180406,4.822818386894));
#6094 = CARTESIAN_POINT('',(5.105310144631,4.822501439217));
#6095 = CARTESIAN_POINT('',(5.156097035586,4.822166007523));
#6096 = CARTESIAN_POINT('',(5.205550263267,4.821811963671));
#6097 = CARTESIAN_POINT('',(5.253550380747,4.821439230758));
#6098 = CARTESIAN_POINT('',(5.2999698903,4.821047776432));
#6099 = CARTESIAN_POINT('',(5.344672761619,4.820637624707));
#6100 = CARTESIAN_POINT('',(5.387515536862,4.820208859061));
#6101 = CARTESIAN_POINT('',(5.42834637632,4.819761641875));
#6102 = CARTESIAN_POINT('',(5.467002556032,4.819296274251));
#6103 = CARTESIAN_POINT('',(5.503316042177,4.818813162452));
#6104 = CARTESIAN_POINT('',(5.537112685117,4.818312862429));
#6105 = CARTESIAN_POINT('',(5.568214618043,4.817796101427));
#6106 = CARTESIAN_POINT('',(5.596445487539,4.81726374266));
#6107 = CARTESIAN_POINT('',(5.621631218453,4.816716811335));
#6108 = CARTESIAN_POINT('',(5.643594355641,4.816156757859));
#6109 = CARTESIAN_POINT('',(5.662175390649,4.815585142256));
#6110 = CARTESIAN_POINT('',(5.677231365554,4.815003712225));
#6111 = CARTESIAN_POINT('',(5.688640403184,4.814414385499));
#6112 = CARTESIAN_POINT('',(5.69630527176,4.813819265027));
#6113 = CARTESIAN_POINT('',(5.70015750603,4.813220617256));
#6114 = CARTESIAN_POINT('',(5.700162888556,4.812620963879));
#6115 = CARTESIAN_POINT('',(5.696322787988,4.812022492824));
#6116 = CARTESIAN_POINT('',(5.688671262111,4.811427580003));
#6117 = CARTESIAN_POINT('',(5.677275159451,4.810838456433));
#6118 = CARTESIAN_POINT('',(5.66223077348,4.810257234322));
#6119 = CARTESIAN_POINT('',(5.643662243428,4.809685920835));
#6120 = CARTESIAN_POINT('',(5.62171591556,4.80912631968));
#6121 = CARTESIAN_POINT('',(5.596550302781,4.808579911478));
#6122 = CARTESIAN_POINT('',(5.568335098056,4.808047999042));
#6123 = CARTESIAN_POINT('',(5.537245681643,4.807531666157));
#6124 = CARTESIAN_POINT('',(5.503460250837,4.807031810672));
#6125 = CARTESIAN_POINT('',(5.467156742425,4.80654915658));
#6126 = CARTESIAN_POINT('',(5.428510162491,4.806084269161));
#6127 = CARTESIAN_POINT('',(5.387690694873,4.805637572229));
#6128 = CARTESIAN_POINT('',(5.34486048606,4.805209347252));
#6129 = CARTESIAN_POINT('',(5.300169691,4.804799735701));
#6130 = CARTESIAN_POINT('',(5.253762094396,4.804408820151));
#6131 = CARTESIAN_POINT('',(5.205773530136,4.804036619321));
#6132 = CARTESIAN_POINT('',(5.156331618704,4.803683098125));
#6133 = CARTESIAN_POINT('',(5.105555496781,4.803348175491));
#6134 = CARTESIAN_POINT('',(5.053554260083,4.803031726065));
#6135 = CARTESIAN_POINT('',(5.000432567245,4.802733620819));
#6136 = CARTESIAN_POINT('',(4.946286210171,4.802453700162));
#6137 = CARTESIAN_POINT('',(4.891205171018,4.802191801714));
#6138 = CARTESIAN_POINT('',(4.835273598501,4.80194775861));
#6139 = CARTESIAN_POINT('',(4.778569472973,4.801721397451));
#6140 = CARTESIAN_POINT('',(4.72116670411,4.801512552973));
#6141 = CARTESIAN_POINT('',(4.663134411977,4.801321063848));
#6142 = CARTESIAN_POINT('',(4.604537797185,4.801146776677));
#6143 = CARTESIAN_POINT('',(4.545438994602,4.800989548654));
#6144 = CARTESIAN_POINT('',(4.485898084502,4.800849249474));
#6145 = CARTESIAN_POINT('',(4.425968842219,4.800725752247));
#6146 = CARTESIAN_POINT('',(4.365704517501,4.800618948578));
#6147 = CARTESIAN_POINT('',(4.305156583002,4.800528743917));
#6148 = CARTESIAN_POINT('',(4.244375146302,4.800455058049));
#6149 = CARTESIAN_POINT('',(4.18340896169,4.800397824608));
#6150 = CARTESIAN_POINT('',(4.122305342827,4.800356991253));
#6151 = CARTESIAN_POINT('',(4.061110835565,4.800332520103));
#6152 = CARTESIAN_POINT('',(3.999868912698,4.800324388412));
#6153 = CARTESIAN_POINT('',(3.938628784255,4.800332589931));
#6154 = CARTESIAN_POINT('',(3.877439709683,4.800357128142));
#6155 = CARTESIAN_POINT('',(3.816342677653,4.800398024844));
#6156 = CARTESIAN_POINT('',(3.755383094478,4.800455318562));
#6157 = CARTESIAN_POINT('',(3.694607440285,4.800529063003));
#6158 = CARTESIAN_POINT('',(3.63406420692,4.800619325924));
#6159 = CARTESIAN_POINT('',(3.573803700343,4.800726188304));
#6160 = CARTESIAN_POINT('',(3.51387815843,4.80084974387));
#6161 = CARTESIAN_POINT('',(3.454341797725,4.800990098936));
#6162 = CARTESIAN_POINT('',(3.395250884117,4.801147372615));
#6163 = CARTESIAN_POINT('',(3.336663833933,4.801321697236));
#6164 = CARTESIAN_POINT('',(3.278641224559,4.801513219576));
#6165 = CARTESIAN_POINT('',(3.22124619162,4.801722100617));
#6166 = CARTESIAN_POINT('',(3.164543425497,4.801948522408));
#6167 = CARTESIAN_POINT('',(3.108614285313,4.802192624397));
#6168 = CARTESIAN_POINT('',(3.053535725001,4.802454583227));
#6169 = CARTESIAN_POINT('',(2.99939223019,4.802734564616));
#6170 = CARTESIAN_POINT('',(2.94627365608,4.80303273171));
#6171 = CARTESIAN_POINT('',(2.894275974161,4.803349243248));
#6172 = CARTESIAN_POINT('',(2.843503699115,4.803684228981));
#6173 = CARTESIAN_POINT('',(2.794066004171,4.804037814123));
#6174 = CARTESIAN_POINT('',(2.746082132141,4.804410078962));
#6175 = CARTESIAN_POINT('',(2.699679668247,4.804801058974));
#6176 = CARTESIAN_POINT('',(2.654994623891,4.805210733594));
#6177 = CARTESIAN_POINT('',(2.612169996932,4.805639028519));
#6178 = CARTESIAN_POINT('',(2.571358640154,4.806085774967));
#6179 = CARTESIAN_POINT('',(2.532722661654,4.806550681974));
#6180 = CARTESIAN_POINT('',(2.496430340233,4.807033344606));
#6181 = CARTESIAN_POINT('',(2.462655439227,4.807533216443));
#6182 = CARTESIAN_POINT('',(2.431576623966,4.808049558951));
#6183 = CARTESIAN_POINT('',(2.403366880748,4.808581577744));
#6184 = CARTESIAN_POINT('',(2.378204776909,4.809128172332));
#6185 = CARTESIAN_POINT('',(2.356266223059,4.809687915019));
#6186 = CARTESIAN_POINT('',(2.337710416029,4.810259252847));
#6187 = CARTESIAN_POINT('',(2.322679909469,4.810840447742));
#6188 = CARTESIAN_POINT('',(2.311296387944,4.811429588813));
#6189 = CARTESIAN_POINT('',(2.303656946319,4.812024577828));
#6190 = CARTESIAN_POINT('',(2.299830032107,4.812623150862));
#6191 = CARTESIAN_POINT('',(2.299849618274,4.813222783132));
#6192 = CARTESIAN_POINT('',(2.303715130776,4.813821361414));
#6193 = CARTESIAN_POINT('',(2.31139220353,4.814416398937));
#6194 = CARTESIAN_POINT('',(2.322812535681,4.815005647426));
#6195 = CARTESIAN_POINT('',(2.337879315361,4.815587013509));
#6196 = CARTESIAN_POINT('',(2.356471015001,4.816158580028));
#6197 = CARTESIAN_POINT('',(2.378444653922,4.816718591048));
#6198 = CARTESIAN_POINT('',(2.403640409296,4.817265475961));
#6199 = CARTESIAN_POINT('',(2.431878955375,4.817797752312));
#6200 = CARTESIAN_POINT('',(2.462985714388,4.818314400869));
#6201 = CARTESIAN_POINT('',(2.496786444043,4.818814596962));
#6202 = CARTESIAN_POINT('',(2.533102817926,4.819297604688));
#6203 = CARTESIAN_POINT('',(2.571760947891,4.819762871615));
#6204 = CARTESIAN_POINT('',(2.612592792595,4.820209990998));
#6205 = CARTESIAN_POINT('',(2.655435893199,4.820638663959));
#6206 = CARTESIAN_POINT('',(2.700138149302,4.821048725038));
#6207 = CARTESIAN_POINT('',(2.746556349042,4.821440092926));
#6208 = CARTESIAN_POINT('',(2.794554513796,4.82181274359));
#6209 = CARTESIAN_POINT('',(2.844005300429,4.822166710024));
#6210 = CARTESIAN_POINT('',(2.894788969466,4.822502066957));
#6211 = CARTESIAN_POINT('',(2.946799032001,4.822818949099));
#6212 = CARTESIAN_POINT('',(2.999905902858,4.823117347579));
#6213 = CARTESIAN_POINT('',(3.054026039159,4.82339751039));
#6214 = CARTESIAN_POINT('',(3.109075442334,4.823659635287));
#6215 = CARTESIAN_POINT('',(3.164975015479,4.823903913134));
#6216 = CARTESIAN_POINT('',(3.221648864682,4.824130519265));
#6217 = CARTESIAN_POINT('',(3.279024529958,4.824339618146));
#6218 = CARTESIAN_POINT('',(3.337032734341,4.824531363867));
#6219 = CARTESIAN_POINT('',(3.395607293451,4.824705901181));
#6220 = CARTESIAN_POINT('',(3.454685009659,4.824863365857));
#6221 = CARTESIAN_POINT('',(3.514205594203,4.825003884715));
#6222 = CARTESIAN_POINT('',(3.574111601685,4.82512757527));
#6223 = CARTESIAN_POINT('',(3.634348377983,4.825234545045));
#6224 = CARTESIAN_POINT('',(3.694864015051,4.825324890576));
#6225 = CARTESIAN_POINT('',(3.755609319736,4.825398696066));
#6226 = CARTESIAN_POINT('',(3.816537756667,4.825456032027));
#6227 = CARTESIAN_POINT('',(3.877605499955,4.825496952749));
#6228 = CARTESIAN_POINT('',(3.938771076689,4.825521497044));
#6229 = CARTESIAN_POINT('',(3.979588037342,4.825526949551));
#6230 = CARTESIAN_POINT('',(4.,4.825526951361));
#6231 = ( GEOMETRIC_REPRESENTATION_CONTEXT(2) 
PARAMETRIC_REPRESENTATION_CONTEXT() REPRESENTATION_CONTEXT('2D SPACE',''
  ) );
#6232 = ORIENTED_EDGE('',*,*,#5768,.T.);
#6233 = ADVANCED_FACE('',(#6234),#200,.F.);
#6234 = FACE_BOUND('',#6235,.F.);
#6235 = EDGE_LOOP('',(#6236,#6237,#6238,#6239));
#6236 = ORIENTED_EDGE('',*,*,#186,.T.);
#6237 = ORIENTED_EDGE('',*,*,#693,.T.);
#6238 = ORIENTED_EDGE('',*,*,#575,.T.);
#6239 = ORIENTED_EDGE('',*,*,#6240,.T.);
#6240 = EDGE_CURVE('',#576,#22,#6241,.T.);
#6241 = SURFACE_CURVE('',#6242,(#6245,#6251),.PCURVE_S1.);
#6242 = B_SPLINE_CURVE_WITH_KNOTS('',1,(#6243,#6244),.UNSPECIFIED.,.F.,
  .F.,(2,2),(0.,8.),.PIECEWISE_BEZIER_KNOTS.);
#6243 = CARTESIAN_POINT('',(45.4,1.650007564202E-15,8.));
#6244 = CARTESIAN_POINT('',(45.4,1.650007564202E-15,0.));
#6245 = PCURVE('',#200,#6246);
#6246 = DEFINITIONAL_REPRESENTATION('',(#6247),#6250);
#6247 = B_SPLINE_CURVE_WITH_KNOTS('',1,(#6248,#6249),.UNSPECIFIED.,.F.,
  .F.,(2,2),(0.,8.),.PIECEWISE_BEZIER_KNOTS.);
#6248 = CARTESIAN_POINT('',(-1.2,4.));
#6249 = CARTESIAN_POINT('',(-1.2,-4.));
#6250 = ( GEOMETRIC_REPRESENTATION_CONTEXT(2) 
PARAMETRIC_REPRESENTATION_CONTEXT() REPRESENTATION_CONTEXT('2D SPACE',''
  ) );
#6251 = PCURVE('',#116,#6252);
#6252 = DEFINITIONAL_REPRESENTATION('',(#6253),#6257);
#6253 = LINE('',#6254,#6255);
#6254 = CARTESIAN_POINT('',(0.,4.712388980385));
#6255 = VECTOR('',#6256,1.);
#6256 = DIRECTION('',(1.,0.));
#6257 = ( GEOMETRIC_REPRESENTATION_CONTEXT(2) 
PARAMETRIC_REPRESENTATION_CONTEXT() REPRESENTATION_CONTEXT('2D SPACE',''
  ) );
#6258 = ADVANCED_FACE('',(#6259,#6265,#6268,#6271,#6274,#6277,#6280),
  #116,.T.);
#6259 = FACE_BOUND('',#6260,.T.);
#6260 = EDGE_LOOP('',(#6261,#6262,#6263,#6264));
#6261 = ORIENTED_EDGE('',*,*,#595,.F.);
#6262 = ORIENTED_EDGE('',*,*,#6240,.T.);
#6263 = ORIENTED_EDGE('',*,*,#21,.T.);
#6264 = ORIENTED_EDGE('',*,*,#458,.F.);
#6265 = FACE_BOUND('',#6266,.T.);
#6266 = EDGE_LOOP('',(#6267));
#6267 = ORIENTED_EDGE('',*,*,#5791,.T.);
#6268 = FACE_BOUND('',#6269,.T.);
#6269 = EDGE_LOOP('',(#6270));
#6270 = ORIENTED_EDGE('',*,*,#5321,.T.);
#6271 = FACE_BOUND('',#6272,.T.);
#6272 = EDGE_LOOP('',(#6273));
#6273 = ORIENTED_EDGE('',*,*,#4851,.T.);
#6274 = FACE_BOUND('',#6275,.T.);
#6275 = EDGE_LOOP('',(#6276));
#6276 = ORIENTED_EDGE('',*,*,#3441,.T.);
#6277 = FACE_BOUND('',#6278,.T.);
#6278 = EDGE_LOOP('',(#6279));
#6279 = ORIENTED_EDGE('',*,*,#3911,.T.);
#6280 = FACE_BOUND('',#6281,.T.);
#6281 = EDGE_LOOP('',(#6282));
#6282 = ORIENTED_EDGE('',*,*,#4381,.T.);
#6283 = ( GEOMETRIC_REPRESENTATION_CONTEXT(3) 
GLOBAL_UNCERTAINTY_ASSIGNED_CONTEXT((#6287)) 
GLOBAL_UNIT_ASSIGNED_CONTEXT((#6284,#6285,#6286)) REPRESENTATION_CONTEXT
('Context #1','3D Context with UNIT and UNCERTAINTY') );
#6284 = ( LENGTH_UNIT() NAMED_UNIT(*) SI_UNIT(.MILLI.,.METRE.) );
#6285 = ( NAMED_UNIT(*) PLANE_ANGLE_UNIT() SI_UNIT($,.RADIAN.) );
#6286 = ( NAMED_UNIT(*) SI_UNIT($,.STERADIAN.) SOLID_ANGLE_UNIT() );
#6287 = UNCERTAINTY_MEASURE_WITH_UNIT(LENGTH_MEASURE(2.E-05),#6284,
  'distance_accuracy_value','confusion accuracy');
#6288 = PRODUCT_RELATED_PRODUCT_CATEGORY('part',$,(#7));
ENDSEC;
END-ISO-10303-21;
